ContextID	Compound	Mod	Head	ModAvg	ModStd	HeadAvg	HeadStd	Context
50001	Abiturzeugnis	Abitur	Zeugnis	4.600000	0.966092	4.600000	0.843274	Die geforderten Englischkenntnisse können durch das Bachelorzeugnis oder den Einstufungstest des Sprachenzentrums nachgewiesen werden, die Grundkenntnisse einer weiteren Fremdsprache durch dreijährigem Schulunterricht (Abiturzeugnis ).
50002	Abiturzeugnis	Abitur	Zeugnis	4.700000	0.674949	4.700000	0.674949	In Ergänzung zum Abiturzeugnis oder dem Full Diploma des IB fasst es die wertvollen Schlüsselqualifikationen für die berufliche und persönliche Laufbahn der Salem-Absolventen zusammen.
50003	Abiturzeugnis	Abitur	Zeugnis	4.800000	0.632456	4.800000	0.632456	Muss ich auf jeden Fall bereits im Besitz meines Abiturzeugnisses oder Nachweises der FH-Reife sein, um mich für den gehobenen Dienst bewerben zu können?
50004	Abiturzeugnis	Abitur	Zeugnis	4.500000	1.269300	5.000000	0.000000	, 15.6. 11 Uhr: Festliche Verleihung der Abiturzeugnisse im Atrium des Gymnasiums.
50005	Abiturzeugnis	Abitur	Zeugnis	5.000000	0.000000	5.000000	0.000000	Ihr Abiturzeugnis reichen Sie dann bitte nach, sobald Sie es erhalten haben.
50006	Ablagefläche	Ablage	Fläche	4.600000	0.843274	4.300000	1.059350	So eignet sich der asymmetrisch geformte Waschtisch (60 x 34 cm ) mit rechts - oder linksseitiger Ablagefläche zur Wand - oder Eckmontage.
50007	Ablagefläche	Ablage	Fläche	4.500000	1.080120	4.700000	0.674949	Dabei handelt es sich um aktive Ablageflächen neben der Seite.
50008	Ablagefläche	Ablage	Fläche	4.400000	1.349900	4.700000	0.674949	Ebenso ist die Kombination aus Waschtisch mit integrierten Waschbecken und Ablagefläche möglich.
50009	Ablagefläche	Ablage	Fläche	4.700000	0.674949	4.700000	0.948683	Auf Wunsch können Sie variable Regaleinsätze konstruieren und somit zusätzliche Ablagefläche schaffen.
50010	Ablagefläche	Ablage	Fläche	4.100000	1.370320	4.900000	0.316228	Viel Ablagefläche Die Träger des Racks stehen auf breiten Gummifüßen.
50011	Abschiedsspiel	Abschied	Spiel	4.300000	1.636390	4.100000	1.728840	Kahn wird Ehrenspielführer des FCB uriblank Am 2. September steigt in der Allianz Arena das Abschiedsspiel von Oliver Kahn gegen die deutsche Nationalmannschaft.
50012	Abschiedsspiel	Abschied	Spiel	4.400000	1.577620	4.200000	1.619330	Der damalige Regierungschef Georg Milbradt (CDU ) erntete beim Abschiedsspiel von Ulf Kirsten heftige Buhs - so wie Orosz-Vorgänger Ingolf Roßberg (FDP ) beim Dynamo-Aufstieg.
50013	Abschiedsspiel	Abschied	Spiel	4.700000	0.948683	4.300000	1.567020	Vor zahlreichen Zuschauern begann der Abend um 19.00 Uhr mit einem Abschiedsspiel für Vikar Christian Rolke, auf den eine neue Aufgabe in der Türkei wartet.
50014	Abschiedsspiel	Abschied	Spiel	4.500000	0.707107	4.600000	0.966092	Trotz der angespannten Hochwasserlage wird das Abschiedsspiel des ehemaligen Nationalmannschaftskapitäns Michael Ballack in Leipzig aller Voraussicht nach stattfinden können.
50015	Abschiedsspiel	Abschied	Spiel	4.300000	1.059350	4.800000	0.421637	uriblank Beiden Einrichtungen möchte ich Erlöse aus meinem Abschiedsspiel zukommen lassen und bedanke mich schon heute sehr herzlich für Ihre Unterstützung!
50016	Abstandsfläche	Abstand	Fläche	3.500000	1.900290	3.400000	2.366430	BbgBO § 6 (12 ) Die sich bei Änderung rechtmäßig errichteter Gebäude ergebenden Abstandsflächen sind unbeachtlich, soweit die für den Gebäudebestand ermittelten Abstandsflächen nicht überschritten werden oder Gebäudeteile für sich genommen die Abstandsflächen einhalten.
50017	Abstandsfläche	Abstand	Fläche	4.800000	0.421637	4.400000	1.577620	Die Aufstellung ist auch innerhalb der gesetzlichen Abstandsflächen möglich, sofern mit dem Nachbarn Einverständnis besteht.
50018	Abstandsfläche	Abstand	Fläche	4.800000	0.421637	4.500000	0.707107	:D Als Rechtsfolge sieht das Gesetz jetzt nicht mehr vor, dass die entsprechenden baulichen Anlagen unmittelbar an der Grundstücksgrenze entstehen müssen, sondern sie sind nunmehr in den Abstandsflächen eines Gebäudes sowie ohne eigene Abstandsflächen zulässig.
50019	Abstandsfläche	Abstand	Fläche	4.300000	1.059350	4.500000	0.849837	Aber auch Abstandsflächen des Nachbarn können auf das eigene Grundstück übernommen werden, damit der seine Baupläne verwirklichen kann.
50020	Abstandsfläche	Abstand	Fläche	3.900000	1.449140	4.500000	1.269300	Abstandsfläche Abstandsflächen sind die Flächen vor den Außenwänden bis zur Grundstücksgrenze oder zur Straße, die von Bebauung freizuhalten sind.
50021	Abzugsfähigkeit	Abzug	Fähigkeit	2.700000	2.110820	2.800000	1.686550	- Die steuerliche Abzugsfähigkeit von Aufwendungen für ein häusliches Arbeitszimmer wird weiter eingeschränkt.
50022	Abzugsfähigkeit	Abzug	Fähigkeit	3.800000	1.316560	3.100000	1.728840	Dabei führt der EuGH ausdrücklich aus, dass die in Deutschland fehlende steuerliche Abzugsfähigkeit von Spenden an gemeinnützige Einrichtungen in anderen Mitgliedsstaaten grundsätzlich geeignet ist, sich negativ auf die Bereitschaft deutscher Steuerpflichtiger auszuwirken, an in anderen europäischen Mitgliedsstaaten ansässige gemeinnützige Einrichtungen zu spenden.
50023	Abzugsfähigkeit	Abzug	Fähigkeit	3.200000	1.988860	3.400000	2.221110	Aber den wesentlichen Punkt sind Sie gestern mit dem Beschluss der Bundesregierung nicht angegangen: Die steuerliche Abzugsfähigkeit für Vorstandsvergütungen und Abfindungen muss deutlich verändert werden.
50024	Abzugsfähigkeit	Abzug	Fähigkeit	3.500000	1.779510	3.500000	1.178510	"Hiervon wäre ein noch stärkeres Signal ausgegangen, Die weitere Verbesserung der Abzugsfähigkeit von haushaltsnahen Dienstleistungen, so von Handwerkern, hätte neben einer stimulierenden Wirkung auch den Effekt, Schwarzarbeit zurückzudrängen "", so dbb-Vize Dieter Ondracek, der gleichzeitig Vorsitzender der Deutschen Steuer-Gewerkschaft ist."
50025	Abzugsfähigkeit	Abzug	Fähigkeit	4.000000	1.414210	3.500000	1.649920	Haushaltsnahe Dienstleistungen können seit 2009 bis zu 20.000 Euro (zuvor: 6.000 Euro ) in der Steuererklärung angegeben werden - dies führt bei 20 Prozent Abzugsfähigkeit zu einer Verrechnung von maximal 4.000 Euro (zuvor 1.200 Euro ) mit der Steuerschuld.
50026	Ackerfläche	Acker	Fläche	4.600000	0.699206	4.300000	1.251670	Es reizt ihn dann weit mehr das Geld, als das Wachsen der Ackerfläche.
50027	Ackerfläche	Acker	Fläche	4.800000	0.632456	4.500000	0.971825	"Ein einziger Ziegelstein, auf blanke Ackerfläche gelegt, bildet ein "" Haus "" für sich:"
50028	Ackerfläche	Acker	Fläche	4.500000	0.971825	4.600000	1.264910	E 10 wird von vielen auch nicht verweigert, weil sie Angst vor Motorschäden haben, sondern weil sie es absurd finden, dass wir Ackerflächen nicht zur Lebensmittelproduktion benutzen, sondern um unsere Autoindustrie vor Investitionen für abgasärmere Motoren zu schützen.
50029	Ackerfläche	Acker	Fläche	4.700000	0.483046	4.700000	0.674949	Rund 15% der deutschen Ackerfläche könnten dann der Stromgewinnung dienen; weitere 15% der Erzeugung von Kraftstoffen und chemischen Rohstoffen.
50030	Ackerfläche	Acker	Fläche	4.700000	0.948683	4.700000	0.674949	"Zur Untersuchung der Artenvielfalt auf Linsenäckern wurden im Jahr 2011 insgesamt 77,2 und im Folgejahr 83,1 ha Ackerflächen der Erzeugergemeinschaft "" Alb-Leisa "" kartiert."
50031	Ackerfläche	Acker	Fläche	5.000000	0.000000	4.700000	0.948683	Zwischen zwei ausgedehnten gelben Ackerflächen zog sich ein schmaler Forst alter Eichen, deren Schatten das blendende Licht der Felder und der Sommerwolken kräftig unterbrach; ein klarer Bach floß überdies in diesem Schatten.
50032	Ackerfläche	Acker	Fläche	4.900000	0.316228	4.800000	0.421637	Die Wiesen und grünen Ackerflächen erniedrigen die Temperatur und erhöhen auf Kosten des Bodenwassergehaltes die Luftfeuchtigkeit in der wärmeren Jahreszeit, ähnlich, nur in geringerem Maße, als wie die Wasserflächen.
50033	Ackerfläche	Acker	Fläche	5.000000	0.000000	4.900000	0.316228	Die königliche Domänekammer verkauft die der Forst zugehörigen Ackerflächen nördlich des Krampnitzsee an Fahrländer Bauern und Kossäten.
50034	Ackerfläche	Acker	Fläche	4.900000	0.316228	4.900000	0.316228	Im Winter sind regelmäßig 50 - 100 Höckerschwäne auf Ackerflächen (vor allem Raps ), häufig zusammen mit Singschwänen - zu beobachten.
50035	Adelsstand	Adel	Stand	4.600000	0.843274	1.300000	1.567020	Wahrscheinlich wird man Ihnen vorerst den Titel eines Geheimen Kommerzienrats verleihen, dem dann später die Erhebung in den Adelsstand folgt.
50036	Adelsstand	Adel	Stand	4.800000	0.421637	1.400000	1.505550	Nach der Meldung eines hiesigen Blattes wurde der Landeshauptmann-Stellvertreter Dr. Smal-Stocki in den erblichen Adelsstand erhoben, ferner erhielt der Großgrundbesitzer Christof R. v. Abrahamowicz den Stern zum Komturkreuz des Franz Josephsordens und der Großgrundbesitzer Konstantin R. v. Niculitza-Popovici den Orden der eisernen Krone dritter Klasse.
50037	Adelsstand	Adel	Stand	4.800000	0.421637	1.500000	1.900290	Es gibt im Staate weder Standesunterschiede, noch Standesvorrechte, noch einen besonderen Adelsstand.
50038	Adelsstand	Adel	Stand	4.800000	0.421637	1.700000	1.418140	Paulick starb wenige Monate vor seiner geplanten Erhebung in den Adelsstand == Quellen == * Gutachten des Bundesdenkmalamtes * Monika Oberhammer: Sommervillen im Salzkammergut, Salzburg 1983 * Martina Glechner: Die ) ) Villa Paulick ((...
50039	Adelsstand	Adel	Stand	4.500000	1.080120	1.900000	1.523880	Er kam 1845 nach Wien als k. k. Reichshistoriograph und Hofrat, wurde im Herbst 1848 vom Minister Pillersdorf zwar pensioniert, nach der Thronbesteigung des jetzigen Kaisers aber wieder in seine Stelle eingesetzt und 1851 mit dem Namen v. H.-Amann in den erbländischen Adelsstand erhoben.
50040	Adelsstand	Adel	Stand	4.600000	0.966092	2.000000	1.490710	"Der Firmenpatriarch engagiert sich auch sozial: Die Gründung der "" Siemens-Pensionskasse "" wird zum Vorbild für das deutsche Rentensystem 1888 erhebt ihn der deutsche Kaiser für seine Verdienste in den Adelsstand."
50041	Adelsstand	Adel	Stand	4.700000	0.948683	2.400000	1.955050	"Seine ganze Rede ist eine Apologie der Bourgeoisie gegenüber dem "" Adelsstand. """
50042	Adelsstand	Adel	Stand	4.700000	0.948683	2.600000	2.011080	"Jeder wird in den "" Adelsstand "" erhoben und bekommt eine Taufurkunde ausgehändigt."
50043	Adelsstand	Adel	Stand	4.500000	0.971825	2.700000	1.337490	Im Jahre 1785 wurde eine Reorganisation des russischen Adelsstandes vorgenommen, die eigentlich den Charakter der Bildung eines neuen Standes besaß, nämlich den eines ausdrücklich Militär - und Beamtenadels und sich nur noch geringfügig an die Reste des alten Bojarentums anlehnte.
50044	Adelsstand	Adel	Stand	4.700000	0.674949	3.200000	1.549190	Krieger eignen sich für alles, wofür Ritter aufgrund ihres Adelsstandes nicht in Frage kommen: Offiziere in Stadtgarden, Milizen, Burgwachen, Zollstationen, als Leibwächter, Söldnerführer, Privatlehrer (in Gegenden ohne Akademien ), etc.
50045	Alpenrand	Alp	Rand	3.100000	2.469820	3.200000	2.394440	"Nach Erhebungen aus Bayern, dem "" Gewitterland "" Deutschlands werden die meisten Gewitter am Alpenrand verzeichnet."
50046	Alpenrand	Alp	Rand	3.700000	1.702940	3.400000	1.837870	Chancen auf einen trockenen Mittwoch haben Sie vor allem nordöstlich der Elbe und in Oberbayern am Alpenrand, auch am Bodensee wird nicht viel Nasses mit dabei sein.
50047	Alpenrand	Alp	Rand	4.400000	1.577620	4.000000	1.763830	Gemütlicher Bungalow in schönem grünem Park am Alpenrand und in der Nähe vom Chiemsee Die im Ganzen 108 Bungalows liegen über den großzügig aufgestellten Park zerstreut.
50048	Alpenrand	Alp	Rand	4.200000	1.316560	4.100000	1.523880	Auch am Alpenrand kann es mit Föhnunterstützung um 20 Grad warm werden.
50049	Alpenrand	Alp	Rand	4.200000	1.751190	4.100000	1.911950	An der Ostsee und am Alpenrand kann es mitunter auch mal etwas kräftiger schneien.
50050	Anbaufläche	Anbau	Fläche	3.600000	1.776390	4.100000	1.595130	Verhältnismäßig noch ungünstiger ist das Ergebnis in Kroatien, Slavonien und der Militärgrenze, wo bei einer Anbaufläche von 103,089 Hektaren nur wenig über eine halbe Million Meter-Zentner Roggen erzeugt wurden und wo die Qualität zumeist noch mehr beschädigt ist, als in Ungarn und Siebenbürgen.
50051	Anbaufläche	Anbau	Fläche	4.200000	1.135290	4.100000	1.663330	Kommt man bei großen Anbauflächen zu weit in das Frühjahr hinein, bis Ende Mai oder Anfang Juni, so wird man wieder nur Frühkartoffeln auslegen können.
50052	Anbaufläche	Anbau	Fläche	4.500000	0.849837	4.500000	0.971825	Von der vorbenannten Anbaufläche lieferten 61 Perzent eine Ernte über, 11 Perzent eine solche unter Mittel, 28 Perzent eine Mittelernte.
50053	Anbaufläche	Anbau	Fläche	4.000000	1.699670	4.600000	0.843274	Kritiker werfen Ihnen vor, es sei Panikmache, dass Erdöl und Anbauflächen knapp werden.
50054	Anbaufläche	Anbau	Fläche	4.500000	1.269300	4.600000	1.264910	Bundesweit wurden überdurchschnittlich hohe Flächenerträge erzielt, die gemeinsam mit der um 7,3 Prozent auf 1,47 Millionen Hektar gewachsenen Anbaufläche im Vergleich zum Vorjahr zu einer Steigerung der Erntemenge um 17 Prozent geführt haben.
50055	Anbaufläche	Anbau	Fläche	3.800000	1.873800	4.800000	0.632456	Diese elf Hektar liegen laut Richter im mittleren Bereich der üblichen Anbauflächen.
50056	Anbaufläche	Anbau	Fläche	4.600000	1.264910	4.900000	0.316228	Die Anbaufläche für Getreide ist mit 293 000 ha gegenüber 2010 nahezu unverändert 1,8 Mio. t der Erntemenge entfallen voraussichtlich auf die Brotgetreidearten (Weizen, Roggen ) und 0,4 Mio. t auf die Futtergetreidearten (Gerste, Hafer, Triticale ).
50057	Anbaufläche	Anbau	Fläche	4.400000	1.577620	4.900000	0.316228	Nach Angaben der Vereinten Nationen mußte während der letzten Jahrzehnte etwa ein Drittel der globalen Anbaufläche wegen Bodenerosion aufgegeben werden.
50058	Anbaufläche	Anbau	Fläche	4.400000	1.074970	4.900000	0.316228	Die Schätzungen, welche der Vorstand der Wiener Frucht- und Mehlbörse über den Ernte- Ausfall des laufenden Jahres hiermit vorlegt, haben die beiden Reichshälften die amtlich erhobenen Anbauflächen pro 1884 zur Grundlage.
50059	Anbaufläche	Anbau	Fläche	4.400000	1.074970	4.900000	0.316228	Noch tieferen Einblick in die Wirkung der Bodenverhältnisse gibt die Statistik der landwirtschaftlichen Kulturarten, der Anbauflächen der einzelnen Früchte, der guten und schlechten Böden: die günstigen Lehmböden machen z. B. in Pommern 6, in Westfalen 41% aus.
50060	Anfangsphase	Anfang	Phase	4.900000	0.316228	4.000000	1.763830	Da in dieser Anfangsphase des Projekts noch keine Zugriffsstatistik existiert, kontaktieren Sie uns bitte bei Interesse per e-Mail, um Konditionen zu erfragen.
50061	Anfangsphase	Anfang	Phase	4.600000	0.699206	4.200000	1.032800	Anders als in der Anfangsphase gelang es nun nicht mehr so gut den hoch gewachsenen und dynamischen Waiblinger Rückraum auszuschalten, das Spiel war frühzeitig entschieden, zumal auch wichtige Angriffsspielerinnen der SG wie Julia Veeck nicht das gewohnte Durchsetzungsvermögen zeigten.
50062	Anfangsphase	Anfang	Phase	4.400000	0.966092	4.300000	1.059350	Nach einer starken Anfangsphase verliert der TBV Lemgo dennoch deutlich gegen den HSV Handball mit 28:36 (13:21 ).
50063	Anfangsphase	Anfang	Phase	4.800000	0.632456	4.400000	0.843274	im Spiel, somit ermöglichten sich in der Anfangsphase nur wenige Tormöglichkeiten auf beiden Seiten.
50064	Anfangsphase	Anfang	Phase	4.700000	0.674949	4.600000	0.966092	In der Anfangsphase erspielten sich die Gäste aus Fürth-Dambach zunächst ein leichtes Feldübergewicht, der ASV Vach hielt jedoch energisch dagegen, sodass kaum Torraumszenen zu Stande kamen.
50065	Angriffsfläche	Angriff	Fläche	3.600000	1.646550	2.400000	2.221110	Die mittlere Angriffsfläche ist tätig, während die beiden äußeren stützen; der Antrieb für die tätige Fläche ist mit den stützenden Flächen durch ein bügelartiges oder thorartiges Gestell verbunden.
50066	Angriffsfläche	Angriff	Fläche	4.400000	0.843274	2.900000	1.911950	Hier gebe es die Sicherheitslücke, die für Viren und so genannte Trojaner erst eine Angriffsfläche böten.
50067	Angriffsfläche	Angriff	Fläche	3.500000	1.581140	3.200000	2.043960	Sie wollen damit offenbar die eigene Angriffsfläche reduzieren, um nicht entdeckt zu werden.
50068	Angriffsfläche	Angriff	Fläche	3.400000	1.955050	3.400000	2.011080	Ich habe Detlefs Rat befolgt und mich bisher nicht zu erkennen gegeben, das werde ich auch so beibehalten - nicht aus Angst sondern um erst gar keine Angriffsfläche zu liefern für mögliche Störenfriede.
50069	Angriffsfläche	Angriff	Fläche	3.300000	1.946510	3.900000	1.791960	Um das zu vermeiden, fügt man wohl einen Hilfsschlitten ein, an welchem die Rolle sitzt, und lässt den eigentlichen Schlitten diesen Hilfsschlitten durch Frösche verschieben, deren Angriffsflächen winkelrecht zur Bewegungsrichtung liegen.
50070	Angriffsfläche	Angriff	Fläche	3.000000	1.825740	4.100000	1.370320	Es genügt dies, um auch dem stärksten vorkommenden Winddrucke entgegen zu wirken, obwohl derselbe an dem steilen Dache beträchtliche Angriffsflächen findet.
50071	Angriffsfläche	Angriff	Fläche	3.300000	1.766980	4.300000	1.059350	Der gesamte Unterboden wurde mit (leichten Alu ) Blechen verkleidet, einerseits, um dem Fahrtwind weniger Angriffsfläche zu bieten, anderseits, um durch den sich unter dem Wagen bildenden Unterdruck eine noch höhere Bodenhaftung zu erreichen.
50072	Angriffsfläche	Angriff	Fläche	4.500000	1.080120	4.500000	0.849837	Die so veränderten Mikrotubuli bieten dem Spastin eine größere Angriffsfläche.
50073	Angriffsspiel	Angriff	Spiel	4.200000	1.229270	2.800000	2.043960	Bei 6. Rochiert L f 8--c 5 folgt dann 7. d 2--d 4, und der Gambitgeber erlangt gegen Aufgabe eines Bauers ein ziemlich freies Angriffsspiel.
50074	Angriffsspiel	Angriff	Spiel	3.300000	1.702940	3.400000	1.429840	Besonders die Positionswechsel zwischen Vogt und Blumtritt, sowie Huth und Lüdike rissen nie Lücken, sondern eröffneten uns immer wieder neue Möglichkeiten im Angriffsspiel.
50075	Angriffsspiel	Angriff	Spiel	3.700000	1.251670	3.600000	1.837870	TSG Lübben - SV Calau II 4: 6 TSG Lübbenau - SV Calau II 5: 5 Die Calauer Jungen legten gleich zu Beginn mächtig los und überraschten die Lübbener Mannschaft mit druckvollem Angriffsspiel.
50076	Angriffsspiel	Angriff	Spiel	4.000000	1.699670	3.700000	1.702940	Ihr Angriffsspiel in der Schlussphase des Satzes war zu harmlos, und sie machten zu viele eigene Fehler.
50077	Angriffsspiel	Angriff	Spiel	4.300000	0.823273	3.900000	1.595130	Nicht gut wäre es hier für Schwarz gewesen, im sechsten Zuge die Mittelbauern zu tauschen, da nach 6. e 5--d 4: 7. c 3--d 4: nebst 8. S b 1--c 3 Weiß zu elegantem Angriffsspiel das Zentrum dauernd erhalten könnte.
50078	Angriffsspiel	Angriff	Spiel	3.600000	1.646550	3.900000	2.079000	Jetzt schalten sich auch immer öfter die Außenverteidiger mit ins Angriffsspiel ein.
50079	Angriffsspiel	Angriff	Spiel	3.700000	1.702940	4.000000	1.885620	Der Gegner, ohne Frage völlig überrascht von uns, kannte er uns aus dem Hinspiel doch völlig anders, war nicht in der Lage ein vernünftiges Angriffsspiel aufzubauen.
50080	Angriffsspiel	Angriff	Spiel	3.800000	1.475730	4.100000	1.286680	Ein Angriffsspiel im Gegensatze zur Verteidigung ist im Allgemeinen jederzeit zu empfehlen.
50081	Anlaufphase	Anlauf	Phase	3.400000	1.646550	3.900000	1.286680	Mir kam nach all ' der Recherche so in den Sinn, dass die 10stündige Beleuchtung mit 96 W + Refektoren auf 166 l schon sehr heftig für die Anlaufphase des Beckens war.
50082	Anlaufphase	Anlauf	Phase	3.500000	1.900290	3.900000	2.079000	Kommen Sie auch mit unregelmäßige Einkommen klar, können Sie noch andere Einkommensquellen anzapfen und verfügen Sie über finanzielle Reserven für die Anlaufphase?
50083	Anlaufphase	Anlauf	Phase	2.800000	1.988860	4.200000	1.619330	Zu einzelnen Schülern P. ist sehr häufig unkonzentriert und benötigt oft eine lange Anlaufphase, bis er die Arbeitsaufträge beginnt auszuführen.
50084	Anlaufphase	Anlauf	Phase	3.600000	1.173790	4.300000	1.059350	Defizite in der nicht selten durch noch geringe Umsätze geprägten Anlaufphase einer Existenzgründung werden durch Einlagen zu Lasten des Privatkontos auf dem Geschäftsgirokonto beseitigt.
50085	Anlaufphase	Anlauf	Phase	3.600000	1.955050	4.300000	1.337490	Programm steht noch in der Anlaufphase und Sie können von Anfang an vorne dabei sein!
50086	Anschlussfähigkeit	Anschluss	Fähigkeit	4.000000	1.563470	4.000000	1.054090	In Aufnahme der neueren wissenssoziologischen und geschichtstheoretischen Diskussion wird die paulinische Theologie als eine Sinnbildung verstanden, die sich durch hohe Anschlußfähigkeit auszeichnet.
50087	Anschlussfähigkeit	Anschluss	Fähigkeit	3.900000	1.197220	4.000000	1.054090	Zurecht hebt der BEP die Notwendigkeit der Anschlussfähigkeit der Bildungskonzeptionen von Kindergarten und Grundschule hervor.
50088	Anschlussfähigkeit	Anschluss	Fähigkeit	4.000000	1.247220	4.300000	1.567020	Über das Problem der kulturellen Teilhabe - und sozialen Anschlussfähigkeit.
50089	Anschlussfähigkeit	Anschluss	Fähigkeit	3.300000	1.828780	4.400000	0.966092	Die Vorlesung führt in zentrale Begriffe, Konzepte und Theoreme der Makrosoziologie ein und versucht dabei so weit wie möglich die Anschlussfähigkeit der makrosozialen Analyse an mikrosoziologische Perspektiven zu wahren.
50090	Anschlussfähigkeit	Anschluss	Fähigkeit	3.700000	1.337490	4.500000	0.971825	Vielmehr geht es um die Entwicklung eines Grundverständnisses, die Schaffung von Orientierung und die Sicherstellung von Anschlussfähigkeit und Kritikfähigkeit bezüglich der genannten Funktionsbereiche.
50091	Ansichtssache	Ansicht	Sache	4.600000	0.516398	1.100000	1.370320	Ob die Berichterstattung über einen Konflikt einen oder mehrere der Beteiligten benachteiligt oder bevorzugt, ist meist Ansichtssache und kaum eindeutig messbar.
50092	Ansichtssache	Ansicht	Sache	3.800000	1.229270	1.900000	1.663330	Ob man diese Beweggründe vom Standpunkt einer starken, mutigen Überzeugungstreue aus hoch einzuschätzen hat, ist Ansichtssache jedes einzelnen.
50093	Ansichtssache	Ansicht	Sache	4.500000	0.707107	2.000000	1.414210	Wohlstandskind 22 - 2007 -01 - 13 13:15:3 3 Uhr reine ansichtssache würde ich sagen!!!
50094	Ansichtssache	Ansicht	Sache	3.300000	1.766980	2.300000	1.766980	... aber meiner Meinung nach ist es inzwischen eine Ansichtssache, welchen Browser man benutzt da will ich nicht widersprechen...
50095	Ansichtssache	Ansicht	Sache	3.900000	1.197220	2.400000	1.646550	Ich persönlich bin auch nicht voll überzeugt von der Garmin Navigationssoftware, aber das ist natürlich Ansichtssache.
50096	Ansichtssache	Ansicht	Sache	3.200000	2.097620	2.800000	2.097620	Ob der Medienjournalist Niggemeier ein guter Journalist ist, bleibt Ansichtssache.
50097	Apfelsaft	Apfel	Saft	4.800000	0.421637	4.800000	0.632456	Allerdings wurde bei den Tierstudien auch deutlich, dass Faktoren der Energiehomöostase dominant gegenüber den protektiven Faktoren des trüben Apfelsaftes sein können.
50098	Apfelsaft	Apfel	Saft	4.800000	0.421637	4.900000	0.316228	Hat man mal keinen Tortenguß im Haus, kann man ihn auch leicht selbst herstellen: 125 ml klaren Apfelsaft oder Weißwein mit 2 EL Zucker aufkochen, 1 EL Stärke mit etwas Wasser glattrühren, in die Flüssigkeit rühren und solange köcheln bis sie klar ist.
50099	Apfelsaft	Apfel	Saft	4.900000	0.316228	4.900000	0.316228	Lecker schmeckt ein Apfel-Holunder-Gelee, bei dem ich 1 Liter Holundersaft, 1 / 2 Liter Apfelsaft und den Saft einer Zitrone mit 2 Päckchen Gelierzucker zusammen verkoche.
50100	Apfelsaft	Apfel	Saft	5.000000	0.000000	4.900000	0.316228	Und den Apfelsaft, den ich in jedem Supermarkt kaufe, kann ich auch mit Wasser mischen.
50101	Apfelsaft	Apfel	Saft	4.900000	0.316228	5.000000	0.000000	Sie können auch eine Fruchtfliegenfalle selber herstellen: Mixen Sie dazu einen Cocktail aus Wasser, Apfelsaft oder Bier, Essig und einen Spitzer Spülmittel und geben Sie die Flüssigkeit in ein offenes Gefäß.
50102	Arbeitsfläche	Arbeit	Fläche	3.800000	1.398410	4.200000	1.619330	Auf der kleinen Arbeitsfläche bildet sich die Sicherheit der Hand und es entstehen rein künstlerische Motive.
50103	Arbeitsfläche	Arbeit	Fläche	4.500000	0.849837	4.200000	1.751190	""", sucht in dem erscheinenden Katalog das Miniprogramm "" Ordner-Ansicht "" und zieht es mit gedrückter linker Maustaste auf die Arbeitsfläche."
50104	Arbeitsfläche	Arbeit	Fläche	4.300000	1.567020	4.400000	1.577620	Auf einer bemehlten Arbeitsfläche den Teig dünn ausrollen, in acht dreieckige Stücke teilen und zu Hörnchen aufrollen.
50105	Arbeitsfläche	Arbeit	Fläche	4.700000	0.674949	4.400000	1.577620	Auf einer bemehlten Arbeitsfläche zu einem Rechteck von 40 x 35 cm ausrollen und auf ein geöltes, mit Mehl bestreutes Blech legen.
50106	Arbeitsfläche	Arbeit	Fläche	3.800000	1.316560	4.500000	0.971825	Der Stielhammer besteht aus zwei Hauptteilen, dem Stiele oder Helm, der aus zähem Holze gefertigt wird, und dem Hammerkopf, der aus Schmiedeeisen mit verstählter Arbeitsfläche hergestellt ist.
50107	Arbeitsfläche	Arbeit	Fläche	4.500000	0.707107	4.500000	1.581140	Nun aber noch ein paar Worte zur Waage selbst: Sie sieht absolut schön aus und ist ein richtiger Blickfang auf der Arbeitsfläche in der Küche.
50108	Arbeitsfläche	Arbeit	Fläche	3.800000	1.475730	4.800000	0.632456	Das Mehl auf die Arbeitsfläche schütten und in die Mitte eine Mulde drücken.
50109	Arbeitsfähigkeit	Arbeit	Fähigkeit	3.900000	1.852930	3.600000	1.429840	Eine zweite Ursache, weshalb den Unternehmern ein Gewinn zugestanden werden muß, liegt in den Arbeitsfähigkeiten und Kapitalien, die sie der Unternehmung widmen, und die im Dienste Dritter nicht zu verwerten gewesen wären.
50110	Arbeitsfähigkeit	Arbeit	Fähigkeit	4.300000	1.059350	3.700000	1.636390	Einen je größeren Aufwand an Zeit, Kraft und Geld die Ausbildung einer Arbeitsfähigkeit erheischt, desto leichter wird eine Lohnrente eintreten und desto sicherer sich erhalten.
50111	Arbeitsfähigkeit	Arbeit	Fähigkeit	4.700000	0.674949	3.900000	1.595130	Sie können ferner darauf hinweisen, daß eine sehr große Anzahl von Personen beider Geschlechter bei mäßigem Alkoholgenuß ein sehr hohes Alter erreicht und Gesundheit und Arbeitsfähigkeit bis in das Alter hinein sich erhalten hat.
50112	Arbeitsfähigkeit	Arbeit	Fähigkeit	4.700000	0.674949	4.000000	1.247220	Auf diese Weise wird es uns sicherlich manchmal gelingen, dem Kranken auf Jahre hinaus eine relative Gesundheit zu erhalten, welche ihm noch eine gewisse Arbeitsfähigkeit und einen mäßigen Lebensgenuss gestattet.
50113	Arbeitsfähigkeit	Arbeit	Fähigkeit	4.500000	0.707107	4.000000	1.414210	Bekanntlich hat die Tagung des böhmischen Landtages ein jähes Ende genommen, weil die Tschechen sich nicht dazu verstehen wollten, die Arbeitsfähigkeit des Landtages durch die Zusicherung der Einstellung der Obstruktion im Reichsrate zu ermöglichen.
50114	Arbeitsfähigkeit	Arbeit	Fähigkeit	4.000000	1.632990	4.000000	1.699670	J. vom 19. Dezember 2008 verschaffte Klarheit über die Arbeitsfähigkeit und bildete die - den Anforderungen an die Beweiskraft (BGE 134 V 231 E. 5.1 S. 232; BGE 125 V 351 E. 3 a S. 352 mit Hinweis ) genügende - medizinische Grundlage für den Rentenentscheid.
50115	Arbeitsfähigkeit	Arbeit	Fähigkeit	4.700000	0.483046	4.300000	1.059350	Daher fingiere die Nahtlosigkeitsregelung (uriblank ) in § 125 SGB III die Arbeitsfaehigkeit zugunsten der Betroffenen.
50116	Arbeitsfähigkeit	Arbeit	Fähigkeit	4.900000	0.316228	4.400000	0.843274	"Sie haben mittlerweile einen ähnlich großen Stellenwert als Bedrohungsfaktor für die Arbeitsfähigkeit der Beschäftigten wie die früher dominierenden physischen Gesundheitsrisiken (Staublunge etc. ) von Arbeit: "" Unter Berufstätigen stiegen die gemeldeten Fehlzeiten mit der Diagnose von psychischen Störungen von 2006 bis 2011 um 65 Prozent ""."
50117	Arbeitsfähigkeit	Arbeit	Fähigkeit	4.800000	0.421637	4.700000	0.483046	Dabei geht es um die Klärung der Frage, in welchem Ausmass die Arbeitsfähigkeit in der bisherigen Tätigkeit besteht und ob allenfalls in einer anderen, dem Leiden besser angepassten Tätigkeit eine volle Arbeitsfähigkeit erreicht werden könnte.
50118	Arbeitsfähigkeit	Arbeit	Fähigkeit	4.800000	0.632456	4.900000	0.316228	Hier hast Du die Möglichkeit, Deine eigene Arbeitsfähigkeit und mögliche Problembereiche zu erkennen und zu reflektieren.
50119	Arbeitsprozess	Arbeit	Prozess	4.800000	0.421637	3.600000	1.646550	Schon in der Firma xxx habe ich in einem größeren Team und mit anderen Abteilungen zusammengearbeitet und es bereitet mir keine Schwierigkeiten mich in neue Arbeitsprozesse einzuarbeiten.
50120	Arbeitsprozess	Arbeit	Prozess	4.300000	1.636390	4.200000	1.229270	Denn bevor die gesetzliche Erwerbsminderungsrente gezahlt wird, müssen Sie schon erheblich außer Standen sein, am Arbeitsprozess teilzunehmen.
50121	Arbeitsprozess	Arbeit	Prozess	4.500000	0.707107	4.400000	0.843274	Das Programm soll über eine graphische Benutzeroberfläche bedienbar sein und eine einfache Beurteilung des Arbeitsprozesses bei veränderten Systemparametern ermöglichen.
50122	Arbeitsprozess	Arbeit	Prozess	4.900000	0.316228	4.400000	1.074970	Hohe Investitionen sind in den Sand gesetzt, wenn eine Software nicht das hält, was sie verspricht und die täglichen Arbeitsprozesse nur ungenügend optimiert.
50123	Arbeitsprozess	Arbeit	Prozess	4.900000	0.316228	4.600000	1.264910	Mit der iw 3 - Software unterstützen wir Arbeitsprozesse optimal und ermöglichen den Informationsaustausch über das eM @w-Verfahren der Bundesagentur (BA ).
50124	Arbeitsverhältnis	Arbeit	Verhältnis	4.200000	1.549190	2.300000	1.766980	Auch bezüglich der Arbeitsverhältnisse lagen hier die Verhältnisse ganz anders wie in Ägypten.
50125	Arbeitsverhältnis	Arbeit	Verhältnis	5.000000	0.000000	2.400000	1.712700	Man sieht, dass das so entwickelte Arbeitsverhältnis um so günstiger wird, je mehr Zeit von der Flugdauer zum Niederschlagen der Flügel verwendet wird oder je schneller die Flügel gehoben werden.
50126	Arbeitsverhältnis	Arbeit	Verhältnis	4.700000	0.483046	2.900000	1.449140	-- Der Vorstand des Verbandes der deutschen Handschuhmacher teilte z. B. der General-Kommission der Gewerkschaften Deutschlands im Jahre 1894 mit daß in Folge der ungünstigen Konjunktur und übergroßen Arbeitslosigkeit die Gefahr vorliege, daß die Fabrikanten die Arbeitsverhältnisse verschlechtern würden.
50127	Arbeitsverhältnis	Arbeit	Verhältnis	4.700000	0.674949	2.900000	1.595130	Denn schließlich arbeiten viele Fotografen auch in einem festen Arbeitsverhältnis bei einem Fotostudio und sind hierbei tätig.
50128	Arbeitsverhältnis	Arbeit	Verhältnis	4.500000	1.269300	3.200000	1.751190	"-- Über die Arbeitsverhältnisse im Kreise Heilbronn bringt der "" Gewerkverein "" sehr ausführliche Mitteilungen, welchen wir Folgendes entnehmen:"
50129	Arbeitsverhältnis	Arbeit	Verhältnis	4.200000	1.229270	3.400000	1.837870	Das Arbeitsverhältnis wurde durch den BAT in der für die evangelische Kirche einschlägigen Fassung bestimmt.
50130	Arbeitsverhältnis	Arbeit	Verhältnis	4.900000	0.316228	3.500000	1.080120	Natürlich finden Sie hier nur die Mitarbeiter und Mitarbeiterinnen, die an der BUGH ein festes Arbeitsverhältnis haben.
50131	Arbeitsverhältnis	Arbeit	Verhältnis	4.600000	0.516398	3.500000	1.354010	Ein Erfolg im Kündigungsschutzprozess setzt nach ständiger Rechtsprechung des BAG voraus, dass zum Zeitpunkt der Kündigung noch oder überhaupt ein Arbeitsverhältnis besteht (BAG 18.04.2002 - 8 AZR 347 / 01 - ).
50132	Arbeitsverhältnis	Arbeit	Verhältnis	4.700000	0.483046	3.500000	1.354010	Die neueste Verordnung vom 11. November 1864 in Braunschweig über die Arbeitsbücher enthält keine Bestimmungen über die Arbeitsverhältnisse der Kinder.
50133	Arbeitsverhältnis	Arbeit	Verhältnis	4.000000	1.333330	3.800000	1.229270	Der Kläger hat die Unterzeichnung des dreigliedrigen Vertrages zur Auflösung des bisherigen Arbeitsverhältnisses und Neubegründung eines Arbeitsverhältnisses zur V... ausdrücklich verweigert.
50134	Arbeitsweise	Arbeit	Weise	4.800000	0.421637	2.400000	1.955050	Es sind die abgeänderten Arbeitsweisen des minderwertigen Organes, die in den Kinderfehlern wie in den Reflexanomalien zutage treten, und sie gehorchen der kompensierenden und überkompensierenden Kraft des nunmehr zur Überwertigkeit gelangenden Anteiles der psychomotorischen Sphäre.
50135	Arbeitsweise	Arbeit	Weise	4.600000	0.699206	2.800000	1.813530	Deshalb werden durch meinen persönlichen Einsatz vor Ort und meine pragmatische Arbeitsweise Ihre Mitarbeiter möglichst wenig zusätzlich belastet.
50136	Arbeitsweise	Arbeit	Weise	4.500000	0.849837	3.100000	1.449140	Vielleicht ist die Ware Produkt einer neuen Arbeitsweise, die ein neu aufgekommenes Bedürfnis zu befriedigen vorgibt oder auf eigene Faust ein Bedürfnis erst hervorrufen will.
50137	Arbeitsweise	Arbeit	Weise	4.800000	0.421637	3.200000	1.619330	Die Arbeitsweise der dortigen Indianer ist eine nachlässige und langsame.
50138	Arbeitsweise	Arbeit	Weise	4.100000	1.286680	3.200000	1.813530	Die betreffende Arbeitsweise ist dem Abschwärmen, wie dem Hobeln etwa in gleichem Grade verwandt.
50139	Arbeitsweise	Arbeit	Weise	4.900000	0.316228	3.400000	1.646550	Ferne stellt Sie am Demontrationsabend Ihre Arbeitsweise vor, daneben gibt es Rinzelgespräche und einen großen Workshop, in dem die persönliche Weiterentwicklung der Teilnehmer im Vordergrund steht.
50140	Arbeitsweise	Arbeit	Weise	4.600000	0.699206	3.500000	1.649920	"Der EG-Vertrag erhält die Bezeichnung "" Vertrag über die Arbeitsweise der Europäischen Union ""."
50141	Arbeitsweise	Arbeit	Weise	4.900000	0.316228	3.600000	1.577620	Zu den Programmpunkten im Parlament gehörte ein Vortrag über die Struktur und Arbeitsweise des Landtages.
50142	Arbeitsweise	Arbeit	Weise	4.900000	0.316228	3.600000	2.065590	Was man von der Vorliebe des Elefauten für eine einmal angenommene Ordnung der Zeit oder seiner Arbeitsweise oft behauptet hat, ist nach Tennent's Beobachtungen ungenau.
50143	Arbeitsweise	Arbeit	Weise	4.800000	0.632456	3.700000	1.251670	Zum Verständnis des Entstehens eines Umlaufplanes und der Arbeitsweise von FBS seinen nachfolgend die oben genannten Schritte erläutert.
50144	Arbeitszeugnis	Arbeit	Zeugnis	5.000000	0.000000	4.090910	1.578260	In Arbeitszeugnissen sollen keine direkten, negativen Beurteilungen stehen, um das berufliche Weiterkommen nicht zu erschweren.
50145	Arbeitszeugnis	Arbeit	Zeugnis	4.500000	0.707107	4.500000	0.707107	Dann verschafften sich die beiden ihre Arbeitszeugnisse, und ließen sich ihre sonstigen Papiere von der Behörde abstempeln.
50146	Arbeitszeugnis	Arbeit	Zeugnis	4.200000	1.316560	4.600000	0.699206	Damit schreiben Sie schnell und rechtssicher ein qualifiziertes Arbeitszeugnis - für den Gruppenleiter bis zum Vorstandsvorsitzenden.
50147	Arbeitszeugnis	Arbeit	Zeugnis	4.800000	0.632456	4.600000	0.699206	Was sagt Ihr Arbeitszeugnis im Klartext über Sie und Ihre Leistungen aus?
50148	Arbeitszeugnis	Arbeit	Zeugnis	3.700000	1.418140	4.600000	0.699206	Außer der Abschaffung der Gesindeordnung und ihrem Ersatz durch ein einheitliches Recht, außer der Abschaffung der Gesindebücher und ihrem Ersatze durch das fakultative Arbeitszeugnis, ist die allgemeine Unterstellung der Dienstboten unter die Deutsche Reichsgewerbordnung zu fordern.
50149	Arbeitszeugnis	Arbeit	Zeugnis	3.900000	2.079000	4.600000	0.966092	Bei dem Ausscheiden aus einem Arbeitsverhältnis hat der Arbeitnehmer einen gesetzlichen Anspruch auf ein schriftliches Arbeitszeugnis.
50150	Arbeitszeugnis	Arbeit	Zeugnis	4.000000	1.763830	4.700000	0.674949	Die Gesetzgebung hat sich daneben der Hoffnung hingegeben, daß sie zugleich als Arbeitszeugnis einen heilsamen Einfluß auf die Arbeiter haben werden, und daraus hauptsächlich ist das Recht der Arbeitsbücher entstanden.
50151	Arbeitszeugnis	Arbeit	Zeugnis	4.100000	1.663330	4.800000	0.632456	""" Was kann ich tun, wenn ich mit dem Inhalt des Arbeitszeugnisses nicht einverstanden bin?"
50152	Armutszeugnis	Armut	Zeugnis	3.200000	1.751190	1.300000	1.702940	Mannichfache Privilegien sorgten für die Behaglichkeit der höheren Stände; der Kieler Professor zahlte weder Steuern noch Zölle, und auch der wohlhabende Student konnte, da er doch unfehlbar mit irgend einem Amtmann oder Landvogt vervettert war, mit Sicherheit auf die Erteilung eines Armutszeugnisses rechnen.
50153	Armutszeugnis	Armut	Zeugnis	3.300000	2.162820	1.400000	1.646550	"Mit solch unbedachten und -- in meinen Augen und Ohren -- unmöglichen Äußerungen stellt man sich selbst ein Armutszeugnis aus, meine Damen und Herren vom "" Bürgerkreis Stachelhausen ""."
50154	Armutszeugnis	Armut	Zeugnis	3.100000	1.911950	1.400000	1.776390	Das ist ein Armutszeugnis, da kannst Du schönschleimen, wie Du willst, es nützt nichts.
50155	Armutszeugnis	Armut	Zeugnis	2.100000	2.024850	1.500000	1.779510	Es ist aber auch ein geistiges Armutszeugnis für einen Wirt, der dem Gaste keine bessere Unterhaltung zu bieten weiß als nur jassen und immer jassen.
50156	Armutszeugnis	Armut	Zeugnis	2.300000	2.002780	1.500000	1.840890	Kirche und Geld - ein Armutszeugnis Die beiden großen christlichen Kirchen und das liebe Geld - ein wahres Armutszeugnis!
50157	Armutszeugnis	Armut	Zeugnis	3.400000	2.011080	1.800000	1.751190	Seit einigen Wochen schon hatte der demokratische Klub, als Magistrat und Minister sich selbst ein Armutszeugnis stellten, die Sache der brotlosen Arbeiter in seine Hände genommen.
50158	Armutszeugnis	Armut	Zeugnis	3.700000	1.946510	1.900000	1.663330	Wenn Sie sich über den vorliegenden Artikel noch länger auslassen, so geben Sie der Versammlung ein Armutszeugnis.
50159	Armutszeugnis	Armut	Zeugnis	0.900000	1.663330	1.900000	1.791960	"Auch seinen kenianischen Kollegen stellte er ein Armutszeugnis aus: "" Sie waren nicht unredlich, sie waren inkompetent."
50160	Armutszeugnis	Armut	Zeugnis	2.900000	2.131770	2.300000	1.702940	""" Ich finde, dass diese Erklärung ein erbärmliches Armutszeugnis ist."
50161	Armutszeugnis	Armut	Zeugnis	3.800000	1.316560	3.100000	1.969210	Befreit von der Kurtaxe sind die Ärzte und Wundärzte und die sie begleitenden Gattinnen und Kinder, aller österreichischen Militärpersonen bis zum Range des Hauptmannes und jeder mit einem legalen Armutszeugnis versehene Kurgast. --
50162	Atemzug	Atem	Zug	4.800000	0.421637	0.500000	0.707107	Es schien ihm aus den Mienen der beiden Glücklichen, als schriebe Jeder dem Anderen seinen Erfolg zu und als dankten sie einander mit jedem Atemzuge, während er unbeachtet ihr fern stand.
50163	Atemzug	Atem	Zug	4.800000	0.421637	0.500000	0.707107	"Ihre ganze Familie musste sie hinschlachten sehen und gab verzweifelnd und mit dem letzten Atemzuge den Mördern fluchend bei diesem Anblicke ihren Geist auf "" (Waitz 3, 526 )."
50164	Atemzug	Atem	Zug	4.200000	1.549190	0.600000	0.843274	Das Meer hob und senkte sich nur noch in langen, schaumlosen, nichtsbedeutenden Wellen, wie wenn es regelmäßige, gesunde Atemzüge täte.
50165	Atemzug	Atem	Zug	4.500000	1.581140	0.800000	1.229270	Oh, Shaumbra - ob du nun ein Begleiter bist, ein Lehrer, ein Therapeut - egal, was Du tust - nimm einen tiefen Atemzug, während wir gemeinsam hier in diesem Shaumbra-Service-Center sind...
50166	Atemzug	Atem	Zug	4.800000	0.421637	0.800000	1.475730	In einem einmaligen, heroischen Ringen haben Truppen aller Wehrmachtsteile, Hitlerjugend und Volkssturmeinheiten, ihrem Fahneneid getreu, bis zum letzten Atemzug Widerstand geleistet und ein Beispiel besten deutschen Soldatentums gegeben.
50167	Atemzug	Atem	Zug	5.000000	0.000000	0.800000	1.475730	Die Vorübergehenden schlagen ein Kreuz und beten für die armen Seelen - für die Johanniswürmchen, denen so wohl zu Mute ist, daß mit jedem Atemzuge ihr Liebesfeuer aus dem Körper hervorbricht und die Umgebung mit zauberischem Glanze überzieht.
50168	Atemzug	Atem	Zug	5.000000	0.000000	0.900000	0.737865	The Whispered World ist ein klasse Adventure, das ohne schlechten Gewissens in einem Atemzug mit Monkey Island oder den großen Lucas Arts Klassikern genannt werden kann.
50169	Atemzug	Atem	Zug	5.000000	0.000000	0.900000	1.449140	Die normale Atemfrequenz beim Pferd liegt bei 8 - 14 Atemzügen pro Minute.
50170	Atemzug	Atem	Zug	4.400000	1.577620	1.100000	1.595130	Sie fordern, mit Politik beim Fussball aufzuhören, rechtfertigen im gleichen Atemzug jedoch rechte Gesinnungen bei der SGLL?!
50171	Atemzug	Atem	Zug	4.700000	0.483046	1.400000	1.505550	Hierauf trat er an ein Fenster oder vielmehr in eine der leeren Fensterhöhlen und erholte sich mit ein paar Atemzügen frischer Luft von seinem Kummer.
50172	Aufbauphase	Aufbau	Phase	3.900000	1.852930	4.100000	1.728840	An den sportlichen Ergebnissen allerdings ist abzulesen, dass wir uns mit unserer Jugendarbeit insgesamt noch in einer Aufbauphase befinden.
50173	Aufbauphase	Aufbau	Phase	3.400000	2.065590	4.200000	1.619330	In Aufbauphasen mag die Konjunktur die Arbeitslosigkeit gemildert haben, abgeschafft werden konnte sie nie.
50174	Aufbauphase	Aufbau	Phase	4.200000	0.788811	4.200000	1.751190	"Ina Baumbach schreibt über die rootGrrls im textexperten-Blog: "" Derzeit stoßen mehr und mehr Frauen zu den rootgrrls, trotz Aufbauphase und Bauarbeiten an der Website."
50175	Aufbauphase	Aufbau	Phase	4.000000	1.563470	4.400000	1.074970	Ich freu mich auf jeden Fall schon richtig auf die Aufbauphase des Falken.
50176	Aufbauphase	Aufbau	Phase	4.700000	0.483046	4.500000	0.849837	Seine Errichtung erfolgte nach Plänen der Architekten Neumann, Grötzebach & Plessow in den Jahren 1970 - 1971. Sie fällt somit in die Aufbauphase jenes Stadtteils, der als stark verdichtetes Wohngebiet am Stadtrand Berlins durch bis zu 18 - geschossige Wohnhausgruppen aus Fertigbetonteilen geprägt wird.
50177	Auftaktspiel	Auftakt	Spiel	3.500000	1.433720	4.600000	0.843274	Zunächst sah es so aus, als würden wir in Hamburg unseren Anschlusszug - und damit wahrscheinlich auch unsere Auftaktspiele - verpassen.
50178	Auftaktspiel	Auftakt	Spiel	3.800000	1.549190	4.800000	0.421637	Im Auftaktspiel gewann TSG Bretzfeld 1 gegen SV Neckarsulm in 2 Sätzen 25:13 und 25:20. Neckarsulm musste dann gegen den TSV Lehrensteinsfeld die zweite Niederlage einstecken.
50179	Auftaktspiel	Auftakt	Spiel	3.900000	1.523880	4.800000	0.632456	Beinahe wäre dem deutschen Team im Auftaktspiel gegen Italien eine Überraschung gelungen.
50180	Auftaktspiel	Auftakt	Spiel	3.900000	1.449140	4.900000	0.316228	Im Auftaktspiel erreichte sie ein 1:1 gegen SF Katernberg V, und dann gewann sie 6:2 bei RW Altenessen II.
50181	Auftaktspiel	Auftakt	Spiel	4.000000	1.563470	4.900000	0.316228	Tausend Dank, jetzt kann ich das Auftaktspiel mit ganz anderen Augen sehen, und die WM ist gleich doppelt so wertvoll für mich;-) Wenn wir dich nicht hätten, wären wir ganz arm dran...
50182	Augenkontakt	Auge	Kontakt	4.100000	1.728840	2.600000	2.011080	Jetzt sahen sich die beiden wieder tief in die Augen und Kyons Herzschlag hatte sich noch kein bisschen beruhigt oder verlangsamt, es schien fast so, als ob dieser intensive Augenkontakt mit Ami ebenso emotional war wie der Kuss selbst.
50183	Augenkontakt	Auge	Kontakt	3.700000	1.567020	2.700000	2.213590	Die anwesenden Männer grinsen leicht vor sich hin, vermeiden dabei aber den direkten Augenkontakt mit den Frauen.
50184	Augenkontakt	Auge	Kontakt	4.900000	0.316228	2.800000	1.619330	Wenn Sie nicht sicher sind, ob der Pkw-Fahrer sie bemerkt hat, sollten Sie Ihre Geschwindigkeit reduzieren, bremsbereit sein und den Augenkontakt suchen.
50185	Augenkontakt	Auge	Kontakt	4.800000	0.632456	3.200000	1.988860	Nach Augenkontakt: Bei Berührung mit den Augen gründlich mit viel Wasser bei geöffnetem Lidspalt mind. 10 Min.
50186	Augenkontakt	Auge	Kontakt	4.800000	0.632456	3.300000	2.002780	In Cuxhaven sprach mich eine Frau einfach mal auf der Straße an, weil Annika mit ihr Augenkontakt aufgenommen und sie so sonnig angestrahlt hatte.
50187	Ausbildungsstand	Ausbildung	Stand	4.600000	0.966092	1.800000	1.398410	Zur Ermittlung des Ausbildungsstandes findet während der Ausbildungszeit eine Zwischenprüfung statt.
50188	Ausbildungsstand	Ausbildung	Stand	4.900000	0.316228	2.300000	1.494430	Bei dieser periodisch stattfindenden Prüfung hinterliess der beübte Zug 1 der Feuerwehr Kriens einen sehr guten Eindruck und zeigte einen hohen Ausbildungsstand.
50189	Ausbildungsstand	Ausbildung	Stand	4.800000	0.632456	2.300000	1.766980	Die Einsatzabteilung der Feuerwehr Nieder-Ofleiden zeichnet sich durch einen hohen Ausbildungsstand aus.
50190	Ausbildungsstand	Ausbildung	Stand	4.600000	0.699206	2.400000	1.429840	Bewerbung+stärken+beispiel 2013, Ausbildung Steiermark Gaißeregg, Kurs Verlustangst Ausbildungsstand Listen Beispiele Berufe In Kunsthandwerk & Bildender Kunst - sonstige Spezifische Tätigkeitsangabe Oberösterreich Oberweis Bankvergleich Stärken Und Schwächen Bildingenieur Selbstbewusstsein Stärken Niederösterreich Unterrabenthan, Die Alternativen?
50191	Ausbildungsstand	Ausbildung	Stand	4.700000	0.483046	2.600000	1.074970	Diese soll Ihnen erkennen helfen, ob Sie den vorgegebenen Ausbildungsstand erreicht haben.
50192	Ausbildungsverhältnis	Ausbildung	Verhältnis	4.900000	0.316228	2.900000	1.449140	Ein Ausbildungsverhältnis - in Voll - oder Teilzeit - wird mit einem jährlichen Zuschuss von 2.000 Euro bzw. 1.000 Euro für das vierte Ausbildungsjahr, insgesamt jedoch mit höchstens 7.000 Euro gefördert.
50193	Ausbildungsverhältnis	Ausbildung	Verhältnis	4.800000	0.632456	2.900000	1.523880	(1 ) Mit dem In-Kraft-Treten dieses Gesetzes gehen die Arbeits - und Ausbildungsverhältnisse der beim Staatstheater Cottbus und den Brandenburgischen Kunstsammlungen Cottbus Beschäftigten mit allen Rechten und Pflichten auf die Brandenburgische Kulturstiftung Cottbus über.
50194	Ausbildungsverhältnis	Ausbildung	Verhältnis	4.900000	0.316228	2.900000	1.663330	Während der Probezeit kann das Ausbildungsverhältnis von beiden Seiten jederzeit ohne Einhalten einer Kündigungsfrist gekündigt werden.
50195	Ausbildungsverhältnis	Ausbildung	Verhältnis	4.700000	0.674949	3.000000	1.247220	Arbeitnehmer sind verpflichtet, sich spätestens drei Monate vor Ende des Arbeits - oder des außerbetrieblichen Ausbildungsverhältnisses bei der zuständigen Agentur für Arbeit persönlich arbeitsuchend zu melden.
50196	Ausbildungsverhältnis	Ausbildung	Verhältnis	4.700000	0.483046	3.200000	1.475730	Wie Teilzeitausbildung funktioniert und wie Sie einen entsprechenden Ausbildungsplatz finden oder ein schon laufendes Ausbildungsverhältnis ändern können, ist auf den Seiten von RE / init e.V. erklärt.
50197	Ausdrucksfähigkeit	Ausdruck	Fähigkeit	3.333330	1.936490	3.555560	1.666670	Wie nun der Germane es vollbrachte, aus der Musik eine Kunst -- seine Kunst -- zu machen, sie zu immer größerer Selbständigkeit und Ausdrucksfähigkeit auszubilden, darüber muss der Leser sich durch Musikgeschichten belehren lassen.
50198	Ausdrucksfähigkeit	Ausdruck	Fähigkeit	4.300000	0.823273	3.800000	1.549190	Diese Technik gehört zu den verhaltensbezogenen Kreativitätstechniken, indem sie den Abbau der Blockierungen der Kreativität in Bezug auf die Ausdrucksfähigkeit trainiert.
50199	Ausdrucksfähigkeit	Ausdruck	Fähigkeit	3.800000	1.619330	3.900000	1.911950	Mit dieser Vorgehensweise bezweckt der Chemieunterricht die Vermittlung sozialer und kommunikativer Kompetenz, die Förderung eines ausgeprägten Abstraktionsvermögens sowie der sprachlichen Ausdrucksfähigkeit, liefert somit einen wesentlichen Beitrag zur wissenschaftspropädeutischen Ausbildung und zur Erlangung einer allgemeinen Studierfähigkeit.
50200	Ausdrucksfähigkeit	Ausdruck	Fähigkeit	4.100000	1.286680	4.000000	1.414210	Infolge der Sorgfalt, mit der man seine Briefe verfaßte, der Freude, die man an guten Siunsprüchen fand, und besonders der praktischen Übung im Erzählen wurde die Ausdrucksfähigkeit für Geschäftssachen ungemein erhöht.
50201	Ausdrucksfähigkeit	Ausdruck	Fähigkeit	4.100000	1.197220	4.100000	1.595130	Die Sache mit den Pflanzen und deren mangelnder Ausdrucksfähigkeit bringt mich zurück zum Thema Mensch, genauer gesagt zum Thema Behinderte: Ich bin in dieser Frage, wenn auch nur am Rande (Mißbildung zweier Zehen am rechten Fuß seit meiner Geburt ), selbst Bertoffener.
50202	Ausdrucksfähigkeit	Ausdruck	Fähigkeit	4.000000	1.563470	4.300000	0.483046	Als Redner sind Sie besonders in direkter Ansprache brillant, während es bei Ihnen an der Gabe der schriftlichen Ausdrucksfähigkeit etwas mangelt.
50203	Ausdrucksfähigkeit	Ausdruck	Fähigkeit	4.000000	1.632990	4.300000	1.059350	Ein netter Nebeneffekt ist, daß Kräuter, die unsere Ausdrucksfähigkeit stärken, allgemein kräftigend auf die Atmungsorgane wirken und vor allem auch Nacken - und Schulterverspannungen lösen.
50204	Ausdrucksfähigkeit	Ausdruck	Fähigkeit	3.600000	1.712700	4.800000	0.632456	Zu diesem vermittelten, komplizierten Verfahren hat er sich an und für sich auszubreiten; unter dem Hauptdrange nach Verständigung beschleunigt er aber dieses Verfahren durch möglichst kürzestes Verweilen beim Tone, durch völliges Außerachtlassen seiner allgemeinen Ausdrucksfähigkeit.
50205	Ausgleichsfläche	Ausgleich	Fläche	3.100000	1.728840	3.800000	2.043960	Er regt beim TIP an, die ökologischen Ausgleichsflächen in den Bergzonen III bis IV nicht wie vorgesehen ab 2015 auf 12 bzw. 15% zu erhöhen, weil dies für kleinere Betrieb zu grosse Flächen wären und die düngbaren Flächen bei mehr extensiv genutzten Wiesen abnehmen würden.
50206	Ausgleichsfläche	Ausgleich	Fläche	2.900000	2.131770	4.400000	0.843274	Sie beraten zu Fragen der Biotoppflege, aktualisieren fortlaufend das Ökoflächenkataster (Ausgleichsflächen ) und erstellen Bescheinigungen für die Vermarktung geschützter Tiere.
50207	Ausgleichsfläche	Ausgleich	Fläche	3.200000	1.475730	4.500000	0.849837	Ein Teilprojekt unserer Schulgeländegestaltung ist das Anlegen eines solchen Schulwaldes auf einer Fläche von ca. 3000 m 2. Im Zusammenhang mit dem Bau einer Schulsportanlage haben wir uns bereiterklärt in, in Eigenleistung die gesetzlich vorgeschriebene landespflegerische Ausgleichsfläche zu schaffen.
50208	Ausgleichsfläche	Ausgleich	Fläche	3.600000	1.712700	4.700000	0.674949	Das geschieht in der Regel durch die Anlage von Ausgleichsflächen sowie der Einbindung der Bauwerke durch die Umsetzung der landschaftspflegerischen Begleitplanung.
50209	Ausgleichsfläche	Ausgleich	Fläche	4.000000	0.816497	4.700000	0.948683	Bei einem Kompensationsfaktor von 0,5 entspricht dies einem Wert von 12.180 m² notwendiger Ausgleichsfläche.
50210	Ausstellungsfläche	Ausstellung	Fläche	4.400000	0.843274	3.900000	1.197220	Auch für kleinere Manufakturen und Erzeuger ist die Mediterraneo eine ideale Ausstellungsplattform, denn für diese stehen einige Ausstellungsflächen zu Sonderkonditionen zur Verfügung.
50211	Ausstellungsfläche	Ausstellung	Fläche	4.500000	1.080120	4.700000	0.674949	Auf einer Ausstellungsfläche von etwa 4000 Quadratmetern bietet das Dynamikum eine Fülle von ungewöhnlichen Erlebnis - und Mitmach-Angeboten.
50212	Ausstellungsfläche	Ausstellung	Fläche	4.400000	1.264910	4.700000	0.674949	Die Messe endete mit einer Besuchersteigerung von 21 Prozent, einem Ausstellerplus von 14 Prozent und 30 Prozent mehr Ausstellungsfläche als zur Vergleichsveranstaltung 2006. Vor zwei Jahren nutzten 393 Aussteller aus 37 und 14.900 Besucher aus 83 Ländern Kongress und Messe.
50213	Ausstellungsfläche	Ausstellung	Fläche	4.500000	1.269300	4.700000	0.948683	Sowohl in der Zentrale in Mettingen mit einer Ausstellungsfläche von 2.500 qm als auch im Auslieferungslager in Laggenbeck treffen Kunden auf ein geschultes Fachpersonal und ein breites Ersatzteillager.
50214	Ausstellungsfläche	Ausstellung	Fläche	4.800000	0.421637	4.800000	0.632456	Eine Welt voller Geheimnisse wartet auf 2.000 qm Ausstellungsfläche und 28.000 qm Außengelände darauf, von Ihnen entdeckt zu werden.
50215	Auswahlkommission	Auswahl	Kommission	4.400000	0.699206	4.400000	1.074970	Nicht alle eingereichten Vorschläge konnten dabei von der Auswahlkommission berücksichtigt werden.
50216	Auswahlkommission	Auswahl	Kommission	4.500000	0.707107	4.400000	1.074970	§ 42 Auswahlverfahren Vor der Entscheidung ueber die Zulassung zum Praxisaufstieg wird in einem Auswahlverfahren vor einer Auswahlkommission festgestellt, welche Bewerberinnen und Bewerber auf Grund ihrer Eignung, Befaehigung und fachlichen Leistung fuer den Praxisaufstieg geeignet sind.
50217	Auswahlkommission	Auswahl	Kommission	4.500000	0.849837	4.500000	0.849837	Sind unter den zugelassenen Bewerbern mehr Interessenten für eine Spezialisierungsrichtung als freie Plätze, berücksichtigt die Auswahlkommission sowohl die von Ihnen angegebenen Präferenzen, als auch die anhand der Abschlussnote gebildete Rangreihe.
50218	Auswahlkommission	Auswahl	Kommission	4.100000	1.595130	4.600000	0.843274	Der 21 - Jährige bewarb sich mit einem Kurzfilm, der in Sibirien entstanden ist - und überzeugte die Auswahlkommission.
50219	Auswahlkommission	Auswahl	Kommission	4.700000	0.674949	4.600000	0.966092	Auswahlgrundsätze 4.3 Die Auswahlkommissionen und Einstellungsbehörden sind verpflichtet, über jede Bewerbung nach Eignung, Befähigung und fachlicher Leistung (Artikel 33 Abs. 2 Grundgesetz ) zu entscheiden.
50220	Auswahlprozess	Auswahl	Prozess	4.600000	0.699206	3.800000	1.398410	Dies lässt sich auch dadurch begründen, dass angesichts der nur vorübergehenden Amtsausübung der ehrenamtlichen Richter und der Notwendigkeit einer praxisgerechten Ausgestaltung des Auswahlprozesses eine Eignungsprüfung der Bewerber nicht in gleich umfassender Weise wie im Falle der Einstellung hauptamtlicher Richter erfolgen kann.
50221	Auswahlprozess	Auswahl	Prozess	4.600000	0.843274	4.200000	1.316560	Nach einem langen Auswahlprozeß auf Katalogbasis entschieden wir uns für die 5 - Sterne-Insel Lily Beach Resort & Spa.
50222	Auswahlprozess	Auswahl	Prozess	4.600000	0.966092	4.400000	1.349900	Wie wurde sie identifiziert, wie strikt war der Auswahlprozess?
50223	Auswahlprozess	Auswahl	Prozess	4.800000	0.421637	4.500000	1.080120	Das Unternehmen entschied sich nun nach einem detaillierten Auswahlprozess, die IT-Landschaft zu modernisieren und zukünftig mit der integrierten Unternehmenssoftware SAP ERP die internen Geschäftsprozesse zu steuern.
50224	Auswahlprozess	Auswahl	Prozess	4.800000	0.632456	4.600000	0.699206	Mit diesem intensiven Auswahlprozess schafft die Suedfinanz AG die gerade für das Immobilieninvestment erforderliche Entscheidungssicherheit - ein Vorteil, von dem sowohl Eigennutzer als auch Kapitalanleger profitieren.
50225	Bahnchef	Bahn	Chef	3.900000	1.663330	4.000000	1.885620	Nachdem Bahnchef Mehdorn nach Wochen des Abwiegelns am Montag seinen Rücktritt erklären musste, präsentierte Bundesverkehrsminister Tiefensee gestern seinen neuen Wunschmanager: Rüdiger Grube.
50226	Bahnchef	Bahn	Chef	4.500000	1.581140	4.400000	1.577620	""" Das habe ich am Anfang auch geglaubt, heute bin ich anderer Meinung "", so Grubes Kritik an die Adresse seines Vorgängers als Bahnchef, Hartmut Mehdorn."
50227	Bahnchef	Bahn	Chef	4.400000	0.843274	4.800000	0.421637	Wenn man sieht wie Kroesusse namens Band (en)schef (Bahnchef, Bankchef,... oder ) sich reichlich selbst bedienen und damit sie das ungestört weiter tun können, brauchen sie ebend eine gewisse Ruhe und keinen sozialbedingten Volkszorn.
50228	Bahnchef	Bahn	Chef	4.700000	0.483046	4.900000	0.316228	Nach ersten Schätzungen entstand ein Sachschaden von rund zwei Millionen Euro 2007. 15. 04. 2006 - Die Tage Hartmut Mehdorns als Bahnchef könnten gezählt sein.
50229	Bahnchef	Bahn	Chef	4.100000	1.370320	5.000000	0.000000	csp 20.02.2011: Angst vor einem zweiten Stuttgart 21 Ministerpräsident Mappus und der Bahnchef auf Kuscheltour am Oberrhein.
50230	Ballkontakt	Ball	Kontakt	4.800000	0.632456	4.100000	1.197220	Acht Millionen Euro wurden noch für keinen anderen Zweitliga-Spieler bezahlt, doch jetzt hat man den Eindruck, als wolle der Brasilianer bei jedem Ballkontakt beweisen, dass er das viele Geld wert ist.
50231	Ballkontakt	Ball	Kontakt	4.900000	0.316228	4.300000	1.159500	Und was seine Ballkontakte betrifft - werden hier alle Ballkontakte gezählt, also auch die, wenn er den Ball 5 - mal berührt, bevor er ihn zu seinem Gegenspieler spielt?
50232	Ballkontakt	Ball	Kontakt	4.800000	0.632456	4.400000	1.264910	Gegen St. Pauli gab Ersatzkapitän Albertz zudem die zweitmeisten Torschussvorlagen und hatte die drittmeisten Ballkontakte.
50233	Ballkontakt	Ball	Kontakt	4.100000	1.663330	4.500000	1.581140	Zweikämpfe 45.83% (11.00 ) Verl. Zweikämpfe 54.17% (13.00 ) Verübte Fouls 2 (2.00 ) Gefoult worden 2 (2.00 ) - KOBIASHVILI Torchancen 1 (1.00 ) Ballkontakte 70 (70.00 ) Angek.
50234	Ballkontakt	Ball	Kontakt	5.000000	0.000000	4.800000	0.632456	Molinari verwandelte selbst - 1:0. Böblinger mit den gefühlt meisten Ballkontakten in der ersten Hälfte: Torhüter David Jach, der eine Einladung in die württembergische Auswahl erhielt und seinen Kasten bis zur 42. Minute sauber hielt.
50235	Ballspiel	Ball	Spiel	4.000000	1.885620	3.600000	2.065590	Die Umgebung des B.s zierten meistens noch Gärten, Säulengänge, Alleen, Säle zum Ballspiel und Bibliotheken.
50236	Ballspiel	Ball	Spiel	4.300000	1.567020	4.100000	1.286680	Nach der Zerstückelung der Geschwister im rituellen Ballspiel erhoben sie sich als Götter zum Himmel.
50237	Ballspiel	Ball	Spiel	4.600000	0.966092	4.200000	1.135290	Von diesem Bilde erzählt Ptolemaeus Hephaestio bei Photius (cod. 190; p. 243 Hoesch. ), dass Alexander bei seinem Anblicke durch die Ähnlichkeit beunruhigt wurde, die er zwischen seinem Genossen im Ballspiele Aristoneikos und dem Gemordeten zu finden glaubte.
50238	Ballspiel	Ball	Spiel	5.000000	0.000000	4.500000	0.849837	Sind es Videospiele, P * * nos, Ballspiele und Vierradantrieb wirklich wert, weiterhin alles zu verlieren?
50239	Ballspiel	Ball	Spiel	4.700000	0.483046	4.600000	0.966092	Oh graus, deswegen habe ich Sport schon damals gehasst:noez: Nur der Völkerball oder andere Ballspiele waren gut 5. Klasse: 1 Woche Sport gehabt.
50240	Ballspiel	Ball	Spiel	4.900000	0.316228	4.700000	0.674949	In Zusammenhäng damit steht Queen's Park, welcher namentlich für Cricket- oder Ballspiele benützt wird.
50241	Ballspiel	Ball	Spiel	4.700000	0.674949	4.700000	0.674949	Odysseus erreichte, nachdem der Erderschütterer Poseidon sein Floss im Sturme zertrümmerte, schwimmend die Gestade der Phäaken-Insel Scheria, wo er alsbald die herrliche Nausikaa beim Ballspiel überrascht und ihre Freundschaft erfleht.
50242	Ballspiel	Ball	Spiel	4.900000	0.316228	4.800000	0.632456	Das stelle ich mir dann doch sehr anschaulich vor und vielleicht würde dann sogar ich die Regeln dieses brachialen Ballspiels begreifen.
50243	Ballspiel	Ball	Spiel	4.900000	0.316228	4.900000	0.316228	Als die Zelte wieder eingeräumt waren, spielten wir Ballspiele.
50244	Ballspiel	Ball	Spiel	4.900000	0.316228	4.900000	0.316228	War nachher, nachdem die übliche Hausandacht vollendet war, noch Zeit und Muße übrig, so wurde auf dem Hofe ein allgemeines Spiel, woran Groß und Klein Teil nahm, gewöhnlich Ballspiel, angeordnet.
50245	Beckenrand	Becken	Rand	4.800000	0.632456	4.300000	1.251670	Sprung vom Beckenrand, anschließend 400 Meter schwimmen in höchstens 25 Min.
50246	Beckenrand	Becken	Rand	4.600000	0.966092	4.500000	1.080120	""" "" Nee, hängt mir zum Hals raus, diese ewige Arbeit am Beckenrand."
50247	Beckenrand	Becken	Rand	4.800000	0.421637	4.500000	1.581140	""" Bringen Sie Ihrem Kind bei, danach sofort in der Form eines U zurück zum Beckenrand zu schwimmen ""."
50248	Beckenrand	Becken	Rand	4.400000	1.577620	4.800000	0.421637	Frühschwimmer Seepferdchen: Sprung vom Beckenrand und 25 m Brustschwimmen.
50249	Beckenrand	Becken	Rand	4.900000	0.316228	4.800000	0.421637	Nichtsahnend klettert er aus dem Wasser und stolziert weiter am Beckenrand entlang.
50250	Bergarbeiter	Berg	Arbeiter	3.800000	1.813530	4.200000	1.549190	"Wie der "" Figaro "" aus Longwy meldet, ist es in Saulnes zwischen Truppen und Bergarbeitern zu einem Zusammenstoß gekommen, bei welchem mehrere Personen verwundet wurden."
50251	Bergarbeiter	Berg	Arbeiter	3.500000	1.840890	4.500000	1.269300	Indessen waren von Anfang an die Bergarbeiter in einem loseren persönlichen Abhängigkeitsverhältnis als die Ackerbauer oder die Hofleute.
50252	Bergarbeiter	Berg	Arbeiter	4.200000	1.751190	4.500000	1.581140	Die Bergarbeiter bei der Demonstration am Tag unserer Ankunft wirkten auch eher bedrohlich, insbesondere, da sie mit Dynamitstangen um sich warfen.
50253	Bergarbeiter	Berg	Arbeiter	4.545450	1.213560	4.818180	0.603023	Der Großvater war Bergarbeiter, der Vater zunächst auch, später dann Vertreter (Aufstiegsproblematik, S. 87 ).
50254	Bergarbeiter	Berg	Arbeiter	5.000000	0.000000	4.900000	0.316228	Im Westen werden Sie überall die faszinierenden Geschichten der Bergarbeiter, Holzfäller, Sträflinge und Demonstranten erleben - ob in Strahan, im Tarkine Wildnisgebiet oder auf Sarah Island.
50255	Bergarbeiter	Berg	Arbeiter	4.600000	0.699206	4.900000	0.316228	Viele Dinge des täglichen Lebens der Bergarbeiter sind noch erhalten, so daß sie hier besichtigt werden können.
50256	Bergarbeiter	Berg	Arbeiter	4.000000	1.247220	4.900000	0.316228	Die slowenischliberalen Hetzer veranstalteten eine Protestversammlung, an der aber aus Steinbrück nur etwa zehn Leute teilnahmen, ferners einige aufgeregte Leute aus Krain und 15 slowenischnationale Bergarbeiter aus Trifail, die der Bahnbeamte Mohorko am Bahnhofe empfing und ins Gasthaus Juvancic führte.
50257	Bergarbeiter	Berg	Arbeiter	4.300000	1.567020	4.900000	0.316228	wenn ich die Lage der hiesigen Bergarbeiter studieren will, so ist es unumgänglich, auch alle die Verhältnisse, welche diese Lage bedingen, zu berühren.
50258	Bergarbeiter	Berg	Arbeiter	4.200000	0.918937	5.000000	0.000000	""" - "" Wissen Sie, mein Vater war Bergarbeiter, mein Grossvater war Bergarbeiter."
50259	Bergarbeiter	Berg	Arbeiter	3.200000	1.932180	5.000000	0.000000	Bei diesen Bergarbeitern, die in der Nachbarschaft dieser Bergwerke ansässig waren, bildete sich schon früh eine Art von Korporationsgeist aus, bedingt sowohl durch den gemeinschaftlichen Beruf, als durch die soziale Stellung und oft auch durch den Umstand, dass sie den Siegern stammesfremd waren.
50260	Bergführer	Berg	Führer	4.200000	1.619330	3.800000	1.813530	Vielleicht finden wir doch noch einen bezahlbaren Bergführer oder noch ein paar erfahrene Leute bis dahin.
50261	Bergführer	Berg	Führer	3.800000	2.097620	3.900000	2.079000	Das Gesetz betrifft konkret die Ausübung von Bergführer -, Schneesportlehrer - und Wanderleiterberufen sowie das gewerbemässige Anbieten von Sportaktivitäten mit erhöhten Sicherheitsanforderungen 11.09.2013 Wallis: Wichtigkeit der Landwirtschaft erkannt Die neue Agrarpolitik 2014 - 2017 des Bunds hat Auswirkungen auf die Rolle des Kantons bei Subventionen.
50262	Bergführer	Berg	Führer	4.200000	1.619330	4.000000	1.490710	Wie aber dieser nach einer glücklichen Staroperation Bergführer werden kann, so können auch jene nach gründlicher Bekehrung für die Ehe berufen sein.
50263	Bergführer	Berg	Führer	4.100000	1.197220	4.500000	0.707107	"Sagt lngo zu seinem Bergkameraden: "" In diese Gletscherspalte ist letztes Jahr mein Bergführer gefallen."
50264	Bergführer	Berg	Führer	4.900000	0.316228	4.500000	0.707107	Unsere beiden Bergführer bescheinigten unserer Gruppe eine ausgezeichnete Leistung und Petrus sei Dank für das gute Wetter.
50265	Bergführer	Berg	Führer	4.000000	1.490710	4.500000	0.707107	- Der Bergführer (Hochgebirgs-R. ), 1909. - Herab Golli, ein fahrender Mann (desgl. ), 1909.
50266	Bergführer	Berg	Führer	4.700000	0.674949	4.500000	0.849837	Sie fahren mit dem Bergführer zum Nationalpark-Gate nach Machame, wo Ihre Kilimandscharo Trekkingtour startet.
50267	Bergführer	Berg	Führer	4.600000	1.264910	4.800000	0.421637	Unsere Tiere gingen im Walde umher und suchten sparsame Kräuter, indes der Bergführer mit dem Campiere beschäftigt war, ein helles Feuer in der Grotte anzuzünden.
50268	Bergwerk	Berg	Werk	3.800000	1.316560	2.600000	1.776390	Die Privatwerke des uralischen Bergwerksbezirkes umfassten 47 Bergwerke und 142 Hütten.
50269	Bergwerk	Berg	Werk	3.500000	1.509230	2.700000	1.766980	"Diese sollen "" alles Eisen Bergwerk, dass und zumal vorhanden ist, jeglichen Bergwerken seinen Teil Bergwerks und Erz zu Geld anschlagen ""."
50270	Bergwerk	Berg	Werk	4.545450	0.687552	3.000000	1.612450	Aufgeschoben ist nicht aufgehoben und so besuchten wir heute das Bergwerk in Falun und die schwedischen Falken (Ungar Örna ).
50271	Bergwerk	Berg	Werk	4.636360	0.674200	3.090910	2.343270	Für die Leitung eines industriellen Unternehmens (Bergwerks = und Hüttenbetrieb ) wird eine kaufmännisch geschulte, in der Eisenbranche und möglichst auch im Bergbau erfahrene Persönlichkeit im mittleren Lebensalter gesucht.
50272	Bergwerk	Berg	Werk	4.100000	1.197220	3.100000	1.911950	Das Binnenland den einheimischen kriegerischen Nationen abzugewinnen war man nicht bemüht; man begnügte sich mit dem Besitz der Bergwerke und der Stationen für den Handel und für den Fisch- und Muschelfang und hatte Mühe auch nur hier sich gegen die anwohnenden Stämme zu behaupten.
50273	Bergwerk	Berg	Werk	5.000000	0.000000	3.300000	1.828780	Schon angezündt; es gibt einen Schein, |: und damit so fahren wir bei der Nacht: |: ins Bergwerk ein.
50274	Bergwerk	Berg	Werk	4.700000	0.948683	3.400000	1.173790	Die ruhige Zeit ab November nutzen viele Betreiber von Bergbahnen und Bergwerken für Wartungsarbeiten, so dass diese Ausflugsziele nicht zur Verfügung stehen.
50275	Bergwerk	Berg	Werk	4.700000	0.483046	3.400000	1.173790	Im Bergwerk sehen Sie als erstes einen toten Zombie, um den ein Fliegenschwarm kreist.
50276	Bergwerk	Berg	Werk	4.600000	0.966092	3.500000	1.779510	Dem südlichen Marmorzug folgten Bergwerke bei Mehlmeisel, Neusorg, Pullenreuth, Schindellohe, Kreuzweiher, Waldershof, Meußeisdorf, Leutendorf, Marktredwitz.
50277	Bergwerk	Berg	Werk	4.900000	0.316228	3.900000	1.595130	In deutschen Bergwerken waren jedenfalls schon im 16. Jahrh. Holzgeleise zur Beifuhr der Erze und Kohlen im Gebrauch, und 1676 bestand eine größere derartige Bahn in England, um aus den Bergwerken von Newkastle die Steinkohlen an den Fluß Tyne zu fördern.
50278	Beschwerdeführer	Beschwerde	Führer	4.200000	0.918937	2.800000	1.751190	Allfällige Beschwerden gegen die unrichtige Einreihung der Beschwerdeführer in die Wahlkörper können innerhalb der Präclusivfrist von 8 Tagen d. i. vom 7. März bis einschließlich 14 März 1898 bei der oben bezeichneten Steuerbehörde I. Instanz stempelfrei eingebracht werden.
50279	Beschwerdeführer	Beschwerde	Führer	3.900000	1.728840	2.800000	2.299760	Durch Beschluss vom 6. Oktober 2009, dem Verfahrensbevollmächtigten des Beschwerdeführers zugegangen am 8. Oktober 2009, wies das Amtsgericht Nauen die Gehörsrüge des Beschwerdeführers zurück, die dieser wegen der Nichtzulassung der Berufung erhoben hatte.
50280	Beschwerdeführer	Beschwerde	Führer	4.600000	0.843274	2.900000	1.911950	2.3 Soweit der Beschwerdeführer eine Verletzung von Art 30 BV geltend macht, genügt die Beschwerde den Begründungsanforderungen von Art 90 Abs. 1 lit.
50281	Beschwerdeführer	Beschwerde	Führer	4.400000	0.843274	3.300000	1.494430	2. a) Das Landgericht vernahm die Tochter des Klägers sowie den Beschwerdeführer zu 2 b zu dem Inhalt des Telefonats als Zeugen und wies die Klage ab.
50282	Beschwerdeführer	Beschwerde	Führer	4.700000	0.674949	3.300000	1.494430	Die Beschwerdeführer rügen unverhältnismäßige Eingriffe in ihr Recht auf informationelle Selbstbestimmung aus Art 2 Abs. 1 in Verbindung mit Art 1 Abs. 1 GG und in ihr Grundrecht aus Art 12 Abs. 1 GG.
50283	Beschwerdeführer	Beschwerde	Führer	3.900000	2.079000	3.300000	1.888560	Die Freie und Hansestadt Hamburg hat dem Beschwerdeführer seine notwendigen Auslagen im Verfassungsbeschwerdeverfahren zu erstatten.
50284	Beschwerdeführer	Beschwerde	Führer	4.600000	0.843274	3.500000	1.178510	Kann sich der Beschwerdeführer dabei auf ausdrückliche, die Kompetenz enthaltende Verordnungen berufen, so ist es desto besser; notwendig ist das hier so wenig, wie bei jeder anderen Beschwerde, und zwar aus den Gründen, die im Folgenden liegen.
50285	Beschwerdeführer	Beschwerde	Führer	4.700000	0.674949	3.500000	1.581140	Ganz ohne Antwort wird ja regelmässig der Beschwerdeführer nicht gelassen werden, aber der Bescheid kann lauten: die Behörde habe keinen Anlass, der Beschwerde Folge zu geben, womit auch gesagt sein kann, dass man sich überhaupt mit der Sache nicht noch einmal befassen wollte.
50286	Beschwerdeführer	Beschwerde	Führer	4.400000	0.843274	3.700000	1.251670	""" Nach Lage der Sache ist dem Antrage auf Abweisung des Beschwerdeführers nicht statt zu geben."
50287	Beschwerdeführer	Beschwerde	Führer	3.800000	1.475730	3.900000	0.875595	Wenn man den Versicherungen jener Personen, die in das Geheimnis eingeweiht waren, Glauben schenken darf, so soll namentlich Rußland diese Demonstrationen anfangs mit Unwillen zurückgewiesen und die Beschwerdeführer zur Ruhe verwiesen haben.
50288	Beutezug	Beute	Zug	4.500000	0.527046	0.500000	0.527046	Sich einem Beutezuge, einem geldversprechenden Unternehmen ungesetzlicher Art anschließen.
50289	Beutezug	Beute	Zug	4.400000	1.264910	0.500000	0.849837	"-- Das Begehren, es sollen jährlich sechs Millionen Franken von der Eidgenossenschaft aus ihren Zolleinnahmen an die Kantone verteilt werden, damit letztere dieselben für Armen- und Schulzwecke, gemeinnützige Anstalten usw. benützen, wird von radikalen Zeitungen als "" Beutezug der Kantone "" bezeichnet."
50290	Beutezug	Beute	Zug	4.400000	1.577620	0.700000	1.251670	Diesmal mußten sie sich wegen Beutezügen, die sie ausschließlich gegen Lämmer und Schafböcke von Besitzern aus der Umgebung unternahmen, verantworten.
50291	Beutezug	Beute	Zug	4.200000	1.229270	0.900000	1.197220	Die Deutschen haben keine Angriffspläne wider die Tschechen, aber den tschechischen Eroberungs- und Beutezügen wollen und werden sie nicht länger sich preisgeben.
50292	Beutezug	Beute	Zug	4.500000	0.707107	0.900000	1.286680	Auf seinem täglichen Beutezug hat es der hundsgemeine Räuber Hotzenplotz (Armin Rohde ) ausgerechnet auf die Kaffeemühle von Kasperls Großmutter (Christiane Hörbiger ) abgesehen.
50293	Beutezug	Beute	Zug	3.600000	1.505550	0.900000	1.286680	dies ist ein beutezug, nicht mehr und nicht weniger.
50294	Beutezug	Beute	Zug	4.454550	1.507560	1.181820	1.537410	Aber die Räume waren groß und Grünes niemals genug; man musste sich wieder und wieder zu Pferde setzen und neue Beutezüge machen mit den erstaunten Yakuninen, die gar_nicht begriffen was das Alles sollte.
50295	Beutezug	Beute	Zug	4.000000	1.632990	1.200000	1.549190	Ein älterer Freund, dem ich zu ewigem Dank verpflichtet bin, hatte mir ein kleines Mikroskop geschenkt, und aus reiner Neugier sah ich mir nun das Ergebnis meiner Beutezüge in den Donautümpeln an, bevor ich die Tierchen an meine Fische verfütterte.
50296	Beutezug	Beute	Zug	4.700000	0.674949	1.400000	1.646550	So, falls Sie auf Beutezug, um eine zuverlässige Gewichtsabnahme Mitte zu finden sind, können Sie konzentrieren Ihre Suche auf die oben genannten Linien.
50297	Beutezug	Beute	Zug	4.400000	1.577620	1.600000	1.837870	Während sich i hre Bande auf Beutezug aufmachte, gingen die beiden anscheinend zum Saufen.
50298	Bezugsquelle	Bezug	Quelle	3.800000	1.619330	1.800000	1.686550	Seit mehr als 20 Jahren ist Bangladesh eine wichtige Bezugsquelle für die METRO GROUP, besonders im Bereich Bekleidung.
50299	Bezugsquelle	Bezug	Quelle	3.900000	1.595130	2.300000	1.702940	Ebenso wirkt die Entwicklung des Weltmarkts und daher die Vervielfachung der Bezugsquellen desselben Artikels.
50300	Bezugsquelle	Bezug	Quelle	4.700000	0.948683	2.500000	2.173070	Worum ich dich neben den Bitten um Fotos noch bitten möchte ist ne Bezugsquelle für die Krötenhaut.
50301	Bezugsquelle	Bezug	Quelle	4.500000	0.849837	2.700000	1.636390	"Wenn Ihr mehr über das "" Barfen "" erfahren wollt (Informationen, Bezugsquellen ) dann seht bei meinen "" Link 's "" nach dort erfahrt Ihr alles was Ihr darüber wissen wollt."
50302	Bezugsquelle	Bezug	Quelle	4.200000	1.549190	2.700000	1.828780	Ferner enthält der Kalender u. a. praktische Winke bei Unglücks- und Erkrankungsfällen, nützliche Angaben über Post und Telegraph, Coupons, Lotterien und Stempelmarken, Vorlagen für Stundenpläne, Schulkataloge, Tagebuch etc. Zuletzt kommt eine Anzahl reeller Bezugsquellen Wiens und Österreichs für die verschiedenen Gegenstände.
50303	Bezugsquelle	Bezug	Quelle	4.100000	0.994429	2.800000	1.932180	Als weitere Bezugsquellen wurden mir Nasu in Shimotsuke, Chichibu in Musashi, sowie die Provinzen Bingo, Jye, Idzu und Chi genannt.
50304	Bezugsquelle	Bezug	Quelle	4.300000	0.948683	3.000000	1.563470	Bezugsquelle: Verein für Heimatkunde c / o Peter Falke, Tel. 754 94 90. (Keine Werbung, redaktionelle Überzeugung; der Webmaster ).
50305	Bezugsquelle	Bezug	Quelle	3.300000	1.059350	3.000000	1.699670	Xizang ist zu einer wichtigen Bezugsquelle für die Bodenschätze geworden, die China für seine wachsende Wirtschaft benötigt.
50306	Bezugsquelle	Bezug	Quelle	3.333330	1.414210	3.000000	1.732050	Dieselbe Erfahrung machen wir ja auch an unserer Biene, welche zur Zeit der Rapsblüte ausschließlich von ihr einträgt oder in anderen Gegenden vom Buchweizen, und während solcher Zeit alle übrigen Bezugsquellen so gut wie ganz unberücksichtigt läßt.
50307	Bezugsquelle	Bezug	Quelle	3.000000	1.763830	3.100000	1.663330	Die Einfuhr von Steinkohle steigt mit jedem Jahre, der Vergrösserung der Schiffahrt und der einheimischen Industrie folgend; 1888 1,301.402 t, 1887 1,246.865 t. Cardiff und Newcastle, dann Schottland sind die wichtigsten Bezugsquellen.
50308	Bierstand	Bier	Stand	4.700000	0.483046	3.600000	1.776390	Als dann DEADSOUL TRIBE kamen, verzog ich mich wieder einmal an den Bierstand und wartete auf HATESPHERE.
50309	Bierstand	Bier	Stand	4.200000	1.619330	3.900000	1.728840	"Interessanter war da schon der Nebenschauplatz "" Bierstand "", wo die Offenbacher Gemeinde für Stimmung sorgte."
50310	Bierstand	Bier	Stand	4.400000	1.577620	4.100000	1.197220	Ich hielt mich gerade am Bierstand auf, weil ich meinen Frust in leckerem 2,8% igem ertränken wollte, da legte der VfL einen Doppelschlag durch Christiansen und Wosz hin.
50311	Bierstand	Bier	Stand	4.900000	0.316228	4.300000	1.251670	Ohne uns auch nur eines Blickes zu würdigen, ging er an uns vorbei direkt zum nächsten Bierstand.
50312	Bierstand	Bier	Stand	4.100000	1.449140	4.600000	0.966092	Der ursprüngliche Punktrichter war kurzfristig erkrankt und ich stand gerade in der Nähe desPunkterichtertisches herum und erkundigte mich nach dem Bierstand, als die Nachricht über seine Erkrankung eintraf.
50313	Bildfläche	Bild	Fläche	1.900000	2.024850	1.800000	2.097620	Amir Mohebian: Die Reformer werden von der Bildfläche verschwinden.
50314	Bildfläche	Bild	Fläche	2.500000	1.900290	2.400000	1.837870	Aber ich sage Ihnen: Würden die so weit gehen, das herauszuposaunen, dann wären sie ganz schnell weg von der Bildfläche, weil sie dann die Basis der Mächtigen und deren Autorität untergraben würden.
50315	Bildfläche	Bild	Fläche	2.800000	2.347580	2.600000	2.366430	Morgen erscheint auf der Bildfläche Doktor Burns, Detektiv-Sensation in 3 Akten.
50316	Bildfläche	Bild	Fläche	2.400000	2.065590	3.100000	2.282790	Sen zog eine Augenbraue hoch und wollte gerade nach harken als auch schon Chaséa die Bildfläche betrat, also ließ er es.
50317	Bildfläche	Bild	Fläche	4.000000	1.247220	3.200000	1.813530	Und da die Madonna durch das ungedämpfte grelle Licht sehr hervorkommt, so scheint der vordere Magier sogar von außen in die Bildfläche hineinzustreben.
50318	Bildfläche	Bild	Fläche	3.200000	2.149940	3.500000	2.013840	Eine neue Power Metal Hoffnung aus Deutschland ist mit der Heilbronner Band CIRCLE OF SILENCE auf der Bildfläche erschienen.
50319	Bildfläche	Bild	Fläche	3.545450	1.752920	3.909090	1.578260	Durch Drehen dieses Zahnrades, bezw. des an dessen Welle sitzenden Handrades wird der Bogen des Bügels k in l verschoben, also der Nieter in der Bildfläche verschieden geneigt.
50320	Bildfläche	Bild	Fläche	4.700000	0.483046	4.000000	1.333330	Eine regellose Verteilung der Motive ueber die Bildflaeche ist aber selten.
50321	Bildfläche	Bild	Fläche	4.100000	1.286680	4.200000	1.316560	Dieses Prachtstück nimmt gut die Hälfte der Bildfläche ein, es ist offenbar auf Täuschung berechnet.
50322	Bildfläche	Bild	Fläche	4.500000	0.849837	4.300000	1.337490	Wie in diesem Blatt, sitzt Johannes auch in unserer Leinwand rechts am Rand der Bildfläche.
50323	Bildrand	Bild	Rand	4.200000	1.619330	3.900000	2.079000	Hier einige Bilder: Am linken Bildrand oberes Drittel sieht man eine Exuvie, etwas weiter rechts und etwas höher kann man eine zweite ahnen.
50324	Bildrand	Bild	Rand	4.700000	0.483046	4.300000	1.337490	Die optische Qualität ist oft sehr gut - manchmal entdecke ich aber leichte Unschärfen an den Bildrändern, z. B. unten links.
50325	Bildrand	Bild	Rand	4.600000	0.843274	4.400000	0.966092	Im zweiten Fall wäre der würdige Alte am rechten Bildrand Priamos.
50326	Bildrand	Bild	Rand	4.700000	0.483046	4.800000	0.632456	"Nachdem Sie sich eingeloggt haben, finden Sie am linken Bildrand ein Menü mit dem Punkt "" Aufzeichnen "" und weiteren Unterpunkten."
50327	Bildrand	Bild	Rand	4.900000	0.316228	4.900000	0.316228	"Nochmal zu dem Zitat von volkerm "" Ich vermute mal, daß die Abbildungsfehler zum Bildrand die AF Genauigkeit beeinträchtigen und man diese Anordnung sehr bewusst so gewählt hat."
50328	Bildseite	Bild	Seite	4.300000	1.251670	3.300000	1.828780	Bis sich die Bildseite ausweist -- glühender Farben voll und von eitel Gold umstarrt.
50329	Bildseite	Bild	Seite	4.700000	0.674949	3.800000	1.686550	Die Entwicklung der belichteten Pigmentfläche erfolgt im dunkel gehaltenen Raume, indem man den Pigmentbogen mit der Bildseite auf eine versilberte Kupferplatte unter Wasser auflegt, beide aus dem Bade heraushebt, den Pigmentbogen glattstreicht, mit Löschpapier abtrocknet und etwa fünf Minuten liegen läßt.
50330	Bildseite	Bild	Seite	3.700000	1.567020	3.900000	1.449140	Ihnen kehrte er die Bildseite seines irdischen Webens zu; das Sausen, Schlagen, Rupfen und Treten der Webearbeit blieb ihnen abgewendet.
50331	Bildseite	Bild	Seite	4.400000	1.074970	4.100000	1.100500	Alle Karten mit einem Totenkopfsymbol auf der Bildseite am oberen Rand der Karte werden erst in der Experten-Runde benötigt und zunächst gemeinsam mit den 10 Rumplättchen zurück in die Schatztruhe gelegt.
50332	Bildseite	Bild	Seite	4.600000	0.699206	4.100000	1.286680	Dann, auf der rechten Bildseite, des Todes Walten selbst und die sich erfüllenden Geschicke der Seelen nach der Trennung vom Leibe.
50333	Bildseite	Bild	Seite	4.700000	0.674949	4.200000	1.032800	Nur von der Seite alles, und die Köpfe ragen immer ein wenig mehr zur anderen Bildseite hin und überdecken sich auch teilweise.
50334	Bildseite	Bild	Seite	4.700000	0.483046	4.500000	0.849837	Deshalb enthält jede Bildseite auch den jeweiligen Preis und die Oringinalmaße, damit Sie schon einmal ausmessen können, wie das Bild, daß Sie am meißten interessiert, bei Ihnen hinpaßt.
50335	Bildseite	Bild	Seite	4.400000	1.074970	4.600000	0.699206	Franfkrut am Main-Wien-Zürich, Büchergilde Gutenberg, 1973. 373 S. mit Ill. + 42 Bildseiten mit teils farb.
50336	Bildseite	Bild	Seite	4.300000	1.337490	5.000000	0.000000	- > Druckbares Dokument (7 Bildseiten, PDF, 5 MB ) - > Klicken Sie auf ein Bild, um eine vergrösserte Bildschirmansicht zu erhalten.
50337	Bildteil	Bild	Teil	4.600000	0.699206	3.100000	2.079000	Bald ging man dann zur heutigen erhabenen Holzschnittmanier über, die das Bild dunkel auf weißem Grunde erscheinen läßt, indem man die Zwischenräume aussticht und die Bildteile stehen läßt.
50338	Bildteil	Bild	Teil	4.700000	0.674949	4.100000	1.728840	Zur weiteren Verdeutlichung haben wir im folgenden Screenshot einzelne Graphenpegel mit Verbindungslinien zum entsprechenden Bildteil ausgezeichnet.
50339	Bildteil	Bild	Teil	4.900000	0.316228	4.200000	1.229270	Die Autobiographie umfasst ca. 250 Seiten und ist als Hardcover mit farbigem Bildteil im Riva Verlag erschienen.
50340	Bildteil	Bild	Teil	4.700000	0.483046	4.300000	1.059350	Dank der neuen Exportfunktionen in Expression Design 2 können Anwender individuelle Bildteile von Webgrafiken in unterschiedliche Formate exportieren, inklusive der Formate Silverlight Canvas, WPF Canvas, WPF Ressource Directory, HTML Comp, XAML, PSD und PDF.
50341	Bildteil	Bild	Teil	4.800000	0.421637	4.500000	0.707107	Nur leider fehlt m.E. eine sehr wichtige Funktion nach wie vor, um wirklich professionelle Schwarzweissfotos zu erzeugen - nämlich die Möglichkeit selektiv einzelne Bildteile zu bearbeiten.
50342	Bildteil	Bild	Teil	4.800000	0.632456	4.700000	0.674949	Gamma-Schaltung - Eine elektronische Schaltung, die durch Vorentzerrung dunkle Bildteile aufhellt, aber gleichzeitig das Ausfransen der hellen Bildteile verhindert.
50343	Bildungsprozess	Bildung	Prozess	4.800000	0.421637	3.600000	1.173790	Zunächst subsumiere ich unter diesem Arbeitsbegriff alle Bereiche des Menschen und alle Handlungsfelder, in denen sich implizite oder explizite Bildungsprozesse ereignen können, die religiös relevant sind.
50344	Bildungsprozess	Bildung	Prozess	4.200000	1.549190	3.600000	1.646550	Sie verleihen den Bildungsprozessen in den Kindertageseinrichtungen Transparenz und bieten Orientierung für die Fachkräfte, Eltern und Lehrkräfte gleichermaßen.
50345	Bildungsprozess	Bildung	Prozess	4.900000	0.316228	3.900000	1.100500	Auch eine bloße Addition europäischer Nationalgeschichten fördert keinen historisch-politischen Bildungsprozess, und im Zeitalter der Globalisierung kann eine eurozentrische Perspektive ohnehin kein Bildungsziel mehr sein.
50346	Bildungsprozess	Bildung	Prozess	4.500000	1.080120	3.900000	1.595130	Diese beiden Romane entstammen unterschiedlichen Epochen: Der eine gehört der deutschen Klassik an und wirft Licht auf das Selbstverständnis bürgerlicher Bildungsprozesse in Zeiten des Aufbruchs in die Moderne.
50347	Bildungsprozess	Bildung	Prozess	4.500000	0.971825	4.400000	1.264910	Das Studium befähigt deshalb dazu, Bildungsprozesse bei Kindern zu erkennen, sie wissenschaftlich einzuordnen, Ansätze und Konzepte zur Förderung zu bewerten, relevantes Fachwissen zu erwerben und mit unterschiedlichen Personengruppen zielgerichtet und konstruktiv zu kommunizieren.
50348	Bildungsstand	Bildung	Stand	4.900000	0.316228	1.700000	1.946510	Im Übrigen besitzt er trotz dieser plumpen Entschuldigung seines Bundes mit der Kontrerevolution immer noch das Vertrauen eines Teils des Berliner Volks, was das schlimmste Zeugnis für den Bildungsstand der Berliner Demokraten ist.
50349	Bildungsstand	Bildung	Stand	4.600000	0.516398	1.800000	1.686550	Ärmlich im hohen Grade ist denn auch das Leben der Bevölkerung und tief der Bildungsstand; Faulheit, Trunk und Schmutz halten gleichen Schritt miteinander und fördern sich gegenseitig.
50350	Bildungsstand	Bildung	Stand	4.700000	0.483046	2.100000	1.595130	Sehr bezeichnend für den politischen Bildungsstand nach Sprachvarietäten ist die Übersicht der österreichischen Journalistik laut dem eben erschienenen Posttarifausweise.
50351	Bildungsstand	Bildung	Stand	4.800000	0.421637	2.200000	1.475730	Hinweis: Sollten Sie keinen Realschulabschluss haben, erhalten Sie mit der Versetzung aus dem Vorkurs in die Kursstufe einen dem Realabschluss gleichwertigen Bildungsstand zuerkannt.
50352	Bildungsstand	Bildung	Stand	4.700000	0.674949	2.400000	1.577620	Voraussetzung für die Aufnahme an unseren Modeschulen ist daher der Hauptschulabschluss oder Realschulabschluss, das Versetzungszeugnis in die Klasse 11 eines Gymnasiums oder der Nachweis eines gleichwertigen Bildungsstandes oder das Abitur.
50353	Bildungsstand	Bildung	Stand	4.727270	0.646670	2.454550	1.634850	Der Bildungsstand des Klerus ist natürlich ein ganz anderer, als der des katholischen:
50354	Bildungsstand	Bildung	Stand	4.600000	0.516398	2.500000	1.269300	Und: Toleriere doch ganz einfach, dass ich Dir Deinen Bildungsstand ganz einfach nicht abkaufe, musst schon mir überlassen, was und wem ich glaube.
50355	Bildungsstand	Bildung	Stand	4.400000	1.577620	2.600000	1.646550	Je mehr Kriterien vorhanden sind und vor allem je mehr davon wirklich ausgefüllt wurden (Einkommen, Bildungsstand, Kinderwunsch ), umso besser gelingt die Suche nach den geeigneten Dating-Kontakten.
50356	Bildungsstand	Bildung	Stand	4.900000	0.316228	2.700000	1.159500	Spätestens seit Mitte des 19. Jahrhunderts wuchs nicht nur die Bevölkerung in den Städten und der Entwicklungsstand der Industrialisierung rapide an, sondern auch die Anzahl der Kriminellen und deren Intelligenzgrad und Bildungsstand.
50357	Bildungsstand	Bildung	Stand	4.800000	0.421637	2.700000	1.494430	Leue hält bei dem jetzigen Bildungsstand und der geringen Erfahrung, die wir in der Freiheit gemacht, Kronen und Fürsten noch für ein notwendiges Übel.
50358	Bildungswerk	Bildung	Werk	4.400000	0.843274	1.500000	1.269300	Möglich wurde die Reise durch das Bildungswerk Potsdam der Jakob-Kaiser-Stiftung.
50359	Bildungswerk	Bildung	Werk	4.700000	0.948683	1.600000	1.712700	Anmeldungen werden erbeten bis 19.08.2011 an: Bildungswerk der KAB, Zweigstelle Wesel, 46483 Wesel, Tel. 0281 / 164100, emailblank.
50360	Bildungswerk	Bildung	Werk	4.700000	0.483046	1.700000	1.567020	Bildungswerk Physio-Akademie des ZVK gGmbH - Wremer Specken 4 - 27638 Wremen - emailblank - uriblank Besuchen Sie auch die Webseiten des PhysioFit ® - Netzwerks und des Deutschen Verbands für Physiotherapie - ZVK.
50361	Bildungswerk	Bildung	Werk	4.600000	0.516398	1.900000	1.523880	Das Salzburger Bildungswerk Koppl organisierte einen Besuch für Kinder, Eltern und Großeltern.
50362	Bildungswerk	Bildung	Werk	4.700000	0.674949	2.800000	1.316560	Auf der Internetseite des Bereichs Migration & Qualifizierung des DGB Bildungswerk finden Sie Informationen, Fakten und Daten rund um das Thema Migration und Arbeitswelt.
50363	Bildwerk	Bild	Werk	3.500000	2.013840	1.400000	1.776390	Der Name bleibt natürlich erhalten - Bildwerk 3 heißt nach diesem Umbau immer noch Bildwerk 3. Auch der Inhalt wird sich nicht ändern: auf Bildwerk 3 wird es weiter Interviews mit Fotografen, Portfolio - und Buchvorstellungen, Bildstrecken und gelegentlich Reportagen zum Thema Fotografie geben.
50364	Bildwerk	Bild	Werk	4.500000	1.269300	1.800000	1.475730	Paläste vor uns aufbauen, Bildwerke, Gemälde, schöne Gärten, gymnastisches Spiel uns vorführen.
50365	Bildwerk	Bild	Werk	4.600000	0.966092	2.300000	1.888560	Bildwerke, die etwa untergehen, treiben sich oft lange geängstigt im leeren Raume um, bis ein freundlicher und der Sache gewachsener Mann ihnen wieder Gelegenheit verschafft, sichtlich herab zu steigen.
50366	Bildwerk	Bild	Werk	4.100000	1.100500	2.400000	1.776390	SCHILLER 7, 127; als Viktor seine seele hob an den hohen weiszen säulen des vom lord entworfenen parks, an dem erhabenen bildwerk, das einen groszen gedanken schrieb.
50367	Bildwerk	Bild	Werk	3.900000	1.791960	2.400000	2.065590	Wir teilen aus ihr natürlich nur die Stücke mit, welche sich auf die Bildwerke des Frieses beziehen, und übergehen Alles, was die Arbeit an den einzelnen Teilen der Architektur betrifft.
50368	Bildwerk	Bild	Werk	4.900000	0.316228	2.700000	1.494430	Opfergeräte mannigfaltiger Art werden im Zusammenhang mit dem Bildwerk dargestellt.
50369	Bildwerk	Bild	Werk	4.000000	1.632990	2.700000	1.567020	Und welche Entsagung, um für Standorte zu arbeiten -- das gilt für alles Bildwerk an den oberen Teilen des Gebäudes -- wo nie eine andere als summarische Betrachtung möglich ist.
50370	Bildwerk	Bild	Werk	3.700000	1.494430	2.700000	1.766980	Als Neukunde von B 6 BILDWERK steht Ihnen bei Ihrer Erstbuchung unser Team immer mit einer Ersteinweisung zur Verfügung.
50371	Bildwerk	Bild	Werk	4.600000	0.699206	2.800000	1.751190	Wir lernten bei diesen Untersuchungen, zu deren größerer Sicherstellung wir sogar Reisen unternahmen, die Merkmale der alten und neuen Bildwerke so weit kennen, daß wir die Überzeugung gewannen, die besten Werke beider Zeiten gleich bei der ersten Betrachtung von einander unterscheiden zu können.
50372	Bildwerk	Bild	Werk	4.500000	0.849837	4.500000	0.849837	"Geschichte und Deutung einer Frauenfigur "" (Museum für Abgüsse Klassischer Bildwerke, München 2006 ) begann."
50373	Blattwerk	Blatt	Werk	4.800000	0.421637	0.900000	0.994429	Als wir wieder aufblickten, sahen wir, waldeinwärts, aber dicht hinter uns, zwei Mädchen-Gestalten, die tief in Farnkraut standen und nur mit Kopf und Brust über das grüne Blattwerk hinwegragend, lächelnd zu uns herüber sahen.
50374	Blattwerk	Blatt	Werk	4.300000	1.567020	0.900000	1.449140	Nur die mächtigen Eichen, sie zieren sich noch, aber bald werden wohl auch sie ihr Blattwerk zeigen.
50375	Blattwerk	Blatt	Werk	4.500000	0.971825	1.100000	0.994429	"Von weitem gesehen erscheint diese ungarische "" Zsombekformation "" wie eine üppige Wiese, weil der die Rasen umflutende Wasserspiegel vom Blattwerk verhüllt wird; aber noch sind die Rasen isoliert, Tümpel breiten sich zwischen ihnen aus, die durch ein förmliches Wassernetz miteinander verbunden werden."
50376	Blattwerk	Blatt	Werk	4.900000	0.316228	1.100000	1.197220	Lorynir, Parcylen und Cyprina suchten nach eßbaren Knollen, deren Blattwerk ihnen Afrinar zeigte.
50377	Blattwerk	Blatt	Werk	4.272730	1.420630	1.181820	1.078720	Die Voluten, seitwärts mit Blattwerk verziert, haben allerdings schon ziemlich tote, unelastische Spiralen; dafür zeigt der Fries noch anmutige Laubgewinde und das Kranzgesimse seine Löwenköpfe.
50378	Blattwerk	Blatt	Werk	4.800000	0.421637	1.300000	1.159500	Die Spätnachmittagssonne lässt die Blätter golden strahlen, während im Vordergrund dem am Boden liegenden Blattwerk der Kampf angesagt wird.
50379	Blattwerk	Blatt	Werk	4.500000	1.080120	1.400000	1.264910	Das Blattwerk kann im Herbste abgeschnitten und zur Fütterung verwendet werden.
50380	Blattwerk	Blatt	Werk	4.700000	0.948683	1.400000	1.505550	Dabei leistet sie mit einer Oberfläche, die bis zu zehn Mal größer sein kann, als das entsprechende Blattwerk, einen erheblichen Beitrag zum Überleben der Pflanze.
50381	Blattwerk	Blatt	Werk	4.900000	0.316228	1.600000	1.505550	Zunächst nahm ich eine Blüte, etwas Blattwerk und Stacheln mit zu meinem VDR-Freundeskreis.
50382	Blattwerk	Blatt	Werk	4.400000	1.074970	1.600000	1.646550	Das Blattwerk, welches den Mittelpunkt der Spandrille umgibt, ist zwar noch eine Reminiszenz des Akanthusblattes, doch offenbart sich in demselben der erste Versuch, das Prinzip der aus einander entsprießenden Blätter zu beseitigen, denn die Rankenverzierung ist zusammenhängend und ununterbrochen.
50383	Bodenfläche	Boden	Fläche	4.700000	0.674949	4.100000	1.449140	Dass innerhalb der gens eine abermalige Verteilung der für ein Jahr zugewiesenen Bodenfläche an ihre einzelnen Mitglieder stattgefunden habe, wird bei Cäsar nicht gesagt.
50384	Bodenfläche	Boden	Fläche	4.600000	0.966092	4.100000	1.523880	Aber wir wollen zunächst von diesen Geraden der Intensivität, d. h. von der Zunahme der Verwendung von Arbeit und Kapital auf dieselbe Bodenfläche absehen und im allgemeinen fragen, welche Bedeutung der Ackerbau überhaupt für die Entwicklung der Technik und Kultur der Menschen habe.
50385	Bodenfläche	Boden	Fläche	4.400000	0.966092	4.400000	0.843274	Das durch den Platindraht beschwerte Papier gelangt beim Einwerfen in den Kolben auf dessen Boden und seine Farbenveränderungen können von außen durch den Boden des Glases erkannt werden, wenn man den Draht so gebogen hat, dass sich derselbe an die Bodenfläche des Kolbens gut anlegt.
50386	Bodenfläche	Boden	Fläche	4.800000	0.421637	4.500000	0.707107	Es wird in dieser Hinsicht ausgeführt, dass sich die gesetzlichen Gebühren für den Einkauf in die städtische Kanalisation nach den stabilisierten Brandversicherungswerten der zu erstellenden Gebäude richteten und dass ein kleiner Zuschlag pro m 2 Bodenfläche hinzukomme.
50387	Bodenfläche	Boden	Fläche	4.200000	1.229270	4.500000	0.707107	Im Übrigen kommt alles an auf die Größe der Bodenfläche und des Kapitals, die mit A hinausgeworfen sind, und auf den relativen Kapitalvorschuss, der bei der steigenden Produktivität nötig ist, um das Zuschussprodukt zu liefern, das die Nachfrage decken soll.
50388	Bodenfläche	Boden	Fläche	4.800000	0.421637	4.500000	1.080120	Sie müssen von einiger Beständigkeit und Bedeutung, ausreichend standfest und fest mit der Bodenfläche verbunden sein.
50389	Bodenfläche	Boden	Fläche	4.800000	0.632456	4.700000	0.674949	Die Wasserfläche nimmt mit 8.085 km² einen Anteil von 2,3 Prozent an der Bodenfläche Deutschlands ein.
50390	Bodenfläche	Boden	Fläche	4.300000	1.337490	4.700000	0.674949	Niemals aber im Hochwalde, weil sie sich zu Licht stellt und daher zu viel Bodenfläche in Anspruch nimmt.
50391	Bodenfläche	Boden	Fläche	4.800000	0.421637	4.900000	0.316228	Wichtig ist eine angemessene Temperaturführung, reichlich Frischluft sowie ausreichend Tageslicht (Orientierungswert: Fensterfläche mindestens 5% der Bodenfläche ).
50392	Bodenfläche	Boden	Fläche	4.900000	0.316228	4.900000	0.316228	a) Letzteres ist nach § 2 Abs. 2 a Satz 3 KraftStG insbesondere der Fall, wenn die zur Personenbeförderung dienende Bodenfläche größer ist als die Hälfte der gesamten Nutzfläche des Fahrzeuges.
50393	Bogenlampe	Bogen	Lampe	2.600000	2.118700	2.000000	2.211080	26. Mai 2014, 09.30, 11.30 h und 18.00 h - Allmählich geht mir eine ganze Bogenlampe auf...
50394	Bogenlampe	Bogen	Lampe	2.500000	1.957890	2.500000	2.635230	, als sich Taylan Özcan, bester Obertürkheimer an diesem Tag, ein Herz fasste und aus gut 30 Metern mit einer Bogenlampe ins lange Eck erfolgreich war.
50395	Bogenlampe	Bogen	Lampe	3.000000	1.943650	2.800000	2.440400	Das war natürlich nur ein Beispiel mit der Bogenlampe, um zu demonstrieren, dass es durchaus Aktionen gibt, die kein anderes Handeln zulassen.
50396	Bogenlampe	Bogen	Lampe	2.800000	2.043960	2.900000	2.183270	Ich glaube eher, dass in diesem Falle der Phallus schon zur Bogenlampe mutiert ist.
50397	Bogenlampe	Bogen	Lampe	3.300000	1.946510	3.800000	2.097620	Gut erkennbar sind dabei die Zielgerade, die Kurventribünen sowie die charakteristischen Bogenlampen.
50398	Bogenlampe	Bogen	Lampe	2.800000	1.873800	4.400000	1.577620	Herr Joh. Lefenda hat bisher seinen Konsumenten nicht weniger als 1200 elektrische Lichter (Glühlichter und Bogenlampen ) beigestellt und geht eben daran eine neue Maschine von 80 Pferdekräften aufzustellen, welche für 3000 Glühlampen elektrischen Strom liefern kann.
50399	Bogenlampe	Bogen	Lampe	3.300000	1.337490	4.500000	1.269300	Der ungleichförmigen Lichtausstrahlung einer Bogenlampe wurde durch Messen der Lichtstärke in horizontaler Richtung, unter einem Winkel von 30 und einem von 60 Geraden, Rechnung getragen; außerdem Maß man auch unter einem vom Fabrikanten speziell angegebenen Winkel.
50400	Bogenlampe	Bogen	Lampe	3.400000	1.577620	4.700000	0.483046	Eine solche Maschine versorgt 20 Bogenlampen mit Strom, macht hierbei 900 Touren und beansprucht einen Kraftaufwand von 14 Pferdekräften.
50401	Bogenlampe	Bogen	Lampe	2.100000	1.523880	4.800000	0.421637	Einen großen Ladeplatz wird man nicht mit Hunderten von Glühlichtern, eine Bühne nicht mit einer, wenn auch noch so starken Bogenlampe beleuchten wollen.
50402	Bogenlampe	Bogen	Lampe	2.600000	1.646550	4.900000	0.316228	Im September 1891 wurde die elektrische Straßenbeleuchtung eröffnet, und zwar mit Bogenlampen von 1200 Kerzen Lichtstärke.
50403	Bootsführer	Boot	Führer	4.600000	0.699206	3.400000	1.646550	Auf einem anderen steht sie auf einem Fußgestell neben meinem Bootsführer, dessen Fürsorge sie vor Allen anvertraut war; den linken Arm schlingt sie kosend um seinen Hals, ihr Schwanz windet sich in mehrfachen Ringen um seine Rechte, auf welcher sie lehnt.
50404	Bootsführer	Boot	Führer	4.500000	1.269300	3.900000	1.595130	Wie sie bemerkten, daß ich ohne Begleiter sei, fragten sie mich, ob ich so viel türkisch spräche, um mit den Bootsführern und Trägern aushandeln zu können.
50405	Bootsführer	Boot	Führer	4.900000	0.316228	4.100000	1.286680	Desgleichen ist auch der Riachuelo mit Anlegeplätzen sehr schlecht ausgestattet, weshalb man sich mit kleinen, transportablen Holztreppen behelfen muss, die mit Tauen an freien Stellen der Quaimauer provisorisch befestigt werden und Eigentum der Bootsführer sind.
50406	Bootsführer	Boot	Führer	4.700000	0.674949	4.300000	0.948683	Als Bootsführer, Taucher - oder Rettungstaucher, Sanitäter, Funker bis zum Ausbilder und Prüfer in den einzelnen Sparten ist alles Möglich.
50407	Bootsführer	Boot	Führer	4.900000	0.316228	4.400000	0.843274	"Da ich als Bootsführer auch in gewisser Hinsicht die Verantwortung trage (wie beim Auto ) hätt ich schon was dagegen das auf "" meinem "" Boot Alkohol konsumiert wird."
50408	Bootsführer	Boot	Führer	4.900000	0.316228	4.500000	0.707107	""" Natürlich sollten wir nicht nur zuschauen, die Bootsführer nahmen die Gelegenheit beim Schopf und ließen uns beim Ab - und späteren Anlegen mit anpacken und erklärten uns einige Details zur Yacht."
50409	Bootsführer	Boot	Führer	4.900000	0.316228	4.500000	0.707107	Die alten Bootsführer sind verschwunden für immer, Hunderte von schnaubenden Dampfschiffen aber durchschneiden brausend die tiefen Ströme und im Ohio spiegeln sich volkreiche Städte.
50410	Bootsführer	Boot	Führer	4.700000	0.483046	4.600000	0.699206	Nicht entgehen lassen sollte man sich (wenn es der Bootsführer vorschlägt ) aus dem Boot auszusteigen und eine Stromschnelle direkt zu erleben.
50411	Bootsführer	Boot	Führer	4.700000	0.674949	4.800000	0.421637	Sie sind als Bootsführer nicht nur für das Verhalten und die Sicherheit Ihrer Fahrgäste an Bord verantwortlich, sondern haben auch auf andere Bootsführer und Wassersportler zu achten.
50412	Briefkontakt	Brief	Kontakt	4.900000	0.316228	3.600000	1.897370	Meine Eltern haben mich persönlich dort hingebracht, nachdem wir einen völlig unverfänglichen Briefkontakt hatten.
50413	Briefkontakt	Brief	Kontakt	4.900000	0.316228	3.800000	1.873800	Später erwartet er diese Frau, mit der er bis dahin Briefkontakt führte, in einem heimlich gemieteten Hotelzimmer in Manhattan.
50414	Briefkontakt	Brief	Kontakt	4.800000	0.632456	3.900000	1.595130	Während drei an einem, vom Sozialdienst angebotenen, Gruppenprojekt (mit 9 Gefangenen ) teilnehmen, stehen die übrigen 5 Betreuer in regem Briefkontakt mit Gefangenen, der auch schon zu dem einen oder anderen Besuch in der Anstalt geführt hat.
50415	Briefkontakt	Brief	Kontakt	5.000000	0.000000	4.200000	1.475730	Wenn wir uns nicht bei den verschiedenen Veranstaltungen trafen, so pflegten wir doch noch recht lange Briefkontakt, bis in die Studienzeit hinein.
50416	Briefkontakt	Brief	Kontakt	4.700000	0.483046	4.300000	1.059350	Die beiden standen in Briefkontakt aus diesen Briefen geht hervor das sie sich wahrscheinlich geliebt haben.
50417	Brunnenwasser	Brunnen	Wasser	4.500000	1.269300	4.500000	0.849837	Auf 21/4 Quart Weinessig, 1 1/8  Quart Brunnenwasser, 1 Küchentasse oder eine Handvoll Salz und die in Gurken No. 1 angegebenen Gewürze.
50418	Brunnenwasser	Brunnen	Wasser	4.500000	0.707107	4.500000	1.080120	Lass dich von meinem heilenden Brunnenwasser übergießen und rein waschen.
50419	Brunnenwasser	Brunnen	Wasser	4.200000	1.619330	4.500000	1.269300	Noch undeutlicher und gefährlicher ist das, meistens noch dazu hastig betriebene Siegeln auf Papier mit untergelegter großer sogenannter Notaroblate, einem ärmlichen mürben Teig aus Weizenmehl und Brunnenwasser.
50420	Brunnenwasser	Brunnen	Wasser	4.100000	1.370320	4.600000	0.843274	dann gleich wie das Brunnenwasser vilfeltig / durch verborgene Deüchel / in die Behaussungen der Innwohner geleitet wird / also dass deren vil umb den ersten ursprung nichts wissen; also pflegte auch unser guttähtige Ertzhertzog / durch geheime Freygebigkeit / sehr viler geschämiger Armut Hilff zuthun.
50421	Brunnenwasser	Brunnen	Wasser	4.700000	0.483046	4.700000	0.674949	Das Buttern lasse man im Sommer an einem kühlen Orte geschehen, die Milch gehörig aus der Butter kneten, ehe Wasser dazu kommt, und dann dieselbe so oft mit recht kaltem Brunnenwasser waschen, bis das Wasser, welches abgegossen wird, ganz klar erscheint.
50422	Brunnenwasser	Brunnen	Wasser	4.800000	0.421637	4.900000	0.316228	Aber das sind Erfahrungen, die du selber machen mußt, genau wie mit dem Brunnenwasser.
50423	Brunnenwasser	Brunnen	Wasser	4.500000	1.269300	4.900000	0.316228	Nachdem die in dem Apparate enthaltene Luft mittels Dampf sterilisiert ist, wird der Sud hineingelassen und unter vollkommenem Luftabschluß erst mit Hilfe von Brunnenwasser und zuletzt mittels Eiswasser abgekühlt.
50424	Brunnenwasser	Brunnen	Wasser	4.900000	0.316228	5.000000	0.000000	Das Brunnenwasser soll er aus einer nur für ihn bestimmten Porzellantasse getrunken haben.
50425	Brunnenwasser	Brunnen	Wasser	4.800000	0.632456	5.000000	0.000000	In dieser Kategorie finden Sie kompakte Enteisenungsanlagen zur Entfernung von Eisen aus Brunnenwasser.
50426	Brunnenwasser	Brunnen	Wasser	5.000000	0.000000	5.000000	0.000000	Man kann wohl auch die Federn in dem Wasser der Schmiede oder eines Flusses oder auch in Quell- und Brunnenwasser ablöschen.
50427	Bühnenrand	Bühne	Rand	4.400000	1.577620	4.100000	1.663330	Manchmal, wenn die Darsteller so am Bühnenrand entlangrennen, kann es einem Angst und Bange werden Die Show hat mir so gut gefallen, dass ich auch ins Kindermusical bin.
50428	Bühnenrand	Bühne	Rand	5.000000	0.000000	4.200000	0.918937	Bühnenbildner Hans-Martin Scholder hatte sich viele kleine Gags ausgedacht, so die Taube, die während Papagenos erster Arie am Bühnenrand hin - und herwackelte, oder die Zauberflöte, die aus dem Himmel hinabgeliefert wurde.
50429	Bühnenrand	Bühne	Rand	4.300000	1.567020	4.300000	1.567020	So wirbelte er bei fast jedem Song herum, war Mal am linken und dann wieder am rechten Bühnenrand zu sehen, nur um im selben Augenblick wieder woandershin zu entschwinden.
50430	Bühnenrand	Bühne	Rand	4.800000	0.632456	4.700000	0.674949	... nein, gerade als ein Hinweis auf den MONSTRULA.de Event erfolgte, öffnete sich lautlos eine bis dahin unsichtbare Tür am Bühnenrand...
50431	Bühnenrand	Bühne	Rand	4.900000	0.316228	4.800000	0.421637	"Wir standen erst perplex am Bühnenrand und riefen dann "" Hey, Stop!"
50432	Bürofläche	Büro	Fläche	4.600000	0.699206	4.600000	0.966092	Airport City ─ alles rund um Lage und Anbindung, Immobilien und Büroflächen, Konferenzräume und Cargo City.
50433	Bürofläche	Büro	Fläche	4.700000	0.674949	4.700000	0.674949	Geringere Bürofläche - mehr gegenseitige Störungen Was tun, wenn Lärm, Wärme und Feinstaub die Produktivität senken?
50434	Bürofläche	Büro	Fläche	4.800000	0.421637	4.700000	0.948683	IZ 26 / 2013, S. 19 Gut 5.000 m 2 Bürofläche hat Media Broadcast im Projekt Kölncubus auf dem Deutzer Feld in der Domstadt angemietet.
50435	Bürofläche	Büro	Fläche	4.800000	0.632456	4.800000	0.632456	Ganz gleich, ob Sie Einfamilienhäuser, Wohnungen, Büroflächen, Scheunen, Garagen, Fußballfelder, Parkplätze, Schlösser oder Kirchen anbieten, in ImmoNexus findet jedes Objekt seinen Platz!
50436	Bürofläche	Büro	Fläche	5.000000	0.000000	5.000000	0.000000	Das neue Gebäude hat eine Produktionsfläche von ca. 1500 qm und eine Bürofläche von ca. 440 qm.
50437	Charakterzug	Charakter	Zug	4.200000	1.549190	0.200000	0.632456	Über diesen großen grundlegenden Charakterzug der Treue in seiner geschichtlichen Bedeutung hat Karl Lamprecht so schöne Worte geschrieben, dass ich mir einen Vorwurf daraus machen müsste, wollte ich sie hier nicht abschreiben.
50438	Charakterzug	Charakter	Zug	5.000000	0.000000	0.300000	0.483046	Der milde, fromme, kindlich bescheidene Künstler ähnelte in manchen Charakterzügen seinem Freunde und Landsmanne Ludwig Richter.
50439	Charakterzug	Charakter	Zug	4.800000	0.421637	0.300000	0.674949	"Thierse hat Schwaben einen Charakterzug der Spießigkeit und des Egoismus vorgeworfen und fordert, dass die Schwaben in der "" Fremde "", in Berlin, ihre Eigenarten aufgeben."
50440	Charakterzug	Charakter	Zug	4.600000	0.699206	0.400000	0.699206	Bloß individuelles Gefallen oder Mißfallen aber wird in so allgemein wichtigen Fragen kaum anders berücksichtigt werden können, als insofern es als eine Steigerung nationaler Charakterzüge gelten kann.
50441	Charakterzug	Charakter	Zug	4.500000	0.707107	0.500000	0.707107	4. Ein fernerer Charakterzug des englischen Adels, durch den er sich sehr zu seinem Ruhme von dem französischen und zum Teil auch von dem deutschen Adel unterscheidet, verdient besonders hervorgehoben zu werden.
50442	Charakterzug	Charakter	Zug	4.800000	0.421637	0.600000	1.264910	Unser Test verrät Ihnen, wie gut Sie darin sind, die Charakterzüge und Motive anderer zu durchschauen und im richtigen Moment genau das Richtige zu sagen.
50443	Charakterzug	Charakter	Zug	4.600000	0.516398	0.700000	1.159500	(Anekdoten und Charakterzüge, Berlin 1788, XV, 110. )
50444	Charakterzug	Charakter	Zug	4.500000	0.849837	0.900000	1.286680	Beitrag von: InaDiva am 15 Juni 2011, 13:42:1 0 Ich beneide manche Leute um gewisse Charakterzüge, die ich nicht besitze.
50445	Charakterzug	Charakter	Zug	4.900000	0.316228	0.900000	1.663330	Ich wage zu behaupten, dass jeder manchmal unter einem seiner Charakterzüge leidet.
50446	Charakterzug	Charakter	Zug	4.700000	0.674949	0.900000	1.728840	""" "" Dieser Mann wird eine missratene Kreatur sein, mit vielen Fehlern und schlechten Charakterzügen."
50447	Chefsache	Chef	Sache	4.600000	0.699206	2.400000	1.955050	Pikant: Den Gesundheitsfonds hat Bundeskanzlerin Angela Merkel zur Chefsache erklärt.
50448	Chefsache	Chef	Sache	4.800000	0.632456	2.500000	1.581140	"Wochenblatt zum Thema "" Weihenstephan ist Chefsache "", den der Verband gesetzt hatte, ein."
50449	Chefsache	Chef	Sache	4.000000	1.885620	2.900000	1.911950	"Bei "" MR Sweden Motorsport "" in Lübeck ist die Entwicklung immer noch Chefsache."
50450	Chefsache	Chef	Sache	4.000000	1.490710	3.200000	1.549190	""" Ich sehe keine klare Linie, es fehlt ein Plan und ich würde mir ein Bekenntnis von Herrn Seehofer wünschen, Integration zur Chefsache zu erklären."
50451	Chefsache	Chef	Sache	4.000000	1.699670	3.900000	1.100500	"Herbert Grönemeyer: "" Nehmen Sie sich dieses Thema an und machen es zur Chefsache ""."
50452	Computerspiel	Computer	Spiel	4.800000	0.421637	4.600000	1.264910	Wenn ich das mache was du sagst McColin, dann verliere ich soviel Geschwindigkeit beim Schlittern in die Kurve, das ich sofort erster von hinten werde Hemmt voll denn Spielspaß, das is eigentlich mein erstes Computerspiel das ich spiele...
50453	Computerspiel	Computer	Spiel	4.800000	0.421637	4.700000	0.674949	Jedenfalls bieten sich Computerspiele immer als Grund für Probleme an (siehe Amokläufe ).
50454	Computerspiel	Computer	Spiel	4.800000	0.421637	4.800000	0.421637	scoyo: Worin besteht Ihrer Meinung nach der Reiz, der von gewaltzentrierten Computerspielen ausgeht?
50455	Computerspiel	Computer	Spiel	5.000000	0.000000	5.000000	0.000000	Grundsätzlich versteht man unter Plattform die Hardware, die als Grundlage für das jeweilige Computerspiel dient.
50456	Computerspiel	Computer	Spiel	4.800000	0.421637	5.000000	0.000000	Sie sollten dafür sorgen, dass der kleine Herr a. abends nach 7 keine aufregenden Computerspiele mehr macht.
50457	Dachfläche	Dach	Fläche	4.800000	0.421637	4.200000	1.229270	In neuster Zeit bedient man sich vielfältig gegossener eiserner Dachfenster, welche mit der Dachfläche gleich liegen, und der Höhe nach aufgehoben und durch einen eisernen Haken festgestellt werden können.
50458	Dachfläche	Dach	Fläche	4.600000	1.264910	4.500000	0.707107	Ein gefährlicher Schub der Dachflächen wird sich hier nicht bemerkbar machen, und sind daher Verstrebungen unnötig.
50459	Dachfläche	Dach	Fläche	4.900000	0.316228	4.500000	1.080120	An Hand der Einfärbung der Dachflächen sehen Sie auf einen Blick welche Dachflächen für Photovoltaik oder Solarthermie geeignet sind.
50460	Dachfläche	Dach	Fläche	4.900000	0.316228	4.600000	0.516398	"Das Regenwasser muß "" unverändert "" versickert werden, die Dachflächen müssen außerhalb von Gewerbe - und Industriegebieten liegen und die Anteile der Dachfläche, die aus unbeschichtetem Kupfer, Zink oder Blei bestehen, dürfen höchstens 50 Quadratmeter umfassen."
50461	Dachfläche	Dach	Fläche	4.500000	1.581140	4.600000	0.966092	Die Anlagen auf den Logistikzentren nutzen dabei Dachflächen bis zu 48 500 Quadratmetern.
50462	Dachfläche	Dach	Fläche	4.700000	0.674949	4.700000	0.674949	In Fig. 314 hingegen hat die ganze Dachkonstruktion einen einheitlichen Charakter; der Forst befindet sich über der Saalmitte und die ganze Saaldecke wird von einem dreifachen Hängebock getragen; behufs Unterstützung der größeren Dachfläche wurde die Fette f angeordnet.
50463	Dachfläche	Dach	Fläche	4.900000	0.316228	4.800000	0.632456	Ihr Fraktionschef hatte im Juli beantragt, Dachflächen von städtischen Gebäuden für Voltaik-Anlagen und damit für die Sonnenstrom-Ernte zur Verfügung zu stellen - und zwar ausschließlich für Anlagen der Stadtwerke Crailsheim.
50464	Dachfläche	Dach	Fläche	5.000000	0.000000	5.000000	0.000000	Privatpersonen und Unternehmer können geeignete Dachflächen vermieten und so einfach Geld verdienen.
50465	Dampfzug	Dampf	Zug	4.400000	1.187660	4.250000	1.712950	Aus Bergisch-Gladbach um 7 Uhr früh und 3 Uhr Nachmittags, zum Anschluß an die um 9 Uhr früh und 4 Uhr 42 Minuten, Nachmittags von Mülheim nach Köln abfahrenden Dampfzüge.
50466	Dampfzug	Dampf	Zug	4.500000	1.581140	4.300000	1.636390	Braumeisters Dampfzug Genießen Sie eine Fahrt mit Deutschlands ältester Schmalspurbahn und erleben Sie Biergenuss pur.
50467	Dampfzug	Dampf	Zug	4.500000	0.971825	4.500000	1.269300	"Drei Züge (darunter der Dampfzug mit der Lok "" Elvetia "" ) sind unterwegs eingeschlossen worden und verbleiben wegen der zahlreichen Streckenterbrüchen bis auf weiteres in den Bergen."
50468	Dampfzug	Dampf	Zug	4.500000	1.581140	4.500000	1.581140	(1953 Kreuzte sogar noch ein Dampfzug mit einem modernen VT 95 in Hirschfeld ).
50469	Dampfzug	Dampf	Zug	4.800000	0.632456	4.800000	0.632456	28.07.2001 / gm / Auch in diesem Sommer fahren auf der KOE wieder Dampfzüge.
50470	Dampfzug	Dampf	Zug	4.500000	0.849837	4.800000	0.632456	Ab Hochdorf werden das Seetalkrokodil nach Emmenbrücke und zurück, sowie der Dampfzug von Hochdorf nach Hitzkirch und Eschenbach und zurück, fahren.
50471	Deckenlampe	Decke	Lampe	4.800000	0.632456	4.800000	0.632456	Deckenlampen sollen nicht nur den Raum erhellen, sondern auch noch gut aussehen und zum restlichen Zimmer passen.
50472	Deckenlampe	Decke	Lampe	4.600000	1.264910	4.900000	0.316228	Erst um 2.45 Uhr schaltet das Pärchen die Deckenlampe aus.
50473	Deckenlampe	Decke	Lampe	3.800000	1.988860	4.900000	0.316228	Küchenlampe leuchtet trotz Spannung nich: Hallo Experten, ich habe bisher in allen von mir gemieteten Wohnungen sämtliche Deckenlampen angebracht.
50474	Deckenlampe	Decke	Lampe	4.900000	0.316228	5.000000	0.000000	Hier findet sich fast alles, was den modernen Caravan erhellt: Halogenspots zum Lesen, Deckenlampen für die Übersicht, Lichtleisten...
50475	Deckenlampe	Decke	Lampe	4.100000	1.595130	5.000000	0.000000	Unser dringender Rat: Holen Sie sich die Haushaltsleiter aus dem Keller oder der Garage - auch dann, wenn Sie nur eine einzige Deckenlampe putzen wollen.
50476	Dienstverhältnis	Dienst	Verhältnis	4.400000	0.843274	1.600000	1.349900	3 ) Aus der juristischen Natur der Disziplinar-Gewalt als Folge des Dienstverhältnisses ergibt sich ferner, daß dieselbe mit der Lösung des Dienstverhältnisses ihr Ende findet und kein weitergehendes Strafübel als die völlige Aufhebung des Dienstverhältnisses dem Beamten zugefügt werden kann.
50477	Dienstverhältnis	Dienst	Verhältnis	3.900000	1.595130	2.500000	1.957890	Dienstverhältnis: = ArbeiterInnen / Angestellte (Dauerdienstverhältnis ); Berufsgruppe: = TischlerIn; Arbeitsort: = 2000 Stockerau; Arbeitszeit: = Ganztags; Ausbildung: = Lehre XXXLutz zählt zu den führenden Einrichtungshäusern in Europa.
50478	Dienstverhältnis	Dienst	Verhältnis	4.400000	0.966092	2.900000	1.197220	Erforderlich ist allerdings, dass Tatsachen vorliegen, auf Grund derer dem Kündigenden unter Berücksichtigung aller Umstände des Einzelfalls und unter Abwägung der Interessen beider Vertragsteile die Fortsetzung des Dienstverhältnisses bis zum Ablauf einer Kündigungsfrist oder bis zum Zeitpunkt der vereinbarten Beendigung des Dienstverhältnisses nicht zugemutet werden kann.
50479	Dienstverhältnis	Dienst	Verhältnis	4.700000	0.483046	3.100000	1.370320	Wenn Sie den Arbeitgeber wechseln oder das Dienstverhältnis beenden, hat Ihnen der Arbeitgeber die Lohnsteuerkarte 2010 bzw. die Ersatzbescheinigung sowie eine ggf. vom Finanzamt ausgestellte Bescheinigung innerhalb einer angemessenen Frist nach Beendigung des Dienstverhältnisses zurückzugeben.
50480	Dienstverhältnis	Dienst	Verhältnis	4.300000	0.948683	3.100000	1.523880	Das privatrechtliche Dienstverhältnis, in dem die Rechte und Pflichten als hauptamtliches Präsidiumsmitglied geregelt sind, ist im Fall der Abwahl zu kündigen.
50481	Dienstverhältnis	Dienst	Verhältnis	4.200000	1.316560	3.100000	1.663330	Sein Gewerbe auf seine Rechnung, nicht unter der Leitung oder den Befehlen eines anderen treiben und sich davon nähren; nicht im Dienstverhältnis stehen.
50482	Dienstverhältnis	Dienst	Verhältnis	4.000000	0.942809	3.200000	1.398410	2 ) Der Staat hat dagegen der Regel nach nicht das Recht, das Dienstverhältnis einseitig zu lösen.
50483	Dienstverhältnis	Dienst	Verhältnis	4.300000	0.823273	3.300000	1.567020	"Da es sich aber nicht um "" Aufwendungen des Steuerpflichtigen für seine erstmalige Berufsausbildung und für ein Erststudium, wenn diese nicht im Rahmen eines Dienstverhältnisses stattfinden "" handelt, ist der steuerliche Abzug dieser Aufwendungen grds."
50484	Dienstverhältnis	Dienst	Verhältnis	4.200000	1.032800	3.400000	1.429840	2. Die Zuständigkeit der Gewerbgerichte auch auf die aus dem Dienstverhältnis sich ergebenden Rechtsstreitigkeiten auszudehnen.
50485	Dienstverhältnis	Dienst	Verhältnis	4.200000	1.032800	4.100000	1.100500	Sie beruht auf dem Dienstverhältnis zu dem Muttergemeinwesen, das hier wieder wirkt wenigstens zur Begründung eines Schadensersatzanspruchs zu Gunsten dessen, dem gegenüber die Pflicht zu erfüllen war. --
50486	Dorfrand	Dorf	Rand	4.600000	0.699206	3.600000	1.837870	Al ich einen T 72 am Dorfrand hochjagte kamen 6 von 10 am Lagerfeuer stehenden Soldaten angerannt, um die lage zu checken - das Lagerfeuer sahen sie nie wieder Die Performence im Norden hat sich allerdings bei mir nicht verändert.
50487	Dorfrand	Dorf	Rand	4.700000	0.674949	4.000000	1.632990	Wir wandern aber weiter - nun ins Dorf bis an den Waldweg, auf dem wir bis zum Bauernhof Wilke und zum Dorfrand gelangen.
50488	Dorfrand	Dorf	Rand	4.700000	0.483046	4.300000	1.059350	"Das Leben der Gastarbeiter spielt sich am Dorfrand ab, sie haben kaum Kontakt zu den Einheimischen: "" Nur manchmal, wenn im Ort ein Lamm geschlachtet wurde, haben wir beim Bauern Fleisch gekauft."
50489	Dorfrand	Dorf	Rand	4.900000	0.316228	4.500000	0.707107	Der Zufall wollt ' uns wohl und am Dorfrande wurden wir alsbald eines Mannes ansichtig, der, in einem offenen Torwege stehend, unserem unsicheren Umhersuchen schon seit einiger Zeit gefolgt zu sein schien.
50490	Dorfrand	Dorf	Rand	5.000000	0.000000	4.700000	0.674949	Wir bauen am Dorfrand unsere Zelte auf, gehen im Fluss baden und kochen unser Abendessen.
50491	Dorfrand	Dorf	Rand	4.600000	0.699206	4.800000	0.421637	Seit Kurzem erwirtschaften sie mit ihrem kleinen Feld am Dorfrand von Cassombo im Zentrum Angolas Überschüsse.
50492	Drangphase	Drang	Phase	3.500000	1.080120	4.000000	1.054090	Doch gerade in dieser Drangphase hinein markierte Untergruppenbach das 2:0 Durch Unkonzentriertheit und darauf folgende Ballverluste, schafften wir es nicht den Anschlusstreffer zu erzielen!
50493	Drangphase	Drang	Phase	3.100000	1.852930	4.000000	1.563470	Der Führungstreffer der Buckenhofener fiel dann mitten in die Drangphase der Heimelf.
50494	Drangphase	Drang	Phase	3.500000	0.849837	4.400000	1.264910	So kam es wie es kommen musste - ausgerechnet in dieser Drangphase, unmittelbar nach mehreren optimalen Einschussmöglichkeiten für die Leipziger, gelang dem Cöthener HC nach einem Konter der Ausgleich.
50495	Drangphase	Drang	Phase	3.200000	1.988860	4.600000	0.516398	"Dann erst nutzte Böblingen eine Überzahlsituation durch Leonard Saku zum 3:1. "" Ein verdienter Sieg, weil der SV Nehren auch während seiner Drangphase in der zweiten Hälfte kaum eine klare Torchance hatte "", brachte Trainer Zeljko Milcic die Partie auf den Punkt."
50496	Drangphase	Drang	Phase	3.454550	1.213560	4.636360	0.924416	Doch was nun folgte, war eine Drangphase vom ECC Berlin.
50497	Eigentumsverhältnis	Eigentum	Verhältnis	4.900000	0.316228	1.800000	1.475730	Von den Landesherren ist schon von jeher der Jagd ein ganz besonderes Interesse zugewendet worden, und dieselbe hat einen mächtigen Einfluss auf die Entwicklung der Eigentumsverhältnisse am Walde und auf die forstpolitischen Zustände geübt.
50498	Eigentumsverhältnis	Eigentum	Verhältnis	4.500000	0.707107	2.500000	1.779510	Im Jahre 1895 gelangte eine Bill, welche weitere Erleichterungen für die Umwandlung des Pachtverhältnisses in ein Eigentumsverhältnis einführte und verhindern sollte, daß die von den Pächtern in ihren Gütern vorgenommenen Meliorationen zur Erhöhung der Pachtsumme benützt werden, zur parlamentarischen Erledigung.
50499	Eigentumsverhältnis	Eigentum	Verhältnis	4.700000	0.483046	2.800000	1.873800	Des Weiteren kommt es maßgeblich auf die Eigentumsverhältnisse bzw. darauf an, wer Mieter der Wohnung ist.
50500	Eigentumsverhältnis	Eigentum	Verhältnis	4.900000	0.316228	3.000000	1.490710	"Sein Sohn Christian Ludwig, geb. 1803, gest. 1854 als Appellationsrat zu Dresden, schrieb u. a. "" Geschichtliche Darstellung der Eigentumsverhältnisse an Wald u. Jagd in Deutschland "" Leipz. 1842."
50501	Eigentumsverhältnis	Eigentum	Verhältnis	4.600000	0.516398	3.100000	1.791960	Da dieses Verfahren der ganzen Natur des Handels widerspricht, da es zudem alle Eigentumsverhältnisse verwirren und gefährden muß, so sind solche Assoziationen absolut verwerflich und strafen jedesmal die Anteilnehmer selbst am meisten.
50502	Eigentumsverhältnis	Eigentum	Verhältnis	4.300000	0.948683	3.200000	1.475730	Es war eine der konträrevolutionären Frechheit ganz angemessene Konsequenz, in die Eigentumsverhältnisse tief eingreifende Gesetze ohne Befragung wie ohne Zustimmung des Volkes, bloß aus gottbegnadeter Machtfülle, zu erlassen.
50503	Eigentumsverhältnis	Eigentum	Verhältnis	4.600000	0.699206	3.200000	1.619330	Dass ein schlossartiges Gebäude und keine wehrhafte Pfalz entstand, könnte in den besonderen Eigentumsverhältnissen des mittelalterlichen Ortes mit seinem Kloster gelegen haben.
50504	Eigentumsverhältnis	Eigentum	Verhältnis	4.700000	0.674949	3.200000	1.873800	In der Regel spielen dabei persönliche Umstände wie Familie, Beruf und Eigentumsverhältnisse eine entscheidende Rolle.
50505	Eigentumsverhältnis	Eigentum	Verhältnis	4.800000	0.632456	3.300000	1.828780	Auf einer gewissen Stufe ihrer Entwicklung geraten die materiellen Produktivkräfte der Gesellschaft in Widerspruch mit den vorhandenen Produktionsverhältnissen oder, was nur ein juristischer Ausdruck dafür ist, mit den Eigentumsverhältnissen, innerhalb deren sie sich bisher bewegt hatten.
50506	Eigentumsverhältnis	Eigentum	Verhältnis	4.200000	1.619330	3.500000	1.178510	Diese Utopie ist so banal wie einfach zu realisieren, nicht banal sind hingegen die konkreten Herrschafts - und Eigentumsverhältnisse, als auch unsere kulturellen Werte, die Sie verhindert.
50507	Einkommensquelle	Einkommen	Quelle	4.800000	0.421637	1.800000	1.475730	Auf das sprachwidrige Zusammenfassen der beiden obigen Gruppen von Einkommensquellen unter dem Begriff des Kapitals lassen sich fast sämtliche Schwierigkeiten zurückführen, welche aus der Lehre vom Kapital für die Theorie entstanden sind.
50508	Einkommensquelle	Einkommen	Quelle	4.700000	0.674949	2.200000	1.813530	Allein noch ist das ganze Postwesen vorzugsweise eine Einkommensquelle und die Forderung eines von derselben zu erzielenden Reinertrags wird noch immer für alle Teile des Postwesens ausschließlich maßgebend.
50509	Einkommensquelle	Einkommen	Quelle	4.900000	0.316228	2.600000	2.065590	"Einige Beispiele sind "" Ohne Traffic, kein Geld "", "" Bauen sie einen E-Mail-Verteiler auf "", "" Verzichten sie auf Perfektionismus "", "" Outsourcing ist das Zauberwort "", "" Mehrere Einkommensquellen sind wichtig "", "" Beobachten sie ihre Besucher ""."
50510	Einkommensquelle	Einkommen	Quelle	4.800000	0.632456	2.800000	1.873800	Gerlinde Geltinger, MSC: Millionen von Menschen sind auf Fisch als wichtigen Proteinlieferanten und als Einkommensquelle angewiesen.
50511	Einkommensquelle	Einkommen	Quelle	4.800000	0.632456	3.100000	1.523880	P.S.: Da Sie mit meinem Partnerprogramm die Möglichkeit haben, knapp die Hälfte (40% ) des Verkaufserlöses als Partnerprovision zu verdienen, erschließen Sie sich durch meinen Report nicht nur einen zusätzlichen Besucherstrom für Ihre Website, sondern auch eine zusätzliche Einkommensquelle.
50512	Einkommensquelle	Einkommen	Quelle	5.000000	0.000000	3.200000	1.686550	Mein Computer ist Kommunikationsmittel, Informationsquelle und halt auch Einkommensquelle durch meine Kunden aus den verschiedenen Bereichen.
50513	Einkommensquelle	Einkommen	Quelle	4.800000	0.421637	3.500000	1.840890	2 ) welche Einkommensquellen er besitzt und wie hoch sich sein jährliches reines Einkommen hieraus berechnet?
50514	Einkommensquelle	Einkommen	Quelle	5.000000	0.000000	4.000000	1.699670	Stellen wir uns vor, Arbeit ist Identitätsstifter, Lebensinhalt, Kontaktbörse und natürlich auch Einkommensquelle zugleich.
50515	Einsatzfreude	Einsatz	Freude	4.200000	0.788811	3.000000	2.108190	Sie zeigte stets eine ausgezeichnete Leistungs - und Lernbereitschaft sowie Einsatzfreude.
50516	Einsatzfreude	Einsatz	Freude	3.900000	1.100500	3.200000	2.043960	Darüber hinaus sind Motivation, Einsatzfreude, Pünktlichkeit und Zuverlässigkeit für mich selbstverständliche Tugenden.
50517	Einsatzfreude	Einsatz	Freude	4.300000	1.059350	3.900000	1.852930	Trotz aller Arbeitslust und Einsatzfreude können die Vorstandsmitglieder als Ehrenamtliche, die in ihrer Freizeit für das Regionalbündnis arbeiten, inzwischen nicht mehr alle Termine und Veranstaltungen, bei denen man sich ihre Mitarbeit wünscht, annehmen.
50518	Einsatzfreude	Einsatz	Freude	4.200000	1.032800	4.100000	1.595130	Wir bedanken uns für alle Aktivitäten das vergangene Jahr über, für viele gute Ideen und breite Einsatzfreude, die unser Orgelprojekt weiter vorangebracht haben.
50519	Einsatzfreude	Einsatz	Freude	4.363640	0.674200	4.545450	0.934199	Henkes linker Sturmpartner verzeichnete seinen ersten Fulltime-Einsatz beim TSV Ottersberg und gefiel durch viel Laufarbeit und Einsatzfreude.
50520	Einsatzfähigkeit	Einsatz	Fähigkeit	3.300000	2.162820	4.300000	1.567020	Beispiel: Kampf gegen Mietnomaden - Schnelle Hilfe ist doppelte Hilfe Langjährige Erfahrung im Kampf gegen Mietnomaden und meine schnelle Einsatzfähigkeit helfen Ihnen dort, wo die Justiz Sie alleine lässt.
50521	Einsatzfähigkeit	Einsatz	Fähigkeit	4.300000	0.823273	4.400000	0.843274	Einer der Gründe liegt in der Motivation und Einsatzfähigkeit der regulären afghanischen Armee.
50522	Einsatzfähigkeit	Einsatz	Fähigkeit	4.100000	0.994429	4.500000	0.849837	Als nächstes stünden Flugversuche an, bei denen der Chip seine Einsatzfähigkeit im täglichen Gebrauch nachweisen solle.
50523	Einsatzfähigkeit	Einsatz	Fähigkeit	4.100000	0.737865	4.700000	0.483046	Vielleicht ist die Einsatzfähigkeit, die hoffentlich nicht unter Beweis gestellt werden muß, in diesen Tagen sogar etwas höher.
50524	Einsatzfähigkeit	Einsatz	Fähigkeit	4.400000	1.577620	4.700000	0.948683	"Der einzige vollständig mit A 34 "" Comet "" ausgestattete Verband war die 11 th Armoured Division, die die volle Einsatzfähigkeit erst im März 1945 vor der anstehenden Rheinüberquerung erreichte."
50525	Einstellungssache	Einstellung	Sache	3.700000	1.828780	1.600000	1.349900	"Das ist vielleicht auch nur eine "" Einstellungssache "", aber mir gibt das ein sehr sicheres Gefühl."
50526	Einstellungssache	Einstellung	Sache	4.000000	1.154700	1.600000	1.646550	Ich denke mal, es ist einfach Einstellungssache, wie man die Szene sieht, aber ich fand sie trotzdem einmalig gut!
50527	Einstellungssache	Einstellung	Sache	4.000000	1.490710	1.700000	1.567020	Ob man das Leben für wertvoll hält, ist eine Einstellungssache.
50528	Einstellungssache	Einstellung	Sache	3.900000	0.994429	1.900000	1.595130	IL -2 lief bei mir garnicht, sollte aber auch nur eine Einstellungssache sein.
50529	Einstellungssache	Einstellung	Sache	4.400000	0.843274	2.400000	1.074970	Anmerkungen und Erklärungen zur Fahrtechnik Einstellungssache Der eine Fahrer ist 1,60 m, der andere 1,90 groß.
50530	Eisenmangel	Eisen	Mangel	4.600000	0.699206	4.300000	1.567020	-- Diesem Befehle kam man aber nicht nach, und der Kurfürst beklagt sich deshalb, weil dadurch der Eisenmangel fortbestehe.
50531	Eisenmangel	Eisen	Mangel	4.800000	0.632456	4.400000	1.577620	Du kannst Zyklusänderungen, die keine medizinischen Ursachen haben, auch mit Hormonen behandeln lassen, zum Beispiel wenn du schwanger werden möchtest, oder wenn du sehr starke Blutungen hast, die gar nicht mehr aufhören wollen und zu einem Eisenmangel führen.
50532	Eisenmangel	Eisen	Mangel	4.400000	1.577620	4.400000	1.577620	War wohl kurz wegen der Hormonumstellung und dann wegen dem Eisenmangel.
50533	Eisenmangel	Eisen	Mangel	4.200000	1.619330	4.500000	1.581140	Auch Kopfschmerzen, Konzentrationsschwierigkeiten und brüchige Nägel können Anzeichen für einen Eisenmangel sein.
50534	Eisenmangel	Eisen	Mangel	4.600000	0.699206	4.700000	0.674949	Vom Jahre 1769 trat trotz der Errichtung neuer Flosshütten solcher Eisenmangel ein, dass das St. Veiter Magazin immer geleert blieb.
50535	Eisenmangel	Eisen	Mangel	4.500000	1.269300	4.900000	0.316228	Wenn solche Symptome bei Ihnen schon aufgetreten sind, kann ich Ihnen nur empfehlen, schnellstmöglichst eine Blutuntersuchung auf Eisen durchführen zu lassen, um so einen eventuellen Eisenmangel festzustellen.
50536	Eisenmangel	Eisen	Mangel	4.200000	1.751190	5.000000	0.000000	"Sinkt das Serum-Ferritin - der erste "" Signalwert "" für Eisenmangel - unter einen Wert von ca. 25 - 35 µg / l, so liegt ein therapiebedürftiger Eisenmangel vor."
50537	Eisenstange	Eisen	Stange	4.800000	0.421637	4.700000	0.483046	Dies Geschütz war aus Eisenstangen geschweißt, hatte eiserne Ringe, durch welche die Seile gingen, und war zum Schutz vor Rost mit Kupferblech überzogen.
50538	Eisenstange	Eisen	Stange	4.600000	0.699206	4.700000	0.483046	Im September desselben Jahres errichtete er dann auf seinem Hause eine isolierte Eisenstange und machte unter Vermittlung derselben mit atmosphärischer Elektrizität die gleichen Experimente wie früher mit Hilfe der Elektrisiermaschine.
50539	Eisenstange	Eisen	Stange	4.700000	0.674949	4.700000	0.674949	Während er in Zeitlupe sah, wie die Außerirdischen krampfhaft versuchten, dem Geschehen zu folgen, drehte er sich ein Stück zur Seite und nutze die Eisenstange als Stütze.
50540	Eisenstange	Eisen	Stange	4.400000	1.577620	4.800000	0.632456	Hin und wieder zog er mit dem Schraubschlüssel einen Bolzen fest oder schlug an eine der runden Eisenstangen, welche die Gleise unter einander verbanden.
50541	Eisenstange	Eisen	Stange	4.800000	0.421637	4.900000	0.316228	Da sprach der Schmied tückisch: stelle dich an Amboß, so schaust du Alles am besten, -- und zog die glühe Eisenstange aus den Flammen und stieß sie dem Königsknaben durchs Herz.
50542	Eisenstange	Eisen	Stange	4.700000	0.674949	4.900000	0.316228	Das Wärmen der zugeschnittenen Eisenstangen, wovon 1000 bis 1100 kg auf einmal in den Glühofen eingesetzt wurden, geschah mit Steinkohlen in der Weise, dass man die Kohlen auf den Rost warf, sie gut durchbrennen ließ, zusammenschlug und dann das Eisen darauflegte.
50543	Eisenstange	Eisen	Stange	5.000000	0.000000	5.000000	0.000000	Da spuckte der Führer nicht selten auf sie nieder oder stiess sie mit der Eisenstange fort.
50544	Eisenstange	Eisen	Stange	4.900000	0.316228	5.000000	0.000000	Das an der Hillesheimer Straße stehende Ottenkreuz war mit einer im Boden verankerten Eisenstange gesichert.
50545	Eisenstange	Eisen	Stange	5.000000	0.000000	5.000000	0.000000	Der Posten brachte mir eine Eisenstange, um die Leichen loszumachen.
50546	Eisenstange	Eisen	Stange	5.000000	0.000000	5.000000	0.000000	Ein ehrenamtlicher Mitarbeiter hat uns geholfen, und wenn er den Hammer benutzt, hat sich die Eisenstange wie von Zauberhand verändert.
50547	Eisfläche	Eis	Fläche	4.900000	0.316228	4.400000	1.264910	Nur dann und wann blitzte noch ein alter phantastischer Funke aus der spiegelglatten Eisfläche seines neuen Menschen hervor.
50548	Eisfläche	Eis	Fläche	4.700000	0.674949	4.400000	1.264910	Um nun zu den Mittelfelsen in der obersten Ausspitzung des Firnes und des Hornes selbst zu gelangen, war eine im eigentlichsten Sinne hängende Eisfläche zu passieren.
50549	Eisfläche	Eis	Fläche	4.900000	0.316228	4.500000	0.707107	Die Spieler tummeln sich nicht auf festem Rasen, sondern auf einer glatten Eisfläche.
50550	Eisfläche	Eis	Fläche	4.600000	0.516398	4.500000	0.971825	"Das Dampfschiff "" Obersee "" liegt im Hafen von Lachen fest; auf der Eisfläche tummelt sich die fröhliche Jugend und die Metzger und die Bierbrauer holen aus dem See ihre Eisvorräte in Blöcken von 75--90 Kilo, 25--30 Centm. dick."
50551	Eisfläche	Eis	Fläche	4.900000	0.316228	4.500000	1.269300	Die unendlichen Eisflächen scheinen hier gewissermaßen als mitteilende Flöße zu dienen.
50552	Eisfläche	Eis	Fläche	4.700000	0.674949	4.600000	0.699206	Hallo Jens, wenn die Eisfläche auf meinem Miniteich weg ist, dann mach ich mich mal auf die Suche nach den Schnecken.
50553	Eisfläche	Eis	Fläche	4.800000	0.421637	4.600000	0.699206	"Hieraus entsteht eine Eisfläche, die, um einen hinkenden Vergleich anzuwenden, dem, im Tieflande bekannten, s. g. "" Glatteis "" verwandt ist, nur, daß sie eben viel dicker, kompakter, massiger wird."
50554	Eisfläche	Eis	Fläche	4.900000	0.316228	4.600000	0.966092	Der Schnee hat sich komplett in eine Eisfläche verwandelt und die Sicht berrägt nicht mehr als 50 Meter.
50555	Eisfläche	Eis	Fläche	4.900000	0.316228	4.700000	0.674949	Daher warnt die Stadt Friesoythe davor, öffentliche Eisflächen zu betreten.
50556	Eisfläche	Eis	Fläche	4.900000	0.316228	4.800000	0.421637	""" Deutschland wäre nichts für Sie, das Eishockey auf der größeren Eisfläche?"
50557	Elektrizitätswerk	Elektrizität	Werk	4.200000	1.032800	3.100000	1.791960	Für eine Verstaatlichung der Kohlenbergwerke, gewisser Teile der Eisen- und Waffenindustrie, für eine staatliche Verwaltung der Wasserkräfte, der Elektrizitätswerke, aller großen mechanischen Kräfte haben sich neuerdings manche Stimmen erhoben.
50558	Elektrizitätswerk	Elektrizität	Werk	4.111110	1.615890	3.777780	1.394430	Die VDEW (Vereinigung deutscher Elektrizitätswerke ) empfiehlt für Netze mit großer Ausdehnung und mehreren Spannungsebenen Frequenzen unter 250 Hz und für Netze begrenzter Ausdehnung Frequenzen über 250 Hz.
50559	Elektrizitätswerk	Elektrizität	Werk	4.700000	0.674949	3.800000	2.043960	"Der Verband erbaute in den Jahren 1910 / 11 eine Wasserkraftanlage an der Enz bei Enzberg, und dieses Werk gab ihm den Namen "" Gemeindeverband Elektrizitätswerk Enzberg ""."
50560	Elektrizitätswerk	Elektrizität	Werk	4.500000	0.707107	3.800000	2.097620	Mittlerweile seit fünf Jahren versorgen die Elektrizitätswerke Schönau ihre Stadt mit atom - und kohlefreiem Strom.
50561	Elektrizitätswerk	Elektrizität	Werk	4.600000	0.699206	4.000000	1.699670	Eine zur Verlesung gelangte Resolution, mittels welcher der Verwaltungsrat des Czernowitzer Elektrizitätswerkes aufgefordert wird, der Kaufmannschaft von Czernowitz etwas mehr Entgegenkommen zu beweisen und einen Ausnahmstarif für den Stromverbrauch zu schaffen, gelangte zur einstimmigen Annahme.
50562	Elektrizitätswerk	Elektrizität	Werk	4.900000	0.316228	4.200000	1.032800	Daneben gibt es unabhängige Ökoanbieter wie Lichtblick, Naturstrom, Greenpeace Energy oder die Elektrizitätswerke Schönau (EWS ), die ausschließlich Umweltstrom produzieren und handeln.
50563	Elektrizitätswerk	Elektrizität	Werk	4.300000	1.159500	4.300000	0.823273	Die Elektrizitätswerke des Kantons Zürich (EKZ ) haben sich für den flächendeckenden Einsatz von Smart Metern entschieden.
50564	Elternbrief	Eltern	Brief	4.300000	0.948683	4.000000	1.632990	"Die Elternbriefe für das 2. + 3. Lebensjahr, das 4. - 6. Lebensjahr und das "" Trotzalter "" können durch die Eltern auf eigene Kosten direkt bei der Pro Juventute bestellt werden."
50565	Elternbrief	Eltern	Brief	4.000000	1.490710	4.400000	0.966092	Aktuelle Änderungen des Planes entnehmen Sie Elternbriefen oder Notizen im Hausaufgabenheft.
50566	Elternbrief	Eltern	Brief	3.700000	0.948683	4.500000	0.707107	Die Eltern der Zöglinge erhalten einmal pro Monat einen Elternbrief mit Informationen aus Internat und Schule.
50567	Elternbrief	Eltern	Brief	3.400000	2.011080	4.600000	0.966092	"Elternbriefe "" Es muss alles getan werden, damit es gar nicht erst zu Misshandlungen von Kindern kommt!"
50568	Elternbrief	Eltern	Brief	4.300000	1.567020	4.800000	0.632456	Elternbrief Nr. 41 / 11. Jahrgang Aus dem Schloss berichtet..
50569	Endphase	Ende	Phase	4.500000	0.707107	3.600000	1.646550	Früher fuhren sie zuviel für den Zabel, in diesem Jahr haben sie viel zu lange versucht, möglichst viele Fahrer in die Endphase zu retten.
50570	Endphase	Ende	Phase	4.400000	0.966092	4.000000	1.885620	Wir in der Bundesrepublik sind nicht am Beginn, wir sind viel eher in einer Endphase des bürgerlichen Rechtsstaates, der in einer tiefen Krise steckt.
50571	Endphase	Ende	Phase	4.500000	0.971825	4.500000	1.581140	Ich denke, daß aus diesem Grund auch die Verlustberichte die Maschinen als G - 14 und nicht als G - 6 führen (zumindest sind mir massenhafte Verluste von G - 6 aus der Endphase des Krieges nicht bekannt ).
50572	Endphase	Ende	Phase	4.600000	0.699206	4.600000	0.699206	"In der Endphase des deutschen Wahlkampfs forderte die Chefin der Grünen-Bundestagsfraktion einen fleisch­losen Tag pro Woche: Dieser "" Veggie Day "" sei eine wunderbare Gelegenheit auszuprobieren, "" wie wir uns ohne Fleisch und Wurst ­ ernähren ""."
50573	Endphase	Ende	Phase	4.300000	1.059350	4.800000	0.421637	, 02. Juni 2008 - 13:59 Uhr Am Montag begann im burgenländischen Stegersbach die Endphase der Vorbereitung des ÖFB-Teams auf die Heim-EM, die am kommenden Sonntag (18:00 Uhr, live in ORF 1 ) mit der ersten Partie gegen Kroatien beginnt.
50574	Endstand	Ende	Stand	4.909090	0.301511	2.181820	1.940010	Nicht einmal 3 Minuten war er auf dem Platz schon nutzte er einen Fehler der Höchster Hintermannschaft und es klingelte zum 3:0 Endstand.
50575	Endstand	Ende	Stand	4.700000	0.483046	3.100000	1.197220	Erst erhöht Kirstein mit einem sehenswerten Heber auf 2:0 (83. ), dann sorgte der eingewechselte Alessandro Sohsto per Doppelschlag (84. / 85. ) für den 4:0 - Endstand für den SV Spexard.
50576	Endstand	Ende	Stand	4.400000	0.966092	3.400000	1.349900	Purrmann ließ dann in der 75. Minute mit seinem zweiten Treffer an diesem Tag das 1:5 folgen, ehe Oliver Zaliukas mit einem Schuss aus der zweiten Reihe für den durchaus verdienten Endstand sorgte.
50577	Endstand	Ende	Stand	4.300000	1.159500	3.400000	1.429840	Mit dem 2:3 - Endstand gelang ihr zumindest noch die Schadensbegrenzung.
50578	Endstand	Ende	Stand	4.900000	0.316228	4.000000	1.247220	Sein Kracher aus gut 25 Metern schlug im linken Winkel des Gästetores ein und stellte den am Ende verdienten Endstand von 4 - 1 her.
50579	Energiequelle	Energie	Quelle	4.900000	0.316228	2.100000	1.728840	""" Es fehlen Ihnen nur die nötigen Energiequellen und allerdings auch der nötige Platz zum Losschießen, wie wir ihn im Weltraum zur Verfügung haben."
50580	Energiequelle	Energie	Quelle	4.800000	0.421637	2.200000	1.549190	""" Dadurch haben wir einerseits die Gewinnung von Wärme und Strom aus einer alternativen Energiequelle und gleichzeitig das zusätzliche Potential des Speicherns von CO 2 "", unterstreicht der Geoforscher."
50581	Energiequelle	Energie	Quelle	4.400000	1.264910	3.100000	1.663330	Diese Projekte sind Teil der Strategie von Groupe E, die darauf abzielt, bis zum Jahr 2030 10% der von ihr verteilten Energie aus erneuerbaren Energiequellen zu produzieren.
50582	Energiequelle	Energie	Quelle	4.600000	0.966092	3.100000	2.024850	Der BBU engagiert sich u. a. für menschen - und umweltfreundliche Verkehrskonzepte, für den sofortigen und weltweiten Atomausstieg, gegen die gefährliche CO 2 - Endlagerung und für umweltfreundliche Energiequellen.
50583	Energiequelle	Energie	Quelle	4.900000	0.316228	3.300000	1.636390	""" Jetzt kann die ITER-Organisation ihre Mission beginnen: eine weltweite internationale Anstrengung, die der gesamten Menschheit eine neue Energiequelle erschließen wird "", sagt der ITER-Generaldirektor Kaname Ikeda zu dem nun ratifizierten Übereinkommen."
50584	Energiequelle	Energie	Quelle	4.800000	0.421637	3.500000	1.779510	Und deshalb sei es nunmehr der richtige Weg, durch einen friedlichen Verkehr mit der Erde die Vorteile auszunützen, welche die Erde als Energiequelle biete, zugleich aber damit der Menschheit das Beispiel einer überlegenen Kultur zu geben, die ihr ein Vorbild sein könne.
50585	Energiequelle	Energie	Quelle	4.900000	0.316228	3.600000	1.505550	Noch vor einem halben Jahr haben Sie gesagt, dieses Geld sei für die regenerativen Energiequellen.
50586	Erbsensuppe	Erbse	Suppe	5.000000	0.000000	4.500000	1.581140	Auch diese wird wie Erbsensuppe mit Frankfurter Saucisen, Mettwurst oder einem Stück Bauchspeck gekocht, jedoch bleiben die Linsen darin ganz und man macht mit den Zwiebeln zugleich Mehl in gutem Fett gelb, um die Suppe damit gebunden zu machen.
50587	Erbsensuppe	Erbse	Suppe	4.700000	0.483046	4.700000	0.483046	Ab 11.30 Uhr Erbsensuppe aus der Gulaschkanone 5 DM, 13 Uhr Treffen der Vereine im Festzelt 13.30 Uhr Festumzug / Abholung der Könige 1993. Stefan Schulze erhielt die Junggesellenscheibe.
50588	Erbsensuppe	Erbse	Suppe	4.600000	0.699206	4.800000	0.421637	Ich sehe indessen in der Küche nach, Daß uns die Erbsensuppe nicht verbrennt. --
50589	Erbsensuppe	Erbse	Suppe	4.800000	0.421637	4.900000	0.316228	Gut auswischen, dann können Sie beim Verpflegungsempfang die Erbsensuppe rein tun.
50590	Erbsensuppe	Erbse	Suppe	4.900000	0.316228	4.900000	0.316228	Gut, dass es so ist, sonst gäbe es in wenigen Jahren gar keine Geländewagen mehr, und wahrscheinlich würde auch Zwiebel - und Erbsensuppe verboten, weil die den Methanausstoß des Konsumenten erhöht und den Treibhauseffekt verstärkt...
50591	Erbsensuppe	Erbse	Suppe	5.000000	0.000000	4.900000	0.316228	Grüne Erbsensuppe, 1 / 2 P Erbsen; 1 / 2 P. Ochsenfleisch; Linsen als Gemüse, 1 / 2 P.
50592	Erbsensuppe	Erbse	Suppe	5.000000	0.000000	5.000000	0.000000	Beide sorgten auch für das leibliche Wohl mit Glühwein, Bier und Erbsensuppe mit Würstchen.
50593	Erbsensuppe	Erbse	Suppe	5.000000	0.000000	5.000000	0.000000	Beim Essen gab es allerdings ein absolutes Hassobjekt: Erbsensuppe.
50594	Erbsensuppe	Erbse	Suppe	4.900000	0.316228	5.000000	0.000000	Es gab Erbsensuppe, gedörrtes Schweinefleisch und Einer buk Mandiokakuchen mit Öl, zu dem garantiert echter Waldhonig und Tee gereicht wurden.
50595	Erbsensuppe	Erbse	Suppe	5.000000	0.000000	5.000000	0.000000	Wenn Moritona, der große Medizinmann der Yaulapiti, sich den Rest von unserer Erbsensuppe breit über die Brust schmierte, so dürfte das Motiv der Farbenfreude daran nur geringen Anteil gehabt haben.
50596	Erkenntnisprozess	Erkenntnis	Prozess	4.600000	0.966092	4.000000	1.333330	Man sieht den Kindern diese Erkenntnisprozesse geradezu an, in denen sie begreifen, dass Rauchen nichts Erstrebenswertes ist, sondern dass Rauchen regelmäßig das Gefühl erzeugt, dass einem etwas fehlt.
50597	Erkenntnisprozess	Erkenntnis	Prozess	4.500000	0.707107	4.100000	0.875595	Sie basieren auf Erfahrungen und sind im Grunde genommen die einzigen induktiven Elemente im Erkenntnisprozess, die zulässig sind.
50598	Erkenntnisprozess	Erkenntnis	Prozess	4.800000	0.421637	4.300000	0.823273	Dies kann am besten geschehen, wenn wir uns bewusst und konzentriert jeder anstehenden Arbeit und Herausforderung widmen, wenn wir sie nicht als notwendiges Übel, sondern als Möglichkeit der Selbsteinweihung und als Erkenntnisprozess betrachten: Arbeitsprozess als Meditation.
50599	Erkenntnisprozess	Erkenntnis	Prozess	4.800000	0.421637	4.300000	0.823273	"Manchmal handelt es sich um tatsächliche Erlebnisse an denen möglicherweise noch wichtige Erkenntnisprozesse hängen, die vor der "" Erlösung "" nochmals ins Bewusstsein gebracht werden müssen."
50600	Erkenntnisprozess	Erkenntnis	Prozess	4.700000	0.674949	4.700000	0.674949	Nicht mehr zur Generation i-pod, vielleicht nicht mal mehr zur Generation Golf zu gehören, ist ein langer und schwerer Erkenntnisprozess, den Tatjana Meissner selbstironisch, mit viel Witz und einem frischen Blick auf weibliche Unzufriedenheiten und männliche Unzulänglichkeiten schildert.
50601	Erkenntnisstand	Erkenntnis	Stand	4.400000	1.577620	2.200000	1.549190	In jedem dieser Kapitel wird, gegliedert nach Untersuchungen an Einzelzellen, Tierexperimenten und epidemiologischen Bobachtungen, der gegenwärtige Erkenntnisstand zur Höhe der RBW-Werte für stochastische Strahlenwirkungen und deren Vorstufen geschildert.
50602	Erkenntnisstand	Erkenntnis	Stand	4.600000	0.699206	2.600000	1.776390	Auf dem allerneuesten Erkenntnisstand vermittelt der Band ein Wiedersehen mit den Monarchen unserer Geschichte, allerdings mit...
50603	Erkenntnisstand	Erkenntnis	Stand	4.800000	0.421637	2.700000	1.828780	Die Kommission D habe die vorgenannten Kriterien in Kenntnis der von ihr ebenfalls verfassten Monographien erstellt und den Monographien daher bewusst die ihnen nach aktuellem wissenschaftlichen Erkenntnisstand zukommende Wertigkeit im Hinblick auf einen Wirksamkeitsbeleg zugeordnet.
50604	Erkenntnisstand	Erkenntnis	Stand	4.300000	1.059350	3.000000	1.632990	das oder dies ist halt mein Erkenntnisstand, damit kann ich gut leben und viel auch helfen aber sicher nicht allen.
50605	Erkenntnisstand	Erkenntnis	Stand	4.900000	0.316228	3.500000	1.715940	Nach heutigem Erkenntnisstand haben Gas, Erdöl und Uranerze eine Reichweite von unter 100 Jahren, die Steinkohle nach heutigem Erkenntnisstand eine Reichweite von über 200 Jahren.
50606	Erstlingswerk	Erstling	Werk	3.200000	0.918937	2.100000	1.911950	"Denn von allen grobsinnlichen Vergnügungen hatte er sich mit Ekel abgekehrt, und jene kritischen Thebaner, welche im Hinweis auf die Zynismen seines Erstlingswerkes von "" früher sittlicher Fäulnis "" erzählen, haben gegen das Angedenken eines reinen Menschen schwer gefrevelt."
50607	Erstlingswerk	Erstling	Werk	3.900000	1.197220	2.600000	2.221110	Ihr Erstlingswerk erschien erst, nachdem es die Anerkennung Anzengrubers gefunden hatte.
50608	Erstlingswerk	Erstling	Werk	3.500000	1.900290	3.200000	1.988860	Zwölf lange Jahre ist es nun her, dass Robert Bartleh Cummings, alias Rob Zombie, die Musikwelt mit seinem Erstlingswerk Hellbilly Deluxe aufmischte.
50609	Erstlingswerk	Erstling	Werk	4.100000	1.100500	3.500000	1.581140	"Auf dem Seminar in Dresden erstarkte mehr und mehr seine dichterische Neigung und als er - noch vor Abschluß seiner Studien -- Michaelis 1886 auf ärztlichen Rat den Lehrerberuf wieder aufgeben mußte, vollendete er sein dramatisches Erstlingswerk "" Eralda Loredano ""."
50610	Erstlingswerk	Erstling	Werk	4.181820	1.470930	3.636360	1.858640	"Auf dem Weg zur Sendereife wäre seinem vielversprechenden Erstlingswerk "" Fake "" eine professionelle Endbearbeitung in Sachen Schnitt, Ton, Dramaturgie zu wünschen."
50611	Erstlingswerk	Erstling	Werk	4.400000	0.966092	3.800000	1.873800	"Eines der Erstlingswerke Millöckers, seine Operette "" Gräfin Dubarry "" wurde gestern und vorgestern auf unserer Bühne zur Aufführung gebracht."
50612	Erstlingswerk	Erstling	Werk	3.909090	1.513570	3.909090	1.375100	"Obwohl ein Erstlingswerk, weist "" Faustina "" nur wenige Schwächen eines solchen auf."
50613	Erstlingswerk	Erstling	Werk	2.800000	1.988860	4.000000	1.632990	) Lyrik, Literatur 60er Jahre, Frauenliteratur, Erstlingswerke, Deutsche Literatur 20. Jhdt.
50614	Erstlingswerk	Erstling	Werk	4.500000	0.849837	4.500000	0.707107	"Völlig zu Recht erhielt Lomps Erstlingswerk den Hamburger "" Heftig "" - Independent-Preis HRTN und es sieht ganz so aus, als ob hier noch einiges zu erwarten ist."
50615	Erstlingswerk	Erstling	Werk	4.000000	1.632990	4.600000	0.699206	Sein Erstlingswerk Allerdings hat es mal wieder nicht nach Deutschland geschafft, aber die NORDISK DVD bietet neben der zum Glück vorhandenen englischen Untertitelspur noch den Kinotrailer und einen Audiokommentar.
50616	Expertenkommission	Experte	Kommission	4.800000	0.421637	3.800000	1.475730	-- Eine Expertenkommission, die 1925 über die Revision des Schweizer.
50617	Expertenkommission	Experte	Kommission	4.200000	1.549190	3.900000	1.728840	Nächsten Mittwoch den 14. ds. wird in Bern eine Expertenkommission zusammentreten, um die verschiedenen Rechtsfragen zu begutachten, welche sich bezüglich der kantonalen Einführungsgesetze zum Betreibungs- und Konkursgesetze erhoben haben.
50618	Expertenkommission	Experte	Kommission	4.800000	0.421637	4.400000	1.074970	Diese Richtlinie wäre in Österreich hinsichtlich der Telefoniedaten bis 15.9.2007, hinsichtlich der Internetdaten bis 15.3.2009 umzusetzen gewesen, die Umsetzung wurde aber auf unbestimmte Zeit aufgeschoben; Anfang 2009 wurde eine Expertenkommission einberufen.
50619	Expertenkommission	Experte	Kommission	4.800000	0.421637	4.400000	1.074970	Unabhängige Expertenkommission Schweiz - Zweiter Weltkrieg: Die Schweiz, der Nationalsozialismus und der Zweite Weltkrieg.
50620	Expertenkommission	Experte	Kommission	4.300000	1.567020	4.800000	0.421637	Die Expertenkommission mit Prof. Dr. Ing. Markus Brautsch (Fakultät Maschinenbau / Umwelttechnik ) als Mitglied diskutierte Schwerpunktthemen in den Themenfeldern Regenerative Energiebereitstellung, Effizienz konventioneller Energien, energieeffiziente Energieanwendung, Technologien zur Speicherung von Energie sowie Innovationen für Netze und Infrastruktur.
50621	Expertenkommission	Experte	Kommission	4.800000	0.421637	4.800000	0.421637	Sie basiert auf dem Bericht einer vom bmbf eingesetzten Expertenkommission zur Medienbildung.
50622	Expertenkommission	Experte	Kommission	4.900000	0.316228	4.900000	0.316228	Die Expertenkommission ist aufGrundlage ihrer Prüfungen und umfangreicherDiskussionen zu folgenden Ergebnissengekommen: Die Kernkraftwerke KKB und KKK entsprechen in ihrer Konzeption und sicherheitstechnischenAusstattung einem modernenStand.
50623	Fabrikarbeiter	Fabrik	Arbeiter	4.300000	1.337490	4.600000	0.699206	Zwei Fabrikarbeiter kommen mir da atemlos und pudelnaß von der Gasse in die Zahlstube gesprungen und erzählen, was ihnen an zehn Orten schon erzählt worden ist.
50624	Fabrikarbeiter	Fabrik	Arbeiter	4.600000	0.843274	4.700000	0.948683	Der Leibeigne opfert sich seinem Herrn im Kriege - der Fabrikarbeiter im Frieden.
50625	Fabrikarbeiter	Fabrik	Arbeiter	4.200000	1.619330	4.800000	0.421637	Ich denke nicht, dass jeder Fabrikarbeiter seine Arbeit mag.
50626	Fabrikarbeiter	Fabrik	Arbeiter	4.400000	0.843274	4.800000	0.632456	In den Ortsstatuten für die Fabrikarbeiter ist eine Beihilfe zur Krankenpflege von den Arbeitgebern festgesetzt, den Meistern wird dagegen keine Verpflichtung der Beihilfe zu den Gesellen-Kassen auferlegt.
50627	Fabrikarbeiter	Fabrik	Arbeiter	4.800000	0.632456	4.900000	0.316228	Ein langandauernder und erbarmungloser Streik der Textilarbeiter im Jahre 1982 hatte Zehntausende von Fabrikarbeitern in die Armut getrieben.
50628	Fabrikarbeiter	Fabrik	Arbeiter	4.000000	1.699670	4.900000	0.316228	"-- Vergeben Sie, wenn diese Worte zu kühn sind für einen armen Fabrikarbeiter, wie der Verfasser. """
50629	Fabrikarbeiter	Fabrik	Arbeiter	3.900000	1.852930	4.900000	0.316228	Ein Fabrikarbeiter der Textilbranche verdiente 5 Thlr. die Woche, während ein Leinweber in einer mittleren Stadt nur 1 bis 11/2 Thlr. die Woche verdiente.
50630	Fabrikarbeiter	Fabrik	Arbeiter	4.300000	1.494430	4.900000	0.316228	Eine ihrer nächsten Folgen war, dass die Praxis auch den Arbeitstag der erwachsenen männlichen Fabrikarbeiter denselben Schranken unterwarf, da in den meisten Produktionsprozessen die Kooperation der Kinder, jungen Personen und Frauenzimmer unentbehrlich.
50631	Fabrikarbeiter	Fabrik	Arbeiter	4.800000	0.421637	4.900000	0.316228	Monate sind vergangen seitdem Pauline in ihres Vaters Fabrik lebt und Franz Thalheim unter den Fabrikarbeitern als den gebildetsten und intelligentesten, ja zugleich als den besten und edelsten kennen gelernt hat.
50632	Fabrikarbeiter	Fabrik	Arbeiter	4.500000	0.971825	5.000000	0.000000	Sie wurden tüchtige Handwerker, Verkäufer und Fabrikarbeiter; sie wurden Weberinnen und knüpften Teppiche.
50633	Facharbeiter	Fach	Arbeiter	4.100000	0.994429	4.300000	1.251670	Ich würde behaupten das es den Facharbeitern net so schlecht geht.
50634	Facharbeiter	Fach	Arbeiter	3.200000	1.686550	4.400000	1.264910	Jobs Suchen Ähnliche Jobs Job-Services von Timeworkers.de Timeworkers.de als Browser-Suche Facharbeiter Elektro in Wedel (m / w ) Stellenangebot über...
50635	Facharbeiter	Fach	Arbeiter	2.500000	1.715940	4.800000	0.421637	Es ist klar, dass, was für die Unskilleds gilt, bei den höheren Facharbeitern noch leichter ist.
50636	Facharbeiter	Fach	Arbeiter	2.600000	1.776390	4.800000	0.632456	1 Millonen, für die es in der englischen Gesellschaft keine Arbeitsplätze geben wird, denn dort werden (wie bei uns ) Facharbeiter gesucht, keine Hilfsarbeiter.
50637	Facharbeiter	Fach	Arbeiter	3.400000	1.776390	4.800000	0.632456	Wie will ich einen Akademiker oder Facharbeiter fördern, wenn ich ihn Unkraut zuppeln lasse?
50638	Facharbeiter	Fach	Arbeiter	3.000000	1.632990	4.900000	0.316228	Mit diesem Kurs werden Sie auf völlig neue und sichere Meisterpositionen vorbereitet, was Ihnen dabei hilft vom Facharbeiter zum Meister im mittleren Management aufzusteigen.
50639	Fachkommission	Fach	Kommission	2.000000	2.108190	4.000000	1.632990	Die Zentralabteilungen und die Fachkommissionen haben ihre unterbrochenen Arbeiten wieder aufgenommen.
50640	Fachkommission	Fach	Kommission	3.100000	1.969210	4.200000	1.032800	Deutscher Naturschutzring (DNR ) verlässt die Fachkommission Umwelt Seit Sommer 2009 verließen die Fachkommission Umwelt der Bewerbungsgesellschaft die Umweltverbände Bund Naturschutz, Mountain Wilderness, CIPRA Deutschland und der Verein zum Schutz der Bergwelt.
50641	Fachkommission	Fach	Kommission	3.000000	1.885620	4.200000	1.751190	Am 17. Juni 2013 hat die Fachkommission die neue Swiss GAAP FER 26 Vorsorgeeinrichtungen verabschiedet.
50642	Fachkommission	Fach	Kommission	2.900000	1.595130	4.300000	1.059350	Dieser Gesetzentwurf wird der Fachkommission für Handel und Gewerbe zur schleunigen Berichterstattung überwiesen.
50643	Fachkommission	Fach	Kommission	2.700000	2.002780	4.300000	1.337490	Die Entwürfe der Arbeitsgruppe werden dann in den Sitzungen der Fachkommission beraten.
50644	Fachkommission	Fach	Kommission	3.100000	1.595130	4.500000	0.849837	SPÖ-Klubobmann Herwig Seiser wird bei der europäischen Fachkommission der Wirtschafts - und Sozialpolitik auf die Verhandlungen beim Transatlantischen Freihandelsabkommens Bezug nehmen und auf Gefahren hinweisen.
50645	Fachkommission	Fach	Kommission	3.300000	1.702940	4.500000	0.971825	"Eine königliche Botschaft, betreffend die Abänderung der Gesetze über "" die Verbrechen der Erregung von Mißvergnügen gegen die Regierung "" geht an die Fachkommission, eben so ein Gesetzesvorschlag von Jakobi-Temme wegen Aufhebung der gesetzlichen Ehehindernisse welche auf Religions- und Standesverschiedenheit beruhen."
50646	Fachkommission	Fach	Kommission	3.800000	1.619330	4.500000	0.971825	Nachmittags wird die erste Sitzung der Fachkommission stattfinden, in welcher die Delegierten ihren prinzipiellen Standpunkt darlegen werden.
50647	Fachkommission	Fach	Kommission	3.100000	1.852930	4.800000	0.421637	Unter anderem als Folge der verfahrenen Situation zwischen SRG und Verlegern in Sachen Online-Entwicklung hat der Bundesrat beschlossen, sich in Medienfragen künftig von einer Fachkommission beraten...
50648	Fackelzug	Fackel	Zug	4.100000	1.663330	1.100000	1.595130	Im Festzelt bedankte sich der Brudermeister Herbert Lüpschen für den schönen Fackelzug bei den Schützen und den Freunden aus Ramsdorf für die Teilnahme.
50649	Fackelzug	Fackel	Zug	4.700000	0.674949	1.300000	1.567020	Zum traditionellen Lagerfeuer mit Fackelzug lädt die Freiwillige Feuerwehr Wedesbüttel-Wedelheine alle Bewohner von Wedesbüttel, Wedelheine und Martinsbüttel ein.
50650	Fackelzug	Fackel	Zug	4.500000	0.849837	1.500000	1.509230	Am Abend veranstalteten die hiesigen Vereine zu Ehren des Jubilars einen Fackelzug.
50651	Fackelzug	Fackel	Zug	4.000000	1.699670	1.600000	1.646550	Ein Fackelzug und ein Steuerverweigerungsbeschluß, wie reimen sich die zusammen?
50652	Fackelzug	Fackel	Zug	4.100000	1.728840	1.700000	2.162820	"30. Januar 1933: Adolf Hitler wird Reichskanzler Als am Abend des 30. Januar 1933 Anhänger der Nationalsozialisten den lang ersehnten "" Tag der Machtübernahme "" mit Fackelzügen durch das Brandenburger Tor feierten, markierten die triumphierenden Kundgebungen auch symbolisch das Ende der Weimarer Republik."
50653	Fackelzug	Fackel	Zug	3.800000	1.813530	1.700000	2.162820	Je älter man wird, desto mehr ähnelt die Geburtstagstorte einem Fackelzug.
50654	Fackelzug	Fackel	Zug	4.000000	1.500000	1.777780	1.922090	Viele Deputierte hatten jedoch bereits gestern sich von Berlin nach Brandenburg begeben, und es war von einem Teile der Einwohner Herrn v. Unruhe ein Fackelzug zugedacht worden.
50655	Fackelzug	Fackel	Zug	4.800000	0.421637	1.900000	1.728840	Abends fand ein Fackelzug von 10.000 Fackelträgern zur Hofburg statt.
50656	Fackelzug	Fackel	Zug	4.900000	0.316228	2.100000	1.449140	Abends war die Stadt erleuchtet, und es wurde dem König ein Fackelzug gebracht.
50657	Fackelzug	Fackel	Zug	4.800000	0.632456	2.100000	1.523880	"Alles in allem eine wohlgelungene Veranstaltung, die mit einem Fackelzug und dem Lied "" Wir treten zum Beten "" vor dem Gotteshaus ihren Abschluß fand."
50658	Fahnenstange	Fahne	Stange	3.000000	2.108190	3.000000	2.000000	Damit ist für uns das Ende der Fahnenstange noch nicht erreicht.
50659	Fahnenstange	Fahne	Stange	3.500000	2.415230	3.500000	2.415230	Was nun diese Fahne darstellen soll, wird nicht zwangsläufig deutlich, was ich wiederum als geschickten Zug ansehe, da sich so jeder sein eigenes Ende der Fahnenstange vorstellen darf.
50660	Fahnenstange	Fahne	Stange	3.300000	2.057510	3.600000	2.065590	PS: Das war noch lange nicht das Ende der Fahnenstange der Baumcaches.
50661	Fahnenstange	Fahne	Stange	4.500000	0.971825	4.000000	1.885620	Der Pfarrer daselbst hatte die Fahnenstangen neu fassen oder bemalen und vergolden lassen, ohne Schulze und Kirchenpfleger zu befragen, was diese verdross.
50662	Fahnenstange	Fahne	Stange	4.000000	2.108190	4.000000	2.108190	In die erste Volle war bei 115 Holz Ende der Fahnenstange.
50663	Fahnenstange	Fahne	Stange	4.600000	0.699206	4.600000	0.699206	Die Fahnenstangen sind aus Bambusrohr und sind fast 6 Meter lang; die Fahne selbst ist aus roter Seide hergestellt und mißt nicht weniger als neun Quadratmeter.
50664	Fahnenstange	Fahne	Stange	4.900000	0.316228	4.800000	0.632456	Eingesponnen in Rosenbüsche, umstellt von Malven und Georginen, entziehen sich viele dem Auge; andere wieder wählen die lichteste Stelle und grüßen durch die weitgestellten Bäume mit ihren Balkonen und Fahnenstangen, mit Veranden und Jalousien.
50665	Fahnenstange	Fahne	Stange	4.100000	1.449140	4.900000	0.316228	Ganz oben eine Plattform mit Fahnenstange, daran die preußische Flagge wehte, schwarz und weiß, alles schon ziemlich verschlissen.
50666	Fahnenstange	Fahne	Stange	4.000000	1.699670	5.000000	0.000000	Was offenbar auch geschah, wobei Fahnenstangen, Glasflaschen und andere Gegenstände, darunter Steine gegen Polizeibeamte eingesetzt worden seien.
50667	Fahnenstange	Fahne	Stange	4.200000	1.619330	5.000000	0.000000	Auch Heinrich schlenderte in die Stadt zurück und unterhielt sich nun damit, seine Fahnenstangen vor den anderen herauszusuchen; er kannte sie bald an verschiedenen Zeichen, und ein um das andere Haus wies diese Erzeugnisse seines Fleißes auf.
50668	Familienphase	Familie	Phase	4.600000	0.699206	3.300000	1.946510	Da ich den Hang zur Überforderung (habe ) hatte, verlor ich mich im Laufe der Familienphase aus den Augen.
50669	Familienphase	Familie	Phase	4.300000	1.059350	3.500000	2.013840	"Duisburg - Am Donnerstag, den 7. Juli 2011, informiert die Beauftragte für Chancengleichheit am Arbeitsmarkt der Agentur für Arbeit Duisburg, Annette von Brauchitsch-Lavaulx über den "" Wiedereinstieg nach der Familienphase ""."
50670	Familienphase	Familie	Phase	4.600000	0.699206	4.100000	1.197220	Beim beruflichen Wiedereinstieg gibt es auch heute noch große Hürden und es sind vor allem Frauen, die sich nach einer längeren Familienphase entmutigt vom Arbeitsmarkt zurückziehen.
50671	Familienphase	Familie	Phase	4.800000	0.421637	4.400000	1.074970	Trotzdem unterstützen diese Männer in der frühen Familienphase ihre Frauen gerne - sie müssen nur die Möglichkeit dazu bekommen.
50672	Familienphase	Familie	Phase	4.222220	1.301710	4.555560	0.726483	Eltern - und Familienbildung soll rechtzeitig, also bereits in der Phase der Familiengründung und Vorbereitung auf die Geburt eines Kindes einsetzen und mit der Begleitung der folgenden Familienphasen anschließen.
50673	Familienstand	Familie	Stand	4.500000	0.707107	1.600000	1.776390	Vluyn Alter: 32 Familienstand: verheiratet Kinder: Robin 10. Lea 7 Lara 5 Beruf: Floristin Führerschein Klassen: Fahrrad Eigene Tiere: zwei Hasen.2 Bartis, Zwei Hunde,6 Katzen Lieblingstiere: Alle Lieblings...
50674	Familienstand	Familie	Stand	4.818180	0.404520	1.727270	1.737290	Name: Tobias Alter: 17 Größe: 180 cm, 60 kg Haarfarbe: blond Augen: blau Familienstand: Ledig Kinder: 0 Nationalität: Deutsch Hobbys: Ich spiele gerne Fußball, gehe gerne ins Kino und gehe oft schwimmen.
50675	Familienstand	Familie	Stand	4.700000	0.674949	1.900000	1.663330	Man hatte mir viel davon gesagt, daß es meine Pflicht sei, mir einen Familienstand zu gründen, daß ich im Alter von teuren Angehörigen umgeben sein müsse, die mich lieben pflegen und schützen, und auf die meine Ehren und mein Name übergehen können.
50676	Familienstand	Familie	Stand	4.500000	0.707107	2.000000	2.211080	Die Höhe des Stipendiums richtet sich nach Familienstand und Einkommen.
50677	Familienstand	Familie	Stand	4.600000	0.699206	2.200000	1.686550	""" Sie setzen fort, Ridges Familienstand oder Mangel davon zu besprechen."
50678	Familienstand	Familie	Stand	4.600000	0.699206	2.200000	1.686550	Nach dem Kriege richtete er sich in Berlin ein Geschäft ein und gründete 1874 seinen Familienstand.
50679	Familienstand	Familie	Stand	4.600000	0.966092	2.400000	1.712700	Der Sklave zählt im ganzen Oriente zum Haus- und Familienstande, und wenn er sich nicht gerade etwas zu Schulden kommen lässt, so wird er gut behandelt.
50680	Familienstand	Familie	Stand	4.900000	0.316228	2.400000	1.776390	"Ebenso, wenn das Kind in bester Absicht den Eltern entrissen wird, aus Wohlgefallen an demselben, oder um Rechte des Familienstandes zu kränken, soweit hier der §. 478. (§. 138. des Strafgesetzbuchs ) keine Anwendung findet. """
50681	Familienstand	Familie	Stand	4.900000	0.316228	2.500000	1.433720	"Der Richter gab ihm Recht: "" Außergewöhnliche Belastungen zeichnen sich dadurch aus, dass sie erstens der überwiegenden Mehrzahl der Steuerpflichtigen gleicher Einkommens - und Vermögensverhältnisse sowie gleichen Familienstandes nicht erwachsen."
50682	Familienverhältnis	Familie	Verhältnis	4.700000	0.483046	3.100000	1.969210	Die häufigste Anwendung von Status in der Ausdehnung, die ich dem Wort beigelegt habe, findet sich in der Erklärung der capitis deminutio als einer Status mutatio, worin offenbar Status sowohl die Freiheit und Civität, als auch bloße Familienverhältnisse bezeichnet.
50683	Familienverhältnis	Familie	Verhältnis	5.000000	0.000000	3.300000	1.888560	Wer mag bei dieser Verkehrung der gewohnten Ordnung der Familie noch an wirkliche Familienverhältnisse denken!
50684	Familienverhältnis	Familie	Verhältnis	5.000000	0.000000	3.400000	1.074970	Die mir bekannten Namen und Daten der Rheingauer Auswanderer, ihre Familienverhältnisse, ihr Herkunftsort und ihr Zielort wurden, soweit mir bekannt, erfasst und im August 2005 aktualisiert.
50685	Familienverhältnis	Familie	Verhältnis	4.800000	0.632456	3.500000	0.971825	Allein nicht alle Familienverhältnisse haben diesen wichtigen Einfluß: namentlich findet er sich nicht bei der Ehe als solcher, der Verwandtschaft, dem Patronat, und der Vormundschaft.
50686	Familienverhältnis	Familie	Verhältnis	4.900000	0.316228	3.700000	1.059350	"Dies, weil sie aus armen Verhältnissen stammten, weil sie uneheliche Kinder waren, in schwierigen Familienverhältnissen aufwuchsen, weil sie selber als so genannt "" schwierig "" galten oder unbequem und aufmüpfig waren."
50687	Familienverhältnis	Familie	Verhältnis	4.900000	0.316228	3.800000	1.229270	Nach mehreren größeren Reisen durch ganz Deutschland zog er 1875 wieder zu seinen Eltern nach Waddens, wo er durch Krankheit u. Familienverhältnisse bis 1883 zurückgehalten wurde.
50688	Familienverhältnis	Familie	Verhältnis	4.900000	0.316228	3.900000	1.370320	Ein Gutachterin führte auch die schwierigen Familienverhältnisse des Täters ins Feld.
50689	Familienverhältnis	Familie	Verhältnis	4.600000	0.699206	4.000000	1.154700	Familienverhältnisse führten B. schon nach drei Jahren (1840 ) in die westfälische Grenzstadt Warburg, wo er eine Buchhandlung, Leihbibliothek u. Buchdruckerei errichtete.
50690	Familienverhältnis	Familie	Verhältnis	4.300000	1.337490	4.000000	1.247220	Gewalt an den Schulen Risikofaktoren, die das Auftreten von Gewalt begünstigen: Ungünstige Familienverhältnisse: Es spielen die Lernerfahrungen bezüglich Gewalt, die man in der Familie erlebt hat eine wichtige Rolle.
50691	Familienverhältnis	Familie	Verhältnis	4.900000	0.316228	4.800000	0.421637	Familienverhältnisse: Familienverhältnisse: Wie gesagt mein Eltern haben mich sofort weg gegeben.
50692	Farbenspiel	Farbe	Spiel	4.300000	1.494430	0.800000	1.316560	Ein Farbenspiel erwartet Sie auf dieser Route... so eindrucksvoll, so einzigartig, dass Sie noch lange an Ihren USA-Besuch denken werden.
50693	Farbenspiel	Farbe	Spiel	4.500000	0.527046	1.400000	1.349900	Erfahrungen sind bei jeder Farbe zu machen und empfiehlt es sich daher, recht fleißig und viel zu probieren, die Farbenspiele jedoch, bevor man sie am Buchschnitte anwendet, auf Papierstreifen abzuziehen.
50694	Farbenspiel	Farbe	Spiel	4.444440	1.013790	1.666670	1.802780	Dabei zeigte sich auf der Kapsel ein zartes Farbenspiel je nach der Größe des Widerstandes, den der Strom fand, und die Art der Berührung, die Wendungen des Piks boten eine reiche Abwechslung der Beschäftigung.
50695	Farbenspiel	Farbe	Spiel	4.545450	1.213560	1.727270	1.618080	Unterwegs werden wir die Landschaft der Taklamakan und das herrliche Farbenspiel bei wechselnden Lichtverhältnissen genießen können.
50696	Farbenspiel	Farbe	Spiel	4.400000	0.966092	1.800000	1.316560	Faszinierend finde ich das Farbenspiel, das Mutter Natur herbeigezaubert hat.
50697	Farbenspiel	Farbe	Spiel	4.400000	1.577620	1.800000	1.398410	Wegen seines schönen Farbenspiels wurden die Missionäre der deutschen Brüdergemeinde auf der St. Paulsinsel an der Labradorküste schon im vorigen Jahrhundert auf ihn aufmerksam.
50698	Farbenspiel	Farbe	Spiel	4.600000	0.699206	1.900000	1.523880	Auf der fein körnigen Stoffoberfläche entsteht ein sinnliches Licht - und Farbenspiel aus Kontrasten und Schatten.
50699	Farbenspiel	Farbe	Spiel	3.900000	1.595130	1.900000	1.523880	"Helene Fischer lieferte mit "" Farbenspiel "" das meistverkaufte Album des Jahres 2013 ab und ist zudem mit ihrem "" Best Of "" auf Rang sechs zu finden."
50700	Farbenspiel	Farbe	Spiel	4.400000	1.074970	2.000000	1.943650	Das Farbenspiel oder Schillern der Perlmutter ist sonach eine Interferenzerscheinung, welche auf der Struktur beruht.
50701	Farbenspiel	Farbe	Spiel	4.900000	0.316228	2.200000	1.549190	Der Glanz entsteht aus der Zurückwerfung des Lichts, das Schillern oder Farbenspiel durch die Interferenz der Strahlen, welche von den auslaufenden Rändern der Blättchen und den etwas tieferen Zwischenräumen zurückgeworfen werden.
50702	Fehlerquelle	Fehler	Quelle	4.700000	0.483046	1.800000	1.398410	Das war ja auch eine der grundbösen Fehlerquellen im Zölibat, daß es solche Unbefriedigten schuf, solche ewigen Durstleider nach dem Erotischen, die nicht freiwillig indifferent, sondern aus innerer Unsicherheit intolerant wurden.
50703	Fehlerquelle	Fehler	Quelle	4.600000	0.843274	1.800000	1.932180	Durch das direkte Hinabfallen der Anker auf den Zylinder ist ferner abermals ein mechanisches Zwischenmittel zwischen dem Geschosse und dem Zeitangeber beseitigt, also auch eine Fehlerquelle weniger vorhanden.
50704	Fehlerquelle	Fehler	Quelle	4.888890	0.333333	2.222220	1.986060	Erstens ist die Bewegung keine geradlinige und zweitens kommt nach einer halben Umdrehung die Versuchsfläche schon in die Region der aufgerührten, also nicht mehr in Ruhe befindlichen Luft, wodurch Fehlerquellen entstehen.
50705	Fehlerquelle	Fehler	Quelle	4.700000	0.674949	2.500000	1.649920	Geradlinige Flächenbewegungen würden Mechanismen erfordern, die größere Nebenwiderstände besitzen, also stärkere Fehlerquellen aufweisen.
50706	Fehlerquelle	Fehler	Quelle	5.000000	0.000000	2.500000	1.715940	Als erstes würde ich unbedingt die PS 3 als Fehlerquelle untersuchen, indem ich einen anderen Player mal anschließe.
50707	Fehlerquelle	Fehler	Quelle	4.900000	0.316228	2.600000	1.349900	Wer in wildere Gewässer umsteigt wird diesen Schlag sehr zu schätzen lernen und vor allem auch genügend Zeit damit verbringen die reichlich vorhandenen Fehlerquellen zu eliminieren auf dem Weg zur höheren Freequenz und zu mehr Effektivität.
50708	Fehlerquelle	Fehler	Quelle	5.000000	0.000000	2.800000	1.686550	Wenn wir uns weiter ins Land begeben, müssen wir Fehlerquellen ausschließen, unsere Vorgehensweise optimieren und weitere abenteuerlustige Demokratie-Entdecker für unserer Sache gewinnen.
50709	Fehlerquelle	Fehler	Quelle	4.900000	0.316228	2.800000	1.988860	Aus diesen Erfahrungen entwickelte sich naturgemäss der Wunsch, jene Fehlerquellen nach Möglichkeit fernzuhalten.
50710	Fehlerquelle	Fehler	Quelle	4.800000	0.421637	3.000000	1.885620	Sie ist dabei deutlich einfacher in der Handhabung und weist weniger Interferenzen und Fehlerquellen auf, als alternative Verfahren mit vergleichbarer Empfindlichkeit.
50711	Fehlerquelle	Fehler	Quelle	4.600000	0.966092	3.300000	1.828780	VMware View bietet Hochverfügbarkeit ohne Single-Point-of-Failure (einzelne Fehlerquelle ).
50712	Feldzug	Feld	Zug	2.400000	1.776390	0.500000	0.527046	An den Feldzügen 1866 u. 1870 nahm O. als Johanniterritter Teil.
50713	Feldzug	Feld	Zug	3.600000	1.955050	0.900000	0.875595	(Feldzug des preuß. Heers gegen -- Einen Demokraten. )
50714	Feldzug	Feld	Zug	3.200000	1.686550	1.000000	0.942809	Der zweite Weltkrieg steht vor der Tür und ihr müsst in diesem zeitlosen Real-Time Strategy Game euren Feldzug planen und durchführen.
50715	Feldzug	Feld	Zug	1.600000	2.221110	1.000000	1.885620	Das was ich erlebt habe ist aber Mobbing durch die KK und hier hat zu Beginn eine SB ihren persönlichen Feldzug gegen mich gestartet, weil ich eben meinen Mund aufgemacht habe.
50716	Feldzug	Feld	Zug	2.300000	2.002780	1.300000	1.251670	Den obigen Spruch hat der Graf Moltke, der geistige Leiter des Feldzugs, eingeschrieben.
50717	Feldzug	Feld	Zug	2.300000	1.888560	1.300000	1.567020	Insofern waren die Geschenkübergaben an Manachpiria auf seinem 14. Feldzug im 39. Jahre, das ist 648 ndFl, ganz normale Tributablieferungen eines ägyptischen Landes.
50718	Feldzug	Feld	Zug	1.400000	1.349900	1.300000	1.702940	Der Generalmarsch wirbelte, und auf dem riesigen, grünen Rasenteppich von Caen versammelten sich die Freiwilligen, die sich anschickten nach Paris zu ziehen, um dort einen Feldzug gegen Marat zu unternehmen.
50719	Feldzug	Feld	Zug	2.200000	2.149940	1.400000	1.712700	Wunderbare Reisen zu Wasser und Lande, Feldzüge und lustige Abenteuer des Freiherrn von Münchhausen.
50720	Feldzug	Feld	Zug	2.500000	2.368780	1.400000	1.897370	""" Geschichte des Feldzugs Napoleons in Rußland "" Petersburg 1820; "" Geschichte der Feldzüge der Russen im 18. Jahrh. "" 4 Bde. 1820."
50721	Feldzug	Feld	Zug	2.000000	2.160250	1.800000	1.686550	Auch dieser Feldzug schlägt zunächst fehl, als es Spartacus gelingt, einen Teil der Legionen zu besiegen und die Umzingelungspläne des Crassus ' zu vereiteln.
50722	Fensterfläche	Fenster	Fläche	4.600000	0.516398	3.700000	1.766980	Die ungenügende Belichtung des Bestandes ließ den Wunsch nach wesentlich größeren Fensterflächen entstehen.
50723	Fensterfläche	Fenster	Fläche	5.000000	0.000000	4.100000	1.370320	Über dem Portalsturz befindet sich ein Schild mit dem Reichsadler und die Reichskrone hebt sich auf dem Gipfel des Bildwerks wirkungsvoll von der den Hintergrund bildenden Fensterfläche ab.
50724	Fensterfläche	Fenster	Fläche	4.900000	0.316228	4.100000	1.523880	Große und viele Fensterflächen sind bei Kälte ebenfalls starke Leiter derselben, es wird also ein mit vielen größeren Fenstern angelegter Keller im Winter kälter fein, als wenn er nur kleinere Fenster, oder weniger dergleichen gehabt hätte.
50725	Fensterfläche	Fenster	Fläche	4.818180	0.603023	4.181820	1.470930	Neue Wohnungen glänzen auch damit, dass sie viel heller und mit größeren Fensterflächen konzipiert sind, was der Stimmung generell sehr zuträglich ist.
50726	Fensterfläche	Fenster	Fläche	4.800000	0.421637	4.300000	1.337490	Bitte sorgen Sie dafür, dass der Zugang zu den Fensterflächen hierzu freigeräumt wird.
50727	Fensterfläche	Fenster	Fläche	5.000000	0.000000	4.600000	0.843274	Breite Fensterflächen stehen auf der Wunschliste vieler Bauherren ganz weit oben.
50728	Fensterfläche	Fenster	Fläche	4.900000	0.316228	4.900000	0.316228	Multipliziert mit der auf die Fensterfläche auftreffenden Strahlungsintensität ergibt sich die dem Raum zugeführte Strahlungsleitung in Watt pro Quadratmeter (W / m 2 ).
50729	Ferienspiel	Ferien	Spiel	4.800000	0.421637	3.200000	1.549190	Die Ortsvereinigung des Deutschen Roten Kreuzes Kriftel veranstaltete auch im Millenium-Jahr im Rahmen der Ferienspielen, in der Zeit vom 14 Juli bis 16 Juli 2000 ein Zeltlager.
50730	Ferienspiel	Ferien	Spiel	4.800000	0.632456	4.100000	1.197220	Auch Sie möchten das Stolbärchen unterstützen und ein starker Partner für Stolberger Kinder und Jugendliche werden, indem Sie künftig z.B. Sponsor der Ferienspiele werden?
50731	Ferienspiel	Ferien	Spiel	4.500000	0.849837	4.100000	1.595130	Über 550 Kinder und Jugendliche zum Teil mit Eltern und Großeltern nahmen in 6 Wochen an rund 120 Veranstaltungen der Ferienspiele Hungen teil.
50732	Ferienspiel	Ferien	Spiel	3.700000	1.636390	4.200000	0.918937	"Nach drei erfolgreichen Durchgängen findet in diesem Jahr zum vierten Mal das Ferienspiel "" Stadt in der Stadt "" statt."
50733	Ferienspiel	Ferien	Spiel	4.400000	1.074970	4.200000	1.032800	Die Ferienspiele mit Wasserschlacht und das Sommerfest waren nach seinen Worten Erfolge.
50734	Fernsehspiel	Fernsehen	Spiel	4.400000	1.577620	1.200000	1.316560	Mitte der 1950er Jahre kam Fitzek zum Fernsehen, wo er jahrzehntelang in vielen Fernsehspielen, Serien und Mehrteilern zu sehen war.
50735	Fernsehspiel	Fernsehen	Spiel	4.400000	0.699206	2.100000	1.523880	"Scheer ich muß es wissen Ansonsten wollt ich einen Tatort sehen und nicht "" Das kleine Fernsehspiel "" Ab der angesprochenen Krankenwagen / Gaffer Szene wurde es bedrückend, vorher lediglich dröge und öde und sich an der Selbstinzenierung berauschend."
50736	Fernsehspiel	Fernsehen	Spiel	4.900000	0.316228	2.400000	1.429840	Gernot Krää schrieb zahlreiche Drehbücher für Fernsehspiele, Krimi-Serien und für Unterhaltungsprogramme wie EVELYN HAMANNS GESCHICHTEN AUS DEM LEBEN oder ZWEI MÄNNER AM HERD.
50737	Fernsehspiel	Fernsehen	Spiel	4.500000	0.707107	2.400000	1.505550	"Mit dem mehrfach ausgezeichneten Film "" Berlin is in Germany "", gefeierter Publikumspreisträger der Berlinale 2001, startet zeitgleich im ZDF und ORB die gemeinsame Reihe "" OSTWIND "", die von der Redaktion Das kleine Fernsehspiel betreut wird."
50738	Fernsehspiel	Fernsehen	Spiel	4.300000	1.567020	2.600000	1.646550	Als Partner und Koproduzenten für die Kino-Koproduktion sind das ZDF - Kleines Fernsehspiel, arte und die Wiener Allegro Film mit im Boot.
50739	Festspiel	Fest	Spiel	3.800000	1.813530	2.400000	1.837870	Das Tanztheaterstück revolver besorgen ist am Donnerstag, 24.11. und am Freitag, 25.11.2011, jeweils um 19.30 Uhr im Rahmen der Festspiele Ludwigshafenzu sehen.
50740	Festspiel	Fest	Spiel	4.600000	0.966092	2.500000	1.581140	Aber auch außerhalb Europas wurde Oskar Hillebrandt an viele Opern - und Konzerthäuser sowie internationale Festspiele, darunter die Bayreuther Festspiele, die Carnegie Hall in New York, sowie nach Santiago de Chile, Tokyo und Neuseeland berufen.
50741	Festspiel	Fest	Spiel	3.900000	1.728840	2.800000	1.988860	K.WES T: Herr Mortier, Sie bringen für die Ruhrtriennale heute mehr Aufmerksamkeit und Verantwortungsgefühl auf als für die Salzburger Festspiele, deren Leitung Sie 1991 übernommen hatten.
50742	Festspiel	Fest	Spiel	3.800000	1.549190	2.900000	1.286680	"Erst die Friedensbotschaft erlöste den Dichter aus seiner dumpfen Verstimmung; er atmete erleichtert auf und schrieb zur Friedensfeier das Festspiel "" des Epimenides Erwachen "" um nach seiner Weise durch ein poetisches Bekenntnis seine Brust vollends zu befreien."
50743	Festspiel	Fest	Spiel	3.600000	1.897370	3.000000	1.563470	Viele bekannte Schauspieler wie Günter Strack, Anja Kruse, Joachim Hansen, Kai Fischer, Peter Bongartz, u.v.a. waren schon bei den Heppenheimer Festspielen engagiert.
50744	Festspiel	Fest	Spiel	4.100000	1.523880	3.000000	1.563470	- Festspiel zur 100. Geburtstagsfeier Kaiser Wilhelms d. Gr., 1897.
50745	Festspiel	Fest	Spiel	4.400000	0.843274	3.300000	1.567020	- Festspiel zur Uhlandfeier, 1887. - Allotria (Dn. ), 1892. 2. A. 1909. - Vorträge.
50746	Festspiel	Fest	Spiel	4.400000	0.843274	3.500000	1.649920	Wir haben nämlich von ihm fast nur Epinikien und Enkomien: Siegeslieder und Lobgesänge, verfasst auf die Sieger bei nationalen Festspielen.
50747	Festspiel	Fest	Spiel	4.400000	0.843274	3.700000	1.636390	"Auch König Otto kam einmal in die alte Heimat, gastlich empfangen von der Muse der Charlotte Birch-Pfeiffer, die ihm ein Festspiel "" der Liebe Streit "" widmete."
50748	Festspiel	Fest	Spiel	4.300000	1.059350	3.800000	1.475730	"Gemeinsam mit Harry Kupfer arbeitete er an der Sächsischen Staatsoper Dresden, an der Deutschen Staatsoper Berlin ("" Parsifal "" ) und bei den Bayreuther Festspielen ("" Der fliegende Holländer "" )."
50749	Feuerwerk	Feuer	Werk	3.333330	2.121320	0.666667	0.866025	In Folge von Differenzen zwischen den Behörden und der Bevölkerung bei der Columbusfeier fanden Zusammenstöße mit der Gendarmerie während des Feuerwerkes statt.
50750	Feuerwerk	Feuer	Werk	3.000000	1.763830	0.900000	1.197220	Silvester, Feuerwerk und gute Vorsätze, das gehört zusammen wie Sommerurlaub und Sonne.
50751	Feuerwerk	Feuer	Werk	3.500000	1.779510	1.000000	1.054090	Das gibt dann ein dem Gewehrfeuer ähnliches Geknatter; zugleich brechen große Flammen zwischen den Walzen hervor und glühende Kohlenstückchen, die zu Tausenden umherfliegen, bewirken ein förmliches Feuerwerk.
50752	Feuerwerk	Feuer	Werk	3.600000	2.011080	1.000000	1.333330	Die französische Revolution (der Roman umfasst den Zeitraum von März 1792 bis Juli 1793 ) spielt ebenso eine Rolle wie der Zirkusshows bei Astley, seine Pantomimen und Feuerwerke.
50753	Feuerwerk	Feuer	Werk	3.900000	1.595130	1.000000	1.563470	Hab mir gestern das Feuerwerk angesehen und dachte mir schon im Vorfeld das kann nicht sein.
50754	Feuerwerk	Feuer	Werk	3.300000	1.159500	1.100000	1.197220	Es gibt noch genügend Möglichkeiten, um beispielsweise kurzfristig eine Städtereise zu buchen, in der speziell an Silvester ein nicht nur ein tolles Programm, sondern auch die schönsten Feuerwerke abgebrannt werden.
50755	Feuerwerk	Feuer	Werk	3.727270	1.848830	1.727270	1.555050	An demselben Tage begann die Feier des chinesischen Neujahrsfestes; das Feuerwerk knallte die ganze Nacht.
50756	Feuerwerk	Feuer	Werk	3.200000	1.619330	1.800000	1.549190	Doch lassen wir die Chemie als Feuerwerk in sechs Vorstellungen auf sich beruhen; denn das ganze Treiben auf dem sogenannten Lyzeum ist ja überhaupt Spielerei und Schein.
50757	Feuerwerk	Feuer	Werk	3.444440	2.185810	1.888890	1.964970	Es toastirte sodann noch Herr Künstler auf die deutschen Frauen und Herr Hecke auf den deutschen Schulverein, speziell auf die Ortsgruppe Olmütz, worauf nach Absingung des deutschen Liedes ein Feuerwerk und ein Tanzkränzchen den würdigen Abend beschloß.
50758	Feuerwerk	Feuer	Werk	3.000000	1.885620	2.000000	1.414210	Uns ist es wichtig, Ihnen mit unserem unvergleichbaren, professionellen Feuerwerk in bester und empfehlenswerter Erinnerung zu bleiben.
50759	Finanzchef	Finanz	Chef	4.100000	1.663330	3.800000	1.813530	Sicher ist, dass der Geschäftsmann in Hamburg ein Konto für den 1998 verhafteten mutmaßlichen früheren Finanzchef Bin Ladens, Mamdouh Mahmud Salim, eröffnete.
50760	Finanzchef	Finanz	Chef	4.700000	0.674949	4.400000	1.577620	Der Amerikaner war Finanzchef des russischen Erdölkonzerns Jukos, bis der enteignet wurde.
50761	Finanzchef	Finanz	Chef	4.300000	1.251670	4.600000	0.699206	Wenn es nicht gelingen sollte, dann, so hat Finanzchef Claus Horstmann vorgerechnet, wird man den Profi-Etat, der sich in dieser Saison auf 19 Millionen Euro beläuft, auf etwa zwölf Millionen zurückfahren müssen.
50762	Finanzchef	Finanz	Chef	4.800000	0.632456	4.900000	0.316228	Sie haben die Fehler erst nach dem Abgang des Finanzchefs entdeckt.
50763	Finanzchef	Finanz	Chef	4.200000	1.316560	5.000000	0.000000	Siemens ' früherer Finanzchef, Mitte November letzten Jahres im Zusammenhang mit der AUB-Affäre wegen Untreue und Steuerhinterziehung verurteilt, gehörte dem Gremium seit Anfang 2005 an.
50764	Firmenchef	Firma	Chef	4.600000	0.699206	4.500000	1.269300	Die impulse-Bloggerin erklärt, warum sie andere Firmenchefs dazu motiviert, in ihren Regionen Bäume zu pflanzen.
50765	Firmenchef	Firma	Chef	4.300000	1.337490	4.700000	0.948683	"Dazu ein Kommentar vom Firmenchef Hans-Hermann Schaber: "" Wir sind mit den Ergebnissen des abgelaufenen Geschäftsjahres sehr zufrieden."
50766	Firmenchef	Firma	Chef	4.900000	0.316228	4.800000	0.421637	Stefan Weiss, DoP und Firmenchef von Weisscam, stellt im Video einen Prototypen der neuentwickelten T -1 vor.
50767	Firmenchef	Firma	Chef	4.900000	0.316228	4.900000	0.316228	"Nach einer Studie der Initiative Neue Soziale Marktwirtschaft (INSM ) über "" Corporate Social Responsibility "", die vom Wirtschaftsmagazin für Unternehmer ' impulse ' exklusiv veröffentlicht worden ist, geben die Firmenchefs jährlich 10,3 Milliarden Euro für gemeinnützige Zwecke aus."
50768	Firmenchef	Firma	Chef	5.000000	0.000000	5.000000	0.000000	Asiatische Produzenten ließen nachts die Maschinen weiterlaufen und verkauften die Taschen jahrelang auf eigene Rechnung auf dem Schwarzmarkt, was Firmenchef Cromer nicht erfuhr.
50769	Fischsuppe	Fisch	Suppe	4.600000	0.966092	4.500000	1.269300	Es zieht an wie Fischsuppe, z. B. der Stock, mit dem man züchtigt; der Nagel, den man einschlägt.
50770	Fischsuppe	Fisch	Suppe	4.700000	0.674949	4.700000	0.948683	Sie wollten sich auf der anderen Seite der Bucht Fischsuppe kochen und hatten den Topf dazu vergessen.
50771	Fischsuppe	Fisch	Suppe	4.900000	0.316228	4.800000	0.421637	"Eine Spezialität, die in den Hafenstädten angeboten wird, ist die Fischsuppe "" bouillabaisse ""."
50772	Fischsuppe	Fisch	Suppe	4.800000	0.632456	4.800000	0.632456	Wir fordern alle geeigneten Kandidaten auf, sich unter Nennung ihres Namens und eines kleinen Wahlprogrammes am Montag pünkltich zur Fischsuppe in Oma Hansens Hinterzimmer (da wo der Ofen wummert ) einzufinden, um die notwendige Wahl hinter uns zu bringen.
50773	Fischsuppe	Fisch	Suppe	5.000000	0.000000	4.900000	0.316228	Zum Mittagessen beispielsweise führt er die hungrigen Biker in ein Restaurant, wo die angeblich beste Fischsuppe der Insel serviert wird.
50774	Fischsuppe	Fisch	Suppe	5.000000	0.000000	5.000000	0.000000	Bekanntlich kann man aus einem Aquarium eine leckere Fischsuppe herstellen - aber aus der Fischsuppe kein buntes Aquarium beleben.
50775	Fischsuppe	Fisch	Suppe	4.700000	0.674949	5.000000	0.000000	Dem Armen seine Sci (Kohlsuppe ) besser als dem Reichen dessen Ucha (Fischsuppe ).
50776	Fischsuppe	Fisch	Suppe	5.000000	0.000000	5.000000	0.000000	Die Russen: Des Armen Sci (Kohlsuppe ) schmeckt besser, als des Reichen Ucha (Fischsuppe ).
50777	Flaschenzug	Flasche	Zug	0.800000	1.475730	0.800000	1.229270	Also mit Flaschenzug kann ich mir das schwer vorstellen wenn da Menschen ziehn.
50778	Flaschenzug	Flasche	Zug	1.900000	2.131770	1.400000	1.264910	Bei einem letzten angestrengten Versuche, die Spannung der Brücke etwas mehr der Horizontale zu nähern, erwies sich die Kraft der Flaschenzüge als so ungeheuer, daß auf der einen Seite die ganze Erdmasse der Uferböschung, die den Balken hielt, zu weichen anfing.
50779	Flaschenzug	Flasche	Zug	1.900000	2.469820	1.500000	2.121320	Flaschenzug, von Archimedes erfundene mechanische Vorrichtung zum Heben schwerer Lasten.
50780	Flaschenzug	Flasche	Zug	0.900000	1.728840	1.700000	1.828780	Ich bin seit langer Zeit Kletterer und habe daher auch alles was man als Equipment braucht und ich habe gesehen dass man lines auch mit einem Flaschenzug spannen kann.
50781	Flaschenzug	Flasche	Zug	0.500000	0.849837	1.800000	1.751190	14. Die Lagrange'sche Ableitung hat wirklich etwas Überzeugendes, wenn man sich über die etwas fremdartige Fiktion der Flaschenzüge hinwegsetzt, weil das Verhalten eines einzigen Gewichtes unserer Erfahrung viel näher liegt und leichter zu übersehen ist, als das Verhalten mehrerer Gewichte.
50782	Flaschenzug	Flasche	Zug	2.100000	2.282790	1.900000	1.449140	Da mußt du halt den Flaschenzug vor dem Spannen längst nicht soweit ausziehen, als wenn du keinen Slackdog hast, wo der Durchhang der Leine komplett vom Flaschenzug eingezogen werden muß, was diesen beträchtlich verlängert, vor allem die Länge des benötigten Statikseils.
50783	Flaschenzug	Flasche	Zug	1.000000	1.885620	2.000000	2.260780	Nur im Bereich des Kirchendaches befindet sich eine Gaupe mit vorkragendem Balken, der noch die Rolle eines Flaschenzuges aufweist.
50784	Flaschenzug	Flasche	Zug	1.200000	1.751190	2.100000	1.663330	Sie wurde von Galileo Galilei und Isaac Newton begründet und ging aus der Entwicklung einfacher Maschinen (Hebel, Flaschenzug ) und aus der Beobachtung der Himmelskörper hervor.
50785	Flaschenzug	Flasche	Zug	0.900000	0.875595	2.200000	1.813530	Die Hängelampe, von einem Stuhlbeine getroffen, riß vom Flaschenzuge ab, fiel auf den Tisch, wo sie zerbrach.
50786	Flaschenzug	Flasche	Zug	0.100000	0.316228	2.400000	1.712700	Bei diesen (Fig. 166 ) war das Geschütz an Flaschenzügen senkrecht mit der Mündung nach unten aufgehängt und drückte der senkrechten Bohrstange S S, welche durch Pferde umgedreht wurde, entgegen.
50787	Flusswasser	Fluss	Wasser	4.800000	0.421637	4.800000	0.632456	Nach über 100 Alpenkilometern freuen wir uns auf das eiskalte Flusswasser und eine hoffentlich ruhigen Nacht.
50788	Flusswasser	Fluss	Wasser	4.909090	0.301511	4.818180	0.603023	Mitarbeiter bohren Brunnen, organisieren Wassertransporte oder pumpen Flusswasser ab und entkeimen es, meist mit Chlor.
50789	Flusswasser	Fluss	Wasser	4.900000	0.316228	4.900000	0.316228	Aber wie wohnen die da, wo ist das Boot, wie kochen sie, trinken sie das Flußwasser?
50790	Flusswasser	Fluss	Wasser	4.700000	0.674949	4.900000	0.316228	An vielen Lagerplätzen besteht die Möglichkeit, sich mit Bach - oder Flusswasser zu waschen.
50791	Flusswasser	Fluss	Wasser	5.000000	0.000000	5.000000	0.000000	Sie ist während vieler Jahrhunderte mit aufgestautem Flusswasser betrieben worden 1827 hat ein großes Feuer die Mühle so weit zerstört, dass man sie aufgeben musste.
50792	Forschungsstand	Forschung	Stand	4.800000	0.421637	2.800000	1.475730	Inklusive den beiden Ergänzungsbänden versammeln sie 2160 Texte von Tucholsky aus den Jahren 1907 bis 1935. Sie bieten so eine auch angesichts der im einzelnen nicht unberechtigten Kritik an den damaligen Auswahlkriterien und dem mittlerweile wesentlich verbesserten bibliographischen Forschungsstand noch immer beeindruckende Textfülle.
50793	Forschungsstand	Forschung	Stand	4.700000	0.948683	3.100000	1.449140	, Dowe, Haupt, Europa 1848, S. 167 - 195, v.a. S. 18 ff. Dieter Langewiesche: Die Revolution von 1847 / 49. Forschungsstand und Forschungsdiskussion, in: 150 Jahre Deutsche Revolution.
50794	Forschungsstand	Forschung	Stand	4.300000	0.948683	3.200000	1.686550	Der Aufsatz trägt Merkmale eines Workingpaper: Aufarbeitung des Forschungsstandes, einige Gedanken und Argumente, aber auch noch lose Enden.
50795	Forschungsstand	Forschung	Stand	4.700000	0.674949	3.300000	1.494430	""" dokumentiert online die Geschichte des Widerstands evangelischer Christinnen und Christen im Nationalsozialismus auf der Grundlage des aktuellen Forschungsstandes im multimedial vielschichtigen Gewand."
50796	Forschungsstand	Forschung	Stand	4.800000	0.632456	3.300000	1.702940	Krzysztof Ruchniewicz faßt im letzten Beitrag des Bandes den Forschungsstand zum Thema der Vertreibung der Deutschen aus Polen nach dem Zweiten Weltkrieg zusammen.
50797	Frachtführer	Fracht	Führer	4.100000	0.567646	2.300000	1.567020	Die Post, welche auf Grund des Postgesetzes Entschädigung leistet, führt das Postgesetz in keinem anderen Sinne aus, wie der Frachtführer, welcher für ein verlorenes Frachtgut Schadensersatz zahlt, das Handelsgesetzbuch ausführt.
50798	Frachtführer	Fracht	Führer	4.400000	1.577620	3.000000	1.943650	Sie helfen uns aber, unsere eigenen Ansprüche gegenüber dem Frachtführer bzw. Transportversicherung geltend machen zu können.
50799	Frachtführer	Fracht	Führer	4.000000	1.632990	3.000000	1.943650	Nach dem gemeinen Handelsrecht haftet der Frachtführer, welcher zur gänzlichen oder teilweisen Ausführung des von ihm übernommenen Transports das Gut einem anderen Frachtführer übergibt, für diesen und die etwa folgenden Frachtführer bis zur Ablieferung.
50800	Frachtführer	Fracht	Führer	4.000000	1.414210	3.300000	1.418140	So beispielsweise für Frachtführer, also jene Unternehmen, die ausschließlich die Beförderung der Waren überneh ­ men.
50801	Frachtführer	Fracht	Führer	4.200000	1.619330	3.300000	1.636390	Die älteren Händler sind Hausierer, die mit Karren, Lasttieren und Schiffen von Ort zu Ort, von Stamm zu Stamm, von Küste zu Küste ziehen; sie sind meist Groß- und Kleinhändler, Frachtführer und Warenbesitzer, oft auch technische Künstler und Handwerker zugleich.
50802	Frachtführer	Fracht	Führer	5.000000	0.000000	3.300000	1.702940	Ist der Kunde Unternehmer, so geht die Gefahr auf den Besteller über, sobald die Ware (Sendung ) an den Spediteur, Frachtführer oder die den Transport ausführende Person übergeben worden ist, spätestens mit verlassen des Lagers.
50803	Frachtführer	Fracht	Führer	3.500000	1.581140	3.500000	1.269300	"Art. 395 des H.-G.-B. befreit den Frachtführer, wenn die Beschädigung "" durch höhere Gewalt (vis major ) "" entstanden ist."
50804	Frachtführer	Fracht	Führer	4.100000	1.100500	3.500000	1.779510	Gesetzlich betrachtet, deutet die Zuständigkeit der ordentlichen Gerichte gewiß auf die (ursprünglich ) privatrechtliche Natur des Rechtsverhältnisses zwischen Frachtführer und Aufgeber hin.
50805	Frachtführer	Fracht	Führer	4.400000	1.074970	3.800000	0.918937	Ist der Kunde ein Unternehmer, so geht die Gefahr auf diesen über, sobald wir die Sache dem Spediteur, Frachtführer oder der sonst zur Ausführung der Versendung bestimmten Person oder Anstalt übergeben haben.
50806	Frachtführer	Fracht	Führer	4.500000	1.080120	4.400000	0.843274	Art 9 (1 ) Der Frachtbrief dient bis zum Beweis des Gegenteils als Nachweis für den Abschluß und Inhalt des Beförderungsvertrages sowie für die Übernahme des Gutes durch den Frachtführer.
50807	Fraktionschef	Fraktion	Chef	4.800000	0.632456	4.100000	1.911950	"Merkel traf sich nach Informationen der "" Süddeutschen Zeitung "" (Freitagausgabe ) am Mittwoch mit SPD-Parteichef Sigmar Gabriel sowie Fraktionschef Frank-Walter Steinmeier, um über einen Energiekonsens zu sprechen."
50808	Fraktionschef	Fraktion	Chef	4.600000	0.699206	4.400000	1.577620	"Sachsen (3 ): "" Linker Fraktionschef entgeht nur knapp einer Blamage - Neue Landtagsfraktion verpasst André Hahn einen Denkzettel "" - Bericht in der "" Freien Presse "", vom 3. September 2009 5. Fraktion DIE LINKE."
50809	Fraktionschef	Fraktion	Chef	4.600000	0.843274	4.700000	0.674949	Der Fraktionschef im Bodenseekreis und Landtagsabgeordnete Norbert Zeller rügt, es habe in der OEW nie eine Abstimmung über die künftige Strategie hinsichtlich der EnBW-Beteiligung gegeben.
50810	Fraktionschef	Fraktion	Chef	4.800000	0.421637	4.800000	0.421637	Jedenfalls hat ihr Partei - und Fraktionschef Guido Westerwelle dafür geworben.
50811	Fraktionschef	Fraktion	Chef	4.900000	0.316228	4.800000	0.632456	Frontmann auch dieser Teams ist und bleibt Gregor Gysi, der Fraktionschef im Bundestag.
50812	Fuchsjagd	Fuchs	Jagd	3.000000	2.309400	3.900000	1.663330	Testprüfungen, praktische Funkausbildung und auch ein kleines Bastelprojekt sowie eine Fuchsjagd sollen das Programm abrunden.
50813	Fuchsjagd	Fuchs	Jagd	4.000000	1.885620	3.900000	1.663330	Zu sechst spielten wir Fuchsjagd und Mensch ärgere Dich nicht.
50814	Fuchsjagd	Fuchs	Jagd	4.111110	1.691480	4.111110	1.166670	Doch der Balg ist so wertvoll, daß viele Stämme der Kaffern die Fuchsjagd für die lohnendste halten von allen denen, welche sie überhaupt betreiben.
50815	Fuchsjagd	Fuchs	Jagd	4.500000	1.581140	4.500000	1.581140	Sonnabend, 15. Juni 1991. Vor 20 Jahren durfte ich ab und zu mit zur Fuchsjagd.
50816	Fuchsjagd	Fuchs	Jagd	4.333330	0.866025	4.555560	0.726483	"Ich hörte ja, Sie und Robin hätten sich auf der letzten Fuchsjagd die Hälse gebrochen! """
50817	Fuchsjagd	Fuchs	Jagd	4.100000	1.595130	4.800000	0.421637	-- Ein Gymnasiast war mit seinem Vater, einem Gerbermeister, der in einem Dorfe bei Königsberg wohnt, auf die Fuchsjagd gegangen.
50818	Fuchsjagd	Fuchs	Jagd	4.500000	1.581140	4.900000	0.316228	Im Anschluss an Fuchsjagd und Siegerehrung wird im gemütlichen Beisammensein gegrillt werden.
50819	Fuchsjagd	Fuchs	Jagd	5.000000	0.000000	4.900000	0.316228	Durch den giftigen Hauch der Lokomotiven würden die Vögel in der Luft getötet; Fasanen- und Fuchsjagden wären nicht mehr möglich.
50820	Fuchsjagd	Fuchs	Jagd	3.900000	2.079000	5.000000	0.000000	"19 84.05.05 18 ° ° "" Nachtfest "" im OV-Heim, mit Nachtfuchsjagd: Start der Fuchsjagd ab 21 ° ° vom OV-Heim aus, veranstaltet von Norbert Leckel DK 3 ZV und Rudolf Noll DH 5 FAS."
50821	Fundsache	Fund	Sache	4.700000	0.674949	4.000000	1.699670	02.10.2006 Fundsachen werden versteigert Die nächste Versteigerung der Fundsachen des Fundbüros Aalen findet am Donnerstag, 12. Oktober 2006, 14 Uhr, im Foyer des Rathauses Aalen, Marktplatz 30, statt.
50822	Fundsache	Fund	Sache	4.500000	0.849837	4.300000	0.823273	Versteigerung von Gepäck und Fundsachen am Düsseldorfer Flughafen... 10. Juli 2009...
50823	Fundsache	Fund	Sache	4.600000	0.699206	4.300000	1.337490	Am kommenden Samstag, 9. Dezember, werden im Nettetaler Rathaus wieder Fundsachen verkauft.
50824	Fundsache	Fund	Sache	4.700000	0.483046	4.600000	0.843274	Sie sollten aber erst ca. drei Wochen nach Verlust die Bescheinigung ausstellen lassen, da nach unseren Erfahrungen die Fundsachen nicht sofort abgegeben werden.
50825	Fundsache	Fund	Sache	4.600000	0.699206	4.600000	0.966092	Wird die Fundsache dann nach sechs Monaten nicht durch den Eigentümer abgeholt, geht die Fundsache in den Besitz des zuständigen Fundamts über, sofern der Finder nicht einen Rückgabeanspruch bei der Abgabe der Fundsache angemeldet hat.
50826	Funktionsfähigkeit	Funktion	Fähigkeit	4.300000	1.251670	3.700000	1.636390	Es setzt dies also unseren allgemeinsten Erfahrungen nach mit Notwendigkeit voraus, dass Veränderungen in der Zusammensetzung der zelligen Teile eingetreten sein müssen, welche die natürliche Funktionsfähigkeit derselben alterieren.
50827	Funktionsfähigkeit	Funktion	Fähigkeit	4.000000	1.154700	3.800000	1.751190	Wer da jetzt noch weiter kürzt, legt unmittelbar Hand an die Funktionsfähigkeit des Staates.
50828	Funktionsfähigkeit	Funktion	Fähigkeit	4.400000	0.843274	4.100000	1.286680	Solche Veränderungen, wenn sie auf Reize eintreten, die nicht groß genug sind, um die Teile sofort zu zerstören oder ihre Funktionsfähigkeit zu erschöpfen, sind nur dann möglich, wenn es entweder nutritive oder formative Reize sind.
50829	Funktionsfähigkeit	Funktion	Fähigkeit	5.000000	0.000000	4.300000	0.948683	Mit dem Digitalmultimeter können Sie auch die Funktionsfähigkeit von Dioden überprüfen.
50830	Funktionsfähigkeit	Funktion	Fähigkeit	4.600000	0.699206	4.400000	0.843274	"Die "" Internationale Klassifikation der Funktionsfähigkeit, Behinderung und Gesundheit "" (ICF ) gewinnt für die berufliche Rehabilitation an Bedeutung, da sich Leistungen zur Teilhabe am Arbeitsleben zunehmend an der ICF orientieren."
50831	Funktionsfähigkeit	Funktion	Fähigkeit	4.300000	0.948683	4.500000	0.707107	Der Bundesgerichtshof sieht insbesondere in der möglichen Einflussnahme der Berufsverbindungen auf die Besetzung von Notarstellen die Gefahr einer Beeinträchtigung der Personalhoheit der Landesjustizverwaltung und damit einhergehend für die Funktionsfähigkeit der Rechtspflege.
50832	Funktionsfähigkeit	Funktion	Fähigkeit	4.000000	1.699670	4.800000	0.632456	Die EADS baut nun die Raketen komplett aus den von ihr und den Partnerfirmen hergestellten Einzelteilen zusammen und ist für die Funktionsfähigkeit der kompletten Raketen verantwortlich.
50833	Führerstand	Führer	Stand	3.000000	2.054800	2.100000	2.024850	Sie sah den Lokomotivführer im Führerstand und erkannte ihren Bruder.
50834	Führerstand	Führer	Stand	2.200000	2.149940	2.300000	1.636390	Auf dem Dampfdome befinden sich stets zwei Sicherheitsventile, von denen das eine durch Federwerke im Führerstande beliebig belastet werden kann, während das zweite, welches auf 9--12 Atmosphären gestellt ist, dem Führer unzugänglich ist.
50835	Führerstand	Führer	Stand	4.100000	1.523880	2.400000	1.712700	Als sie mich schließlich aus dem Führerstand zogen, war nur noch ein Krater, wo sich vor Kurzem noch mein Geburtsort aus den Elbauen erhoben hatte, wie ein großer, schwarzer Pickel aus dem Gesicht eines schönenen Mädchens.
50836	Führerstand	Führer	Stand	3.400000	1.837870	2.500000	1.649920	Der Führerstand -- von dessen bequemer Einrichtung bereits flüchtig die Rede war -- ist ganz verschieden von dem europäischer Lokomotiven.
50837	Führerstand	Führer	Stand	4.300000	1.251670	2.500000	2.068280	Am Dom vorbei gelangt man durch eine Tür direkt in den Führerstand 1 mit mittigem Stuhl für den Triebfahrzeugführer, ein zweiter Stuhl, ist links für den Beimann vorhanden.
50838	Führerstand	Führer	Stand	3.000000	1.763830	2.700000	2.002780	Am Führerstande befindet sich ein Hebel, durch dessen Drehung der Strom eingeleitet oder unterbrochen oder auch durch Einschaltung von Widerständen geschwächt werden kann.
50839	Führerstand	Führer	Stand	4.500000	0.707107	3.000000	1.563470	Zugwagen waschen, im Führerstand das Kommando übernehmen und mit dem Streckenwärter im UNESCO-Weltkulturerbe unterwegs: Der Lokführer bei Rhätischen Bahn ist gewählt.
50840	Führerstand	Führer	Stand	3.900000	1.595130	3.300000	1.567020	@Alle leider habe ich erst heute die Kommentare zu meinem hier bei TT onlinegestellten 145 / 146 er Führerstand gelesen.
50841	Führungszeugnis	Führung	Zeugnis	2.900000	1.523880	4.000000	1.247220	Amtliches Führungszeugnis, das nicht früher als einen Monat vor dem mündlichen Überprüfungstermin ausgestellt worden sein darf (zu beantragen beim zuständigen Einwohneramt und direkt an Frau Bendick zum mündlichen Termin senden lassen ).
50842	Führungszeugnis	Führung	Zeugnis	2.300000	1.494430	4.500000	0.707107	Zur Vorlage bei einer Behörde (Beleg-Art O ): Das Führungszeugnis wird direkt der Behörde zugesandt, die Sie angeben.
50843	Führungszeugnis	Führung	Zeugnis	2.000000	1.563470	4.600000	0.699206	Etwa eine Woche später teilte mir die Fa. XXXXX mit, das nun doch ein aktuelles Führungszeugnis benötigt wird.
50844	Führungszeugnis	Führung	Zeugnis	2.700000	1.766980	4.700000	0.674949	Voraussetzung ist das 18. Lebensjahr und evtl. ein polizeiliches Führungszeugnis.
50845	Führungszeugnis	Führung	Zeugnis	3.300000	1.494430	4.800000	0.632456	von welchem Personenkreis genau haben Sie die das einfache Führungszeugnis und von welchem Personenkreis haben Sie das erweiterte Führungszeugnisse verlangt?
50846	Gastarbeiter	Gast	Arbeiter	4.090910	1.300350	4.545450	1.507560	Zuwanderer, Einwanderer, Immigranten, Migranten, Menschen mit Migrationshintergrund, Gastarbeiter, Wirtschaftsflüchtlinge, Asylbewerber Tolle Synonymsammlung.
50847	Gastarbeiter	Gast	Arbeiter	3.200000	1.686550	4.800000	0.421637	Die Zahl der vorwiegend aus den Mittelmeerländern kommenden Gastarbeiter stieg von ca. 800 000 im Jahr 1956 bis auf rd 3 Millionen im Jahr 1980. Hierbei handelt es sich jedoch eindeutig um Menschen mit Migrationshindergrund, da spätestens seit 1960 auch Familiennachzug erfolgte.
50848	Gastarbeiter	Gast	Arbeiter	3.600000	1.837870	4.800000	0.632456	"Dies wurde damals aber noch gar nicht wahrgenommen, da man die Einwanderer als "" Gastarbeiter "" ansah, also als Menschenmasse, die bei Bedarf wieder verschwinden würde, ohne kulturelle Spuren zu hinterlassen."
50849	Gastarbeiter	Gast	Arbeiter	4.100000	1.100500	4.900000	0.316228	Bevölkerung in der Schweiz, vorwiegend Gastarbeiterinnen und Gastarbeiter, wuchs in diesem Zeitraum von 13 ' 524 auf 121 ' 237 Personen.
50850	Gastarbeiter	Gast	Arbeiter	3.400000	1.776390	5.000000	0.000000	Das Gros der Bevölkerung stammt denn auch aus Asien: 85% der ausländischen Gastarbeiter (Expats ) sind Pakistanis, Inder, Sri Lanker und Filipinen (450.000 ).
50851	Gaswerk	Gas	Werk	4.700000	0.483046	2.800000	1.751190	Als Hauptindustrien dieser Art kann man gegenwärtig Gaswerke, Telegraphie, Photographie, Dampfschifffahrt und Eisenbahnwesen betrachten.
50852	Gaswerk	Gas	Werk	4.400000	1.074970	2.800000	1.988860	Das Gaswerk Kaiserslautern zahlt bei einem Gaspreis von 3 fl. per 1000 Kubikfuß eine Dividende von 20 pCt.
50853	Gaswerk	Gas	Werk	4.818180	0.603023	3.090910	2.022600	Z. 616 W. -- Das städt. Gaswerk in Brünn überreicht die Bestimmungen für die Ausführung von Gas-Installationen und die Bedingungen für die Gasabnehmer.
50854	Gaswerk	Gas	Werk	4.200000	1.135290	3.400000	1.837870	Angelo, O Marine-Spital, P Gaswerke, Q Kloster, R Hellene-Thor, S Polverista-Thor, T Zabbar-Thor, U Floriani- Hornwerk, V hydraulisches Hebewerk, W Garten, X Friedhof, Y Quarantaine-Anstalt, X Imgherbek- Spitze. --
50855	Gaswerk	Gas	Werk	4.800000	0.421637	3.500000	1.900290	Die Stadt Baden hat die Errichtung eines städtischen Gaswerkes beschlossen.
50856	Gaswerk	Gas	Werk	4.000000	1.414210	3.600000	2.065590	1884: Ein Gaswerk am Döser Feldweg (heute Poststraße ) und die ersten Gaslaternen werden in Betrieb genommen.
50857	Gaswerk	Gas	Werk	3.800000	1.988860	3.900000	1.728840	Zeitlebens schenkte sie HP Großmann, dem Besitzer der Gaswerk Design - und Projektwerkstatt, Geld um damit den Aufbau der Projektwerkstatt zu unterstützen.
50858	Gaswerk	Gas	Werk	4.700000	0.674949	4.100000	1.286680	Als Bietergemeinschaft gewannen sie einen millionenschweren Auftrag der GASAG Berliner Gaswerke AG und Netzgesellschaft Berlin-Brandenburg mbH & Co.
50859	Gaswerk	Gas	Werk	4.600000	0.843274	4.300000	1.337490	Für die Pressgasbeleuchtung konstruierten die Städtischen Gaswerke eigens besonders gestaltete Kandelaber, von denen einige heute noch erhalten sind.
50860	Gaswerk	Gas	Werk	4.000000	1.490710	4.600000	0.966092	Über zwei Meter hoch hängt sie an dem großen roten Ziegelbau, dem ehemaligen Gaswerk in Glashütte.
50861	Gebirgskette	Gebirge	Kette	4.700000	0.674949	1.300000	1.494430	Eine große, bis zu 5.030 m. hohe Gebirgskette durchzieht das Innere der Insel.
50862	Gebirgskette	Gebirge	Kette	5.000000	0.000000	1.400000	1.173790	Der Platz wurde von der iberischen Golf-Ikone Severiano Ballesteros konzipiert und liegt landschaftlich wunderschön mit Blicken aufs Meer und zur Gebirgskette des Teno, uriblank.
50863	Gebirgskette	Gebirge	Kette	5.000000	0.000000	1.500000	1.269300	In dem Reservat (das von allen Seiten von Gebirgsketten eingesaeumt ist ) konnten sich ueber die Jahre weltweit gefaehrdete Tiere entwickeln, da neben den Wanderwegen ein schier undurchdringliches Dickicht besteht, das fuer Menschen unzugaenglich ist.
50864	Gebirgskette	Gebirge	Kette	5.000000	0.000000	1.500000	1.581140	Infolgedessen hat der Osthang des Gebirges feuchtes Klima und gibt es dort dichte Wälder, das größte Naturwaldgebiet Chinas, während westlich der Gebirgskette weitgehende Trockenheit herrscht.
50865	Gebirgskette	Gebirge	Kette	5.000000	0.000000	1.600000	1.646550	Im Norden setzen die Monti Peloritani, die Monti Nebrodi und die Monti Madonie die Gebirgskette des Apennin fort.
50866	Gebirgszug	Gebirge	Zug	5.000000	0.000000	0.400000	0.699206	Die Gebirgszüge der Seealpen erstrecken sich im Süden bis zur Mittelmeerküste, wo sie in den Ligurischen Alpen ihre Fortsetzung finden und erreichen in dem 3.297 Meter hohen Argentra auf italienischer Seite ihre höchste Erhebung.
50867	Gebirgszug	Gebirge	Zug	4.700000	0.948683	0.400000	0.699206	Setzt man seine Reise durch South Australia kreisförmig fort, nähert man sich nun den Gebirgszügen des Landes, wenn man nach Südosten kommt.
50868	Gebirgszug	Gebirge	Zug	5.000000	0.000000	1.000000	1.333330	Schlesien liegt beiderseits der Oder, und grenzt im Westen an Sachsen, im Norden an Groß-Polen (Posen ), im Osten an Klein-Polen (Krakau ) und wird durch den Gebirgszug der Sudeten von Böhmen und Mähren getrennt.
50869	Gebirgszug	Gebirge	Zug	4.800000	0.421637	1.200000	1.475730	Unternehmen Sie auf der Spitze des höchsten Gebirgszuges von Griechenland Wanderungen mit faszinierenden Aussichten und kosten Sie die außergewöhnlichen Spezialitäten der Region.
50870	Gebirgszug	Gebirge	Zug	5.000000	0.000000	1.200000	1.813530	Jebel Akhdar ist ein Gebirgszug des Hajar-Gebirges, das auf ueber 3000 m Hoehe ansteigt.
50871	Geduldsspiel	Geduld	Spiel	4.600000	0.516398	1.000000	1.563470	Eigentlich hätten wir um 12.00 Uhr in Shanghai sein sollen, doch die letzten 250 km unserer Reise sollten dann zum Geduldsspiel werden.
50872	Geduldsspiel	Geduld	Spiel	4.600000	0.699206	1.500000	1.779510	Das Fotografieren des Babys kann in vielen Fällen zum Geduldsspiel werden.
50873	Geduldsspiel	Geduld	Spiel	4.300000	1.159500	2.500000	1.957890	Zum Saisonstart morgen gegen den Neuling aus Koblenz rechnet Alex Bugera mit einem Geduldsspiel.
50874	Geduldsspiel	Geduld	Spiel	4.800000	0.421637	2.900000	1.663330	""" Wenn sie tiefer stehen, dann kann es sein, dass es ein Geduldsspiel für uns wird "", prognostiziert der Trainer."
50875	Geduldsspiel	Geduld	Spiel	4.700000	0.674949	3.700000	1.636390	Überprüfen Sie die Leistungsfähigkeit ihrer grauen Zellen mit einer Reihe von Geduldsspielen, Rätseln und spaßigen Herausforderungen, die dafür ausgelegt sind, Ihren Verstand auf eine höhere Betriebstemperatur zu bringen.
50876	Gefahrenquelle	Gefahr	Quelle	4.909090	0.301511	2.454550	2.114880	Prüfplaketten sind wichtig, um die regelmäßige Wartung von Maschinen zu dokumentieren und so mögliche Gefahrenquellen durch Verschleiß auszuschließen.
50877	Gefahrenquelle	Gefahr	Quelle	4.600000	0.966092	3.000000	2.000000	Und solang ich erkennen kann um welche Anwendung es sich handelt, die als potenzielle Gefahrenquelle identifiziert wurde ist doch alles in Butter und mir fällt die Entscheidung leicht.
50878	Gefahrenquelle	Gefahr	Quelle	4.600000	0.843274	3.100000	1.911950	"Im Rahmen der sogenannten "" Verkehrssicherungspflicht "" müssen Grundstückseigentümer Gefahrenquellen so sichern, dass niemand zu Schaden kommt: Sie haften grundsätzlich für Personen - und Sachschäden, die von ihrem Bauvorhaben ausgehen und für die sie verantwortlich gemacht werden können."
50879	Gefahrenquelle	Gefahr	Quelle	4.800000	0.421637	3.100000	1.969210	Gefahrenquellen Im Krankenhaus stellen natürlich Geräte zur Dialyse, Luftbefeuchter, Infhalationsgeräte, u.a., eine Gefahrenquelle dar.
50880	Gefahrenquelle	Gefahr	Quelle	5.000000	0.000000	3.300000	1.766980	BGH, Urteil vom 31.01.2002 - 4 StR 289 / 01 (VRS 2002 Bd. 102, 369 ) Zur Garantenstellung und Garantenpflicht bei arbeitsteiliger Beseitigung einer Gefahrenquelle im schienengebundenen Verkehr (Wuppertaler Schwebebahn ).
50881	Geldmangel	Geld	Mangel	4.900000	0.316228	3.800000	1.813530	Am 21. August hörte ich Hrn. Schwarzer sagen, daß bloß Geldmangel den 5 Kr. Abzug bei dem Taglohn der Arbeiter veranlaßt habe, wenige Tage darauf hörte ich Hrn. Schwarzer wieder sagen, daß durchaus nicht Geldmangel die Ursache des Abzuges gewesen ist.
50882	Geldmangel	Geld	Mangel	4.900000	0.316228	4.300000	1.251670	"Mio € werden blitzschnell aus dem "" Nichts "" geschaffen und hier im Land stehen 800.000 Leute ohne Strom da, weil sie aus Geldmangel abgekemmt wurden."
50883	Geldmangel	Geld	Mangel	4.400000	1.577620	4.400000	1.577620	Aber die höchste Trauer war eingezogen, Trübsinn und Schwermut, Geldmangel, Unglück in der Liebe, wenn er über Stirn und Auge hereingedrückt und der Rand, sogar ohne Feder, allseitig heruntergelassen war.
50884	Geldmangel	Geld	Mangel	4.600000	0.699206	4.500000	0.971825	Nur ist dabei der Unterschied zu beachten, daß die Mora in einer bloßen Unterlassung besteht, und nicht notwendig auf Dolus, sondern oft auf bloßem Geldmangel beruht; anstatt daß der unredliche Besitz in einem positiven Handeln besteht, und stets mit Dolus verbunden ist.
50885	Geldmangel	Geld	Mangel	4.900000	0.316228	4.500000	1.080120	"Aus Geldmangel der Henneberger wurde Hessen Mitbesitzer, es entstand eine Doppelherrschaft in Schmalkalden und den umliegenden Ortschaften, die bis 1583 währte 1588 wird Floh, durch landgräfliche Verordnung "" wegen ihrer Landfuhren eine Hufschmiede vergönnt ""."
50886	Geldmangel	Geld	Mangel	4.800000	0.632456	4.500000	1.581140	Das jetzige Schloss wurde mit vielen Unterbrechungen, die durch Kriege und Geldmangel herbeigeführt waren, gebaut.
50887	Geldmangel	Geld	Mangel	4.500000	0.707107	4.700000	0.674949	Herrscht bei ihnen Geldmangel, können sie entweder etwas verdienen (in Qalisar, Nähe Harvey 's Bar ) oder sie sind halt sparsam beim kaufen.
50888	Geldmangel	Geld	Mangel	4.300000	1.337490	4.900000	0.316228	Die gesamte Arbeitslosenstatistik ist also im Kern eine Statistik über diejenigen, die sich aus Geldmangel bereit erklären, für Geld das zu tun, was ein anderer von Ihnen verlangt.
50889	Geldmangel	Geld	Mangel	4.800000	0.632456	4.900000	0.316228	Ähnlich wie Regisseur Franco, der aus akutem Geldmangel Filme nicht unbedingt der Kunst wegen sondern eher um etwas auf dem Teller zu haben, drehte.
50890	Geldmangel	Geld	Mangel	4.818180	0.603023	5.000000	0.000000	Die Arbeiten einer großartigen Stadtregulierung, welche Plätze und Squares schaffen und der armen Bevölkerung, welche 1888/89 von einer Hungersnot zu leiden hatte, Gelegenheit zur Arbeit geben sollte, kamen wegen Geldmangel bald zum Stillstande.
50891	Geldquelle	Geld	Quelle	5.000000	0.000000	1.200000	1.686550	Nicht Operationen, welche auf Flüssigmachung verstopfter Geldquellen herrechnet sind, sondern eine Reorganisation der oberen Finanzbehörden soll ins Werk gesetzt werden, wodurch bedeutende Ersparnisse Stadt finden und zugleich der Satz:
50892	Geldquelle	Geld	Quelle	4.900000	0.316228	1.800000	2.097620	Wenn ich meine Augen schließe, so hören meine Geldquellen auf zu fließen, das ist längst so geordnet.
50893	Geldquelle	Geld	Quelle	4.800000	0.421637	2.000000	1.490710	"Dann dürfte unser frisch überarbeiteter Spezialreport "" Geldquelle Arabien "" genau das richtige für Sie sein."
50894	Geldquelle	Geld	Quelle	4.800000	0.421637	2.200000	1.932180	Die Kriegsrüstungen haben bereits einen Umfang genommen, daß Niemand hier über die Geldquellen, die sich ihm in letzter Zeit geöffnet haben, mehr in Zweifel ist.
50895	Geldquelle	Geld	Quelle	4.300000	1.567020	2.500000	1.269300	Und fragt Euch, ob Ihr in der Lage wärt, Euch alleine aus dem Dreck zu ziehen, wenn externe Geldquellen versiegen.
50896	Geldquelle	Geld	Quelle	5.000000	0.000000	2.600000	1.837870	Wir haben seit einiger Zeit auf Pensionsfonds verwiesen: riesige Geldquellen, die weltweit auf der Suche nach...
50897	Geldquelle	Geld	Quelle	4.636360	0.924416	2.727270	1.678740	Im weiteren Verlaufe seiner Rede kritisiert Redner die Verwaltung und fordert die Beschleunigung der Urbarialsegregationen, sowie eine billige Geldquelle für den Bauernstand und wendet sich schließlich gegen die Wahlpraxis, welche indirekt zur Verbreitung sozialistischer Ideen führe.
50898	Geldquelle	Geld	Quelle	4.900000	0.316228	2.900000	2.079000	Sein Vermögen war wohl in dieser Zeit aufgezehrt, da er als leichtsinniger Spieler in Monaco und Monte Carlo bekannt war, und nun sollte ihm Alfred Meißner, der in dem nahen Bregenz wohnte, als Geldquelle dienen.
50899	Geldquelle	Geld	Quelle	4.900000	0.316228	3.200000	1.873800	""" Der Rückgang der Fördersätze erfordere verstärkt Phantasie beim Öffnen der Geldquellen, davor sei ihm aber nicht bange."
50900	Geldquelle	Geld	Quelle	4.500000	0.849837	3.500000	1.649920	Geld: Dies knüpft an die Interessen an und soll im Moment als Eindruck ohne weitere Wertung stehen bleiben, da ich mir noch nicht gänzlich klar darüber bin, wie man sich seitens Schule dazu positionieren sollte: Unsere Schüler werden als Geldquelle wahrgenommen!
50901	Gemeinschaftsaktion	Gemeinschaft	Aktion	4.500000	0.527046	4.200000	1.032800	Die Initiative 2000 plus zum Beispiel ist eine Gemeinschaftsaktion zur Förderung der Nutzung von Recyclingpapieren an Schulen.
50902	Gemeinschaftsaktion	Gemeinschaft	Aktion	4.600000	0.966092	4.300000	1.636390	Er ist eine Herausforderung an jede Stadt, in einer Gemeinschaftsaktion der Verwaltung, der Politik, der Wirtschaft sowie der Bürger den städtischen Raum mit Grün und Blumen lebendig zu gestalten.
50903	Gemeinschaftsaktion	Gemeinschaft	Aktion	4.700000	0.674949	4.600000	1.264910	ich kenn mich auch ein wenig aus, vielleicht wird das eine Gemeinschaftsaktion?
50904	Gemeinschaftsaktion	Gemeinschaft	Aktion	4.600000	0.699206	4.700000	0.674949	"In einer Gemeinschaftsaktion wurde für die Alfener Grundschule "" Unterm Regenbogen "" ein neues Keyboard beschafft."
50905	Gemeinschaftsaktion	Gemeinschaft	Aktion	4.700000	0.483046	4.900000	0.316228	Frauen ans Netz ist eine Gemeinschaftsaktion des Bundesministeriums für Bildung und Forschung, der Bundesanstalt für Arbeit, der Zeitschrift Brigitte, der T-Com, des Vereins Frauen geben Technik neue Impulse e. V. und des Deutschen Bibliotheksverbands.
50906	Gemeinschaftsstand	Gemeinschaft	Stand	4.300000	0.823273	2.700000	1.946510	Ein Video von einer Session an unserem Gemeinschaftsstand sehen Sie hier bei youtube.
50907	Gemeinschaftsstand	Gemeinschaft	Stand	4.600000	0.966092	2.800000	2.201010	Wir stellen aus in Halle 18, 1. OG, Stand K 24, Gemeinschaftsstand From Science to Business.
50908	Gemeinschaftsstand	Gemeinschaft	Stand	4.700000	0.674949	2.900000	1.969210	Der Gemeinschaftsstand bietet Platz für insgesamt 10 Unternehmen aus Niedersachsen.
50909	Gemeinschaftsstand	Gemeinschaft	Stand	4.400000	1.074970	3.300000	2.311810	Auf dem Gemeinschaftsstand werden die Firmen Bombay Burmah Trading Corp.
50910	Gemeinschaftsstand	Gemeinschaft	Stand	3.900000	1.370320	3.800000	1.549190	Der Gemeinschaftsstand der Bayern Innovativ GmbH gibt jedem Aussteller die Möglichkeit, seine Kompetenz individuell unter der bekannten Dachmarke Bayern Innovativ darzustellen.
50911	Gemeinschaftswerk	Gemeinschaft	Werk	4.700000	0.674949	2.500000	1.354010	"Der Preis "" WebFish "" wird getragen von der Evangelischen Kirche in Deutschland (EKD ) und dem Gemeinschaftswerk der Evangelischen Publizistik (GEP )."
50912	Gemeinschaftswerk	Gemeinschaft	Werk	4.700000	0.674949	2.600000	1.776390	Werden Sie Partner der dsb und beteiligen Sie sich an einem gesamtschweizerischen Gemeinschaftswerk im Dienste der Bildung.
50913	Gemeinschaftswerk	Gemeinschaft	Werk	4.400000	0.843274	2.700000	2.110820	Die Plattform Energiewende (Transdisciplinary Panel on Energy Change, TPEC ) des IASS will die Energiewende wissenschaftlich begleiten und so einen Beitrag zu dem Gemeinschaftswerk leisten.
50914	Gemeinschaftswerk	Gemeinschaft	Werk	4.400000	1.264910	3.100000	1.663330	Die in Allendorf (bei Greifenstein ) wohnende 47 jährige hat Evangelische Theologie studiert und in den 90er Jahren die für die kirchliche Öffentlichkeitsarbeit vorgesehene Spezialausbildung zur Kommunikationswirtin beim Gemeinschaftswerk Evangelischer Publizistik GEP ) absolviert.
50915	Gemeinschaftswerk	Gemeinschaft	Werk	4.600000	0.699206	4.200000	1.316560	Das im Textilunterricht anlässlich der Ausrichtung des Gedenktages für die Opfer des Holocausts in Krefeld entstandene Gemeinschaftswerk erinnert in der Bibliothek des jüdischen Gemeindezentrums an das Leid der Krefelder Juden während des Nationalsozialismus.
50916	Gemüsesaft	Gemüse	Saft	4.900000	0.316228	4.800000	0.632456	Bei einer ausreichenden Zufuhr von natürlichen Vitaminen über die Ernährung, wie also dem Verzehr von frischem und vor allem ungekochtem Gemüse und frischen Obst - und Gemüsesäften kann man getrost auf teure und teils zweifelhafte Vitaminpräparate verzichten.
50917	Gemüsesaft	Gemüse	Saft	4.700000	0.948683	4.800000	0.632456	Ein Glas Gemüsesaft kann ab und zu eine der insgesamt täglich drei empfohlenen Gemüseportionen ersetzen.
50918	Gemüsesaft	Gemüse	Saft	4.800000	0.632456	4.900000	0.316228	""" Gertraud Huisinga empfiehlt Leitungs - oder Mineralwasser, Saftschorlen, Kräuter - oder Früchtetees und Gemüsesäfte."
50919	Gemüsesaft	Gemüse	Saft	5.000000	0.000000	4.900000	0.316228	Kleie können Sie pur oder gemischt mit Milch, Joghurt, Obst - oder Gemüsesaft, Müsli, Suppen oder Hackfleischgerichten, Eintöpfen oder Gebäck essen.
50920	Gemüsesaft	Gemüse	Saft	4.900000	0.316228	5.000000	0.000000	Also war es normal Medizin mit harter Chemo, die Olivia geheilt hat und nicht der Gemüsesaft von Hamer und mir ist es ziemlich egal, was du von mir hälst, denn auf deine Meinung gebe ich nicht mehr viel.
50921	Gemüsesuppe	Gemüse	Suppe	4.800000	0.632456	4.800000	0.632456	Planen Sie in Ihrem Weihnachtsmenü einen frischen Salat oder eine Gemüsesuppe ein.
50922	Gemüsesuppe	Gemüse	Suppe	5.000000	0.000000	5.000000	0.000000	Als Kind gab es freitags bei uns immer fleischfrei - Gemüsesuppe und eine Mehlspeis.
50923	Gemüsesuppe	Gemüse	Suppe	5.000000	0.000000	5.000000	0.000000	Die Reste lassen sich gut als Grundstock zu einer Gemüsesuppe auskochen.
50924	Gemüsesuppe	Gemüse	Suppe	5.000000	0.000000	5.000000	0.000000	Ich habe mich hauptsächlich an das Eingangschreiben gehalten und mittags Salat gegessen und abends Gemüsesuppe.
50925	Gemüsesuppe	Gemüse	Suppe	5.000000	0.000000	5.000000	0.000000	Sehr lecker ist auch Sopa de Quinoa, eine Gemüsesuppe.
50926	Gerstensaft	Gerste	Saft	4.200000	1.032800	2.200000	1.686550	Ich werde auf jeden Fall meine Stimme mit Gerstensaft ölen und mich akkustisch bemerkbar machen.
50927	Gerstensaft	Gerste	Saft	4.600000	0.699206	2.300000	2.057510	D ie Braumeisterin hier bei einer Zwickelprobe (Verkostung ) des spritzigenn naturtrüben Gerstensaftes mit ausgeprägtem Geschmack und unverwechselbarem Charakter.
50928	Gerstensaft	Gerste	Saft	4.300000	1.337490	2.400000	2.065590	Die Kunst der Bierbrauer könnte in Gefahr sein: Die Brauer des Gerstensaftes bangen um ihre Rohstoffe.
50929	Gerstensaft	Gerste	Saft	4.363640	1.026910	2.454550	1.916440	Mit einer Preiserhöhung um durchschnittlich 3,61 Prozent wird der Liter Gerstensaft zwischen 9,40 Euro und 9,85 Euro kosten.
50930	Gerstensaft	Gerste	Saft	4.200000	0.918937	2.600000	1.577620	Kommen wir von Ihrem Tagesgeschäft, dem Gerstensaft, einmal zu den schönen Künsten, zu denen Sie auch eine Vorliebe zeigen.
50931	Gerstensaft	Gerste	Saft	4.100000	1.286680	2.800000	1.932180	Kümmel und Gerstensaft lösten die Zunge so gut wie der versagte Rebensaft.
50932	Gerstensaft	Gerste	Saft	4.000000	1.632990	2.900000	2.330950	Frau Dorothea, die verwitwete Krugwirtin zu Hedeper, rieb noch mit der Drellschürze den klebrigen Gerstensaft von ihren Fingern, als der Küster schon einen herzhaften Zug getan hatte.
50933	Gerstensaft	Gerste	Saft	4.200000	1.619330	3.400000	1.837870	Das Buffet, das Herr Baum in einem elegant ausgestatteten Raume etablierte, war vom Publikum förmlich belagert und bot zu billigsten Preisen Delicatessen und trefflichen Gerstensaft aus der Dolleiner Brauerei.
50934	Gerstensaft	Gerste	Saft	5.000000	0.000000	3.500000	2.121320	Die Verkäufer von Lebensmitteln haben ihre Vorräte in den Hain der Göttin getragen und dort verbrannt, die Weinhändler den edlen Reben- und Gerstensaft in den Nil gegossen oder vergiftet, um uns denselben zu entziehen.
50935	Gerstensaft	Gerste	Saft	4.500000	0.849837	4.200000	1.398410	""" Im Wein liegt die Wahrheit; im Biere die Gottesfurcht, setzen die Bierwirte von Königgrätz hinzu und besteuern ihre Mitbürger mit zwei Kreuzern für das Maß Gerstensaftes."
50936	Geschlechterverhältnis	Geschlecht	Verhältnis	4.000000	1.414210	2.600000	1.505550	"Dieser als Einführung gedachte Vortrag zur Kritik der Geschlechterverhältnisse fand am 8. März 2011 in Hamburg statt und bildete den Auftakt der Reihe "" Intros ""."
50937	Geschlechterverhältnis	Geschlecht	Verhältnis	4.500000	0.707107	3.400000	1.264910	Der Gegenstand dieser Forschung thematisiert nicht nur Frauen, sondern analysiert das Geschlechterverhältnis, das alle Lebensbereiche, Denkgewohnheiten und wissenschaftlichen Erkenntnisse strukturiert.
50938	Geschlechterverhältnis	Geschlecht	Verhältnis	4.600000	0.699206	3.700000	1.494430	Die zweite Klasse bilden einige, auf das Geschlechterverhältnis bezügliche, Rechtsinstitute.
50939	Geschlechterverhältnis	Geschlecht	Verhältnis	4.500000	1.080120	4.000000	1.632990	Haug, Frigga (1989 ): Zum Zusammenhang von Geschlechterverhältnissen und Produktionsverhältnissen.
50940	Geschlechterverhältnis	Geschlecht	Verhältnis	4.900000	0.316228	4.000000	1.885620	Der Förderkreis des Cornelia Goethe Centrums für Frauenstudien und die Erforschung der Geschlechterverhältnisse der Goethe-Universität Frankfurt am Main vergibt im Jahr 2014 zum zwölften Mal den mit 2.000 Euro dotierten Wissenschaftspreis für eine herausragende Dissertation oder Habilitationsschrift im Bereich der Frauen - und Geschlechterforschung.
50941	Geschlechterverhältnis	Geschlecht	Verhältnis	4.800000	0.421637	4.100000	1.100500	Angefangen bei der ideologischen Überhöhung der deutschen Familie in den 50er Jahren hin zur Vereinbarkeitsproblematik mit der darin enthaltenen Kritik an hierarchischen Geschlechterverhältnissen hin zu einer Beschleunigungsgesellschaft, in welcher dennoch ein Freizeitweltmeister Europa existiert und zeitgleich Zeitknappheit zum Statussymbol avanciert.
50942	Geschmackssache	Geschmack	Sache	3.600000	2.270580	0.900000	1.523880	Beim Aufstellen können nach Geschmack einige frische Wachholderbeeren zerschnitten, nicht zerstoßen, in die Butler gelegt, auch beim Braten ein Löffelchen süße Sahne hinzugefügt werden, doch ist beides Geschmackssache, die Hauptsache ist, besonders für Kranke, eine weiche und helle Zubereitung.
50943	Geschmackssache	Geschmack	Sache	3.500000	1.840890	1.000000	1.563470	Diese Tracht war nicht Trauer -- denn die Farbe der Leidtragenden ist durchaus weiß -- sondern freie Wahl, Geschmackssache der Dorfaristokratie im Spreewalde (auch wieder ein Anklang an die Sitte der Lagunenstadt ).
50944	Geschmackssache	Geschmack	Sache	3.200000	2.201010	1.500000	1.649920	Die Postings sind allerdings Geschmackssache und über Geschmack lässt sich nicht streiten.
50945	Geschmackssache	Geschmack	Sache	3.600000	1.837870	1.600000	1.577620	Ihr habt Recht, sagte sie, im Grunde ist die Liebe Geschmackssache.
50946	Geschmackssache	Geschmack	Sache	3.900000	1.370320	1.600000	1.897370	Doch das ist schließlich Geschmackssache, und de gustibus non est disputandum.
50947	Geschmackssache	Geschmack	Sache	3.900000	1.595130	1.800000	2.043960	Gabelöl ist Geschmackssache Regulär kommt lt. Handbuch Gabelöl SAE 10 zum Einsatz.
50948	Geschmackssache	Geschmack	Sache	3.100000	1.852930	1.900000	1.523880	Daß diese Vibration der Eingeweide, dieses Lachen uns angenehm ist, uns belustigt, ist Nebensache, ja, vielleicht nur Geschmackssache.
50949	Geschmackssache	Geschmack	Sache	2.900000	2.330950	2.100000	2.183270	Ob beim Mähen von Hand oder mit Motorbetrieb gearbeitet wird, ist Geschmackssache.
50950	Geschmackssache	Geschmack	Sache	3.300000	2.263230	2.400000	1.837870	Das Spiel ist sicherlich Geschmackssache und spricht eher Motorradfahrer an.
50951	Geschmackssache	Geschmack	Sache	3.444440	2.006930	2.888890	1.269300	Nunja, es ist eben Geschmackssache und ich brauche sowas nicht und finde es auch nicht toll.
50952	Geschäftskontakt	Geschäft	Kontakt	3.900000	1.286680	4.200000	1.398410	Auf dem attraktiven 250 qm großen Messestand finden Sie neben den innovativen Ausstellern und ihren Produkten auch eine attraktive eLounge, in der sich in angenehmen Ambiente neue Geschäftskontakte knüpfen lassen.
50953	Geschäftskontakt	Geschäft	Kontakt	4.200000	1.135290	4.300000	1.251670	29.01.14 - Wer auf Messen neue Geschäftskontakte knüpfen möchte, sollte es nicht dem Zufall überlassen, mit wem er spricht.
50954	Geschäftskontakt	Geschäft	Kontakt	3.900000	1.449140	4.400000	0.966092	V * Businesslounges - Neue Geschäftskontakte Die bundesweite Plattform für neue Geschäftskontakte auf persönlicher Basis.
50955	Geschäftskontakt	Geschäft	Kontakt	3.500000	2.013840	4.700000	0.674949	Ich verspreche mir von TWIN vor allem mehr Geschäftskontakte, ist das richtig?
50956	Geschäftskontakt	Geschäft	Kontakt	4.454550	1.213560	4.727270	0.646670	Erweiterte Absatzchancen und der Ausbau der Geschäftskontakte für Thüringer Unternehmen nach Schweden stehen im Mittelpunkt der Informationsveranstaltung, zu der die Industrie - und Handelskammer (IHK ) Erfurt und das Enterprise Europe Network (EEN ) Thüringen am Dienstag, den 31. August 2010, einladen.
50957	Gesellschaftsspiel	Gesellschaft	Spiel	3.800000	1.475730	3.900000	1.663330	Hier findest du eine Spielerezension zum Gesellschaftsspiel Liebe und Intrige.
50958	Gesellschaftsspiel	Gesellschaft	Spiel	3.600000	1.646550	4.200000	1.751190	""" Auf dem Wunderstuhl sitzen "" ist eigentlich ein beliebtes Gesellschaftsspiel."
50959	Gesellschaftsspiel	Gesellschaft	Spiel	3.900000	1.663330	4.400000	1.074970	Billard (frz., Billiarde ), ein aus dem 16. Jahrh. stammendes, ursprünglich wahrscheinlich französ. Gesellschaftsspiel.
50960	Gesellschaftsspiel	Gesellschaft	Spiel	4.200000	1.549190	4.400000	1.349900	Sein gefürchteter Name ist noch jetzt in Norddeutschland im frischen Andenken, seine Taten leben im Volksmunde fort; und man hat sogar ein Gesellschaftsspiel nach ihm benannt, das während der langen Winterabende zur Unterhaltung dient.
50961	Gesellschaftsspiel	Gesellschaft	Spiel	3.900000	1.286680	4.400000	1.577620	Auf vielfachen Wunsch bieten wir jetzt auch ausgewählte Hörbücher und besonders bemerkenswerte Filme auf DVD sowie die schönsten Gesellschaftsspiele und bemerkenswerte Produkte an.
50962	Gesellschaftsspiel	Gesellschaft	Spiel	3.900000	0.994429	4.600000	0.966092	Wenn das Fernsehprogramm einmal mehr nur Interessantes im Angebot hat, ist es Zeit für ein nettes Gesellschaftsspiel.
50963	Gesellschaftsspiel	Gesellschaft	Spiel	3.300000	1.702940	4.700000	0.674949	Hierzu stehen Zeitungen, ein Fernseher, Gesellschaftsspiele, Bücher und ein Internetanschluss zur Verfügung.
50964	Gesellschaftsspiel	Gesellschaft	Spiel	3.100000	1.449140	4.700000	0.674949	Recht instruktiv und zu richtiger Anwendung vorstehender Unterscheidungen erziehend ist ein logisches Gesellschaftsspiel: das Ratspiel, bei welchem, unter zeitweiliger Entfernung eines Mitspielenden, sich die übrige Gesellschaft über irgend ein Benennbares, jenem zum Erraten aufzugebendes Objekt des Denkens einigt.
50965	Gesellschaftsspiel	Gesellschaft	Spiel	3.800000	1.135290	5.000000	0.000000	Wir haben dafuer Gesellschaftsspiele und spezielles Bastelmaterial fuer aeltere, so wie Ofenknete.
50966	Gesellschaftsspiel	Gesellschaft	Spiel	3.300000	1.702940	5.000000	0.000000	Woraus sich ein unterhaltendes Gesellschaftsspiel entwickeln ließe: welche Menschen verhalten sich wie Schweinefleisch zu Knoblauch?
50967	Gesichtswasser	Gesicht	Wasser	3.200000	2.299760	3.300000	2.162820	Antwort: Die Wirkung des von Ihnen angesprochenen Gesichtswassers ist sicherlich gut belegbar.
50968	Gesichtswasser	Gesicht	Wasser	4.300000	0.948683	3.500000	1.433720	Ja, ein Gesichtswasser entfernt die Reinigungsmittelreste und bereitet die Haut optimal für die anschließende Pflege vor.
50969	Gesichtswasser	Gesicht	Wasser	4.000000	1.699670	3.700000	1.567020	Gestern Abend habe ich sie dann vor dem schlafen gehen noch mit Gesichtswasser eingesprüht und dann Nachtzopf gemacht.
50970	Gesichtswasser	Gesicht	Wasser	4.400000	1.074970	3.800000	1.549190	Verfasst am: 24.12.2008, 10:49 Aufrufe: 7047 Aus der großen Palette unserer Reinigungsemulsionen werden empfohlen: Bio-Gurkenmilch, Bio-Orangenblütenmilch, Sküs-Gesichtswaschcreme, auch Gesichtswasser mit einem Alkoholgehalt von 20 bis 30 Prozent.
50971	Gesichtswasser	Gesicht	Wasser	4.800000	0.632456	3.800000	1.686550	- Gesichtswasser selbstgemacht: Mit frisch gepresstem Karottensaft das Gesicht einreiben.
50972	Gesichtszug	Gesicht	Zug	4.800000	0.632456	0.100000	0.316228	Um Einlaß zu erhalten, brauchte er nicht zu schellen, denn gerade als er die Hand nach der Klingel ausstreckte, ging die Tür auf und eine junge Dienerin mit ziemlich ausdruckslosen Gesichtszügen, winkte ihm, rasch einzutreten.
50973	Gesichtszug	Gesicht	Zug	4.900000	0.316228	0.300000	0.483046	Ihre Gesichtszüge hatten etwas Festes, Verständiges und Angenehmes, und aus großen Augen blickte sie hell und scharf.
50974	Gesichtszug	Gesicht	Zug	4.700000	0.483046	0.300000	0.674949	Ganz derselben Beschränkung müssen wir auch das Lob unterwerfen, dass er an die Stelle der alten Strenge eine größere Mannigfaltigkeit im Ausdrucke der Gesichtszüge (voltum ) setzte.
50975	Gesichtszug	Gesicht	Zug	4.900000	0.316228	0.400000	0.966092	Ihre Gesichtszüge entspannten sich sichtlich und sie öffnete ein winziges Stück ihren Mund.
50976	Gesichtszug	Gesicht	Zug	4.800000	0.421637	0.500000	0.849837	Max stand am Haupt des Bettes, ihre Gesichtszüge mit gespannter Aufmerksamkeit betrachtend und ihre Schläfe sanft streichelnd, während zwei Mägde damit beschäftigt waren, ihr die Füße zu reiben.
50977	Gesichtszug	Gesicht	Zug	4.700000	0.674949	0.500000	0.849837	er erbleichte und ein ganz eigener, nie zuvor an ihm wahrgenommener Ausdruck zeigte sich in seinen Gesichtszügen.
50978	Gesichtszug	Gesicht	Zug	4.800000	0.421637	0.600000	0.966092	Er hatte markant, männliche Gesichtszüge und eine überaus männliche Nase.
50979	Gesichtszug	Gesicht	Zug	4.800000	0.421637	0.900000	1.523880	Ich sah die Gruppe von Stefan und seinen Freunden, und der Junge, der mich da angrinste, ließ mir die Gesichtszüge einfrieren.
50980	Gesichtszug	Gesicht	Zug	5.000000	0.000000	0.900000	1.523880	Sie war wunderschön, hatte blasse reine Haut und sah aus wie eine Elfe, mit ihren zarten Gesichtszügen, sie war dünn und hatte einen guten Geschmack was Mode betraf.
50981	Gesichtszug	Gesicht	Zug	5.000000	0.000000	1.000000	1.490710	Wie er es auch jetzt nicht tat; Schon aus seinen feinen Gesichtszügen war unschwer herauszulesen, wie wenig er sich für die Worte seines Mentor interessierte.
50982	Gesundheitszeugnis	Gesundheit	Zeugnis	4.300000	1.636390	3.900000	1.449140	K Kanada (kein Eu - Land ) Bei der Einreise mit Hunden nach Kanada muss ein amtstierärztliches Gesundheitszeugnis vorliegen, welches bestätigt, dass der Hund frei von Krankheiten ist, die auf Menschen übertragen werden können.
50983	Gesundheitszeugnis	Gesundheit	Zeugnis	4.900000	0.316228	4.200000	1.316560	So wie alle meine Katzen ist auch sie geimpft, entwurmt, hat ein Gesundheitszeugnis und einen Stammbaum.
50984	Gesundheitszeugnis	Gesundheit	Zeugnis	4.700000	0.674949	4.300000	0.823273	Wenn Sie einen Ausbildungsplatz erhalten haben, reichen Sie bitte für die Zulassung eine beglaubigte Kopie Ihrer Geburtsurkunde und ggf. Ihrer Heiratsurkunde sowie ein polizeiliches Führungszeugnis und ein Gesundheitszeugnis ein.
50985	Gesundheitszeugnis	Gesundheit	Zeugnis	4.500000	0.971825	4.400000	0.843274	Der Equidenpass, Impfnachweis, sowie ein aktuelles Gesundheitszeugnis sind mitzubringen.
50986	Gesundheitszeugnis	Gesundheit	Zeugnis	4.700000	0.483046	4.700000	0.674949	Das amtstierärztliche Gesundheitszeugnis darf nicht älter als zehn Tage sein.
50987	Getränkestand	Getränk	Stand	4.400000	1.577620	3.900000	1.663330	Im Foyer werden viele verschiedene Essens und Getränkestände aufgebaut die Sie perfekt mit Getränken und kleinen Speisen zu zivilen Preisen versorgen.
50988	Getränkestand	Getränk	Stand	4.200000	1.619330	4.300000	0.948683	An Kuchentheke und Getränkestand gibt es Natural-Spenden, die zugunsten der Umgestaltung des Dürerplatzes und anliegender Straßen verkauft werden.
50989	Getränkestand	Getränk	Stand	4.900000	0.316228	4.300000	1.494430	Damit waren die rund um den öffentlichen Platz in Caras Groth angebrachten Nahrungsmittel - und Getränkestände eröffnet worden, die für das leibliche Wohl sämtlicher Gäste sorgten.
50990	Getränkestand	Getränk	Stand	4.800000	0.421637	4.300000	1.567020	Von 80 bis 90 schleppte ich mich von einem Getränkestand zum Nächsten und die letzten 10 Kilometer lief ich wie in Trance.
50991	Getränkestand	Getränk	Stand	4.700000	0.674949	4.400000	0.843274	Also vergnügten wir uns mit Brezeln vom Getränkestand vor der Arena.
50992	Gewerbefläche	Gewerbe	Fläche	4.000000	1.885620	3.200000	2.394440	Weiterhin werden durch uns Büro - und Einkaufszentren mit rund 250.000 m² Gewerbeflächen betreut.
50993	Gewerbefläche	Gewerbe	Fläche	4.200000	1.032800	4.200000	1.316560	Weitere kleinere Gewerbeflächen sind in den Ortsteilen Aichelberg (1,9 ha ) und Schanbach (1,4 ha ) vorhanden.
50994	Gewerbefläche	Gewerbe	Fläche	4.200000	0.918937	4.300000	1.251670	Wie kommen die geplanten interkommunalen Gewerbeflächen voran, speziell die Brache Rasspe?
50995	Gewerbefläche	Gewerbe	Fläche	3.900000	1.595130	4.900000	0.316228	"Der Baulandbericht Kiel "" Nachhaltiges Flächenmanagement "" weist für das Jahr 2009 einen Bestand an verfügbaren Gewerbeflächen von 136 ha aus."
50996	Gewerbefläche	Gewerbe	Fläche	4.500000	0.971825	4.900000	0.316228	Sie sind auf der Suche nach einer Gewerbefläche Nähe Düsseldorf oder einer Gewerbefläche Nähe Köln?
50997	Gewinnspiel	Gewinn	Spiel	4.700000	0.674949	3.300000	2.110820	"Unter dem Motto "" Komm zur Blutspende - Blut spenden und gewinnen "" hält der DRK-Blutspendedienst NSTOB vom 17. bis zum 30. März bei allen Blutspendeterminen ein Gewinnspiel bereit."
50998	Gewinnspiel	Gewinn	Spiel	4.600000	0.699206	3.600000	1.955050	Melden Sie sich bei Samsung Mobile für den Benutzerbereich an und machen Sie dann beim Gewinnspiel mit!
50999	Gewinnspiel	Gewinn	Spiel	4.500000	0.707107	3.800000	1.475730	Gewinnspiele, Votings und Doku-Soaps - das TV-Programm ist tagsüber oft ungenießbar.
51000	Gewinnspiel	Gewinn	Spiel	4.600000	0.699206	3.900000	1.663330	Was soll man denn sonst mit Leuten machen die bei Gewinnspielen anrufen außer sich darüber lustig zu machen?
51001	Gewinnspiel	Gewinn	Spiel	4.400000	0.966092	4.100000	1.286680	Teilnahmeschluss: 06. Dezember 2011 Link zum Gewinnspiel: Klick hier, um beim Gewinnspiel von Russische Filmwoche in Berlin in die...
51002	Gitarrenspiel	Gitarre	Spiel	4.700000	0.674949	2.900000	1.791960	Mit Sicherheit ist es ein Ziel in meinem Leben, etwas mehr Zeit für die Musik erübrigen zu können und mein Gitarrenspiel zu verbessern.
51003	Gitarrenspiel	Gitarre	Spiel	5.000000	0.000000	3.300000	1.636390	Töpfer war Hofschauspieler in Wien gewesen, hatte dann durch Deutschland Kunstreisen gemacht und besonders durch sein Gitarrenspiel entzückt.
51004	Gitarrenspiel	Gitarre	Spiel	5.000000	0.000000	3.500000	1.900290	Der zärtliche Christlieb Taube kam allsonntäglich zu einer Stunde im Gitarrenspiel von seinem unfernen Schuldorfe in die Stadt, und zweifle ich nicht, daß diese Stunde ihm die angenehmste der Woche gewesen sei.
51005	Gitarrenspiel	Gitarre	Spiel	4.800000	0.421637	3.600000	1.505550	Die letzten Minuten sind ein totaler Rausch aus atmosphärischem Gitarrenspiel, sehr nahe am Postrock, sich steigernd bis ins unermessliche.
51006	Gitarrenspiel	Gitarre	Spiel	4.900000	0.316228	3.900000	1.449140	Carina: Im Rückblick, was würdest du sagen - wie hat sich dein Gitarrenspiel in den letzten Jahren verändert?
51007	Gitarrenspiel	Gitarre	Spiel	4.900000	0.316228	4.000000	1.333330	Diego Dragoni ist mit seinem gefühlvollen Gitarrenspiel musikalischer Mittelpunkt der rauchigen Finger und beweist mit seinen Bandkollegen unheimlich viel Feeling beim Songwriting.
51008	Gitarrenspiel	Gitarre	Spiel	4.900000	0.316228	4.000000	1.414210	Das Album lebt von Bonamassas charismatischer Stimme, seinem unvergleichlichen Gitarrenspiel und seinem facettenreichen Songwriting.
51009	Glasfläche	Glas	Fläche	4.700000	0.483046	4.200000	1.229270	Reibt man z. B. alte Glasflächen, so werden sie fast immer positiv elektrisch; nur das Reiben mit Raubtierfellen und einigen Kristallen bildet eine Ausnahme.
51010	Glasfläche	Glas	Fläche	4.600000	0.699206	4.200000	1.475730	Die Aufhängevorrichtung wird dann in der Weise umgestaltet, daß man auf die obere in der Mitte durchbohrte Glasfläche eine Glasröhre aufsetzt und diese oben mit einer Stellschraube zum Heben und Senken des an ihr befestigten und durch die Röhre herabhängenden Fadens versieht.
51011	Glasfläche	Glas	Fläche	4.900000	0.316228	4.300000	1.567020	Die von Linnemann gefertigte lichtgraue Glasdecke des Sitzungssaales zeigt im großen Mittelfelde einen riesigen Reichsadler in diskreten Farben, und ein sanft getönter Fries in Gestalt eines Fruchtgewindes gibt der Glasfläche eine schön geschlossene Einheit.
51012	Glasfläche	Glas	Fläche	4.800000	0.421637	4.400000	1.264910	Wären die inneren, durch Luft getrennten Glasflächen leitend, so würde nur in dem Falle eine ganz gleiche, den ganzen lufterfüllten Raum erfüllende Entladung zwischen denselben eintreten, wenn die Flächen absolut eben und parallel und die Dichtigkeit der Luft überall vollkommen gleich wäre.
51013	Glasfläche	Glas	Fläche	4.800000	0.632456	4.400000	1.349900	Die transparenten Glasflächen und offen gestalteten Kabinen sorgen trotz begrenztem Platzangebot unterm Dach für einen großzügigen Raumeindruck.
51014	Glasfläche	Glas	Fläche	5.000000	0.000000	4.500000	1.080120	Dies liegt darin begründet, dass HTC beim One das Display durch eine Glasfläche schützt, die über die Bildschirmränder hinausgeht.
51015	Glasfläche	Glas	Fläche	4.800000	0.632456	4.600000	1.264910	Wird auf gehärteten Glasflächen installiert, die Scheibe im Falle von Glasbruch zusammenzuhalten (Beidseitige Installation empfohlen ) Wird auf Glasflächen installiert, die evtl. Druckwellen ausgesetzt sein können (Explosion ).
51016	Glasfläche	Glas	Fläche	5.000000	0.000000	4.600000	1.264910	Die Kuppel hat den Zweck, dem großen Sitzungssaal das Licht zuzuführen, eine ausgedehnte Glasfläche wurde also zur Notwendigkeit.
51017	Glasfläche	Glas	Fläche	5.000000	0.000000	4.700000	0.948683	Diese reinigt Glasflächen kraftvoll und streifenfrei, ganz ohne Nachpolieren.
51018	Glasfläche	Glas	Fläche	5.000000	0.000000	5.000000	0.000000	"Das kann aber auch an den großen Glasflächen mit einwandfreier Rundumsicht statt der bei Sportwägen oft üblichen "" Sehschlitze "" zwischen Dach und Armaturenbrett liegen."
51019	Glockenspiel	Glocke	Spiel	4.800000	0.421637	2.000000	1.490710	Auf diesen sechs Spuren wurden dann zwei Harmoniestimmen aufgenommen, eine Orgel und ein Glockenspiel (aus den Speicherbänken des Korg DW 8000 ), sowie einmal Dobro (Ganzmetall Typ 33 H ) und 12 - saitige Gitarre (Fender F 40 - 12 ).
51020	Glockenspiel	Glocke	Spiel	4.800000	0.421637	2.100000	1.370320	Besonders beliebt bei kleinen Kindern ist der liebliche und helle Klang des Glockenspiels.
51021	Glockenspiel	Glocke	Spiel	5.000000	0.000000	2.200000	1.398410	"Wirklich, es schlug neun, als man auf der Rückfahrt an der Garnisonkirche vorüberkam, und ehe noch das Glockenspiel seinen Choral ausgespielt hatte, hielt der Wagen wieder vor dem "" Einsiedler ""."
51022	Glockenspiel	Glocke	Spiel	4.400000	1.264910	2.200000	1.475730	Ihr hört die Instrumente, aber ihr hört sie nicht als einzelne Violine, Tuba oder Glockenspiel.
51023	Glockenspiel	Glocke	Spiel	4.700000	0.674949	2.300000	1.567020	Bei Bürgern und Gästen gleichermaßen beliebt ist das Glockenspiel auf dem Rathausturm, das jeden Tag um 11 Uhr und 18 Uhr zu hören ist.
51024	Glockenspiel	Glocke	Spiel	4.500000	1.581140	2.300000	2.110820	Dieser ist ein imposanter Bau von 90 m Höhe, welcher ein Glockenspiel enthält, das sich durch die unter dessen Namen (Carillon ) volkstümlich gewordene Arie einer gewissen Berühmtheit erfreut.
51025	Glockenspiel	Glocke	Spiel	5.000000	0.000000	2.500000	1.715940	Hier werden mit Glockenspiel, Orff-Instrumenten und der Blockflöte grundlegende musische Fähigkeiten vermittelt, zu dem vielfältigen Ausbildungsprogramm gehört auch Tanzen, Singen und miteinander musizieren.
51026	Glockenspiel	Glocke	Spiel	4.818180	0.404520	2.636360	1.689540	"Die Einwohner von Kensington, das die hohen Herrschaften auf ihrer Hinfahrt passierten, hatten einen Triumphbogen errichtet, von dem Turm der alten Kirche wehte der "" Union Jack, "" Glockenspiele klangen, und die ganze Bevölkerung stand Vivat rufend in festlichen Kleidern am Wege."
51027	Glockenspiel	Glocke	Spiel	5.000000	0.000000	2.700000	1.766980	Antwerpen versorgte die Niederlande und andere Länder mit berühmten Glockenspielen; seine Erzeugnisse in Stoffen, Gold- und Silberwaren fanden den Weg nach Arabien, Persien und Indien.
51028	Glockenspiel	Glocke	Spiel	4.600000	0.516398	2.800000	1.549190	Die frommen Kirchtürme spielen so flott Mit den Glockenspielen und preisen Schier viertelstündlich den lieben Gott In Walzer und Polkaweisen.
51029	Glückssache	Glück	Sache	4.700000	0.483046	1.400000	1.577620	Es ist Glückssache, was sie für einen Eindruck machte.
51030	Glückssache	Glück	Sache	4.400000	0.966092	1.900000	1.911950	"In den üblichen Reiseführen stehen meist die Klassiker drin (klar werden wir die Sagrada Familia ansehen ) und die "" Geheimtips "" sind Glückssache, da oft nicht aktuell oder touristisch verbraucht."
51031	Glückssache	Glück	Sache	4.700000	0.674949	2.100000	1.663330	Kommentar: Die Radikalität der Menschenrechte / Migration: Überleben ist Glückssache /...
51032	Glückssache	Glück	Sache	4.800000	0.632456	2.200000	1.873800	Straßenschilder und Wegweiser sind Mangelware und es ist reine Glückssache, wenn man nach drei Stunden Fahrt auch in dem fünfzehn Kilometer entfernten Dorf ankommt, in das man wollte.
51033	Glückssache	Glück	Sache	4.700000	0.674949	2.700000	2.002780	Ein gelungenes Leben ist keine Glückssache, es verlangt vielmehr selbstverantwortliches und entschiedenes Handeln.
51034	Glücksspiel	Glück	Spiel	4.300000	0.823273	3.600000	1.897370	Öffentliche Glücksspiele (Lotterien, Ausspielungen, Wetten auf den Eintritt oder Ausgang zukünftiger Ereignisse ) dürfen nur mit Erlaubnis der zuständigen Behörde veranstaltet oder vermittelt werden.
51035	Glücksspiel	Glück	Spiel	4.700000	0.483046	4.200000	0.788811	Auch ist darauf hinzuweisen, daß die primitiven Menschen Freude haben an Glücksspielen und Wetten aller Art, am Wagen und Gewinnen -- aber am Wagen immer um des Gewinnes Willen, in der Hoffnung, in der Berechnung der Möglichkeit, daß sie gewinnen.
51036	Glücksspiel	Glück	Spiel	4.300000	1.337490	4.200000	1.549190	"Man darf den Dreisatz selbst zu Ende rechnen, während er sagt: "" Wir würden US-Amerikaner gern als Gäste begrüßen, sie wären aber nicht willkommen, wenn sie wie früher die Mafia, Glücksspiel und Drogen mitbrächten."
51037	Glücksspiel	Glück	Spiel	4.800000	0.421637	4.400000	1.264910	14 ) wer unbefugt auf einem öffentlichen Wege, einer Straße, einem öffentlichen Platze oder in einem öffentlichen Versammlungsorte Glücksspiele hält.
51038	Glücksspiel	Glück	Spiel	4.400000	1.264910	4.500000	0.971825	(1 ) Der mit dem Verbot der Internetvermittlung öffentlicher Glücksspiele verbundene Eingriff in die Berufsfreiheit der gewerblichen Spielvermittler ist verfassungsrechtlich nicht zu beanstanden (BVerfG, Bes chl.v. 14.10.2008 - 1 BvR 928 / 08 ).
51039	Glücksspiel	Glück	Spiel	3.900000	1.728840	4.600000	0.966092	Schon am 14. September hat man in Schleswig Holstein zugunsten des Glücksspiels entschieden.
51040	Glücksspiel	Glück	Spiel	5.000000	0.000000	4.700000	0.674949	An diesem Abend, fuhr Eulenböcke fort, ist es nicht unschicklich, einmal anders als gewöhnlich zu leben; daher waren sonst Glücksspiele gebräuchlich, wenn sie auch übrigens verboten waren.
51041	Glücksspiel	Glück	Spiel	4.600000	0.699206	4.800000	0.421637	Höcker mit Leckereien sitzen an jeder Ecke, ein Glücksspiel vor sich, auf welches selbst das naschende Kind seinen Heller setzt; denn der kleine Chinese äfft alle Leidenschaften des großen nach.
51042	Glücksspiel	Glück	Spiel	4.600000	0.699206	4.800000	0.421637	Um nichts (E. ), 1897. - Arbeitskraft (R. ); II, 1898. - Glücksspiel (R. ), 1900. - Meteor (R. ), 1902. - Zwischen Unrecht und Recht (R. ), 1903.
51043	Glücksspiel	Glück	Spiel	4.500000	1.269300	4.900000	0.316228	"Irgendwas mit Feldern (also kein "" richtiges "" Tabletop ), das komplexer und weniger Glücksspiel ist als Risiko."
51044	Golfspiel	Golf	Spiel	4.900000	0.316228	3.900000	1.852930	Die meisten Spieler mit einer Gast - oder Fernmitgliedschaft nutzen das Gelände des Golfclub nur zum Golfspielen.
51045	Golfspiel	Golf	Spiel	5.000000	0.000000	4.600000	0.516398	tools 4 golf vertreibt exklusive, innovative Golfprodukte, die Golfspielern helfen, Handicaps auszugleichen, das persönliche Spiel zu verbessern, und nicht zuletzt den Spaß am Golfspiel zu steigern.
51046	Golfspiel	Golf	Spiel	4.900000	0.316228	4.600000	0.966092	Wenn ich allerdings in die Oberpfalz zum Golfspielen fahren muss, dann ist alles zu spät: Antenne Bayern ist dann das einzige, was es zu empfangen gibt und deswegen kontrolliere ich vor dem Golfspielen nicht nur meine Schläger sondern auch meinen CD-Bstand im Auto.
51047	Golfspiel	Golf	Spiel	4.800000	0.632456	4.600000	1.264910	""" Das Ehepaar willigt ein und wenige Minuten später sind Frau und Geist kräftig dabei, während sich das Ehemann wieder seinem Golfspiel widmet."
51048	Golfspiel	Golf	Spiel	4.800000	0.421637	4.700000	0.948683	Sie selbst störe nur, daß sie als reine Vorsichtsmaßnahme auf ihr wöchentliches Golfspiel verzichteten.
51049	Grundwasser	Grund	Wasser	3.800000	1.686550	4.300000	1.636390	In dieser Art von Müll befinden sich gefährliche Giftstoffe, die ins Grundwasser gelangen könnten.
51050	Grundwasser	Grund	Wasser	2.900000	2.514400	4.400000	1.577620	Ihre Wurzeln reichen nicht mehr in das Grundwasser des nationalen Lebens herab, und es ist nur folgerichtig, daß sie in so umfassender Weise Fremden zur Ausübung überlassen wird.
51051	Grundwasser	Grund	Wasser	3.700000	2.002780	4.700000	0.948683	Denn immer wenn etwas wächst, wird Dünger verbraucht und kann nicht ins Grundwasser gelangen.
51052	Grundwasser	Grund	Wasser	2.700000	2.002780	4.800000	0.632456	Als Wärmequellen stehen Luft, Erdreich und Grundwasser zur Auswahl.
51053	Grundwasser	Grund	Wasser	3.700000	1.418140	4.800000	0.632456	Den humosen und tonigen Erden ist die Kapillarität im höchsten Grade eigen, dieselben können sich daher am leichtesten mit Feuchtigkeit aus dem Grundwasser versorgen.
51054	Grundwasser	Grund	Wasser	4.000000	1.333330	4.900000	0.316228	Gleiches gilt für den sparsamen Umgang mit dem Grundwasser durch die Verwendung von Brauchwasser für betriebsinterne Zwecke.
51055	Grundwasser	Grund	Wasser	3.700000	1.636390	4.900000	0.316228	Im Bereich des Altstandortes und im Grundwasserabstrom wurden erhöhte Cyanidkonzentrationen im Grundwasser festgestellt.
51056	Grundwasser	Grund	Wasser	3.200000	1.932180	4.900000	0.316228	ist von größter Wichtigkeit, wenn die Gebäude in feuchtem, oder gar in dem Grundwasser ausgesetzten Erdboden erbaut werden.
51057	Grundwasser	Grund	Wasser	3.800000	0.918937	5.000000	0.000000	Die Abhaltung des Grundwassers in Kellern, daß es nicht über den Fußboden steige, hat von jeher eine Menge Hilfsmittel dagegen hervorgerufen, welche aber alle, außer einem einzigen sehr kostspieligen, nichts helfen.
51058	Grundwasser	Grund	Wasser	3.300000	2.002780	5.000000	0.000000	Tiefer dürfe man wegen dem Grundwasser nicht niedergehen, doch wüchse das Erz nach, so dass es nach zehn Jahren von neuem gegraben werden könne.
51059	Gruppenführer	Gruppe	Führer	4.800000	0.421637	3.600000	1.712700	Leider ging der Gruppenführer ganz vorne und bekam als letzter sein Fett weg.
51060	Gruppenführer	Gruppe	Führer	4.727270	0.904534	3.727270	2.004540	""" Sie zu mir: "" Zu meinen Gruppenführer, da ich keine Ahnung von der Materie habe."
51061	Gruppenführer	Gruppe	Führer	4.900000	0.316228	4.000000	1.563470	Sie nahmen aber ohne ihre gefürchteten Lederhosen an dieser epochalen Ausbildung für bessere Gruppenführer in naher Zukunft teil.
51062	Gruppenführer	Gruppe	Führer	4.700000	0.483046	4.400000	1.074970	Für den Einsatzbetrieb gilt: Der dienstälteste Gruppenführer leitet den Einsatz, wenn kein Kommandant anwesend ist.
51063	Gruppenführer	Gruppe	Führer	4.700000	0.948683	4.800000	0.421637	Hans Wacker übernahm als Gruppenführer die Funktion des Jugendwartes und führte diese Position bis 1976 an 1977 übernahm Roland Meier die Jugendgruppe.
51064	Gruppenspiel	Gruppe	Spiel	4.300000	1.567020	3.500000	2.223610	Wichtig ist es trotzdem weiterhin an sich zu arbeiten und als Team zusammen zu finden, denn nur über das Gruppenspiel kann man gewinnen.
51065	Gruppenspiel	Gruppe	Spiel	4.600000	0.699206	4.100000	1.370320	Jörg Drosten kam zwar über die Gruppenspiele hinaus musste sich aber nach schwachem Spiel im Achtelfinale geschlagen geben.
51066	Gruppenspiel	Gruppe	Spiel	4.200000	1.135290	4.500000	0.849837	Im letzten Gruppenspiel gegen Ellewick wird nun der Gruppensieg ausgespielt.
51067	Gruppenspiel	Gruppe	Spiel	4.400000	0.843274	4.600000	0.699206	Foto: Fußball, dts NachrichtenagenturFrankfurt / Bochum (dts Nachrichtenagentur ) - Bei der Fußball-Weltmeisterschaft der Frauen treffen die DFB-Frauen am Donnerstagabend (Anstoß: 20:45 Uhr ) im zweiten Gruppenspiel auf den Afrikameister Nigeria.
51068	Gruppenspiel	Gruppe	Spiel	4.800000	0.421637	5.000000	0.000000	Round Robin Round Robin ist ein Spielsystem, bei dem jeder gegen jeden in Gruppenspielen antritt.
51069	Gummizug	Gummi	Zug	5.000000	0.000000	0.900000	0.875595	Bundeswehr Schneetarnumhang Original neuwertig - 9.95 EUR Größzügig geschnittener Schneetarnumhang, Kapuze mit Kordelzug, Ärmelöffnung mit Gummizug, Einheitsgrösse.
51070	Gummizug	Gummi	Zug	4.700000	0.674949	1.400000	1.505550	Kaufen Sie Ihrem Kind Hosen und Windeln mit Gummizug, die es selbst herunterziehen kann.
51071	Gummizug	Gummi	Zug	4.636360	0.504525	1.545450	1.634850	Gewebte Jacke, verstärkte Knie, Gummizug im Bund, und Gürtel gleich dabei.
51072	Gummizug	Gummi	Zug	4.900000	0.316228	1.700000	1.567020	Der Türtrainer verfügt über 3 Paar flexible Gummizüge, jedes Paar hat eine unterschiedliche Steifigkeit, so dass so gut wie jedes Trainingslevel abgedeckt wird.
51073	Gummizug	Gummi	Zug	4.800000	0.421637	2.500000	1.840890	Im Inneren ein saugstarker Baumwollvlieskern für eine bestmögliche Schweißaufnahme, seitlich integrierte Gummizüge für einen perfekten Halt und ein anschmiegsamer Ökostoff auf der Innenseite für ein angenehmes Tragegefühl auf der Haut.
51074	Gästeführer	Gast	Führer	4.700000	0.674949	3.700000	1.828780	(Eine Ansprache der potentiell Beteiligten in Bremervörde (Oste-Hotel, Gästeführer ) ist bisher noch nicht erfolgt.
51075	Gästeführer	Gast	Führer	4.500000	0.849837	4.000000	1.632990	Durchgeführt wird er von den nationalen Gästeführerorganisationen, bei uns also von dem Bundesverband der Gästeführer in Deutschland (BVGD ).
51076	Gästeführer	Gast	Führer	4.300000	1.059350	4.300000	1.059350	Sofern während der Führung mit dem Gästeführer eine Verlängerung vereinbart wird, sind die zusätzlichen Kosten bei Barzahlung direkt gegen Quittung beim Gästeführer zu zahlen.
51077	Gästeführer	Gast	Führer	4.800000	0.632456	4.500000	0.707107	Bitte beachten Sie: Die Tourist Information Dachau tritt lediglich als Vermittlerin auf, der Führungsvertrag kommt zwischen Gast und Gästeführer zustande.
51078	Gästeführer	Gast	Führer	4.200000	1.398410	4.900000	0.316228	Termine: 22.6., 17.8.2014 Uhrzeit: 15:00 - 16:30 Uhr Preis: 5, - € pro Person Leistungen: Gästeführer Einschränkungen: barrierefrei Für Gruppen: Führung auch zu frei wählbaren Terminen buchbar, Preis auf Anfrage.
51079	Güterstand	Gut	Stand	2.300000	1.946510	1.200000	1.475730	Dies ist in der Regel der Fall, wenn Eheleute bei Eheschließung keine andere Regelung bezüglich der Vermögensauseinandersetzung getroffen und den gesetzlichen Güterstand inne haben.
51080	Güterstand	Gut	Stand	2.400000	2.170510	1.600000	1.577620	Danach gilt grundsätzlich, dass der Verstorbene von seinem Ehegatten und seinen Kindern jeweils zur Hälfte beerbt wird, sofern die Ehegatten im gesetzlichen Güterstand lebten (Zugewinngemeinschaft ).
51081	Güterstand	Gut	Stand	2.200000	2.201010	2.000000	1.825740	In diesen Fällen gilt grundsätzlich der gesetzliche Güterstand der Zugewinngemeinschaft.
51082	Güterstand	Gut	Stand	3.500000	1.509230	2.200000	1.032800	Wenn die Ehegatten einen Ehevertrag vor der Eheschließung nicht abschließen, gilt für sie der gesetzliche Güterstand der Gütertrennung.
51083	Güterstand	Gut	Stand	3.600000	1.577620	2.300000	2.002780	Güterstand endet entweder mit Rechtskraft der Scheidung bzw. Aufhebung der Ehe (§ 1318 BGB ) oder durch Vereinbarung eines anderen Güterstandes (§ 1408, 1414 BGB ) oder durch Tod (§ 1371 BGB ) eines Ehegatten.
51084	Haarteil	Haar	Teil	4.700000	0.483046	2.900000	1.791960	Dazu gibt es andererseits jetzt eine sagenhafte Problembeseitigung: Bekanntermaßen Hairextensi ons.Und sogar da gibt es unterschiedliche Ausführungen, die Haarteile, bzw. Hair Extensions im eigenen Haar festzumachen.
51085	Haarteil	Haar	Teil	4.900000	0.316228	3.600000	1.955050	Ob Perücke, Damenperücke oder Haarteile werden hier in sehr hoher Qualität angeboten.
51086	Haarteil	Haar	Teil	5.000000	0.000000	3.900000	0.875595	Ob Körperpflege oder Gesichtspflege, Kosmetik Haarpflege, Haarfarbe, Parfum, after shave, Make up, Lippenstift, Wimpern, Natur Kosmetik, Haarteile, Fingernägel und viele weitere Kosmetikprodukte erhalten Sie hier.
51087	Haarteil	Haar	Teil	5.000000	0.000000	4.200000	1.229270	Die Haarteile lassen sich genauso mühelos stylen wie auch das eigene Haar.
51088	Haarteil	Haar	Teil	4.700000	0.674949	4.500000	0.527046	Ich hatte ein sehr schönes Haarteil, wodurch ich aber ständig an dieselbe Haarfarbe gebunden war.
51089	Halskette	Hals	Kette	4.500000	0.707107	4.100000	1.595130	Probieren Sie neue Looks mit Rabatt silberne Ohrringe, Halsketten, Armbänder und vieles mehr.
51090	Halskette	Hals	Kette	3.900000	1.663330	4.600000	0.966092	daneben auf dem Tisch lag unbeachtet das Werk seines Fleißes, seines Schweißes, die Halskette aus Bergkristall.
51091	Halskette	Hals	Kette	3.500000	1.779510	4.700000	0.483046	Als sie es weiter mit Fragen bedrängten, so warf es ihnen seine goldene Halskette herab und dachte sie damit zufrieden zu stellen.
51092	Halskette	Hals	Kette	3.500000	2.223610	4.800000	0.421637	Die Halskette der beiden mageren Braunen rasselt am Deichselhaken; die Sprossen klappern in den Leiterbäumen, die Leiterbäume klappern an den vier Wagenrungen und gegen die Wagenrungen schrammt das Rad.
51093	Halskette	Hals	Kette	4.500000	1.269300	4.800000	0.421637	Die Suyafrauen, die sich mit Halsketten schmückten und in den durchbohrten Ohrläppchen dicke bandmassartig aufgerollte Palmblattstreifen trugen, gingen durchaus nackt.
51094	Halskette	Hals	Kette	4.600000	0.699206	4.900000	0.316228	",, Herein "", murmelte ich genervt und nahm meine Halskette um."
51095	Halskette	Hals	Kette	4.900000	0.316228	4.900000	0.316228	Auffallend ist auch, dass die Halskette von Lord Siva, dem Vater von Kumâra, aus einer Schlange besteht.
51096	Halskette	Hals	Kette	4.000000	1.699670	4.900000	0.316228	Ihre Schönheit hielt mich in ihrem Bann und ich bereute es innerlich, dass ich diese Halskette hergeben musste, obwohl es eine Person gab, der sie vorzüglich stehen würde.
51097	Halskette	Hals	Kette	5.000000	0.000000	5.000000	0.000000	Mimosa Long Halskette - Swarovski Kategorie: Halsketten > Schmuck Diese einzigartige Kette in Ruthenium interpretiert den Vintage Stil.
51098	Halskette	Hals	Kette	4.000000	1.699670	5.000000	0.000000	Die Bakairi verfertigten mit vieler Mühe sehr hübsche Halsketten, Trophäen der Arbeit, die bei den anderen Stämmen recht beliebt waren, und die wir 1884 auch bei den Suya gefunden haben, vgl. den Kamayura der Abbildung 14.
51099	Handelskette	Handel	Kette	4.800000	0.632456	1.400000	1.349900	Sie beliefert Supermärkte, Handelsketten und den Fruchthandel im In - und Ausland.
51100	Handelskette	Handel	Kette	4.700000	0.674949	1.700000	1.888560	2004 - 2007 BGF 22.500 m² Die Metro AG zählt zu den führenden weltweit agierenden Handelsketten.
51101	Handelskette	Handel	Kette	4.700000	0.674949	1.800000	1.475730	US-amerikanische Medien wie Kotaku.com haben in den Anzeigen und Preislisten von Handelsketten wie Walmart und zuletzt Toys-R-Us gestöbert und darin Hinweise auf eine Preissenkung für die Nintendo Wii gefunden.
51102	Handelskette	Handel	Kette	4.800000	0.421637	1.900000	1.449140	In der Meldung vom 29.05.2007 - siehe Kategorie WIRTSCHAFT - berichteten wir über den Antrag an den polnischen Senat, den einheimischen Handel gegen die Übermacht internationaler Handelsketten zu protektionieren.
51103	Handelskette	Handel	Kette	4.900000	0.316228	2.400000	1.646550	GRAVIS ist der Marktführer und die größte deutsche Handelskette für Mac, iPod und andere Produkte aus dem Bereich des digital life.
51104	Handelssache	Handel	Sache	3.400000	1.646550	2.200000	1.686550	Überdies hatte Blittersdorff den unsterblichen Art. 19 und die Handelssache soeben am Bundestage wieder zur Sprache gebracht; und obwohl dies nur ein Zeichen der Ratlosigkeit war, so wollte doch Bayern jede Einmischung des Bundes abschneiden.
51105	Handelssache	Handel	Sache	4.400000	0.843274	2.500000	1.649920	Die wiederholten Bitten der Provinziallandtage um Wiedereinsetzung eines Handelsministeriums hatten ihm längst gezeigt, daß er die Gewerbs- und Handelssachen nicht mehr allein dem Finanzminister und der oft rein fiskalischen Gesinnung seiner Räte überlassen durfte.
51106	Handelssache	Handel	Sache	5.000000	0.000000	2.600000	1.712700	Das EJN existiert seit 2002. Seine zentrale Aufgabe ist die Erleichterung der justiziellen Zusammenarbeit zwischen den Mitgliedstaaten in Zivil - und Handelssachen bei Verfahren mit grenzüberschreitenden Bezügen.
51107	Handelssache	Handel	Sache	4.300000	1.567020	2.600000	1.776390	Die Berufung der Beklagten gegen das Zwischenurteil der 1. Kammer für Handelssachen des Landgerichts Freiburg im Breisgau vom 13. Juni 1994 wird zurückgewiesen.
51108	Handelssache	Handel	Sache	3.600000	2.065590	2.800000	1.316560	Das hat die 1. Kammer für Handelssachen des Landgerichts Kleve am Freitag, dem 10.08.2007, in einem Wettbewerbsprozess entschieden (8 O 2 / 07 ).
51109	Handelssache	Handel	Sache	4.600000	0.699206	2.800000	1.475730	Darüber hinaus dient es der Umsetzung der 2008 erlassenen EU-Richtlinie (2008 / 52 / EG ) über bestimmte Aspekte der Mediation in Zivil - und Handelssachen.
51110	Handelssache	Handel	Sache	4.700000	0.483046	3.000000	1.563470	Eine andere anomale Bildung bei den Landgerichten sind die Kammern für Handelssachen.
51111	Handelssache	Handel	Sache	4.400000	0.843274	3.000000	1.763830	Am 1. Januar 1992 wird das Lugano-Übereinkommen vom 16. September 1988 über die gerichtliche Zuständigkeit und die Vollstreckung gerichtlicher Entscheidungen in Zivil - und Handelssachen (LugUe, SR 0.275.11 ) zwischen der Schweiz, Frankreich und den Niederlanden in Kraft treten.
51112	Handelssache	Handel	Sache	4.272730	1.555050	3.363640	1.433370	Seit 1847 (beziehungsweise Hatti-Scheriff von 1856 ) sind gemischte Gerichte, sowohl einerseits für die Handelssachen, als auch andererseits für die Strafsachen, in der Türkei geschaffen worden.
51113	Handelssache	Handel	Sache	4.700000	0.483046	3.800000	1.549190	Graf Eulenburg zeigte ihnen auf einer ausdrücklich dazu vorbereiteten Karte die geographische Lage der zum Zollverein gehörenden Staaten und suchte ihnen klar zu machen, wie alle diese Staaten in Zoll- und Handelssachen ein Ganzes bildeten, das unter Preußens Leitung stände.
51114	Handfläche	Hand	Fläche	4.900000	0.316228	3.200000	1.988860	Lavater glaubte aus den Gesichtszügen den menschlichen Charakter zu erkennen, Dr. Gall, aus den Hervorragungen des Schädels, Desbarolles aus den Furchen an der inneren Handfläche, ein anderer aus der Gestaltung der Füße.
51115	Handfläche	Hand	Fläche	4.900000	0.316228	3.500000	1.509230	Ein ganz kleines Riechkissen birgt sich in einer Ecke des Taschentuches, ein anderes ruht in der Handfläche des Glacehandschuhes.
51116	Handfläche	Hand	Fläche	4.900000	0.316228	3.500000	1.581140	A ist der zum Oberarm und B der zum Unterarm gehörige Flügelteil. C ist die geschlossene Handfläche und D sind die Flächen der Fingerfedern.
51117	Handfläche	Hand	Fläche	4.900000	0.316228	3.700000	1.828780	""" Georgs Handflächen schwitzten, er wischte sie heimlich an der Hose ab."
51118	Handfläche	Hand	Fläche	5.000000	0.000000	4.100000	0.875595	Die Daumenbusse betrug häufig die Hälfte oder ein Drittel der Handbusse, oder man pflegte Daumen- und Fingerbussen derart zu normieren, dass ihre Summe der vollen Handbusse oder dieser und einem für die Handfläche angesetzten Betrage gleichkam.
51119	Handfläche	Hand	Fläche	4.900000	0.316228	4.200000	0.788811	Jäh unterbricht der Admin meine kleine Erkundungstour über meine Handfläche.
51120	Handfläche	Hand	Fläche	4.555560	1.013790	4.444440	0.726483	Dein Partner steht passiv und entspannt vor Dir. Du legst Deine Handflächen auf seinen Rücken (Sonnenwärme ).
51121	Handfläche	Hand	Fläche	4.700000	0.674949	4.500000	0.971825	""" I so 'ne Katze! so 'ne Wildkatze! "" ächzte Thedel, seine vom Zufühlen blutgerötete innere Handfläche betrachtend."
51122	Handfläche	Hand	Fläche	5.000000	0.000000	4.700000	0.674949	Die Yoga-Haltung: Die Hände werden mit den Handflächen nach oben locker auf die Knie gelegt.
51123	Handfläche	Hand	Fläche	4.818180	0.404520	4.818180	0.603023	Sie dehnen und verschieben mit fließenden und weichen Dreh - und Pumpbewegungen ihrer Handflächen und Fingerspitzen die Haut und Unterhaut der Betroffenen.
51124	Handspiel	Hand	Spiel	4.100000	1.595130	2.300000	1.888560	@ tillongi: Wenn die Regelpäpste dies so wollten, dass absichtliches Handspiel immer unsportlich ist, dann hätten die das in den Regeln festgeschrieben.
51125	Handspiel	Hand	Spiel	4.500000	0.971825	2.400000	2.011080	"Ach und zum Thema "" einen Vorteil "" aus einem Handspiel ziehen."
51126	Handspiel	Hand	Spiel	4.700000	0.483046	2.700000	2.002780	Erst kurz vor Schluss zeigte der souveräne Schiedsrichter nach einem Handspiel erneut auf den Punkt.
51127	Handspiel	Hand	Spiel	4.600000	0.516398	2.900000	2.131770	In der 70. Minute erwartet der Anhang der SSG nach einem klaren Handspiel im Strafraum einen Elfmeterpfiff, dieser blieb aber leider aus.
51128	Handspiel	Hand	Spiel	4.600000	0.699206	3.200000	1.549190	Handspiel, wie von einigen Usern vorgeschlagen sehe ich hier nicht.
51129	Hausstand	Haus	Stand	3.900000	1.449140	0.800000	1.032800	"Wichtig ist also, dass Sie am Beschäftigungsort einen zweiten Hausstand berufsbedingt gründen "" mussten ""."
51130	Hausstand	Haus	Stand	3.500000	1.840890	0.800000	1.229270	Der Hausstand in den, zumeist vereinzelt liegenden Bauernhöfen ist groß und in jedem Betracht reichlich, aber durchaus bäurisch. --
51131	Hausstand	Haus	Stand	3.600000	1.712700	1.300000	1.251670	Für ein volljähriges Kind mit eigenem Hausstand gilt Anm. A. 7 Abs. 2 der Düsseldorfer Tabelle.
51132	Hausstand	Haus	Stand	3.400000	1.712700	1.300000	1.337490	Nach seiner Lehrzeit konditionierte er eine Zeitlang auswärts, kehrte dann auf Wunsch seiner Mutter nach Emden zurück, wo er 1900 seinen Hausstand gründete und noch jetzt in glücklichen, wenn auch bescheidenen Verhältnissen lebt.
51133	Hausstand	Haus	Stand	4.800000	0.421637	1.400000	1.074970	Führung eines Hausstandes, am liebsten auf dem Lande oder auch in der Stadt. Adressen erb. man an d. Exp. d. Bl. unter Ch. A. B. 300
51134	Hausstand	Haus	Stand	4.700000	0.483046	1.400000	1.646550	Hierfür muss er selbst, eine zu seinem Hausstand gehörende Person oder ein Familienangehöriger die Wohnung nachweisbar zu Wohnzwecken benötigen.
51135	Hausstand	Haus	Stand	3.300000	2.162820	1.600000	2.011080	Der Kantor hatte die Gewohnheit, bei missfälligen Vorkommnissen in seinem Hausstande zu äußeren:
51136	Hausstand	Haus	Stand	4.500000	0.849837	1.700000	1.946510	Eine doppelte Haushaltsführung liegt vor, wenn ein Steuerpflichtiger außerhalb des Ortes, in dem er einen eigenen Hausstand unterhält, beruflich tätig ist und auch am Ort der Berufstätigkeit übernachtet.
51137	Hausstand	Haus	Stand	4.100000	0.994429	1.900000	1.370320	Hallo an Alle, da ich aus privaten Gründen dringend nach Deutschland zurück muß, habe ich meinen ganzen Hausstand auflösen und verkaufen müssen.
51138	Hausstand	Haus	Stand	3.800000	1.813530	2.100000	1.728840	Um seinen Hausstand gründen zu können, stellte er sich dem Konsistorium der Prof.
51139	Hautkontakt	Haut	Kontakt	4.800000	0.421637	4.400000	1.074970	Nach Hautkontakt: Mit viel Wasser abwaschen, abtupfen mit Polyethylenglykol 400 Nach Augenkontakt: 15 Minuten bei gespreizten Lidern unter fließendem Wasser mit Augendusche ausspülen.
51140	Hautkontakt	Haut	Kontakt	4.200000	1.398410	4.500000	0.971825	(2 ) Unmittelbarer Hautkontakt liegt nach TRGS 150 bei einer direkten Berührung der Haut mit PAH-haltigen Gefahrstoffen vor.
51141	Hautkontakt	Haut	Kontakt	4.300000	1.251670	4.600000	1.264910	Bei einigen führt der Hautkontakt zu allergischen Reaktionen, andere werden durch die Nahrung aufgenommen.
51142	Hautkontakt	Haut	Kontakt	5.000000	0.000000	4.700000	0.674949	""" Halt mal ruhig "" sagte sie und legte dennoch vorsichtig die Fingerspitzen an die Bandagen, jeden Hautkontakt mit dem Manne vermeidend schälte sie langsam die Stoffbahnen herab."
51143	Hautkontakt	Haut	Kontakt	4.800000	0.632456	4.800000	0.632456	Die Aufnahme dieser Stoffe kann über die Nahrung, die Einatmung oder den Hautkontakt erfolgen.
51144	Hebräerbrief	Hebräer	Brief	3.600000	1.505550	2.600000	2.011080	"Der Hebräerbrief bringt dieses Lebensgefühl von Glaubenden in die Worte: "" Wir haben hier keine bleibende Stadt, sondern die zukünftige suchen wir."
51145	Hebräerbrief	Hebräer	Brief	4.000000	1.154700	3.600000	1.505550	"So beschreibt dann der Hebräerbrief im Neuen Testament den Glauben als "" eine feste Zuversicht auf das, was man hofft, und ein Nicht-Zweifeln an dem, was man nicht sieht."
51146	Hebräerbrief	Hebräer	Brief	3.700000	1.418140	3.800000	1.686550	-- Auch der Verfasser des Hebräerbriefes drückt den Begriff der Gottbildlichkeit einmal auf annähernde Weise aus, mittels Anführung jener Verse des 8. Psalms, die er freilich in ihrem Anfange gemäß der Deutung der Septuaginta verändert:
51147	Hebräerbrief	Hebräer	Brief	3.600000	1.955050	3.900000	1.728840	Die D. schen Schriften des N. T. sind für Katholiken: Hebräerbrief, Briefe des Jakobus und Judas, die 2 des Petrus, der 2. und 3. samt der Offenbarung des Johannes.
51148	Hebräerbrief	Hebräer	Brief	4.181820	1.601140	4.000000	1.612450	In diese Zeit fällt die Abfassung des II. Briefes an Timotheus sowie des Hebräerbriefes, welch letzteren er wahrscheinlich von einem Freunde niederschreiben ließ.
51149	Hebräerbrief	Hebräer	Brief	4.100000	1.100500	4.100000	1.370320	Er hat an dem, was er litt, Gehorsam gelernt, heißt es im Hebräerbrief.
51150	Hebräerbrief	Hebräer	Brief	2.900000	1.791960	4.300000	1.059350	""" Der Hebräerbrief ist unter allen neutestamentlichen Schriften für den Leser heute das fremdartigste Dokument "" (G.Bor nkamm )."
51151	Hebräerbrief	Hebräer	Brief	3.900000	1.523880	4.400000	0.843274	Hebräerbrief 13, 8 Jesus Christus gestern und heute und derselbe auch in Ewigkeit.
51152	Heerführer	Heer	Führer	4.700000	0.674949	3.600000	1.505550	Freilich ist das Talent des Journalisten dem Dichter so gefährlich, wie es dem Heerführer verhängnisvoll werden kann, wenn ein besonders dazu geschaffenes Terrain ihn verführt, sich mit Vorliebe dem Guerrillakriege zuzuwenden.
51153	Heerführer	Heer	Führer	4.000000	1.763830	4.100000	1.728840	Die 12 Heerhaufen sind die 12 Teile des Tierkreises, mit den in jedem Teile befindlichen großen und kleinen Sternen; die vier Heerführer sind die Vierfürsten, die Herrscher der vier Hauptteile der Sonnenbahn mit je drei Zwölfteilen des Heeres unter sich.
51154	Heerführer	Heer	Führer	4.100000	1.197220	4.200000	0.918937	Endlich werden auch die Statthalter größerer Landschaften und die höheren Heerführer Eorle genannt.
51155	Heerführer	Heer	Führer	4.500000	0.707107	4.600000	0.699206	'Alem, im Volksmunde Blutfahne genannt, ist das Banner des Heerführers.
51156	Heerführer	Heer	Führer	4.800000	0.632456	4.700000	0.483046	Also ich hab das ein wenig anders verstanden: ) spoiler: 097419183 f (Glorana ist nicht besiegt, bisher hats nur ihren Heerführer mit ihrem Nagrachschwert erwischt.
51157	Heerführer	Heer	Führer	4.300000	1.567020	4.700000	0.483046	Während Gunter und Gutrune in goldene Prachtgewänder gehüllt sind (Gunter mit kleinem dezentem Zopf ), trägt Hagen ein finster schwarzes Gewand und eine Frisur, die ihn als hunnischen Heerführer erscheinen lassen, vielleicht sogar als Attila selbst, großartige Allusion!
51158	Heerführer	Heer	Führer	5.000000	0.000000	4.700000	0.674949	Mit seinem Sieg bei Stamford Bridge hatte für den Augenblick zwar Führungsstärke bewiesen und sich bei seinen Leuten auch als geeigneter Heerführer für den Kampf gegen Wilhelm prädesteniert, aber einen tatenlosen Verlust Londons hätte er sich ihnen gegenüber sicher nicht erlauben dürfen.
51159	Heerführer	Heer	Führer	4.900000	0.316228	4.800000	0.421637	Ritan Sal-Avat as Ambor, der Chermanth Llondrasts hat da wohl gewisse Entscheidungsprobleme - oder sind es seine Heerführer?
51160	Heerführer	Heer	Führer	4.600000	0.699206	4.800000	0.421637	Unter dem Befehl seines Heerführers Schobach rückten sie bis Helam(a) vor.
51161	Heerführer	Heer	Führer	4.600000	0.966092	4.800000	0.421637	Die Reiter, namentlich die Heerführer, bedienten sich auch der Stosslanzen.
51162	Heidefläche	Heide	Fläche	3.777780	1.787300	3.666670	1.658310	Dr. Saalfeld, Die Kultur der Heideflächen Nordwest-Deutschlands, 2. Ausgabe.
51163	Heidefläche	Heide	Fläche	3.800000	1.686550	3.800000	1.619330	Alle diese kleineren Falter treiben ihr munteres Spiel überall im Hochsommer auf den Blumen der Wiesen und Felder, der Wälder und dürren Heideflächen, scheinen aber weitere Ausflüge nicht zu unternehmen.
51164	Heidefläche	Heide	Fläche	4.600000	0.516398	4.300000	0.948683	Er spornte nun wieder das Pferd, und in der Meinung, einen Umweg abzuschneiden, ritt er quer über die Heidefläche.
51165	Heidefläche	Heide	Fläche	4.636360	0.924416	4.636360	1.206050	Ausgedehnte Heideflächen ziehen sich an beiden Ufern der Düna (Dvina ) nahe ihrer Mündung hin, nur unterbrochen durch Sandhügel und Sümpfe und kleine Anpflanzungen, die dem öden Charakter der Gegend nur wenig Reiz zu verleihen vermögen.
51166	Heidefläche	Heide	Fläche	4.800000	0.421637	4.700000	0.948683	Östlich und nördlich der Lethe lagen noch rd.300 ha ungenutzte Heideflächen.
51167	Heidefläche	Heide	Fläche	3.900000	2.079000	4.800000	0.421637	Die HEIDEFLÄCHEN im Naturschutzgebiet sind die größten zusammenhängenden Reste binnenländischer Zwergstrauchheiden Mitteleuropas.
51168	Heidefläche	Heide	Fläche	4.800000	0.421637	4.800000	0.421637	Die kurze Tour mit 3,2 km führt Richtung Neuohe durch ausgedehnte Heideflächen und Borstgrasrasen und entlang von hutewaldartig aufgelichteten Birkenwäldern.
51169	Heidefläche	Heide	Fläche	4.300000	1.337490	4.800000	0.421637	Oberhalb dehnte sich eine viele Morgen große Heidefläche, in deren zartem Blütengezweig im Sommer die Bienen schwärmten, so daß die ganze Luft von ihrem Summen erfüllt war.
51170	Heidefläche	Heide	Fläche	4.300000	1.337490	4.800000	0.632456	Direkt am Ortsausgang von Hörpel gelangen Sie in die schönsten Heideflächen der Hörpeler Heide.
51171	Heidefläche	Heide	Fläche	4.700000	0.674949	4.900000	0.316228	Nach der Aufgabe des Heidebauerntums vor ca. 200 Jahren wurden die meisten Heideflächen in andere Nutzungsformen überführt.
51172	Heimspiel	Heim	Spiel	3.545450	2.114880	4.000000	1.612450	Es war wieder noch keine ganze Minute nach dem Anpfiff gespielt, als Frankfurt zu einem Freistoß kam, den Christina Zerbe - die eine sehr gute Leistung bot und die in vergangenen Heimspielen oft schwache Frankfurter Abwehr ungemein stabilisierte - hoch und gefährlich hereinbrachte.
51173	Heimspiel	Heim	Spiel	4.600000	0.699206	4.400000	0.843274	Sie stehen auf einem Abstiegsplatz und haben ihr Heimspiel gegen RW Oberhausen mit 1:2 verloren.
51174	Heimspiel	Heim	Spiel	3.000000	1.825740	4.700000	0.674949	(Nein ich persönlich habe keine Fan Freundschaft mit Schalke, die interessieren mich nicht ) Vielleicht können wir ihnen im übernächsten Heimspiel bei den Auflösungserscheinungen auch noch eins mitgeben, nach 2008 und nachdem wir auch letztes Jahr nur Punktelieferant waren.
51175	Heimspiel	Heim	Spiel	3.600000	1.955050	4.800000	0.421637	Den 19.5 streich lieber mal, denn an diesem Samstag ist das letzte Schalker Heimspiel, da kannste eh vergessen Fotos zu machen.
51176	Heimspiel	Heim	Spiel	3.700000	1.828780	5.000000	0.000000	Das nächste Heimspiel findet erst am 01. Dezember (19.30 Uhr ) in der Max-Schmeling-Halle statt.
51177	Herrschaftsverhältnis	Herrschaft	Verhältnis	4.300000	1.251670	2.500000	1.581140	Vielmehr ist der Staat ein Herrschaftsverhältnis, und die Freiheit besteht in dem Anteil an dieser Herrschaft.
51178	Herrschaftsverhältnis	Herrschaft	Verhältnis	4.900000	0.316228	2.700000	1.702940	"Augustinus betrachtete allein den "" Staat, dessen König Christus ist, "" d. h. die Kirche, als Stiftung Gottes und als Ausdruck der in ihm gegründeten sittlichen Weltordnung, dagegen leitete er Eigentum und Herrschaftsverhältnisse aus dem Sündenfall ab."
51179	Herrschaftsverhältnis	Herrschaft	Verhältnis	4.500000	0.849837	2.800000	1.686550	Das Charakteristische der Rechtsverhältnisse des älteren Rechts kann also nicht darin gesucht werden, daß sie reine Herrschaftsverhältnisse sind -- es hieße weiter nichts als aussagen, daß die Römer zuerst die Sache juristisch erfaßt haben.
51180	Herrschaftsverhältnis	Herrschaft	Verhältnis	4.200000	0.788811	3.000000	1.154700	Je höher unsere sittliche und staatliche Entwicklung geht, desto mehr müssen auch die Leute mit starker Faust und großem Geldbeutel, mit verschlagener Pfiffigkeit sich den sittlichen Lebensordnungen fügen, desto weniger werden brutale Vergewaltigungen, Ausbeutungen, harte Herrschaftsverhältnisse mehr zugelassen.
51181	Herrschaftsverhältnis	Herrschaft	Verhältnis	3.900000	1.852930	3.000000	1.490710	Die im Habitus inkorporierten sozialen Strukturen begründen Vorstellungen von Normalität, von Denkbarem und Undenkbarem, die sich gewaltsam eingeführten Herrschaftsverhältnissen widersetzen.
51182	Herrschaftsverhältnis	Herrschaft	Verhältnis	4.600000	0.699206	3.000000	1.490710	"Besonders diejenigen pflegen dahin zu rechnen, deren Kompetenz die Besorgung der allgemeinen "" inneren Verwaltung "" umfaßt; und der "" politische "" Bestandteil daran ist vor allem die Aufgabe der Erhaltung der "" Ordnung "" im Lande, also: der bestehenden Herrschaftsverhältnisse."
51183	Herrschaftsverhältnis	Herrschaft	Verhältnis	4.300000	0.823273	3.400000	1.349900	Rassismus der Eliten und Rassismus der selbst Ausgegrenzten ist nicht dasselbe: Dient Rassismus den einen vor allem zur Aufrechterhaltung gesellschaftlicher Herrschaftsverhältnisse, hat er für die anderen vor allem die Funktion, die eigene Position in der bestehenden herrschaftsförmigen Gesellschaft zu verbessern.
51184	Herrschaftsverhältnis	Herrschaft	Verhältnis	4.600000	0.516398	3.400000	1.429840	Das Prinzip jedes Herrschaftsverhältnisses ist das komplementäre Ineinandergreifen von objektiven Macht - und Zwangsmitteln und subjektiven Motivationssystemen, die sie bestätigen und reproduzieren.
51185	Herrschaftsverhältnis	Herrschaft	Verhältnis	4.400000	0.843274	3.600000	1.173790	Es geht um globale Herrschaftsverhältnisse umfassender Art - nicht nur um Kapitalismus, sondern auch um Patriarchat oder Rassismus.
51186	Herrschaftsverhältnis	Herrschaft	Verhältnis	4.800000	0.421637	3.800000	0.788811	- Sexismus, Rassismus und Antisemitismus sind zwar historisch untrennbar mit kapitalistischen Herrschaftsverhältnissen verwoben, jedoch auch nach der Abschaffung des Kapitalismus weiter denkbar.
51187	Herzenssache	Herz	Sache	2.727270	1.678740	1.818180	2.088930	Oftmals ist der Kittenkauf eine Herzenssache, bei der es darauf ankommt, dass beide Parteien (Sie und die Katze ) der Meinung sind, einander gefunden zu haben.
51188	Herzenssache	Herz	Sache	2.100000	1.663330	2.100000	1.370320	"Weltweit über 40 Millionen faszinierte Besucher haben die Anatomieausstellung KÖRPERWELTEN bereits gesehen, allein 830.000 Besucher hatte die Ausstellung "" Körperwelten - eine Herzenssache "" 2003, als Plastinator Dr. Gunther von Hagens hier in München schon einmal zu Gast war."
51189	Herzenssache	Herz	Sache	1.700000	2.263230	2.100000	1.911950	"Was man beachten sollte und welches die richtige Ausrüstung ist, erfahren Sie im neuen Nordic-Walking-Flyer der Initiative "" Bauchumfang ist Herzenssache ""."
51190	Herzenssache	Herz	Sache	2.600000	1.837870	2.200000	1.398410	"Organisations-Partner von "" Herzenssache "" ist die Sparda-Bank Südwest Spendenkonto: KtoNr 33 BLZ 550 905 00 Es liegen Einzahlungsvordrucke bereit."
51191	Herzenssache	Herz	Sache	2.100000	1.969210	2.600000	1.349900	Die Kunst und Wissenschaft wurde den Deutschen zur Herzenssache, sie ist hier niemals, wie einst bei den Romanen, ein elegantes Spiel, ein Zeitvertreib für die müßigen Stunden der vornehmen Welt geworden.
51192	Herzenssache	Herz	Sache	2.800000	2.299760	2.700000	1.636390	"So auch ist_es dem "" politisch Freien "" ein heiliger Ernst mit dem Staate, er ist seine Herzenssache, seine Hauptsache, seine eigene Sache."
51193	Herzenssache	Herz	Sache	1.800000	1.932180	2.700000	1.828780	"Die nationale Politik war ihnen Herzenssache; wiederholt hatten sie dem vaterlandslosen Gerede der Bayern und Württemberger die Erklärung entgegengehalten: ihr König betrachte es "" als seine Regentenpflicht, seine Untertanen wieder in eine Verbindung zu bringen, wodurch sie mit Deutschland eine Nation bilden. """
51194	Herzenssache	Herz	Sache	2.500000	2.273030	2.800000	1.988860	Gewöhnlich ist die Eheschließung in Japan ein Geschäft, hier war es eine Herzenssache.
51195	Herzenssache	Herz	Sache	2.400000	1.429840	3.300000	1.418140	Für ihn war es aber eine Herzenssache an seiner einstigen Wirkungsstätte zu starten.
51196	Herzenssache	Herz	Sache	1.800000	1.619330	3.400000	1.505550	Die Hauptsache ist, daß man das Gebet in einer bestimmten Meinung und Absicht verrichtet, und zwar einer solchen, die Herzenssache ist.
51197	Hexenjagd	Hexe	Jagd	2.000000	2.160250	2.800000	1.873800	Der Chief vergleicht das Vorgehen des Colonels mit einer Hexenjagd.
51198	Hexenjagd	Hexe	Jagd	2.636360	2.377930	2.818180	1.721520	""" das ist doch eben gerade das Problem, dass für Sie die Wahrheit eine Denunziation ist und die Verurteilung von Straftätern eine Hexenjagd."
51199	Hexenjagd	Hexe	Jagd	2.200000	2.043960	3.500000	1.354010	Als erneut ein Mädchen vermisst wird, beginnt im Dorf eine Hexenjagd.
51200	Hexenjagd	Hexe	Jagd	2.900000	2.514400	3.500000	2.121320	Wildfremden Menschen wird in anonymen Pamphleten und mit ' geheimdienstlichen Mitteln ' erstellten, frei erfundenen ' internen Mitgliederlisten ' und bezahlten Spitzeln eine Scientology-Mitgliedschaft angedichtet, um irgendwelche politischen Intrigen und Hexenjagden auf unserem Rücken auszutragen.
51201	Hexenjagd	Hexe	Jagd	3.600000	2.011080	3.700000	2.057510	Schrullige Hexenjagd Frau Schrull fängt einen Liebesbrief ab, den Titeuf an Nadia geschrieben hat.
51202	Hotelkette	Hotel	Kette	4.900000	0.316228	1.400000	1.646550	Aladinia, (bei deinem Namen muß ich immer an die Aldiana Hotelkette denken ), ich würd mich ja nie auf so ne Waage stellen.
51203	Hotelkette	Hotel	Kette	4.800000	0.421637	1.500000	1.269300	Das Spa steht unter der Leitung der israelischen Hotelkette Tamares Hotels und bietet Loungegästen eine Auswahl an verschiedenen 20-minütigen Spa-Behandlungen an.
51204	Hotelkette	Hotel	Kette	5.000000	0.000000	1.500000	1.433720	""" Jede Einladung von ü-ticket ist immer ein besonderes Erlebnis "", bestätigt Petra M. Sie ist als Managerin einer internationalen Hotelkette vor kurzem von Hannover nach Frankfurt gezogen und hat nur wenig Freizeit."
51205	Hotelkette	Hotel	Kette	5.000000	0.000000	1.700000	1.494430	Hoch in der Gunst der Gästeschar, die Fuerteventura als Urlaubsziel ausgewählt hatten, stehen vier Prestige-Objekte verschiedener Hotelketten auf unserer Sonneninsel.
51206	Hotelkette	Hotel	Kette	5.000000	0.000000	1.900000	1.663330	"Eine einzigartige Kooperation zwischen Bioland und der internationalen Hotelkette "" Radisson SAS Hotels & Resorts "" macht es möglich: In 13 deutschen Spitzen-Hotels steht ab sofort ein Bioland-Menü in Ökoqualität auf der Speisekarte."
51207	Hundeführer	Hund	Führer	3.800000	2.097620	4.000000	1.763830	Das ist auch kein Wunder: Hund und Hundeführer wollen möglichst schnell sein, denn so macht Agility erst richtig Spaß.
51208	Hundeführer	Hund	Führer	4.500000	1.080120	4.100000	1.595130	Beim Übersteigen von hinten nach vorne klatscht der Hundeführer zweimal kräftig über dem Kopf des Hundes in die Hände.
51209	Hundeführer	Hund	Führer	4.800000	0.421637	4.500000	0.707107	Am Samstag den 04.04.09 stellten sich zwei unserer Hundeführer zur Erstprüfung und zur Wiederholungsprüfung nach GemPPO der Organisationen in Bayerwald auf dem Truppenübungsgelände bei Cham i.d. Opf.
51210	Hundeführer	Hund	Führer	4.100000	1.100500	4.500000	0.707107	Nach dem gemeinsamen Fototermin der Mannschaft, der sich als logistische Herausforderung herausstellte (versuchen Sie mal 12 Hunde mitsamt Hundeführer auf ein so kleines Foto zu bekommen ), konnte dann glücklich aber müde die Heimreise angetreten werden.
51211	Hundeführer	Hund	Führer	4.500000	0.707107	4.500000	0.971825	Bei herrlichem Spätsommerwetter (sonnig und um die 26 ° C ) waren 7 Hundeführer mit ihren Hunden zum Wassertest und 2 Hundeführerinnen mit ihren Hunden zur Schußfestigkeitsprüfung erschienen.
51212	Hustenanfall	Husten	Anfall	4.400000	1.577620	3.300000	1.946510	""" Donnerwetter "", sagte darauf der Hausherr, während alle Kinder sich plötzlich unter Hustenanfällen förmlich krümmten..."
51213	Hustenanfall	Husten	Anfall	5.000000	0.000000	4.000000	1.154700	Bei einem Hustenanfall halten Sie am besten die linke Hand - idealerweise mit Taschentuch - vor den Mund.
51214	Hustenanfall	Husten	Anfall	4.700000	0.674949	4.000000	1.699670	Ein neuer Hustenanfall unterbrach die mühsam, schleppend, unter stoßendem Atmen hingelispelt Worte Irmers.
51215	Hustenanfall	Husten	Anfall	4.900000	0.316228	4.100000	1.100500	Hustenanfälle, Papierknistern, Opernglas ja oder nein - ein kleiner Ratgeber für den gelungenen Opernbesuch.
51216	Hustenanfall	Husten	Anfall	4.900000	0.316228	4.100000	1.449140	""" Der Rektor bekommt einen Hustenanfall, und danach antwortet Peter gelassen: "" Kaugummi."
51217	Hustenanfall	Husten	Anfall	4.800000	0.421637	4.100000	1.449140	""" Für die Leser der Staatszeitung. I. Heftige und öfters im Laufe des Tages wiederkehrende Hustenanfälle ließen Se. Maj. den König nur wenig Ruhe genießen."
51218	Hustenanfall	Husten	Anfall	5.000000	0.000000	4.200000	0.918937	Wenn dieser sich zu lösen pflegt. tritt beim K. statt der Krisen das krampfhafte Stadium ein, charakterisiert durch die ganz eigentümlichen Hustenanfälle bei krampfhaft verengerter Stimmritze.
51219	Hustenanfall	Husten	Anfall	4.900000	0.316228	4.500000	0.849837	bereits nach 1 bis 9 Monaten Hustenanfälle, Verstopfungen der Nasennebenhöhlen und Kurzatmigkeit zurück gehen, die Flimmerhärchen der Atemwege ihre Reinigungsfähigkeit zurück gewinnen und wieder eine normale Lungenfunktion erreicht wird?
51220	Hustenanfall	Husten	Anfall	4.500000	1.581140	4.700000	0.483046	""" Ja, "" sagte der Advokat, er lachte dabei, bekam einen Hustenanfall und begann, nachdem dieser vergangen war, wieder zu lachen."
51221	Hustenanfall	Husten	Anfall	4.818180	0.404520	4.727270	0.646670	TA hat erst Equipulmin gegeben - dann kamen dolle Hustenanfälle und es gab Cortison und Ventiplus.
51222	Hustensaft	Husten	Saft	4.800000	0.421637	3.400000	1.646550	Ich weiß, jeder nimmt Drogen zu sich und schluckt immer ein bißchen mehr Hustensaft, als wirklich nötig, um den Husten zu kurieren.
51223	Hustensaft	Husten	Saft	4.300000	0.948683	3.600000	1.955050	""" Sie gingen in die Apotheke und kauften drei Flaschen Hustensaft."
51224	Hustensaft	Husten	Saft	4.600000	0.843274	4.000000	1.885620	Also 0.1 Promille vermutlich weil ja auch schon jeder handelsübliche Hustensaft und viele andere Medikamente Alkohol enthalten.
51225	Hustensaft	Husten	Saft	4.200000	1.229270	4.800000	0.421637	Original geschrieben von Bulma-chan * Hustensaft zuwerf * sweatdrop Kyaaaahhhh ^^ das Ava is ja süß *qiek* Ava-Sig:...
51226	Hustensaft	Husten	Saft	4.800000	0.632456	4.900000	0.316228	> > > > Ich brauche keinen Hustensaft, ich kann auch ohne husten.
51227	Hügelkette	Hügel	Kette	4.800000	0.632456	0.900000	0.994429	Klasse ist es vom Hotel aus Richtung Sender fahren und dann rechts auf die Hügelkette abzubiegen.
51228	Hügelkette	Hügel	Kette	4.300000	1.251670	1.100000	1.449140	Die Kirchhöfe liegen auf dem Kam der Hügelkette im Westen von der Stadt, der schönste derselben ist der auf dem Lone Mountain.
51229	Hügelkette	Hügel	Kette	4.700000	0.674949	1.200000	1.135290	Direkt gegenüber von Volubilis, eingebettet in Hügelketten, liegt Moulay Idriss.
51230	Hügelkette	Hügel	Kette	5.000000	0.000000	1.200000	1.398410	Nach Wochen bangen Ausharrens entdecken sie die Umrisse einer Hügelkette auf der etwa einhundert Kilometer entfernten Elephanteninsel.
51231	Hügelkette	Hügel	Kette	4.900000	0.316228	1.200000	1.813530	An recht heiteren, klaren Tagen soll man sogar einer fernen Hügelkette ansichtig werden, -- der Tag war schön und heiter; aber die Hügelkette konnte ich nicht erblicken.
51232	Hügelkette	Hügel	Kette	4.700000	0.483046	1.400000	1.349900	Lagen der Gebäude auf der Nordseite von Gebirgen oder hohen Hügelketten liegen ungesunder, als solche auf der Süd- und Ostseite.
51233	Hügelkette	Hügel	Kette	4.600000	0.699206	1.500000	1.509230	Ich lag in meinem Bettchen und träumte ziemlich intensiv von symetrischen Hügelketten.
51234	Hügelkette	Hügel	Kette	4.800000	0.421637	1.700000	1.567020	Die Ufer erscheinen ziemlich steil aber nicht hoch; im Vordergrunde wechseln magere Wiesen mit Sandflächen und im Hintergrunde erheben sich bewaldete Hügelketten und darüber hinaus schneebedeckte Berge.
51235	Hügelkette	Hügel	Kette	4.700000	0.483046	1.700000	1.567020	Es ist landwärts durch die steil abfallenden Hänge einer vorgeschobenen Hügelkette vorteilhaft begrenzt.
51236	Hügelkette	Hügel	Kette	4.666670	0.500000	2.000000	1.500000	Schweben Sie über die sanft geschwungenen Hügelketten oder die imposanten Felsformationen und blicken Sie mit uns auf die malerischen Ortschaften und Städte der Region.
51237	Hühnersuppe	Huhn	Suppe	4.300000	1.337490	4.800000	0.421637	"Umstrittene Hühnersuppe "" Früher hast du die Grippe mit einer gescheiten Hühnersuppe bekämpft, heut kannst du dir mit einer Tasse Hühnersuppe den Tod holen "", so sein Kommentar."
51238	Hühnersuppe	Huhn	Suppe	4.700000	0.674949	4.900000	0.316228	Dann den Reis mit der Hühnersuppe, der Karotte und etwas Huhn klein matschen und den Tieren geben.
51239	Hühnersuppe	Huhn	Suppe	5.000000	0.000000	5.000000	0.000000	Ach zum Hühnersuppe kochen kann man garnicht unbegabt sein Die die ich koche ist so simpel und leicht.
51240	Hühnersuppe	Huhn	Suppe	4.800000	0.632456	5.000000	0.000000	Achten Sie zudem darauf, genügend Flüssigkeit zu sich zu nehmen: Ein Tipp aus Omas Küche: selbstgemachte Hühnersuppe.
51241	Hühnersuppe	Huhn	Suppe	5.000000	0.000000	5.000000	0.000000	Hühnersuppe für die Seele: Geschichten, die das Herz erwärmen Der Nr. 1 - Bestseller aus USA!
51242	Imbissstand	Imbiss	Stand	4.900000	0.316228	4.100000	1.663330	Nach eigenen Angaben soll sie bereits erstmals am 4. September 1949 die Wurst an ihrem Imbissstand in Berlin-Charlottenburg angeboten haben.
51243	Imbissstand	Imbiss	Stand	4.900000	0.316228	4.200000	0.918937	Ob Sie die einsame Stille suchen, oder die große Badewiese mit Eis und Imbissstand - sehen Sie sich alle Strände an und entscheiden Sie selbst was für Sie am Werbellinsee interessant ist.
51244	Imbissstand	Imbiss	Stand	4.700000	0.674949	4.400000	1.074970	Die Abgabe von Speisen an Imbissständen oder in Kinofoyers zum sofortigen Verzehr stellt im Normalfall eine Lieferung von Gegenständen dar.
51245	Imbissstand	Imbiss	Stand	4.900000	0.316228	4.600000	0.516398	Die Opfer der Mordserie waren Einzelhändler - nicht nur Verkäufer an Imbissständen.
51246	Imbissstand	Imbiss	Stand	5.000000	0.000000	4.600000	0.699206	Die Hotels und Gaststätten sorgen mit Imbißständen für das leibliche Wohl.
51247	Industriearbeiter	Industrie	Arbeiter	4.200000	1.229270	4.600000	0.516398	Die Verteuerung der Lebensmittel führt aber wieder zu Lohnmehrforderungen der konsumierenden Industriearbeiter und damit auch zu neuen Forderungen des landwirtschaftlichen Personals, wodurch neuerlich Steigerung der Produktpreise und vermehrter Abfluß der Landbautreibenden zur Industrie erfolgt.
51248	Industriearbeiter	Industrie	Arbeiter	4.200000	1.316560	4.600000	0.966092	Darüber hinaus lebte der Industriearbeiter nicht auf dem Land, sondern war in die Stadt gezogen und in den immens wachsenden Städten wurden Freiflächen rar.
51249	Industriearbeiter	Industrie	Arbeiter	4.600000	0.516398	4.700000	0.483046	Was die Verwendung von Industriearbeitern betrifft, die augenblicklich beschäftigungslos, so hat sich dieselbe nirgends bewährt.
51250	Industriearbeiter	Industrie	Arbeiter	5.000000	0.000000	4.800000	0.421637	Der Sieg der Manchesterleute um Cobden und Bright leitete ein halbes Jahrhundert industriellen Wachstums ein, ein halbes Jahrhundert der Geldstabilität und Hebung des Lebensstandards, auch und vor allem bei den Industriearbeitern.
51251	Industriearbeiter	Industrie	Arbeiter	4.700000	0.483046	4.800000	0.421637	So kostet im Durchschnitt der elf wichtigsten Niedriglohnländer wie Indonesien, China, Thailand, aber auch Ungarn und Tschechien ein Industriearbeiter 1,75 Euro in der Stunde, in Deutschland dagegen 25,50 Euro.
51252	Industriearbeiter	Industrie	Arbeiter	4.400000	1.264910	4.800000	0.421637	Der Kaufmann, der Handwerker, der Gelehrte ist heute weit weniger beweglich als etwa in der Reformationszeit, und die Industriearbeiter wandern heute verhältnismäßig seltener und auf kürzere Entfernungen als noch im vorigen Jahrhundert.
51253	Industriearbeiter	Industrie	Arbeiter	4.727270	0.467099	5.000000	0.000000	Die Wochenarbeitszeit eines Industriearbeiters konnte bis zu 75 Stunden betragen.
51254	Industriearbeiter	Industrie	Arbeiter	4.300000	1.337490	5.000000	0.000000	"So mussten die Ägypter Esraa Abdel Fattah Ahmed Raschid und Ahmed Maher die Gründung der Gruppe "" April 6 Youth Movement "" auf Facebook, in der sie sich mit streikwilligen Industriearbeitern solidarisierten, mit )..."
51255	Industriearbeiter	Industrie	Arbeiter	4.400000	1.264910	5.000000	0.000000	Man hat allerlei Palliativmittel empfohlen, um dem Übel zu steuern, so unter anderem die Anschaffung von Maschinen, die Verwendung von Industriearbeitern, welche augenblicklich nicht beschäftigt sind ec.
51256	Infektionsquelle	Infektion	Quelle	4.600000	1.264910	2.800000	1.873800	Vor geplanten Operationen an den Herzklappen sollte ein Zahnarzt aufgesucht werden, um mögliche Infektionsquellen im Mund - und Zahnbereich aufzudecken und diese gegebenenfalls zu sanieren, um ein mögliches Endokarditisrisiko so gering wie möglich zu halten.
51257	Infektionsquelle	Infektion	Quelle	4.500000	1.269300	2.900000	2.024850	Es sei zudem nicht ausgeschlossen, dass auch andere Lebensmittel als Infektionsquelle in Frage kommen.
51258	Infektionsquelle	Infektion	Quelle	4.600000	0.516398	3.100000	1.449140	Diese befallenen Knospen müssen bis ins gesunde Holz ausgeschnitten und entfernt werden, denn sie sind eine ständige neue Infektionsquelle.
51259	Infektionsquelle	Infektion	Quelle	4.300000	1.251670	3.200000	2.097620	Hierbei wird über die Art der Krankheit, mögliche Infektionsquellen und Schutzmassnahmen informiert.
51260	Infektionsquelle	Infektion	Quelle	4.500000	1.269300	3.800000	1.549190	Sprossen werden roh vor allem auf Salaten verwendet, was zu den bisher ermittelten Infektionswegen gut ins Bild passt, weil schon von Anfang an Salate im Fokus der Suche nach der Infektionsquelle standen.
51261	Informationsquelle	Information	Quelle	4.800000	0.421637	2.300000	1.946510	Endlich stehen den Ministerien gewiß als Informationsquellen Berichte der Notenbank zur Verfügung.
51262	Informationsquelle	Information	Quelle	4.900000	0.316228	2.400000	1.646550	Ziel dieser Website ist es daher auch, Ihnen den Zugang zu seriösen Informationsquellen zu vereinfachen und Ihnen das Erkennen unseriöser, möglicherweise gefährlicher Desinformation zu erleichtern.
51263	Informationsquelle	Information	Quelle	4.700000	0.674949	2.500000	1.649920	Aus o.g. Informationsquellen ergaben sich zahlreiche praktische Informationen und Hilfen, zum Beispiel die Position der Zählstellen, der Zähltermin, sowie die Gestaltung eines Zäihlformulars.
51264	Informationsquelle	Information	Quelle	4.900000	0.316228	2.600000	1.646550	3. Hohes Ansehen: Informationen sind hoch angesehen, wenn die Informationsquelle, das Transportmedium und das verarbeitende System im Ruf einer hohen Vertrauenswürdigkeit und Kompetenz stehen.
51265	Informationsquelle	Information	Quelle	5.000000	0.000000	3.300000	1.418140	Eine Freundschaft ist wie eine Informationsquelle und ich nutze sie doch nur, um in meinem Denken bestätigt zu werden.
51266	Informationsquelle	Information	Quelle	4.900000	0.316228	3.300000	1.494430	Wenn die technischen Voraussetzungen geschaffen sind, soll das Internet als Informationsquelle und zur Kommunikation mit anderen Schülern und Schulen genutzt werden.
51267	Infostand	Info	Stand	4.700000	0.483046	4.000000	1.333330	"Auch über das eigene rechts - "" autonome "" Spektrum hinaus, beispielsweise mit einem Infostand beim Pressefest der NPD-Zeitung "" Deutsche Stimme ""."
51268	Infostand	Info	Stand	4.800000	0.421637	4.200000	1.032800	Die Besucher können sich den ganzen Tag über in der Innenstadt und auf dem Gelände der VBBr an zahlreichen Infoständen informieren.
51269	Infostand	Info	Stand	4.800000	0.421637	4.300000	0.948683	Aber am Infostand findest mich tatsächlich selten, da ich eher Eingänge bewachen darf:öhm: @Trundle: Mal schauen, wenn ich hinfahre bereite ich was vor.
51270	Infostand	Info	Stand	4.300000	1.059350	4.400000	0.699206	"Am Infostand der Bürgerstiftung auf dem Parkplatz "" Felsenmeer "" in Reichenbach gibt es an diesem Erlebnistag Pässe, mit denen Sie und Ihre Familie sich auf den Weg durchs Felsenmeer machen können."
51271	Infostand	Info	Stand	4.400000	1.264910	4.600000	0.843274	Das geht im Bahnhof Langendreer, Kino-Café, täglich ab 19 Uhr, bzw. vorher: Tel. 0234 - 68716 35. Oder morgen, Mittwoch, 29.9., 16 bis ca. 18 Uhr, am Husemannplatz an unserem Infostand.
51272	Innovationsfähigkeit	Innovation	Fähigkeit	4.600000	0.699206	4.200000	0.788811	Bosch Sicherheitssysteme Montage und Service GmbH sucht in Rodgau eine / n Sicherheitstechniker Rodgau (m / w ) (ID-Nummer: 2838238 ) Karriere bei Bosch Technik fürs Leben Sicherheitstechniker Rodgau (m / w ) Sonstige Innovationsfähigkeit und Know-how-Vorsprung bestimmen den Bosch Unterne...
51273	Innovationsfähigkeit	Innovation	Fähigkeit	4.700000	0.674949	4.200000	1.316560	Die Studie verfolgt die Zielsetzung, die Kreativität sowie die Innovationsfähigkeit bei der Weiterentwicklung der Benachteiligtenförderung zu stärken und einen Beitrag zur bedarfsgerechten Neukonzipierung der berufsvorbereitenden Bildungsmaßnahmen zu leisten.
51274	Innovationsfähigkeit	Innovation	Fähigkeit	4.600000	0.699206	4.200000	1.398410	Wir sehen uns nach der Krise einem beschleunigten Strukturwandel gegenüber, mit entsprechend höheren Anforderungen an unsere Innovationsfähigkeit und an die betriebliche Flexibilität.
51275	Innovationsfähigkeit	Innovation	Fähigkeit	4.600000	0.699206	4.500000	0.707107	Wie kleine und mittlere Unternehmen ihren Fachkräftebedarf dennoch sichern können, ohne Kompetenz und Innovationsfähigkeit zu verlieren, hat die Technische Universität Dresden (TU ) untersucht.
51276	Innovationsfähigkeit	Innovation	Fähigkeit	4.500000	1.269300	4.900000	0.316228	Entsprechend hoch ist die Qualität dieser Leistungen und die Bereitschaft von Architekten und Ingenieuren, ihr Leistungsspektrum kontinuierlich weiter zu entwickeln und damit ihre Innovationsfähigkeit unter Beweis zu stellen.
51277	Innovationsprozess	Innovation	Prozess	4.400000	1.264910	3.400000	1.837870	In nur fünf Tagen entwickeln Jugendliche mit und in Unternehmen Produkte und Dienstleistungen für die Welt von morgen und erleben Innovationsprozesse hautnah.
51278	Innovationsprozess	Innovation	Prozess	4.300000	0.823273	3.700000	1.567020	Zweifellos ist Bildung ein entscheidender Faktor für die Gestaltung der Arbeits -, Produktions - und Innovationsprozesse.
51279	Innovationsprozess	Innovation	Prozess	4.727270	0.646670	4.000000	1.843910	Sie haben als Wirtschaftsingenieur über den Innovationsprozess im Wohnungsbau promoviert.
51280	Innovationsprozess	Innovation	Prozess	4.800000	0.421637	4.300000	0.823273	) 25.09.2007 (Dr. Björn Niehaves, Akademischer Rat am Lehrstuhl für Wirtschaftsinformatik und Informationsmanagement, erhielt für seine Arbeit zu Innovationsprozessen im öffentlichen Sektor den Best Paper Award auf der 6. International Conference on Electronic Government.
51281	Innovationsprozess	Innovation	Prozess	4.700000	0.483046	4.400000	0.699206	Wir kommen nicht umhin, uns zu fragen, was Innovationsprozesse blockiert.
51282	Inspirationsquelle	Inspiration	Quelle	4.300000	1.567020	1.700000	1.702940	Rabelais ' größte Inspirationsquelle sind die Formen des Karnevals und der volkstümlichen Kulturen.
51283	Inspirationsquelle	Inspiration	Quelle	4.800000	0.421637	2.800000	1.686550	Das Buch ist eine Inspirationsquelle für denjenigen, der sich mit zeitgemäßer Gestaltung auseinandersetzen möchte, und kann neben der Architektur auch auf andere verwandte Felder angewandt werden.
51284	Inspirationsquelle	Inspiration	Quelle	4.700000	0.674949	2.900000	1.969210	Sie sind Inspirationsquelle für den, der sie trägt und für den, der sie sieht.
51285	Inspirationsquelle	Inspiration	Quelle	4.600000	0.966092	3.100000	1.523880	detailverliebt.de ist die Inspirationsquelle für Design, Fotografie, Video & Marketing.
51286	Inspirationsquelle	Inspiration	Quelle	4.700000	0.483046	3.100000	1.852930	Eine der wichtigsten Inspirationsquellen für die Textilforschung ist die Natur.
51287	Integrationsfähigkeit	Integration	Fähigkeit	4.400000	0.699206	4.000000	1.699670	Es ermöglicht und gestaltet Zuwanderung unter Berücksichtigung der Aufnahme - und Integrationsfähigkeit sowie der wirtschaftlichen und arbeitsmarktpolitischen Interessen der Bundesrepublik Deutschland.
51288	Integrationsfähigkeit	Integration	Fähigkeit	4.400000	0.843274	4.100000	1.100500	So klagen 58 Prozent darüber, dass ihre Lösung bereits in die Jahre gekommen ist, wodurch nicht zuletzt eine begrenzte Integrationsfähigkeit besteht und auch ein hoher Administrationsbedarf erzeugt wird.
51289	Integrationsfähigkeit	Integration	Fähigkeit	4.500000	0.849837	4.500000	0.849837	Sie liessen unter dem Eindruck von höchst aufmüpfigen oppositionellen Volksbewegungen Verfassungsrevisionen zu, die anderswo zu Explosionen geführt hätten und zwar so, dass die Integrationsfähigkeit des vielfältigen neuen Ganzen sogar gefestigt und nicht gefährdet wurde.
51290	Integrationsfähigkeit	Integration	Fähigkeit	4.600000	0.699206	4.600000	0.699206	Weblication CityWeb Pro lässt in Punkto Anwenderfreudlichkeit, technische Voraussetzungen, Flexibilität und Integrationsfähigkeit keine Wünsche offen.
51291	Integrationsfähigkeit	Integration	Fähigkeit	4.700000	0.483046	4.900000	0.316228	Damit waren zentrale Aufgabenfelder für Inter - und Transdisziplinarität, Kontextualität, Integrationsfähigkeit und Umsetzungsausrichtung der GCF angesprochen.
51292	Internetseite	Internet	Seite	5.000000	0.000000	2.800000	1.873800	Gerne beraten wir Sie ob der Einsatz von PHP auch für Ihre Internetseite interessant sein könnte.
51293	Internetseite	Internet	Seite	5.000000	0.000000	3.500000	1.649920	Nintendo hat nun die offizielle deutsche Internetseite zum 25. Jubiläum von The Legend of Zelda online gestellt.
51294	Internetseite	Internet	Seite	4.900000	0.316228	3.600000	1.577620	Ein Artikel mit den Forschungsresultaten wurde auf der Internetseite des Magazins Nature veröffentlicht.
51295	Internetseite	Internet	Seite	4.900000	0.316228	3.800000	1.032800	"Die Mitglieder der ISWG haben diese sehr opulente (124 Seiten ) und reichhaltig in Farbe illustrierte Ausgabe zum 75. Todestag des Komponisten bereits erhalten, Interessierte können neuerdings auch eine komplette pdf-Version des Heftes von den Internetseiten der ISWG kostenlos "" downloaden "" ca. 21 MB!"
51296	Internetseite	Internet	Seite	4.900000	0.316228	4.000000	1.154700	Die Kontoeröffnung erfolgt bequem direkt auf der Internetseite der DKB.
51297	Jeanshose	Jeans	Hose	4.700000	0.674949	4.800000	0.632456	In Jeanshose und - hemd mußte sie sich wie eine Außenseiterin vorkommen.
51298	Jeanshose	Jeans	Hose	4.800000	0.632456	4.800000	0.632456	Meine Mutter hat mir diesen einfachen Tipp überlassen: Jeanshosen werden nach dem Trocknen ordentlich zusammengelegt und dann setze ich mich...
51299	Jeanshose	Jeans	Hose	4.909090	0.301511	4.909090	0.301511	Ca 20 Jahre alt, 185 cm groß, dunkle Haare, schlank, bekleidet mit Jeanshose und rosafarbenem T-Shirt.
51300	Jeanshose	Jeans	Hose	4.900000	0.316228	5.000000	0.000000	Meine Jeanshosen jetzt sitzen schon deutlich lockerer und passen auch sofort nach der Wäsche ohne Dehnübungen.
51301	Jeanshose	Jeans	Hose	5.000000	0.000000	5.000000	0.000000	Nahe am Fundort wurde eine braune Jeanshose mit schwarzem Riemen und seinem Personalausweis aufgefunden.
51302	Jodmangel	Jod	Mangel	4.800000	0.421637	4.400000	1.264910	Bei länger andauerndem Jodmangel kann es bei Mutter oder Kind zur Bildung eines sogenannten Kropfes kommen.
51303	Jodmangel	Jod	Mangel	4.300000	1.494430	4.600000	0.699206	""" Der Mechanismus beruht auf einer Konkurrenz zwischen Jod und Nitrat zugunsten der Nitrataufnahme, so daß daraus ein Jodmangel resultiert."
51304	Jodmangel	Jod	Mangel	4.100000	1.663330	4.600000	0.966092	"Während einer Schwangerschaft soll ich zusätzlich Jod nehmen (zum Beispiel "" Folio forte "" ) laut meines Radiologen - ein Jodmangel in der SChwangerschaft ist schlecht für die SChilddrüse des Babys."
51305	Jodmangel	Jod	Mangel	4.800000	0.421637	4.600000	1.264910	Jodprophylaxe war ursprünglich für Leute gedacht, die einen nachgewiesenen Jodmangel haben.
51306	Jodmangel	Jod	Mangel	4.700000	0.674949	4.800000	0.421637	""" Warum zum Henker (verzeihen Sie die Ausdrucksweise ) musste ein Jodmangel her?"
51307	Jogginghose	Jogging	Hose	3.800000	1.686550	4.900000	0.316228	Der Täter trug ein dunkles Tuch vor der unteren Gesichtshälfte und war bekleidet mit einer Jogginghose.
51308	Jogginghose	Jogging	Hose	3.900000	1.595130	4.900000	0.316228	Ich begucke mir das Auto genauer und bemerke die Aufschrift: Erotik-Auktionshaus, denke an den kaputten, unüberhörbaren Auspuff, die Jogginghosen und so, muß in mich reingrinsen.
51309	Jogginghose	Jogging	Hose	3.100000	2.183270	4.900000	0.316228	Soft_Brain, difficulteasy: Ich habe nie gesagt, dass ich was gegen Jogginghosen habe!
51310	Jogginghose	Jogging	Hose	3.500000	1.900290	4.900000	0.316228	Wetter: diesig:hmm::hmm::hmm: Laune: zerfeiert - > noch nicht fühlbar Hunger: nix Durst: Milchkaffee Outfit: hellblaue Jogginghose, schwarzes Shirt Frisur: verrupft Musik: nö TV: ZDF Morgenmagazin Buch: welches der gerade 15?
51311	Jogginghose	Jogging	Hose	4.400000	1.074970	5.000000	0.000000	Sie kennt die Preise: Vier Euro hat die alleinerziehende Mutter vor einem Jahr für eine Jogginghose bezahlt, die sie für ihre Tochter kaufte.
51312	Jugendspiel	Jugend	Spiel	4.200000	1.032800	3.300000	1.494430	Was die Stadt Graz für das Schulwesen aufbringen muß, geht weit über das Maß der Verpflichtung hinaus, da man auch in Betracht ziehen muß, was für Wohlfahrtseinrichtungen (Jugendspiele, Suppenanstalten, Schulärzte, Schulbäder und dergleichen ) geschieht.
51313	Jugendspiel	Jugend	Spiel	4.500000	0.849837	3.500000	1.715940	Jahrbuch für Volks- und Jugendspiele. herausgegeben von E. von Schenkendorf und Dr. med. F. A. Schmidt Vorsitzenden des Zentral-Ausschusses zur Förderung der Volks- und Jugendspiele in Deutschland.
51314	Jugendspiel	Jugend	Spiel	4.000000	1.763830	4.000000	1.699670	Oder ist das bei Jugendspielen wirklich nicht so wichtig wer für wen rein kam??
51315	Jugendspiel	Jugend	Spiel	3.800000	1.686550	4.100000	1.286680	Sehr schwache Kenntnisse verraten uns daher solche Ethnographen, welche den Australiern diese Sitte als Rohheit anrechnen, zumal ihre Frauen den Vollzug des alten Brauches nicht als Misshandlung, sondern als eine Huldigung betrachten, und er zu den beliebten Jugendspielen zwischen Knaben und Mädchen gehört.
51316	Jugendspiel	Jugend	Spiel	4.300000	1.059350	4.100000	1.523880	Ich selbst habe auch das ein oder andere Kilo zuviel und die ersten Spiele waren die absolute Hölle, selbst Jugendspiele können sehr anstrengend sein.
51317	Jugendspiel	Jugend	Spiel	4.400000	1.074970	4.300000	0.823273	Jugendspiele vom 14. bis 16. September 2004 Spielpläne / Tabellen aller Teams auch unter SG-Direktlinks / fussb all.de. Die Angaben hier wie immer ohne Gewähr.
51318	Jugendspiel	Jugend	Spiel	4.800000	0.421637	4.300000	0.823273	Trotz seiner guten Vorstellung dürfte es für den Gmünder schwer werden, einen Platz in der deutschen Mannschaft für die Europäischen Olympischen Jugendspiele in Utrecht (14. bis 19. Juli ) zu erhalten.
51319	Jugendspiel	Jugend	Spiel	4.100000	1.286680	4.600000	0.516398	Jugend: Ergebnisse vom Dienstag +++ D 1 - / F 2 - Berichte (Bösdorf / Kirchbarkau ) Drei Jugendspiele fanden am Dienstagabend statt.
51320	Kammerspiel	Kammer	Spiel	2.100000	2.079000	2.000000	1.414210	Trau-Madame (tru- ), franz., das sog. Kammerspiel, eine Art Kegelspiel.
51321	Kammerspiel	Kammer	Spiel	2.200000	2.097620	2.700000	1.766980	Es gelingt selbst Rolf Boysen von den Münchener Kammerspielen nicht, dem Stück wirklich Leben einzuhauchen.
51322	Kammerspiel	Kammer	Spiel	2.200000	2.043960	2.800000	1.873800	Ihr Theaterdebüt gab sie 1953 an den Münchner Kammerspielen, wo sie bis 1971 immer mal wieder auftrat, aber ihr Kinofilm-Debüt gab sie bereits 1949 unter der Regie von Kurt Hoffmann: Heimliches Rendezvous 1955 / 56 spielte sie im Berliner Ensemble von Bertolt Brecht.
51323	Kammerspiel	Kammer	Spiel	1.800000	1.813530	3.300000	1.702940	Zur Zeit ist er mit Produktionen an den Hamburger Kammerspielen bei Ulrich Waller und Ulrich Tukur beschäftigt.
51324	Kammerspiel	Kammer	Spiel	2.400000	1.837870	3.400000	1.955050	1980 - 88 Kammerspiele München 1991 - 92 Burgtheater Wien, Theater an der Josefstadt Wien.
51325	Kammerspiel	Kammer	Spiel	2.500000	1.581140	3.700000	1.494430	Dieses lustige Stück wurde in Berlin 200mal, in den Wiener Kammerspielen über 100mal mit großem Erfolge aufgeführt.
51326	Kammerspiel	Kammer	Spiel	2.600000	1.897370	4.300000	0.674949	Nach Falckenbergs Ableben wurde die den Kammerspielen angegliederte Schauspielschule in Otto-Falckenberg-Schule umbenannt.
51327	Kampfspiel	Kampf	Spiel	5.000000	0.000000	2.900000	2.183270	Ganz besonders beklatscht wurde der erwähnte Einzug und die Kampfspiele, Gladiatoren und die griechischen und römischen Tänze, die darauf folgten.
51328	Kampfspiel	Kampf	Spiel	4.300000	1.494430	3.000000	1.333330	Eines Tages hatte er nämlich ein Kampfspiel angeordnet, in welchem unter Anderen ein Hund mit einem jungen Löwen kämpfen mußte.
51329	Kampfspiel	Kampf	Spiel	4.400000	0.966092	3.000000	1.490710	Unter der Bezeichnung Turnier (turney ) verstehen wir allgemein einen Waffengang im Frieden, ein Kampfspiel.
51330	Kampfspiel	Kampf	Spiel	4.800000	0.632456	3.000000	2.000000	Mir scheint jedoch Panofka (Arch. Zeit. 1852, S. 445 ) das Richtige getroffen zu haben, wenn er in dieser Figur einen Kampfrichter und in dem ganzen Gemälde eine Verherrlichung der nemeischen Kampfspiele erkennt.
51331	Kampfspiel	Kampf	Spiel	4.800000	0.421637	3.200000	2.097620	Auf diese altgermanische Streitlust geht auch der Ursprung der Kampfspiele im Mittelalter zurück.
51332	Kampfspiel	Kampf	Spiel	4.500000	1.581140	3.800000	1.032800	Diese Tiere stammen allesamt von den sogenannten Molossern ab, einen großen Hundeart, die bereits in der Antike bei Kampfspielen in den Arenen eingesetzt wurden.
51333	Kampfspiel	Kampf	Spiel	3.090910	1.921170	4.000000	1.673320	Es wird bestimmt ein Kampfspiel aber 3 punkte sollten drinne sein, ich tipp mal ein 2:1 für uns.
51334	Kampfspiel	Kampf	Spiel	3.200000	1.873800	4.100000	1.595130	"Er erwarte von seiner Mannschaft ein "" Kampfspiel "", denn nur so seien höhere Tabellenregionen zu erreichen."
51335	Kampfspiel	Kampf	Spiel	4.200000	1.398410	4.400000	0.843274	Es entwickelte sich ein regelrechtes Kampfspiel, das von den Konkurrenten sehr robust geführt wurde.
51336	Kampfspiel	Kampf	Spiel	4.500000	0.707107	4.900000	0.316228	Schon wieder ein Kampfspiel und schon wieder wurden einfach die bewährten Gameplay-Elemente des Vorzeige-Beat ' em Ups Street Fighter schamlos übernommen.
51337	Kartenwerk	Karte	Werk	4.200000	1.619330	1.600000	2.011080	Zeichnen Sie während Ihrer Radtour die GPS-Daten auf oder planen Sie die Tour in interaktiven Kartenwerken, um sich outdoor navigieren zu lassen.
51338	Kartenwerk	Karte	Werk	4.363640	1.566700	2.272730	2.101950	"Er koordinierte die Arbeiten zahlreicher freiwilliger Mitarbeiter im Lande und führte die Ergebnisse dem Geobotanischen Institut in Göttingen zu, wo sie in das Kartenwerk der Flora Mitteleuropas und in den "" Atlas Florae Europaeae "" eingehen."
51339	Kartenwerk	Karte	Werk	4.700000	0.483046	2.700000	1.567020	"Panoramen und topographische Kartenwerke der Schweiz "" (6. September bis 17. November 2002 im Museum Kornhaus in Wiedlisbach )."
51340	Kartenwerk	Karte	Werk	4.400000	0.843274	3.200000	1.751190	Karte auf Leinwand Leinwand angeschmutzt, mit Stempel ) Kartenwerke * () Auf Anfrage ist auch Versand ab Zürich möglich.
51341	Kartenwerk	Karte	Werk	4.500000	1.080120	3.200000	1.751190	Zu den Kartenwerken gehören Geologische Karten im Maßstab 1:25.000 in wirtschaftlichen Schwerpunktgebieten (GK 25 ) als echte Neukartierungen.
51342	Kenntnisstand	Kenntnis	Stand	4.700000	0.674949	1.900000	1.286680	Die VDI-Richtlinie 2057 (2002 ) enthält den international verfügbaren wissenschaftlichen Kenntnisstand aus den Normen für Ganzkörper-Schwingungen (ISO 2631 ) und Hand-Arm-Schwingungen (DIN EN ISO 5349 ).
51343	Kenntnisstand	Kenntnis	Stand	4.600000	1.264910	2.500000	2.121320	Sarrazins Thesen sind, was die psychologischen Aspekte betrifft, im Großen und Ganzen mit dem Kenntnisstand der modernen psychologischen Forschung vereinbar.
51344	Kenntnisstand	Kenntnis	Stand	4.900000	0.316228	2.600000	1.264910	Die bei haGalil onLine und den angeschlossenen Domains veröffentlichten Texte spiegeln Meinungen und Kenntnisstand der jeweiligen Autoren.
51345	Kenntnisstand	Kenntnis	Stand	4.700000	0.483046	2.700000	1.702940	SMA: Wie schätzen Sie aus Ihrer Erfahrung das Bewusstsein für Social Media in den Unternehmen ein und auf welchem Kenntnisstand befinden sich die Unternehmen?
51346	Kenntnisstand	Kenntnis	Stand	4.400000	0.843274	2.700000	1.888560	Die oben stehenden Texte sind nach bestem Wissen und Kenntnisstand erstellt worden.
51347	Kettenbrief	Kette	Brief	0.800000	1.549190	4.300000	0.948683	Wir haben solche Nachrichten im Detail betrachtet und Schlüsseln deren Inhalte in unserem Ratgeber über Hoaxes, Kettenbriefe, Spam und Phishing-Mails für Sie auf.
51348	Kettenbrief	Kette	Brief	1.400000	1.837870	4.600000	0.516398	Auch für das Elend möchte ich mich entschuldigen das ich mit dem weiterleiten der Kettenbriefe nicht tat, und viele Tiere sterben mussten... sollte ich noch ein Leiden vergessen haben, bitte ich um Entschuldigung vielleicht ist das die Alzheimer die mir angekündigt wurde...
51349	Kettenbrief	Kette	Brief	1.300000	1.251670	4.600000	0.699206	Er könne hier seine Quellen nicht nennen; aber er müsse glauben, es sei im Lande ein Geheimbund errichtet mit Statuten, die sie den Kletten- oder Kettenbrief nennen -- wahrscheinlich um das feste Ineinandergreifen und Zusammenhalten der Bundesglieder zu bezeichnen.
51350	Kettenbrief	Kette	Brief	1.300000	1.828780	4.700000	0.674949	Dieser Kettenbrief wurde von intelligenten Frauen initiiert, um deren Leben noch phantastischer zu gestalten.
51351	Kettenbrief	Kette	Brief	0.800000	1.229270	4.700000	0.674949	Übrigens ist ein Kettenbrief auch dann ein Kettenbrief, wenn darin ausdrücklich darauf hingewiesen wird, dass der Kettenbrief angeblich gar kein Kettenbrief ist.
51352	Kettenbrief	Kette	Brief	1.700000	1.702940	5.000000	0.000000	Kettenbriefe sind nicht komisch und dieser ist auch nur bedingt: Dieser Brief wurde Dir geschickt, um zu verhindern, daß Du weiterhin Kettenbriefe verschickst!
51353	Kielwasser	Kiel	Wasser	2.300000	1.828780	3.000000	2.108190	Ich liebe aber nicht die gewaltigen Kosten, die sie (und Sie, verehrter marcpool ) im Kielwasser dieses irrationalen, überhasteten Atomausstiegs werden tragen müssen.
51354	Kielwasser	Kiel	Wasser	3.636360	1.120060	3.818180	1.537410	Und das im Kielwasser des Blick, der durch die Empörungsbewirtschaftung einer Dok-Sendung des SRF den CH-Rudeljournalismus in der Carlos-Affäre 2013 in den Wochen 35 - 38 durchgehend auf den dritten Rang der Schweizerischen Medienhitparade anführte.
51355	Kielwasser	Kiel	Wasser	2.300000	1.888560	3.900000	1.595130	2 Willst du nicht mit sinken, so fahre nicht in fremdem Kielwasser.
51356	Kielwasser	Kiel	Wasser	3.500000	1.354010	4.600000	0.699206	Unsere Erinnerungen, sagte einmal der bekannte Therapeut und Autor Wayne Dyer, sind nichts anderes als das Kielwasser das Bootes, in dem wir unterwegs sind.
51357	Kielwasser	Kiel	Wasser	3.600000	1.646550	4.800000	0.421637	"Am zweiundzwanzigsten Vormittags liefen die Schiffe unter leichter Brise über die ruhige See, -- da ertönte gegen elf Uhr auf der Arkona plötzlich der Ruf "" Mann über Bord ""; ein Matrose trieb ruhig schwimmend im Kielwasser."
51358	Kielwasser	Kiel	Wasser	2.600000	2.065590	4.800000	0.421637	Sie verblieben einen Augenblick in Schweigen, um den inneren Tumult ihrer heftig erregten, aufgewirbelten Gedanken sich beruhigen zu lassen, wie im Kielwasser eines Schiffes die Wogen sich türmen und glätten.
51359	Kielwasser	Kiel	Wasser	3.400000	2.170510	4.900000	0.316228	Die großen Fenster gaben den Blick auf das Kielwasser frei, das hinter der Galeone zurück blieb.
51360	Kielwasser	Kiel	Wasser	3.900000	1.370320	4.900000	0.316228	Von jenen gut gekannten Gewässern aus entdeckte Jacques Kartier dann den Lorenzostrom, und in seinem Kielwasser sind die Franzosen nach Kanada gekommen.
51361	Kielwasser	Kiel	Wasser	4.454550	0.820200	4.909090	0.301511	Als wir gegen 14.15 Uhr im Hafen Wittdün festmachten, hatten wir 42 gesegelte Seemeilen im Kielwasser.
51362	Kielwasser	Kiel	Wasser	4.000000	1.612450	4.909090	0.301511	Sie wird dann mit Vorteil zur Anwendung kommen, wenn ein Schiff von einem mächtigen Gegner gejagt wird und dasselbe durch eine geschickte Wendung die im Kielwasser nachgeschleppte Mine vor den Bug des Verfolgers zu bringen vermag.
51363	Kieswerk	Kies	Werk	4.800000	0.632456	3.500000	1.649920	Polizei Homberg ) Pressemappe (Homberg (ots ) - Bereiche Polizeistationen Homberg / Fritzlar: Fritzlar Einbruch in Kieswerk - Kabeldiebstahl Tatzeit: 30.12.2010, 19:25 - 31.12.2010, 14:42 Uhr In der angegebenen Tatzeit entwendeten unbekannte...
51364	Kieswerk	Kies	Werk	4.700000	0.674949	4.100000	1.286680	Ein Sack Zement kostet nicht die Welt und Sand bekommst du im Kieswerk fast umsonst... fehlt nur noch Wasser und los geht s. Schließe mich auch den anderen an, überdenke dein Profil und ändere es entsprechend ab (flacher ).
51365	Kieswerk	Kies	Werk	4.700000	0.483046	4.200000	1.229270	Diese folgen Sie dann bis zu einem Kieswerk (an einer Ampelanlage ) und biegen links ab Richtung Niederweimar.
51366	Kieswerk	Kies	Werk	4.900000	0.316228	4.200000	1.549190	Da Kieswerke und Steinbrüche ein grosses Interesse an diesem Zertifikat haben, sind bereits gegen 100 solcher Areale zertifiziert.
51367	Kieswerk	Kies	Werk	5.000000	0.000000	4.300000	0.823273	Dann sogar mit Fahrt in dem Sand - und Kieswerk.
51368	Kirchenführer	Kirche	Führer	4.600000	0.843274	4.100000	1.370320	"Reverend Rob Schenck, der Präsident des National Clergy Council, sagte: "" Die katholischen, evangelisch orthodoxen und protestantischen Kirchenführer des National Clergy Council appellieren an Präsident Bush und an das Bundesparlament, die Beschuldigungen fallen zu lassen."
51369	Kirchenführer	Kirche	Führer	4.500000	0.707107	4.300000	0.823273	Im Zentrum des Treffens stand die im Herbst 2006 von 13 Kirchenführern im Heiligen Land veröffentlichte Stellungnahme zum Status von Jerusalem.
51370	Kirchenführer	Kirche	Führer	4.600000	0.699206	4.300000	1.059350	""" Roudebush: "" Sie behaupten, daß Sie von Kirchenführern gebeten wurden, über Ihre Erlebnisse nicht offen zu reden?"
51371	Kirchenführer	Kirche	Führer	4.600000	0.699206	4.400000	0.966092	Als Eulenspiegel führt sie Thomas Loch, qualifizierter Stadt - und Kirchenführer in Quedlinburg.
51372	Kirchenführer	Kirche	Führer	4.700000	0.674949	4.500000	1.080120	Der Dalai Lama darf und muss kritisiert werden, wie der Papst, wie jeder Kirchenführer, jeder Theologe, jeder Mullah.
51373	Kirchspiel	Kirche	Spiel	4.500000	0.707107	1.000000	1.154700	Professor der Philosophie, politischer Schriftsteller, * 22.4.1797 Karlseck (Kirchspiel Hohenkirchen, Friesland ), † 17.9.1861 Friedrichroda (Thüringen ).
51374	Kirchspiel	Kirche	Spiel	4.000000	1.264910	1.181820	1.662420	So wie nun einerseits die Höfe von Grimminghausen den entlegendsten Teil des Kirchspiels ausmachen und wegen der abgesonderten Lage mit Rücksicht auf die vielen Berge ein weniger mildes Klima als in den niedriger gelegenen Teilen der Gemeinde.
51375	Kirchspiel	Kirche	Spiel	4.700000	0.674949	1.200000	1.398410	Sie war zwischen 1858 und 1871 bei der Auflösung des alten Kirchspiels Velmede entstanden.
51376	Kirchspiel	Kirche	Spiel	3.818180	1.401300	1.272730	1.618080	in der Stadt Dorsten, das Kirchspiel Polsum und Altendorf Ulfkotte.
51377	Kirchspiel	Kirche	Spiel	4.000000	1.563470	2.400000	2.118700	Um so erfreulicher die Nachricht, dass sich der Autor dieses OSBs, Herr Edo Müller, bereit erklärt hat, Anfragen zum Kirchspiel Ardorf zu beantworten.
51378	Kirschwasser	Kirsche	Wasser	4.100000	1.100500	2.200000	1.813530	Nun brauchen Sie nur noch zu zuckern und das gut verquirlte Eigelb zuzugeben - und schließlich, kurz vor dem Servieren, den Kognak oder das Kirschwasser hineinzumischen.
51379	Kirschwasser	Kirsche	Wasser	3.900000	1.852930	2.200000	1.988860	"Kirschwasser, Schwarzwälder Kirschwasser Auf die Frage hin, was als typisch deutsche Spirituose gelten kann, wird neben Korn und Weinbrand auch die Bezeichnung Kirschwasser fallen, wobei von vielen Befragten gleich die Wortkombination "" Schwarzwälder Kirschwasser "" gewählt wird."
51380	Kirschwasser	Kirsche	Wasser	4.600000	0.966092	2.600000	2.011080	Ein Kirschwasser darf nur dann als Schwarzwälder Kirschwasser bezeichnet werden, wenn es im Schwarzwald aus Kirschen des Schwarzwaldes und seines nahe gelegenen Vorlandes hergestellt wurde.
51381	Kirschwasser	Kirsche	Wasser	3.600000	2.011080	2.700000	2.110820	9 ganze und das Gelbe von 2 Eiern, ¾ Unzen durchgesiebter Zucker, 11/2 Pfund Mandeln mit der Schale, die mit Rosenwasser nicht ganz fein gestoßen sind, 3 Eßlöffel Kirschwasser, die abgeriebene Schale einer Zitrone, ½ Unze Zimt, 1 Muskatnuß.
51382	Kirschwasser	Kirsche	Wasser	4.500000	1.080120	3.000000	2.054800	"Das berühmte Schweizer und Schwarzwälder Kirschwasser ("" Kirschengeist "" ) wird nur aus den kleinen Vogelkirschen, und zwar auf dem Schwarzwalde nur aus der rotfruchtigen Spielart, bereitet."
51383	Kirschwasser	Kirsche	Wasser	4.200000	0.788811	3.100000	1.911950	Grand Marnier, Kirschwasser und Chablis darübergeben und den Puderzucker dazugeben.
51384	Kirschwasser	Kirsche	Wasser	4.600000	0.516398	3.100000	1.911950	Ein Diener reichte herum, während ein zweiter, ein Tablett in der Hand, je nach Wahl einen Kognak oder Allasch oder ein Basler Kirschwasser in die kleinen Kristallgläschen schenkte.
51385	Kirschwasser	Kirsche	Wasser	4.000000	1.333330	3.400000	2.011080	Kirschwasser aber, das sei was Gesundes und nie verdorben und ehe man sich mit dem Bittermandelgift vergifte, da müßte man doch schon was Ordentliches einnehmen, wenigstens eine Flasche.
51386	Kirschwasser	Kirsche	Wasser	5.000000	0.000000	3.600000	1.837870	Für den Mürbteigboden Butter mit Puderzucker, Vanillezucker, Eigelb und Kirschwasser verkneten, zuletzt das Mehl darunter mischen.
51387	Kirschwasser	Kirsche	Wasser	4.600000	0.966092	4.000000	1.699670	Husaren sind gar wackere Truppen! sang der Generalstäbler; und dafür sollst du auch einen Schluck echten Kirschwassers bekommen.
51388	Klavierspiel	Klavier	Spiel	4.900000	0.316228	2.200000	1.549190	"Eine Frucht ihrer gemeinsamen Arbeit ist der Entwurf der "" I. und II. Elementarstufe des Klavierspiels "", desgl. des großen Werkes "" Grundriss der Technik des Klavierspiels "" (s. L. Ramann )."
51389	Klavierspiel	Klavier	Spiel	4.600000	0.699206	2.500000	1.779510	Eines Sommers an einem sehr schönen Tage, da Fremde da waren, da man in dem großen Saale des Hauses Tanz Klavierspiel Pfänderspiele und städtische Vergnügen trieb, gingen Vater und Mutter gegen die Sandlehne zurück.
51390	Klavierspiel	Klavier	Spiel	5.000000	0.000000	2.700000	1.888560	"Das Klavierspiel, das sich an der menschlichen Stimme orientiert - das war der Schwerpunkt eines Symposiums zum 200. Geburtstag des Komponisten an der "" Internationalen Akademie für musikalische Bildung "" in Karlsruhe."
51391	Klavierspiel	Klavier	Spiel	4.900000	0.316228	2.700000	1.946510	Online-Video-Lernkurs zum Erlernen des freien Klavierspiels ohne Noten nach Klavierakkorden.
51392	Klavierspiel	Klavier	Spiel	4.800000	0.421637	2.900000	1.791960	Überdies machte seine geringe Fertigkeit im Klavierspiel ihn stets zur langsameren Bewegung geneigt, und so kam es denn, daß die Sänger kaum für einen Takt Atem genug hatten.
51393	Klavierspiel	Klavier	Spiel	4.700000	0.948683	2.900000	2.183270	Joh. Bernh., deutscher Musiker, geb. 1780 zu Kaiserslautern, einer Flüchtlingsfamilie angehörend, Erfinder des Chiroplast, einer Vorrichtung, wodurch das Mechanische des Klavierspiels bei der Erlernung sehr erleichtert wird.
51394	Klavierspiel	Klavier	Spiel	4.900000	0.316228	3.300000	1.702940	gebe. am 5. Mai 1864 in Wien als einziges Kind des Musikpädagogen Zweigelt, erhielt ihre Ausbildung im Klavierspiel vom Vater und im Gesange von der Professorin Karoline Pruckner in Wien und verheiratete sich 1888 mit dem bekannten Listinterpreten u. Klaviervirtuosen August Stradal.
51395	Klavierspiel	Klavier	Spiel	4.700000	0.483046	3.500000	0.971825	Bereits im Alter von fünf Jahren erhielt er seinen ersten Violinunterricht, mit sieben brachte er sich autodidaktisch das Klavierspiel bei, komponierte und improvisierte 2007 wurde Dominic Chamot in das Pre-College Cologne der Hochschule für Musik Köln in die Klasse von Prof. Sheila Arnold aufgenommen.
51396	Klavierspiel	Klavier	Spiel	4.800000	0.421637	3.800000	1.619330	Im Chordpiano Workshop stellt sie ihren Schülern einen kompletten Leitfaden zum schnellen Erlernen des Klavierspiels zur Verfügung.
51397	Klavierspiel	Klavier	Spiel	5.000000	0.000000	4.400000	1.074970	Als ich mit neun Jahren dann nach Moskau ging, konzentrierte ich mich allein auf das Klavierspiel.
51398	Klavierwerk	Klavier	Werk	4.700000	0.674949	1.600000	1.577620	Man hat hier ein älteres kleines Profilbild im Auge, das, gut gezeichnet und gestochen, sich auf dem Titelblatte eines Mozartischen Klavierwerks befindet, unstreitig das ähnlichste von allen, auch neuerdings im Kunsthandel erschienenen Porträts.
51399	Klavierwerk	Klavier	Werk	4.700000	0.483046	1.700000	1.567020	Ebenso herrorragend sind seine Klavierwerke, sein von den größten Virtuosen gespieltes Violinconcert und seine zahllosen gediegenen Klavierkompositionen.
51400	Klavierwerk	Klavier	Werk	4.800000	0.421637	2.700000	1.946510	Man hat hier ein älteres kleines Profilbild im Auge, das, gut gezeichnet und gestochen, sich auf dem Titelblatt eines Mozartischen Klavierwerks befindet, unstreitig das ähnlichste von allen, auch neuerdings im Kunsthandel erschienenen Porträts.
51401	Klavierwerk	Klavier	Werk	4.500000	0.707107	2.900000	1.663330	geschrieben von: DeadsoulLemon Ich finde Klavierwerke besonders schön... z.b von MENDELSSOHN geschrieben von: Kaworu Johann Sebastian Bach - Air für Orgel zu 4 Händen Das Lied hat so was sehnsuchtsvolles, erheiterndes, schönes aber auch total melancholisches... find ich!
51402	Klavierwerk	Klavier	Werk	4.800000	0.421637	3.300000	1.418140	Hauptwerke: Fast ausschließlich einsätzige Klavierwerke, Impromptus, Balladen, Scherzi, Präludien, Polonaisen, 3 Klaviersonaten, 2 Klavierkonzerte, Walzer, Etüden...
51403	Klavierwerk	Klavier	Werk	5.000000	0.000000	3.300000	1.418140	Schwierigkeitsgrad 1 + Zu Johannes Brahms berühmtesten Kompositionen zählen neben zahlreichen Liedern und Klavierwerken auch vier Sinfonien.
51404	Klavierwerk	Klavier	Werk	4.600000	0.699206	3.500000	1.509230	Fünf Sonaten aus den Jahren zwischen 1923 und 1925 bilden das Zentrum von Mos - solows Klavierwerk.
51405	Klavierwerk	Klavier	Werk	4.400000	1.577620	3.600000	1.646550	Und die Wurzeln liegen schon früher: Als er ein Jahr alt war, konnte er bereits lesen, mit vier schrieb er Gedichte, inzwischen spielt er nicht nur fehlerfrei komplizierte Klavierwerke sondern löst auch anspruchsvollste Mathematikaufgaben....
51406	Kollektorfläche	Kollektor	Fläche	4.272730	1.555050	4.000000	1.788850	Insgesamt waren in den EU -27 (+ CH ) Ende 2012 über 40 Mio. Quadratmeter Kollektorfläche (28 Gigawatt Solarwärmeleistung ) in Betrieb.
51407	Kollektorfläche	Kollektor	Fläche	4.300000	1.159500	4.400000	1.264910	Sie liefere mit 500 kWh pro m² Kollektorfläche und Jahr den höchsten Ertrag.
51408	Kollektorfläche	Kollektor	Fläche	4.400000	0.966092	4.600000	0.699206	Es begleitet die Umsetzung der Zielvorgabe aus der Koalitionsvereinbarung von SPD und Grünen, bis 2006 die gesamt installierte Kollektorfläche auf zehn Millionen Quadratmeter zu verdoppeln.
51409	Kollektorfläche	Kollektor	Fläche	3.500000	1.779510	4.800000	0.421637	Kollektoren für die Kombination von Warmwasser und Heizung werden nunmehr mit 105 Euro je Quadratmeter Kollektorfläche bezuschusst.
51410	Kollektorfläche	Kollektor	Fläche	4.700000	0.483046	4.900000	0.316228	Messlatte ist die Kollektorfläche pro Einwohner bei der Solarwärme und die pro Kopf installierten Kilowatt beim Solarstrom.
51411	Kommunikationsfähigkeit	Kommunikation	Fähigkeit	4.600000	0.699206	4.200000	1.135290	Grundsätzlich ist es so, dass Menschen einem potentiellen Leiter auf Grund seiner Kommunikationsfähigkeit oder auch auf Grund seiner äußeren Erscheinung häufig einen Vertrauensvorschuss geben.
51412	Kommunikationsfähigkeit	Kommunikation	Fähigkeit	4.200000	1.751190	4.200000	1.619330	Ziehen Sie nicht bescheiden im Hintergrund die Fäden, sondern argumentieren Sie selbstbewusst, dass Kommunikationsfähigkeit, Intuition und Beziehungsfähigkeit wichtige Eigenschaften sind, die Sie im Umgang mit Mitarbeitern und Kunden einbringen können.
51413	Kommunikationsfähigkeit	Kommunikation	Fähigkeit	4.800000	0.421637	4.400000	0.843274	Bei diesem Seminar steht das Training der eigenen Kommunikationsfähigkeit im Vordergrund.
51414	Kommunikationsfähigkeit	Kommunikation	Fähigkeit	4.800000	0.421637	4.500000	1.269300	Hierdurch konnte ich meine Team - und Kommunikationsfähigkeit sowie strukturierte Arbeitsweise unter Beweis stellen.
51415	Kommunikationsfähigkeit	Kommunikation	Fähigkeit	4.500000	0.527046	4.600000	0.699206	"Damit werden unter anderem die Kommunikationsfähigkeit und die so genannte "" soziale Kompetenz "" angesprochen."
51416	Kommunikationsprozess	Kommunikation	Prozess	4.600000	0.966092	3.500000	1.354010	Sozialpsychologie des Internets: Die Bedeutung des Internets für Kommunikationsprozesse, Identitäten, soziale Beziehungen und Gruppen.
51417	Kommunikationsprozess	Kommunikation	Prozess	4.300000	1.251670	3.500000	1.433720	Wir können mit unseren Kunden glaubwürdig und aus innerer Überzeugung über dieses Thema sprechen und unsere Fachkompetenz in den Kommunikationsprozess einbringen.
51418	Kommunikationsprozess	Kommunikation	Prozess	4.900000	0.316228	4.000000	1.154700	Die erfolgreiche Gestaltung von Medien ist ein Kommunikationsprozess in enger Verzahnung mit dem Kunden.
51419	Kommunikationsprozess	Kommunikation	Prozess	4.600000	0.516398	4.100000	0.994429	OPENLiMiT entwickelt Softwarelösungen für den Einsatz der elektronischen Signatur und Verschlüsselung, die die Sicherheit, Beweiskraft und Effizienz von elektronischen Kommunikationsprozessen, Workflows und Daten steigern.
51420	Kommunikationsprozess	Kommunikation	Prozess	4.900000	0.316228	4.400000	1.577620	Einen ausführlicheren Fragebogen zur Reflexion des Kommunikationsprozesses im Team finden Sie im Kapitel 4.6 unter den Reflexionsinstrumenten.
51421	Kompaniechef	Kompanie	Chef	4.500000	0.971825	4.500000	0.971825	""" Spieß: "" Ok, die Sachen also dann zum Kompaniechef."
51422	Kompaniechef	Kompanie	Chef	4.800000	0.421637	4.600000	0.843274	Du solltest das Gespräch mit Deinem Kompaniechef suchen und alles offen ansprechen.
51423	Kompaniechef	Kompanie	Chef	4.800000	0.632456	4.600000	1.264910	Armeekorps, bzw. am 21.03.1914 als Kompaniechef zum Infanterie-Regiment 173. Mit Kriegsbeginn kommt Adolph als Ia in den Stab der 10. Ersatz-Division, bzw. im Februar 1915 zur 50. Infanterie-Division.
51424	Kompaniechef	Kompanie	Chef	4.400000	0.699206	4.700000	0.674949	Inzwischen wurde Genosse P. von seinem Kompaniechef mit einem Sonderurlaub belohnt.
51425	Kompaniechef	Kompanie	Chef	4.600000	0.966092	4.800000	0.421637	Nachdem er vom Herbst 1895 bis 1897 seiner Militärpflicht im Jnf.-Reg. Nr. 79 genügt hatte, trat er auf Empfehlung seines Kompaniechefs am 1. April 1898 in den Eisenbahndienst und ist nach voraufgegangener Ausbildung und Prüfung in demselben seit November 1898 als Fahrbeamter tätig.
51426	Kompaniechef	Kompanie	Chef	4.600000	0.843274	4.900000	0.316228	Als stellvertretender Kompaniechef vertritt er den eigentlichen Kompaniechef in dieser Funktion und als Teil der Gildenleitung, wenn der eigentliche Kompaniechef nicht in angemessener Zeit selbst erreicht werden kann, oder wenn er Anweisung erhalten hat, diesen zu vertreten.
51427	Kompaniechef	Kompanie	Chef	4.900000	0.316228	5.000000	0.000000	"Seit 1907 ist er Kompaniechef im Regiment "" Kronprinz "" in Chemnitz."
51428	Konfliktfähigkeit	Konflikt	Fähigkeit	4.500000	0.707107	3.900000	1.286680	Üben Sie mit der Trainingsgruppe Kommunikations - und Konfliktfähigkeit ein.
51429	Konfliktfähigkeit	Konflikt	Fähigkeit	4.200000	1.475730	3.900000	1.523880	Es geht hierbei auch um die Entwicklung von Wahrnehmungsfähigkeit, Kontakt -, und Kommunikationsfähigkeit, Kooperations - und Konfliktfähigkeit sowie Empathie und Zivilcourage.
51430	Konfliktfähigkeit	Konflikt	Fähigkeit	4.600000	0.699206	3.900000	1.663330	"Inhalte sind kognitiv-emotionales Selbstmanagement und "" emotional intelligentes "" Interaktionsverhalten (mit den Aspekten Gefühlsausdruck; Selbstsicherheit und Konfliktfähigkeit )."
51431	Konfliktfähigkeit	Konflikt	Fähigkeit	4.800000	0.421637	4.000000	1.490710	Es ist uns besonders wichtig, gemeinsam Werte zu entwickeln und zu leben - Werte, wie Freude am Lernen, Demokratie - und Konfliktfähigkeit, Gewaltfreiheit und die Bereitschaft, für sich und andere Verantwortung zu übernehmen.
51432	Konfliktfähigkeit	Konflikt	Fähigkeit	3.600000	1.837870	4.100000	1.595130	Erst eine gesunde Konfliktfähigkeit (i.S. sozialer Kompetenz ) ermöglicht eine lebensgerechte Lösung, die den rechten Weg zwischen Skylla und Charybdis hindurch findet.
51433	Konkurrenzfähigkeit	Konkurrenz	Fähigkeit	4.300000	1.337490	3.800000	1.475730	Der Abschluss eines Reziprozitätvertrages zwischen der nordamerikanischen Republik und Brasilien, der am 1. April 1891 in Kraft trat, wird die Konkurrenzfähigkeit der europäischen Industrie in Brasilien, aber auch die der so mühsam geschaffenen nationalen Industrie weiter schädigen.
51434	Konkurrenzfähigkeit	Konkurrenz	Fähigkeit	4.600000	0.699206	3.900000	1.663330	Denn eine kontinuierliche Erhöhung des BGE könnte beides bewirken: höhere Konkurrenzfähigkeit jener Unternehmen eines BGE-Landes gegenüber ausländischen und mehr Ein - und Auskommen bei den unteren Schichten.
51435	Konkurrenzfähigkeit	Konkurrenz	Fähigkeit	4.600000	0.516398	4.000000	1.333330	Abfindungsfrage wäre wohl manches Eisenbahn-Projekt gescheitert, wenn schon damals die verkehrssteigernde Wirkung der Transportverbesserung, ihre ungemeine Rentabilität und Konkurrenzfähigkeit bekannt und erkannt gewesen wäre.
51436	Konkurrenzfähigkeit	Konkurrenz	Fähigkeit	4.400000	0.843274	4.000000	1.490710	Eigentlich wollte die Troika ihren Fokus in Hellas künftig ja mehr auf Konkurrenzfähigkeit und Wachstumschancen legen.
51437	Konkurrenzfähigkeit	Konkurrenz	Fähigkeit	4.800000	0.421637	4.100000	1.197220	Schrankenlose Ausbeutung wohlfeiler Arbeitskräfte bildet die einzige Grundlage ihrer Konkurrenzfähigkeit.
51438	Konkurrenzfähigkeit	Konkurrenz	Fähigkeit	4.600000	0.966092	4.300000	1.337490	Die deutsche Steinkohle, die aufgrund ihrer Lagerung ohnehin nicht preiswert zu fördern war (und ist ), verlor rasant an Konkurrenzfähigkeit, Feierschichten wurden zur Normalität, Zechenschließungen häuften sich.
51439	Konkurrenzfähigkeit	Konkurrenz	Fähigkeit	4.300000	1.059350	4.400000	0.966092	Mit Ihrer Unterstützung machen Sie 's möglich, tragen zur Verbesserung der Studien - und Forschungsbedingungen bei und somit nachhaltig zur Konkurrenzfähigkeit der Universität Augsburg im nationalen und internationalen Wettbewerb.
51440	Konkurrenzfähigkeit	Konkurrenz	Fähigkeit	4.800000	0.421637	4.500000	0.707107	Dabei liegt der Haken auf der Einnahmeseite, das heißt der mangelnden Konkurrenzfähigkeit dieser Staaten wegen ökonomischen Innovationsdefiziten und unerschiedlicher Untenehmenskultur der Südstaaaten, die man, wenn überhaupt nur duch einen mehrere Dekaden dauernden Adaptionsprozeß wird ausgleichen können.
51441	Konsolenspiel	Konsole	Spiel	4.700000	0.674949	4.900000	0.316228	"Mit Unterstützung der Staatlichen Landesfachstelle, Außenstelle Würzburg konnte das Büchereiteam 22 "" NINTENDO DS "" sowie 24 "" Wii "" Konsolenspiele anschaffen."
51442	Konsolenspiel	Konsole	Spiel	4.400000	1.264910	5.000000	0.000000	Adrenalin und explizite Gewalt engen die Konsolenspiele auf eine zu kleine Zielgruppe ein, und sozial weisen sie nicht in die richtige, positive Richtung.
51443	Konsolenspiel	Konsole	Spiel	4.900000	0.316228	5.000000	0.000000	Gamezone In dieser Zone dreht sich alles um Computer und Konsolenspiele.
51444	Konsolenspiel	Konsole	Spiel	4.900000	0.316228	5.000000	0.000000	Ich sage nicht, dass das für PC-Spiele (Konsolenspiele interessieren mich nicht ) im Allgemeinen gilt.
51445	Konsolenspiel	Konsole	Spiel	4.200000	1.229270	5.000000	0.000000	uriblank Auf Basis des wöchentlichen Panelmarktes lagen die Umsätze mit Konsolenspielen 2007 bei einem Rekordwert von 554 Millionen Euro.
51446	Kontaktfläche	Kontakt	Fläche	3.800000	1.229270	4.100000	1.663330	Sie ist die Kontaktfläche zwischen Natur - und Gesellschaftswissenschaft - das optimale repraesentatio mundi und historii.13.
51447	Kontaktfläche	Kontakt	Fläche	3.800000	1.988860	4.200000	1.398410	Der zurückgelegte Weg betrug zwischen je zwei Kontaktflächen etwa 1,5 mm.
51448	Kontaktfläche	Kontakt	Fläche	4.600000	0.843274	4.200000	1.619330	Entsprechend den zwei Stromsammlern besitzt die Maschine vier Schleifbürsten; jede dieser Bürsten ist doppelt und jede Doppelbürste hat eine Kontaktfläche von 24 Quadratzentimeter.
51449	Kontaktfläche	Kontakt	Fläche	4.600000	0.699206	4.200000	1.686550	Bei minimaler Größe derselben, bei einem Abstande der Kontaktflächen von etwa 2 mm, ergab sich eine Zeit von 43 σ, mit einem wahrscheinlichen Fehler von +/- 18. Erweiterte ich den Abstand bis auf 1 cm, so stieg die Zeit auf 53 +/- 20 σ.
51450	Kontaktfläche	Kontakt	Fläche	3.700000	1.159500	4.300000	1.059350	Damit auch an den Kontaktflächen eine schmerzfreie und ungestörte Beweglichkeit im Hüftgelenk stattfinden kann, sind sie (wie alle Gelenkflächen im Körper ) mit einer sehr glatten, bläulich-weißen Knorpelschicht, dem sogenannten Hyalinknorpel, überzogen.
51451	Kontaktfläche	Kontakt	Fläche	4.700000	0.674949	4.700000	0.674949	Unser Darm ist das Organ, das die größte Kontaktfläche zur Umwelt hat.
51452	Kontaktfläche	Kontakt	Fläche	4.500000	0.971825	4.800000	0.632456	Die Qualität einer dichten Verbindung hängt insbesondere von der Reinheit der Kontaktflächen ab.
51453	Kontaktfläche	Kontakt	Fläche	4.800000	0.421637	5.000000	0.000000	Diese Leistungsrelais haben eine Kontaktfläche von ca. 3 -4 mm ² und schalten bis 40 Ampere, wenn dann nur noch ein Bruchteil der Kontaktfläche da ist kann von stabilen 12 Volt sicher nicht mehr die Rede sein.
51454	Kontaktfläche	Kontakt	Fläche	4.200000	1.316560	5.000000	0.000000	Hierdurch wurde das Anbringen großer Kontaktflächen ermöglicht, ohne gleichzeitig starke Reibung zu verursachen.
51455	Konzentrationsfähigkeit	Konzentration	Fähigkeit	4.800000	0.421637	3.900000	1.728840	Für deinen Mut, deine Konzentrationsfähigkeit, deinen Speed, deinen Fokus auf die wichtigen Einzelheiten und deinem Willen!!
51456	Konzentrationsfähigkeit	Konzentration	Fähigkeit	4.300000	1.059350	4.300000	0.948683	Allerdings habe ich zu Gymnasial-Zeiten sehr viel gekifft und ich habe im Nachhinein bemerkt, dass ich mir damit meine ohnehin schlechte Konzentrationsfähigkeit wie auch mein Kurzzeitgedächtnis und Kopfrechenfähigkeit verschlechtert habe.
51457	Konzentrationsfähigkeit	Konzentration	Fähigkeit	4.900000	0.316228	4.600000	1.264910	Die allgemeinen Fähigkeiten, die Sie schon vor dem Studium mitbringen sollten, sind allen voran: Genauigkeit, Konzentrationsfähigkeit, technisches Geschick und Englisch Kenntnisse.
51458	Konzentrationsfähigkeit	Konzentration	Fähigkeit	5.000000	0.000000	4.700000	0.948683	- Nutzen: Die Kinder stärken ihre Auge-Hand-Koordination, ihre visuelle Wahrnehmungsfähigkeit, ihr räumliches Seh - und Denkvermögen sowie insbesondere ihre allgemeine Konzentrationsfähigkeit.
51459	Konzentrationsfähigkeit	Konzentration	Fähigkeit	4.900000	0.316228	4.800000	0.421637	Anzeichen für eine kräftemäßige Überlastung stellen ebenfalls die verringerte Konzentrationsfähigkeit sowie Schlafstörungen dar.
51460	Konzentrationsprozess	Konzentration	Prozess	4.200000	1.549190	3.600000	1.646550	Damit setzte sich der Konzentrationsprozess in der nordrhein-westfälischen Viehwirtschaft weiter fort.
51461	Konzentrationsprozess	Konzentration	Prozess	3.900000	1.286680	3.800000	1.549190	Von den ursprünglich 25 Brauereien der Stadt überleben nur fünf Aktienbrauereien und drei Privatbrauereien in einem rasanten Konzentrationsprozess, der 1928 seinen vorläufigen Abschluss findet.
51462	Konzentrationsprozess	Konzentration	Prozess	4.545450	0.934199	4.090910	0.943880	Die Schweizer Medienlandschaft ist sehr vielfältig, auch wenn in den letzten Jahren ein Konzentrationsprozess stattgefunden hat.
51463	Konzentrationsprozess	Konzentration	Prozess	4.700000	0.483046	4.100000	0.737865	Konzentrationsprozesse nicht zuletzt als Folge von Mindestbesetzungen und - leistungen sind systemimmanent.
51464	Konzentrationsprozess	Konzentration	Prozess	4.200000	1.229270	4.100000	0.994429	Der anhaltende Konzentrationsprozess geht einher mit einer reduzierten Zahl von Arbeitskräften.
51465	Konzernchef	Konzern	Chef	4.500000	0.849837	4.600000	0.699206	"Microsoft ist Microsoft ist Microsoft - und das trotz der vollmundigen Ankündigung des Konzernchefs Steve Ballmer im Juli 2010, die Entwicklung von Tablets sei für sein Unternehmen künftig "" Hardcore ""."
51466	Konzernchef	Konzern	Chef	4.600000	0.699206	4.800000	0.632456	"Anspruchsvolles Ziel Drastische Worte fand der Konzernchef dagegen für das eigene Quartalsergebnis: Pischetsrieder bekräftigte seine Einschätzung, das operative Ergebnis des ersten Quartals 2004 ist auch im Vergleich zum Vorjahr, "" miserabel ausgefallen ""."
51467	Konzernchef	Konzern	Chef	4.900000	0.316228	4.900000	0.316228	Ob sie, wie von Konzernchef Zetsche gefordert, neue Maßstäbe beim Fahren setzt, muss sie noch beweisen.
51468	Konzernchef	Konzern	Chef	4.900000	0.316228	4.900000	0.316228	Sicher ist bereits, dass Konzernchef Josef Ackermann und Aufsichtsratschef Clemens Börsig vor dem Oberlandesgericht (OLG ) erscheinen werden, wie die Nachrichtenagentur dpa in Frankfurt am Mittwoch aus Kreisen der Bank erfuhr.
51469	Konzernchef	Konzern	Chef	4.600000	0.699206	5.000000	0.000000	Schon 2004 hielten laut einer Umfrage des Emnid Instituts für das world Economic Forum 70 Prozent der Deutschen Konzernchefs für unehrlich und stuften das Verhalten als unethisch ein 80 Prozent der Deutschen halten Konzernchefs für zu mächtig.
51470	Kooperationsfähigkeit	Kooperation	Fähigkeit	4.500000	0.707107	4.300000	1.337490	Sie hat das Zusammengehörigkeitsgefühl der Menschen gestärkt, sie hat die Kooperationsfähigkeit der Kommunen und der Institutionen befördert.
51471	Kooperationsfähigkeit	Kooperation	Fähigkeit	4.700000	0.948683	4.400000	1.577620	Dazu gehören unter anderem Offenheit, Flexibilität, Kreativität, Problemfähigkeit, Kooperationsfähigkeit, Eigeninitiative.
51472	Kooperationsfähigkeit	Kooperation	Fähigkeit	4.600000	0.516398	4.500000	0.971825	Das Erlernen von Schlüsselqualifikationen, z.B. Kooperationsfähigkeit, Partnerschaftlichkeit, Ich-Stärkung = Einordnung bei gleichzeitiger hoher Gewichtung der Individualität, ist ein besonderes Spezifikum der BläserKlasse.
51473	Kooperationsfähigkeit	Kooperation	Fähigkeit	4.800000	0.421637	4.600000	0.699206	Zu Leistungsbereitschaft, Zuverlässigkeit / Sorgfalt, Selbstständigkeit, Verantwortungsbereitschaft, Konfliktverhalten und Kooperationsfähigkeit (und genau das sind die Kopfnoten ) hat jeder eine Vorstellung.
51474	Kooperationsfähigkeit	Kooperation	Fähigkeit	4.900000	0.316228	4.800000	0.421637	Daher benötigt die / der Gesundheits - und Krankenpflegerin / - pfleger neben körperlicher und psychischer Belastbarkeit ein hohes Maß an Team -, Kommunikations - und Kooperationsfähigkeit.
51475	Kopfstand	Kopf	Stand	3.600000	1.955050	2.900000	2.233580	Beim Anblick des mir zugedachten Brötchens machte mein Magen Kopfstand, so daß ich auf dessen Verzehr lieber verzichtete.
51476	Kopfstand	Kopf	Stand	4.800000	0.632456	3.600000	1.837870	es ist nicht übermäßig lange, den Kopfstand täglich 5 Minuten zu üben, wenn Du Dich gut dabei fühlst.
51477	Kopfstand	Kopf	Stand	4.400000	1.074970	3.800000	1.475730	Man findet keinen leichteren V 8 als den RV 8. Ist nunmal so;(Overfinch hat ganzschön Kopfstand gemacht um den 5,7 er reinzuquetschen!
51478	Kopfstand	Kopf	Stand	4.200000	1.032800	3.900000	1.523880	Zunächst scheinbar einfach schaukelnd, vollführte sie gleich darauf in gut fünf Metern Höhe einen Kopfstand auf der wackeligen Trapezkante.
51479	Kopfstand	Kopf	Stand	4.100000	1.286680	4.500000	0.971825	Im übrigen sind Vorwärtsbeugen und Schulterstand (im Gegensatz zu Rückwärtsbeugen und Kopfstand ) kühlende Übungen, also bestens zu empfehlen für die nächsten sommerlichen Wochen.
51480	Kraftquelle	Kraft	Quelle	4.000000	1.632990	2.100000	1.728840	Der Widerstand des Bogens wird dadurch nach Belieben bestimmt und innerhalb der Grenzen, welche die Kraftquelle zuläßt, festgestellt, indem man das Gewicht auf dem Balken verschiebt.
51481	Kraftquelle	Kraft	Quelle	4.800000	0.632456	2.300000	2.057510	Die elektrischen Kraftquellen befinden sich getrennt auf jeder der beiden Seitenwände, doch können sie auch gemeinsam in Wirksamkeit treten.
51482	Kraftquelle	Kraft	Quelle	4.100000	1.595130	2.500000	1.840890	Berührt dich die Kraftquelle der rubinroten Strahlung, so ist das ein Aufruf zu überprüfen, in wessen Dienst du dich gestellt hast.
51483	Kraftquelle	Kraft	Quelle	3.800000	1.549190	2.600000	1.646550	Die ganze Verbrennungswärme der produzierten organischen Substanz entstammt dieser Kraftquelle, sie ist ein Maß für jene Arbeitsleistung.
51484	Kraftquelle	Kraft	Quelle	3.100000	1.791960	2.600000	1.776390	"Bischof Wiesemann formulierte dazu den Gedanken, dass "" Glaube als innere Kraftquelle helfe, den Weg zu finden."
51485	Kraftquelle	Kraft	Quelle	4.600000	0.699206	2.700000	2.002780	""" Ich erfahre meine Arbeit als eine große Kraftquelle für mich selber und andere und dafür bin ich sehr dankbar."
51486	Kraftquelle	Kraft	Quelle	4.700000	0.674949	2.700000	2.263230	Dass seine Maschine noch nicht mit der Dampfmaschine Watts verglichen werden kann, ist klar, aber darauf kommt es auch gar nicht an, sondern nur auf die Tatsache der praktischen Verwendung des Wasserdampfes als Kraftquelle.
51487	Kraftquelle	Kraft	Quelle	4.500000	0.849837	3.000000	1.763830	Sie ist die eigentliche Kraftquelle für ein ausgeglichenes, glückliches und zufriedenes Leben.
51488	Kraftquelle	Kraft	Quelle	3.800000	1.619330	3.100000	1.663330	Nicht jede Kraftquelle, aus der wir mit dem Essen schöpfen, hat die gleiche Wirkung in unserem Körper.
51489	Kraftquelle	Kraft	Quelle	4.500000	0.849837	3.300000	1.828780	Die leuchtenden Sonnenstrahlen sind bekanntlich die einzige für die Pflanzenwelt zur Verfügung stehende Kraftquelle zur Leistung der in der chlorophyllhaltigen Zelle sich vollziehenden chemischen Arbeit, die identisch ist mit der Produktion von organischer Substanz.
51490	Kraftwerk	Kraft	Werk	2.600000	2.118700	3.200000	1.873800	Das entspricht 200 großen Kraftwerken, oder allein in Deutschland zehn Kohlekraftwerken der 500 MW Klasse.
51491	Kraftwerk	Kraft	Werk	1.800000	1.873800	3.600000	1.897370	"Five 12 - Numerology 1.43 Interview INTERVIEW Numerology Entwickler James "" Jim "" Coker Was steckt hinter "" five 12 "" / Numerology, Von Kraftwerks "" Nummern "" beeinflusst?"
51492	Kraftwerk	Kraft	Werk	2.700000	2.110820	3.700000	1.567020	Dem VDE zufolge müssen bis 2020 allein in Deutschland bis zu 80 GW Kraftwerks Leistung neu installiert werden und bis zu 200 GW in Europa.
51493	Kraftwerk	Kraft	Werk	2.700000	1.337490	3.900000	1.595130	Jetzt wird man weltweit eine ganze Menge sehr ernster Fragen an die eigenen Kraftwerke stellen müssen.
51494	Kraftwerk	Kraft	Werk	2.300000	1.888560	4.100000	1.523880	Notwendig ist eine solche Speicherung für den Einsatz solarthermischer Kraftwerke, wenn sie durchgehend, also auch während der Nacht betrieben werden sollen.
51495	Krampfanfall	Krampf	Anfall	4.800000	0.421637	3.600000	1.712700	Die Leidende schien nach einem Krampfanfalle in tiefem Schlummer zu liegen.
51496	Krampfanfall	Krampf	Anfall	3.900000	1.595130	4.200000	1.032800	Meine liebe Malchen, welche seit Ernsts Geburt mit den Folgen einer Rippenfellentzündung und anderen Leiden geplagt war, bekam schon seit einiger Zeit schwere Krampfanfälle hysterischer Natur, die zu einer Gemütskrankheit mit allerlei Wahnvorstellungen und zuletzt mit dem stärksten Verfolgungswahne hinüberleiteten.
51497	Krampfanfall	Krampf	Anfall	4.400000	0.843274	4.200000	1.398410	Der Krampfanfall ist charakterisiert durch Verlust oder Veränderung des Bewußtsein, sowie durch veränderten Muskeltonus.
51498	Krampfanfall	Krampf	Anfall	4.600000	0.699206	4.300000	0.948683	Es war ein heftiger Krampfanfall, der sie in Zuckungen hin und her warf.
51499	Krampfanfall	Krampf	Anfall	4.900000	0.316228	4.300000	1.059350	Sie war aber nicht sehr signifikant (p = 0.15 ) und für Geslecht und Krampfanfälle (p = 0.4 ).
51500	Krampfanfall	Krampf	Anfall	4.900000	0.316228	4.300000	1.337490	Das andere ist ein coma hopoglykaemicum ) QUOTE = melunkiki; 310548 (Du kannst ja gerne mal versuchen bei jemanden der gerade einen Krampfanfall hat sei es infolge eines Zuckerschocks oder epileptischen Anfalls oder sonstiges, etwas zum schlucken zu geben!
51501	Krampfanfall	Krampf	Anfall	4.700000	0.674949	4.400000	0.843274	Wie die Stigmata ist eine Reihe anderer nervöser Symptome, wie wir oben sahen, nicht durch Vorstellungen veranlasst, sondern direkte Folge der fundamentalen Anomalie des Nervensystems: manche Algien, vasomotorische Phänomene, vielleicht der rein motorische Krampfanfall.
51502	Krampfanfall	Krampf	Anfall	4.800000	0.421637	4.500000	1.269300	Als ich noch klein war hatte ich mal Fieberkrämpfe, als ich größer wurde hörten sie auf und ich hatte bis ich 19 Jahre alt war nie Krampfanfälle.
51503	Krampfanfall	Krampf	Anfall	5.000000	0.000000	4.600000	0.699206	Das Carbamazepin und die Valproinsäure ursprünglich (und auch heute noch ) als Arzneimittel gegen Krampfanfälle und andere neurologische Leiden, inzwischen aber auch als wirkungsvolle Ergänzung oder gleichrangiger Ersatz der Lithiumsalze.
51504	Krampfanfall	Krampf	Anfall	4.500000	1.581140	4.700000	0.674949	Am 25. Januar 1881 hatte K. Gelegenheit, selbst einen der erwähnten Krampfanfälle zu beobachten.
51505	Kriegszug	Krieg	Zug	4.600000	0.699206	0.400000	0.699206	Römerzüge, die Züge der deutschen Kaiser zur Krönung nach Rom, die meistens auch Kriegszüge waren.
51506	Kriegszug	Krieg	Zug	4.900000	0.316228	0.600000	0.966092	In einem Spruche von dem Kriegszuge des Landgrafen Philipp und Kurfürsten Johann Friedrich gegen Herzog Heinrich von Braunschweig im Jahre 1542 heißt es von den beiden Verbündeten, die den Herzog überraschten, dass er nicht Stand halten konnte:
51507	Kriegszug	Krieg	Zug	4.600000	0.699206	0.700000	1.059350	Die reichen Städte Syriens, der Wohlstand Ägyptens lockten die assyrischen Könige zu häufigen Kriegszügen.
51508	Kriegszug	Krieg	Zug	4.300000	1.567020	0.900000	1.197220	Dann schiffte er sich in Lorient nach der Insel Georee, im Senegal, ein, wohnte hier verschiedenen Kriegszügen gegen die Neger bei und kehrte 1866 als Oberleutnant nach Frankreich zurück.
51509	Kriegszug	Krieg	Zug	5.000000	0.000000	1.200000	1.475730	Nach seinem ersten Kriegszuge, den Ernst in dem französischen Heere im Jahre 1641 that, widmete er seine Dienste dem hessischen Vaterlande mit Auszeichnung, seine Waffenthat bei Gesecke im März 1648 wurde hervorgehoben.
51510	Kriegszug	Krieg	Zug	4.700000	0.483046	1.300000	1.337490	Zum Vizekönig ernannt, schlug er im folgenden Jahre einen erneuerten Kriegszug der Engländer ruhmvoll zurück.
51511	Kriegszug	Krieg	Zug	5.000000	0.000000	1.400000	1.264910	Wieder nach einem Jahr war der Kriegszug des Kaisers beendigt, und der Graf kehrte als Sieger nach seinem Schlosse zurück.
51512	Kriegszug	Krieg	Zug	5.000000	0.000000	1.600000	1.577620	Zwar machten nun die Herzoge von Mecklenburg, Pommern und Lauenburg eine Kriegszug in die Mark; aber vor Strasburg scheiterte derselbe, und der Kurfürst nahm dagegen 1420 die als Raubnest verrufenen Burg Gorlosen weg.
51513	Kriegszug	Krieg	Zug	4.900000	0.316228	1.900000	1.523880	Eine Art Kriegszug rief sie ab und seitdem sind sie verschollen.
51514	Kriegszug	Krieg	Zug	5.000000	0.000000	2.200000	1.751190	Er stachelte darum Areval gegen seinen Bruder auf und bald ruestete sich das Heer Arevals zum Kriegszuge gegen Nustra.
51515	Krippenspiel	Krippe	Spiel	3.800000	1.398410	2.800000	1.751190	Einige brachten zum Ausdruck, dass sie früher zur Kirche gegangen sind und sich das Krippenspiel angesehen haben.
51516	Krippenspiel	Krippe	Spiel	4.200000	0.918937	2.800000	1.813530	Das Krippenspiel in Mirow wird diesmal um 17.30 Uhr aufgeführt.
51517	Krippenspiel	Krippe	Spiel	4.300000	0.823273	3.000000	1.825740	Der Reigen des Jahres (Ein Krippenspiel ), 1897. -
51518	Krippenspiel	Krippe	Spiel	4.700000	0.674949	3.300000	1.059350	Auch im Jahre 2010 wurde die längjährige Tradition, dass die verschiedenen musikalischen Gruppen der Evangelischen Luthergemeinde Offenbach am Heiligen Abend ein Krippenspiel mit live Gesang und Musik aufführen fortgesetzt.
51519	Krippenspiel	Krippe	Spiel	4.800000	0.632456	3.400000	1.712700	""" Besonders freue ich mich auf unsere ukrainischen Freunde, die den Weihnachtsmarkt mit traditioneller ukrainischer Musik und Krippenspiel zu etwas ganz Besonderem machen."
51520	Krippenspiel	Krippe	Spiel	4.000000	1.414210	3.500000	1.269300	- Weihnachtslieder u. Krippenspiele aus Oberösterreich und Tirol; II, 1881-83. - Salve domina (Deutsche Dichtergrüße ), 1874.
51521	Krippenspiel	Krippe	Spiel	4.800000	0.632456	3.600000	1.429840	Trotz großen Bemühens, mit der Klasse eine Weihnachtsfeier mit einem Krippenspiel, Liedern, Gedichten und meditativen Elementen zu gestalten, hatte ich das Gefühl, die Kinder nicht wirklich zu erreichen.
51522	Kritikfähigkeit	Kritik	Fähigkeit	4.200000	1.316560	3.500000	1.581140	"Weiterhin bedeutet Jugendarbeit auch erzieherischer Jugendschutz nach § 14 Abs. 2, SGB VIII; sie soll ""... junge Menschen befähigen, sich vor gefährdenden Einflüssen zu schützen, und sie zur Kritikfähigkeit, Entscheidungsfähigkeit und Eigenverantwortlich-keit sowie zur Verantwortung gegenüber ihren Mitmenschen führen."
51523	Kritikfähigkeit	Kritik	Fähigkeit	4.500000	1.080120	4.000000	1.632990	Ein erfolgreiches Team bestünde demnach aus einer herausragenden Führungspersönlichkeit, drei überdurchschnittlich begabten Mitarbeiterinnen bzw. Mitarbeitern sowie sieben weniger teamfähigen Menschen mit Schwächen in der Kommunikation oder Kritikfähigkeit.
51524	Kritikfähigkeit	Kritik	Fähigkeit	4.500000	0.971825	4.100000	1.523880	Behutsam sollen sie in die Arbeitswelt eingeführt werden und es sollen ihnen grundlegende Basiskompetenzen wie Ordnung, Pünklichkeit, Team - und Kritikfähigkeit vermittelt werden.
51525	Kritikfähigkeit	Kritik	Fähigkeit	4.500000	1.269300	4.600000	0.843274	Mit der Möglichkeit, Typen von anderen Herstellern bauen zu können, wuchs auch die Kritikfähigkeit, die Modelle dahingehend zu verbessern, wie sie den Vorbildern annähernd entsprechen würden.
51526	Kritikfähigkeit	Kritik	Fähigkeit	4.700000	0.674949	4.800000	0.421637	Und es geht mir genauso wie dir: Was sagt es über die Kritikfähigkeit und das kritische Denken der Beamten aus, wenn da nicht regelmässig mindestens ein paar Zuhörende in schallendes Gelächter ausbrachen.
51527	Kräfteverhältnis	Kraft	Verhältnis	4.300000	1.059350	3.400000	1.505550	Doch eine analytisch sinnvolle Unterscheidung in einer politischen Ausinandersetzung zu unterlassen, nur weil am Ende das Kräfteverhältnis entscheidet, ist eine Art von Voluntarismus, der der Linken noch nie gutgetan hat.
51528	Kräfteverhältnis	Kraft	Verhältnis	3.900000	1.100500	3.700000	1.159500	Sie existieren im Rahmen von Kräfteverhältnissen 1945 war es ein anderes als 1990, und heute ist es ein anderes Kräfteverhältnis als vor zwanzig Jahren.
51529	Kräfteverhältnis	Kraft	Verhältnis	3.900000	1.370320	4.100000	1.523880	Auch nach der Halbzeit änderte sich am Kräfteverhältnis nichts, die Heimmannschaft befand sich ausschließlich in der Defensive.
51530	Kräfteverhältnis	Kraft	Verhältnis	3.100000	1.663330	4.200000	1.032800	Die PT kann aufgrund der bereits vollzogenen und weiterhin sich vollziehenden Änderung ihres Charakters, sowie aufgrund der innerparteilichen Kräfteverhältnisse, ebenso wenig ein Instrument für eine Änderung der generellen Orientierung der Regierung sein.
51531	Kräfteverhältnis	Kraft	Verhältnis	4.000000	1.632990	4.800000	0.421637	Vom Brit noir eines Ted Lewis oder Derek Raymonds holt MacBride sich den Blick auf die realen Kräfteverhältnisse von Polizei, Gangster und Presse, ohne wie der lauthals hysterisch agierende David Peace aus diesem Thema eine große Show zu machen.
51532	Kürbissuppe	Kürbis	Suppe	4.600000	0.699206	4.700000	0.483046	Am 18. September dann gibt es das klassische Herbstfest mit Kürbissuppe, Zwiebelkuchen und neuem Süßen, Weinpressen früher (mit den Füßen ) und heute (mit Druckluft ) im Hof zum Mitmachen!
51533	Kürbissuppe	Kürbis	Suppe	4.700000	0.483046	4.800000	0.421637	Kürbissuppe mit Sanddorn (für 4 Portionen ) 600 g Kürbis, 200 g Kartoffeln und 1 Zwiebel schälen und würfeln 2 EL Rapsöl erhitzen, alles darin andünsten, mit Salz und Pfeffer abschmecken 1 Ltr.
51534	Kürbissuppe	Kürbis	Suppe	4.800000	0.632456	4.800000	0.632456	Bei Kürbissuppe, Kuchen und Kaffe und anderen Getränken ließen wir den Jagdtag an uns vorüberziehen und freuten uns auf die kommenden Ereignisse.
51535	Kürbissuppe	Kürbis	Suppe	5.000000	0.000000	4.800000	0.632456	Ihre Kürbissuppe verfeinern Sie mit Sahne, denn das Leben muss manchmal sahnig fett aufgetragen werden, wenn man etwas aus seinem Leben machen möchte.
51536	Kürbissuppe	Kürbis	Suppe	4.900000	0.316228	5.000000	0.000000	"8 Video: Anleitung zum Kürbis schnitzen Quelle: WwwHalloweeniesDe: "" Halloween Kürbis schnitzen - Kürbisgesichter "", youtube.com buchtipp Ob Kürbissuppe, - brot oder - risotto - in Kürbis - Das große Kochbuch finden Sie leckere Rezepte und mehr rund um die herbstliche Feldfrucht."
51537	Ladenfläche	Laden	Fläche	4.500000	0.849837	4.700000	0.948683	Die über 4.600 m 2 Ladenfläche wurden bereits kurz nach der offiziellen Einweihung von zahlreichen Schau - und Shoppinglustigen erobert.
51538	Ladenfläche	Laden	Fläche	4.700000	0.948683	4.900000	0.316228	In einem weiteren Raum der insgesamt circa 100 Quadratmeter großen Ladenfläche ist in naher Zukunft noch ein Rollband-Studio geplant.
51539	Ladenfläche	Laden	Fläche	4.700000	0.674949	4.900000	0.316228	Wir haben hier ein kleines alteingesessenes Spielwarengeschäft, Sie haben nur Märklin und Trix als Modellbahn weil mehr gibt die Ladenfläche nicht her.
51540	Ladenfläche	Laden	Fläche	4.800000	0.421637	4.900000	0.316228	remzi bozkurt - am Samstag, 26 Maerz, 2011 um 22:06:4 9 Spielhalle zu verkaufen In WORMS (PFALZ ) Verkaufe neu sanierte Spielhalle 8 GSG abnahmefertig in Worms (Pfalz ) Ladenfläche ca. 120 qm Sehr gut befahrene haupstrasse, 10 Parkplätze, Sehr grosse schaufensterfront.
51541	Ladenfläche	Laden	Fläche	5.000000	0.000000	5.000000	0.000000	Treppenkrämer: Bei einer Fußgängerrallye kam heraus, das der Treppenkrämer an der Hans-Lange-Straße eine Ladenfläche von 27 qm hat.
51542	Landarbeiter	Land	Arbeiter	3.400000	1.577620	4.400000	1.264910	Den Arbeitern und Arbeiterinnen der Staatswerkstätten, den männlichen und weiblichen Landarbeitern und den in den häuslichen Diensten beschäftigten Proletariern ist aber noch heute dieses Recht vorenthalten.
51543	Landarbeiter	Land	Arbeiter	3.600000	2.065590	4.600000	0.966092	Bald kümmert er sich auch um den Alltag der dortigen Landarbeiter und ihrer Familien - um Essen, Haushalt und die Vermittlung von Arbeit an Bettler.
51544	Landarbeiter	Land	Arbeiter	4.545450	0.820200	4.636360	0.674200	Andererseits erscheint bei ihnen als Bestandteil des vom Pächter angewandten produktiven Kapitals nicht die Arbeitskraft selbst, sondern die den Landarbeitern gegebenen Lebensmittel (the maintenance of the workmen, wie Smith sagt ).
51545	Landarbeiter	Land	Arbeiter	3.333330	1.118030	4.666670	0.707107	"Andererseits ist es nicht minder gewiss, dass das Aufblühen der mechanischen Wollfabrik mit der progressiven Verwandlung von Ackerland in Schafweide die massenhafte Verjagung und "" Überzähligmachung "" der Landarbeiter hervorrief."
51546	Landarbeiter	Land	Arbeiter	4.200000	1.135290	4.700000	0.483046	Warum sollte auch irgendein armer Landarbeiter im Krieg sein Leben aufs Spiel setzen wollen, wenn das Beste ist, was er dabei herausholen kann, daß er mit heilen Knochen zurückkommt?
51547	Landarbeiter	Land	Arbeiter	3.700000	1.567020	4.700000	0.483046	Genossenschaften unserer Bauern und unserer Landarbeiter wie unsere Landgemeinden wären gleich unfähig dazu.
51548	Landarbeiter	Land	Arbeiter	3.600000	2.011080	4.700000	0.674949	Diese traditionalistische Vorstellung verdeutlicht Weber u.a. am Beispiel von Landarbeitern.
51549	Landarbeiter	Land	Arbeiter	4.400000	0.966092	4.800000	0.632456	Dabei gingen die Uniformierten brutal gegen die Sperrung vor, töteten fünf Landarbeiter, mehr als 20 wurden verletzt (siehe jW vom 22.9. ).
51550	Landarbeiter	Land	Arbeiter	4.400000	1.074970	5.000000	0.000000	Die Militärbrigade attackierte die Landarbeiter, nachdem die Landlosenbewegung MST (Movimento dos Trabalhadores Rurais Sem Terra ) die Besetzung einer örtlichen Bankfiliale der brasilianischen Banco de Brasil auf einen Gerichtsbeschluss hin bereits beendet hatte.
51551	Landarbeiter	Land	Arbeiter	3.500000	1.433720	5.000000	0.000000	""" Halten Sie es für angemessen weitere Experimente zu machen, um die Diät zu öffentlichen Zwangsarbeiten Verurteilter Gefangenen der Diät freier Landarbeiter nahe zu bringen? """
51552	Landeschef	Land	Chef	4.100000	1.370320	4.000000	1.154700	Bürgermeister Baron Fürth gab seiner Freude darüber Ausdruck, daß der Landeschef Hofrat Graf Meran als Protektor des Landesverbandes für Fremdenverkehr am Vortrage teilnehme, stellte hierauf den anwesenden Herrn Ministerialrat Dr. Schindler vor und ersuchte ihn, seinen Vortrag über den Fremdenverkehr zu beginnen.
51553	Landeschef	Land	Chef	4.400000	0.966092	4.100000	1.100500	Die Erklärung steht dem Landeschef zu; das Standrecht wird verkündet.
51554	Landeschef	Land	Chef	4.200000	1.619330	4.200000	1.619330	""" Hammerskin "" - Party unter dem Motto "" Freiheit für Sven Krüger "" - mit dabei auch Landeschef Stefan Köster und mehrere Direktkandidaten der rechtsextremen Partei für die Landtagswahl am 4. September."
51555	Landeschef	Land	Chef	3.800000	2.043960	4.200000	1.619330	Es hieß, der Herr Landeschef sei gekommen, um sich über den schlechten Zustand unserer Straße zu informieren und sich dann zu überzeugen, ob unsere fortwährenden Klagen gerechtfertigt sind.
51556	Landeschef	Land	Chef	4.300000	1.337490	4.400000	1.577620	""" Ganz offensichtlich zu Recht "", so Haus & Grund Landeschef Dr. Horst."
51557	Landeschef	Land	Chef	3.500000	2.068280	4.600000	0.843274	"Landeschef Andreas Schuster sprach von einer "" juristisch fragwürdigen Auslegung ""."
51558	Landeschef	Land	Chef	4.300000	0.823273	4.600000	0.843274	Neben Lukrezia Jochimsen (PDS ), Katrin Göring-Eckardt (Grüne ), CDU-Landesminister Klaus Zeh sprach Landeschef Uwe Barth für die FDP.
51559	Landeschef	Land	Chef	4.300000	0.823273	4.700000	0.674949	""" Die neuen Zahlen belegen sehr deutlich, dass wir mit unserem Engagement nicht nachlassen dürfen "", erklärt Michael Hübner, Landeschef der DAK-Gesundheit in Rheinland-Pfalz."
51560	Landeschef	Land	Chef	4.400000	1.074970	4.900000	0.316228	"-- Das Abendblatt der amtlichen "" Grazer Ztg. "" veröffentlicht ein Zirkular des Ministerpräsidenten Grafen Hohenwart an die Landeschefs."
51561	Landfläche	Land	Fläche	4.500000	0.849837	3.900000	0.994429	Die lieblichen Landflächen sind zu entfernt, um ihren Reiz zu entfalten.
51562	Landfläche	Land	Fläche	4.300000	1.251670	4.100000	1.663330	Es besteht aus zwei Bassins mit einer Art von kleinem Vorhafen und hat 4 ha Wasser- und 5 ha Landfläche.
51563	Landfläche	Land	Fläche	4.400000	0.843274	4.300000	1.494430	Später verließen dann unsere Urahnen die Länder ihrer Geburt und wanderten, wahrscheinlich durch dem Mangel an jagdbarem Getier gezwungen, nach den westlich gelegenen Ländern, wo sie sich im Laufe der Zeit über eine ungeheure Landfläche ausbreiteten.
51564	Landfläche	Land	Fläche	4.300000	1.337490	4.600000	0.699206	Noch immer stand er, und seine Blicke schweiften scharf und bedächtig nach allen Seiten über das grüne Vorland; dann ging er zurück, bis wo auch hier ein schmaler Streifen grünen Weidelands die vor ihm liegende breite Landfläche ablöste.
51565	Landfläche	Land	Fläche	4.300000	1.337490	4.700000	0.674949	Die 118 Inseln verteilen sich auf 5 große Archipele, die zusammen eine Landfläche von 4165 Quadratkilometer einnehmen.
51566	Landfläche	Land	Fläche	4.700000	0.674949	4.700000	0.674949	Weiter landeinwärts ist das Landschaftsbild von Maine von vielen Seen, aber vor allem von Wald geprägt: Rund 90% der Landfläche des Bundesstaats werden von Wald bedeckt.
51567	Landfläche	Land	Fläche	4.700000	0.674949	4.700000	0.948683	Dieses weist eine Landfläche von 155 Quadratkilometern auf und ist hauptsächlich wegen seiner grossen Population von Seychellen-Riesenschildkröten (Geochelone gigantea; Bild ) bekannt 1982 wurde Aldabra wegen seiner Bedeutung als altes, grossflächiges und ökologisch weitgehend intaktes Atoll zum UNESCO-Weltnaturerbe erklärt.
51568	Landfläche	Land	Fläche	4.700000	0.948683	4.700000	0.948683	Heutzutage gibt es insgesamt 28 Nationalparks, die eine Fläche von 699 863 ha decken  die Landfläche beträgt 632 640 ha.
51569	Landfläche	Land	Fläche	4.900000	0.316228	4.700000	0.948683	Ich durchwanderte oft auch ohne Pfad Wiesen Wald und sonstige Landflächen, um die Gegenstände zu finden, welche ich suchte.
51570	Landfläche	Land	Fläche	4.100000	1.663330	4.800000	0.421637	Die Öko-Betriebe bewirtschafteten 907.786 Hektar Landfläche nach den EG-Rechtsvorschriften für den ökologischen Landbau.
51571	Latzhose	Latz	Hose	3.600000	2.118700	4.800000	0.421637	Die Kleidung war nun teurer und modischer; die Latzhose verschwand aus den Kleiderschränken, ersetzt durch den Markenblazer italienischer Herkunft.
51572	Latzhose	Latz	Hose	3.400000	2.221110	4.800000	0.632456	In allen WGs waren Blumentöpfe in Makraméhängern, Flokatis, Kugellampen aus weißem Papier und Latzhosen.
51573	Latzhose	Latz	Hose	3.900000	1.728840	4.800000	0.632456	Meine Mutter nähte mir nun aus einen bunten Baumwollstoff so eine kurze Latzhose.
51574	Latzhose	Latz	Hose	3.200000	1.932180	4.900000	0.316228	Die Käthe Kruse Latzhose ist aus rot weiß gestreiftem Baumwoll-Jeansstoff genäht.
51575	Latzhose	Latz	Hose	3.700000	1.702940	4.900000	0.316228	Sie hätte in den Buchhandlungen z.B. die Arbeiter in Arbeitskleidung und blauen Latzhosen gesehen, die sich die Bücher hätten einpacken lassen, ja und sie selber habe auch immer mehr gelesen, wenn sie im Osten gewesen sei.
51576	Lebensfreude	Leben	Freude	4.300000	1.059350	4.100000	1.449140	"- "" Purpur und Sünde (Geheime Hof- und Skandalgeschichten ); IV, 1903-4 (Inhalt: I. Kaiserliche Lebensfreuden. -"
51577	Lebensfreude	Leben	Freude	4.600000	0.966092	4.200000	1.619330	Der entthronte Amor (3 Nn. ), 1894. - Standesgemäß (R. a. d. Gegenwart ), 1894. - Lebensfreude (Sonnige Geschn. ), 1896.
51578	Lebensfreude	Leben	Freude	3.600000	1.505550	4.400000	1.264910	Man konnte nicht sagen, daß es gerade ein ausdrücklicher Gram war, der auf dem Gesichte lagerte; es glich so zu sagen mehr einer Abwesenheit jeder Lebensfreude und jeder Hoffnung, einer Versammlung vieler Herrlichkeiten, die nicht da waren.
51579	Lebensfreude	Leben	Freude	3.800000	1.686550	4.700000	0.674949	"JACOB FAURHOLT Dark hours Wenn man ein Album "" Dark hours "" nennt, darf der geneigte Hörer wohl eher nicht die pure Lebensfreude erwarten."
51580	Lebensfreude	Leben	Freude	4.700000	0.674949	4.700000	0.948683	Sein Handel, seine Fabrik wirft immer noch so viel ab, daß er ein gutes, ein behagliches Leben führen kann, daß seine Reisenden in eigenen Equipagen fahren, daß ihm Mode, Tafel, Dienerschaft und ein wohl eingerichtetes Haus manche Lebensfreuden bieten.
51581	Lebensfreude	Leben	Freude	4.272730	1.420630	4.727270	0.646670	Alles, was der Mutter noch an Lebensfreude geblieben war, war nun dahin, und das einfache Haus, das seitens der Tochter vor wenig Jahren erst zum Troste Verwaister gegründet worden war, es war jetzt wie mitgegründet für sie.
51582	Lebensfreude	Leben	Freude	4.000000	1.490710	4.900000	0.316228	"Bei Hochzeitsfotos ist es uns besonders wichtig, die Emotionen Ihres großen Tages festzuhalten und somit ein "" Stückchen Lebensfreude "" zu illustrieren."
51583	Lebensfreude	Leben	Freude	4.400000	1.264910	4.900000	0.316228	Sie hat ihren Segelschein gemacht und kam noch oft zum Segeln und zu Gesprächen bei uns im Wassersportzentrum vorbei, denn hier hat Sie nicht nur Segeln gelernt, sondern auch und ihre Lebensfreude wieder gefunden.
51584	Lebensfreude	Leben	Freude	4.100000	1.595130	5.000000	0.000000	Denn durch die neugewonnene Lebensfreude neige ich persönlich dazu, sie mitlaufen zu lassen, so lange sie mag und das sind dann schon mal 60 Minuten im Schnee.
51585	Lebensfreude	Leben	Freude	4.600000	0.516398	5.000000	0.000000	So können wir in dieser betriebsamen Zeit Lebensfreude und Lebenssinn erfahren.
51586	Lebensfähigkeit	Leben	Fähigkeit	4.300000	1.251670	3.300000	1.946510	Zum Ausbrüten soll man nur solche Eier wählen, welche von wenigstens 2 jährigen, getretenen Hennen gelegt wurden, von normaler Größe und Gestalt, nicht älter als 21 Tage, da der Embryo nur so lange seine Lebensfähigkeit behält, und nicht angebrütet sind.
51587	Lebensfähigkeit	Leben	Fähigkeit	3.700000	1.494430	3.500000	1.433720	"Nur wenn unsere Eltern uns "" Lebensfähigkeit "" vermitteln, nur dann kann unser Leben in dieser Welt auch recht gelingen."
51588	Lebensfähigkeit	Leben	Fähigkeit	4.100000	1.728840	3.900000	1.663330	Um eine aktuelle Analogie zu benutzen: Eure Welt geht jetzt durch einen Winter, der die Lebensfähigkeit eurer Wirklichkeit einer schwerwiegenden Prüfung unterzieht und auf machtvolle Weise demonstriert, das seine Serie unfassender Umwandlungen wahrlich an der Tagesordnung sind!
51589	Lebensfähigkeit	Leben	Fähigkeit	4.300000	1.636390	4.000000	1.333330	Die Ausarbeitung von Details hingegen, welche namentlich bei Agrikulturmaschinen oft das Wichtigste der Sache sind, war der neuesten Zeit vorbehalten und hat erst in den letzten 12 bis 15 Jahren einen Grad erreicht, welcher dem Gedanken die praktische Lebensfähigkeit sicherte.
51590	Lebensfähigkeit	Leben	Fähigkeit	4.200000	1.229270	4.000000	1.333330	In Preußen trat Dr. H. Wedding ähnlich wie Tuner in Österreich für die Einführung des Bessemerverfahrens ein, dessen Lebensfähigkeit für Rheinland und Westfalen und zwar besonders für Roheisen aus Erzen von Siegen, Nassau und dem Soonwald er rechnungsmässig nachwies.
51591	Lebensfähigkeit	Leben	Fähigkeit	4.400000	1.577620	4.200000	1.135290	Während das römische Steuerwesen unter der Herrschaft der Franken entartete und abstarb, hat das Zollwesen, wie es in Gallien zur Zeit der Eroberung bestand, seine Lebensfähigkeit bewahrt, aber in Einzelheiten eine eigenartige Umwandlung und Fortbildung erfahren.
51592	Lebensfähigkeit	Leben	Fähigkeit	4.500000	1.269300	4.400000	0.843274	Sie widerstanden der Tendenz, zu verschwinden, so lange sie konnten, aber schließlich wurden ihre Körper doch zu fragil, um ihre Lebensfähigkeit aufrechtzuerhalten gegen den Angriff seitens jener Ströme, die in Konflikt mit ihren eigenen Energiesystemen stehen.
51593	Lebensfähigkeit	Leben	Fähigkeit	4.100000	1.370320	4.400000	0.966092	Es sei, hieß es in einem halb-amtlichen Zeitungsaufsatz, das Ministerium in einer starken Untätigkeit geblieben, um zu sehen, ob die Versammlung noch Lebensfähigkeit habe, oder ob sie sich selbst auflöse.
51594	Lebensfähigkeit	Leben	Fähigkeit	4.400000	0.966092	4.500000	0.849837	""" Die DIG engagiert sich für einen Frieden im Nahen Osten, der die Lebensfähigkeit Israels dauerhaft sichert."
51595	Lebensfähigkeit	Leben	Fähigkeit	4.700000	0.483046	4.500000	1.269300	Die DSMZ GmbH haftet bei Patent - und Sicherheitshinterlegungen nicht für den Verlust des biologischen Materials sowie dessen Lebensfähigkeit.
51596	Lebensprozess	Leben	Prozess	4.900000	0.316228	3.400000	1.429840	Die ayurvedische Lehre umfasst das gesammelte Wissen (Veda ) über das, was alle Lebensprozesse zusammenhält.
51597	Lebensprozess	Leben	Prozess	4.300000	1.567020	3.600000	0.966092	Das Bewußtsein kann nie etwas Andres sein als das bewußte Sein, und das Sein der Menschen ist ihr wirklicher Lebensprozeß.
51598	Lebensprozess	Leben	Prozess	4.700000	0.674949	4.600000	0.516398	) 09.03.2012 (Proteine sind die molekularen Baustoffe und Maschinen der Zelle und an praktisch allen Lebensprozessen beteiligt.
51599	Lebensprozess	Leben	Prozess	4.400000	1.074970	4.600000	0.699206	Die Gestalt des gesellschaftlichen Lebensprozesses, d. h. des materiellen Produktionsprozesses, streift nur ihren mystischen Nebelschleier ab, sobald sie als Produkt frei vergesellschafteter Menschen unter deren bewusster planmäßiger Kontrolle steht.
51600	Lebensprozess	Leben	Prozess	4.400000	1.264910	4.600000	0.699206	Die Produktionsweise des materiellen Lebens bedingt den sozialen, politischen und geistigen Lebensprozess überhaupt.
51601	Lederhose	Leder	Hose	4.100000	1.595130	4.300000	1.636390	"Ganz klar, ein Sieg - wie er in den letzten Jahren häufiger gegen diesen Gegner eingefahren worden ist - sollte es heute Abend wieder sein: "" Zieht den Bayern die Lederhosen aus ""."
51602	Lederhose	Leder	Hose	4.333330	1.658310	4.555560	0.726483	Dieser sollte stets so geschnitten sein, dass er die weiter oben erwähnten Perlmutterknöpfe der Lederhose frei lässt.
51603	Lederhose	Leder	Hose	4.400000	1.264910	4.700000	0.674949	Unter der Rubrik Dies und Das finden Sie Kitsch und Kunst rund um die Lederhose, alles mögliche von der Brosche bis zum Lederhosen Gedicht.
51604	Lederhose	Leder	Hose	4.400000	1.264910	4.700000	0.674949	Wer Lederhosen trägt, ist bei Felsklettereien im Vorteile, da sich das Leder an die Rauigkeiten der Felsen fest anlegt, also wie eine Bremse wirkt, während die Fasern einer Tuchhose reißen.
51605	Lederhose	Leder	Hose	4.900000	0.316228	4.800000	0.421637	Und so macht Frau mit der weich anschmiegsamen Lederhose auf der Hüfte und mit schickem Dirndl oder atemberaubend leichter Bluse ebenfalls eine fantastische Figur.
51606	Lederhose	Leder	Hose	4.700000	0.483046	4.900000	0.316228	Er trägt heute wieder seine schwarzen Wrestling Boots, seine schwarze Lederhose sowie ein Darkside Shirt welches er bereits am Entrance in die ersten Fanreihen wirft und wodrunter dann sein hellhäutiger und Tatoowierter Oberkörper sichtbar wird.
51607	Lederhose	Leder	Hose	4.900000	0.316228	4.900000	0.316228	Niemand soll einen spitzen Schnabel an seinen Schuhen oder Lederhosen tragen, und kein Schuhmacher soll diese Schuhe oder Lederhosen machen, für niemanden, es seien Männer oder Frauen, die zu Speier wohnen, sie seien Bürger oder nicht.
51608	Lederhose	Leder	Hose	4.400000	1.264910	4.900000	0.316228	Noch weit sind die Franzosen; Doch Seidlitz will zu Ball, Die gelben Lederhosen, Sie sitzen darum so prall, Schwarz glänzen Hut und Creme, Im Sonnenschein zumal, Und gar die blanke Plempe, Blitzt selbst wie Sonnenstrahl. -
51609	Lederhose	Leder	Hose	4.800000	0.632456	4.900000	0.316228	Wo gelang ich wohl zur Menagerie? fragte er mitten auf dem Marktplatz sehr demütig den großen, schwarzbärtigen Mann in roter Jacke und schmutzigen Lederhosen, der vor einem zeltartigen, von Wasser triefendem Vorhange, dicht neben einem kolossalen Ölgemälde stand.
51610	Lederhose	Leder	Hose	5.000000	0.000000	5.000000	0.000000	Jedenfalls musste ich unten ohne in meine Lederhosen steigen und nach der Rückkehr im Heim hab ich ganz unschuldig Onkel Hans mein Leid geklagt.
51611	Lehrermangel	Lehrer	Mangel	4.900000	0.316228	3.900000	1.728840	Der Lehrermangel, an welchem die Neuschule seit ihrem Beginne krankt, ist weder behoben, noch gemindert, ja, in vielen Bezirken ist er heute größer als zu Beginn der Siebziger-Jahre.
51612	Lehrermangel	Lehrer	Mangel	4.400000	1.577620	4.200000	1.549190	Dieser Lehrermangel wirkte sich besonders krass aus bei Schulen, die - wie das Wegberger Gymnasium - noch im Aufbau begriffen waren und im ländlichen Bereich lagen.
51613	Lehrermangel	Lehrer	Mangel	4.900000	0.316228	4.300000	1.636390	(Der Lehrermangel und die Reifeprüfungen an den Lehrer-Bildungsanstalten. )
51614	Lehrermangel	Lehrer	Mangel	5.000000	0.000000	4.700000	0.674949	In Wirklichkeit versteckt sie aber einen eklatanten Lehrermangel, insbesondere im Bereich von Mathematik, Physik, Musik und den naturwissenschaftlichen Fächern.
51615	Lehrermangel	Lehrer	Mangel	4.800000	0.421637	4.800000	0.421637	Doch in Zeiten des Lehrermangels habe ich zusätzlich auch Latein und Technikunterricht gegeben 1994 bin ich an die Luisenschule nach Mülheim gekommen.
51616	Lehrermangel	Lehrer	Mangel	4.800000	0.421637	4.900000	0.316228	Der Unterricht fällt oft aufgrund von Streiks oder Lehrermangel aus.
51617	Lehrermangel	Lehrer	Mangel	4.900000	0.316228	4.900000	0.316228	"Sie war einem zweifelhaften Jubiläum gewidmet: "" 50 Jahre Lehrermangel in Niedersachsen ""."
51618	Leidensfähigkeit	Leiden	Fähigkeit	4.200000	1.316560	3.300000	1.828780	Darüber aber gibt es wohl keinen Streit, und das Wissen um diese Leidensfähigkeit muss daher die Hauptsache sein bei jeder Betrachtung der Tierseele durch den Menschen.
51619	Leidensfähigkeit	Leiden	Fähigkeit	4.800000	0.421637	3.400000	1.646550	Diese Sätze Münzers enthalten mehr als eine Philosophie der Qual und Verzweiflung, sie enthalten eine hierarchische Ordnung der Geister nach Massgabe ihrer Leidensfähigkeit.
51620	Leidensfähigkeit	Leiden	Fähigkeit	4.700000	0.674949	3.400000	1.955050	Aber, um auf deinen Einwand mit dem IQ einzugehen, ein höherer Wert fügt den beiden Kriterien Leidensfähigkeit und Selbstkonzept nichts Neues hinzu.
51621	Leidensfähigkeit	Leiden	Fähigkeit	4.600000	0.699206	3.600000	1.897370	Christus hat nur als Mensch, nicht als Gott gelitten -- Leidensfähigkeit ist aber das Zeichen wirklicher Menschheit -- nicht als Gott ist er geboren, gewachsen an Erkenntnis, gekreuzigt; d. h. alle menschlichen Bestimmungen sind von ihm als Gott entfernt geblieben.
51622	Leidensfähigkeit	Leiden	Fähigkeit	4.700000	0.674949	3.700000	2.057510	Auch ihm drängte sich dadurch unwillkürlich die Frage auf, ob in der Frauen Natur wirklich eine höhere Leidensfähigkeit liege, als in der des Mannes.
51623	Leidensfähigkeit	Leiden	Fähigkeit	4.100000	1.370320	3.900000	1.728840	Nein, ich rede die ganze Zeit von einem gewissen Grad an Leidensfähigkeit eines Kunden.
51624	Leidensfähigkeit	Leiden	Fähigkeit	4.100000	1.449140	4.100000	0.994429	als welche immer erst ein Titanenreich zu stürzen und Ungetüme zu töten hat und durch kräftige Wahnvorspiegelungen und lustvolle Illusionen über eine schreckliche Tiefe der Weltbetrachtung und reizbarste Leidensfähigkeit Sieger geworden sein muss.
51625	Leidensfähigkeit	Leiden	Fähigkeit	4.400000	1.074970	4.200000	1.619330	Der Grad an Toleranz, Leidensfähigkeit und Durchhaltevermögen, der den beiden abverlangt wird, lässt sie immer tiefer ins Elend stolpern.
51626	Leidensfähigkeit	Leiden	Fähigkeit	4.600000	0.699206	4.300000	1.059350	Vor dem geschilderten Hintergrund erstaunt die enorme Leidensfähigkeit der ukrainischen Bürger.
51627	Leistungsstand	Leistung	Stand	4.800000	0.421637	2.700000	1.494430	Stellvertretend für den verhinderten Jugendleiter Harald Greschbach berichtete Simon Weisbach über die Aktivitäten und den Leistungsstand der Jungmusiker.
51628	Leistungsstand	Leistung	Stand	4.800000	0.421637	3.000000	1.699670	Damit man Soliss Leistungsstand einschätzen kann, muss er mal was Ordentliches vor die Fäuste bekommen.
51629	Leistungsstand	Leistung	Stand	4.222220	1.563470	3.111110	1.763830	Die verschiedenen Prüfungen sollen den Hundeführern nicht nur Gelegenheit geben, den Leistungsstand ihrer Hunde zu überprüfen, sondern auch Anreiz zu weiterführendem Training bilden.
51630	Leistungsstand	Leistung	Stand	4.900000	0.316228	3.200000	1.316560	Anders gefragt: Sind Sie zufrieden mit der Entwicklung des Leistungsstandes?
51631	Leistungsstand	Leistung	Stand	5.000000	0.000000	3.400000	1.349900	Erfolgt die Aufnahme in die Einführungsphase auf der Grundlage des Mittleren Schulabschlusses, so ist ein über den Mittleren Schulabschluss hinausgehender Leistungsstand nachzuweisen.
51632	Leistungsverhältnis	Leistung	Verhältnis	4.400000	0.699206	2.900000	2.024850	Wenn Sie anmieten, entscheiden Sie sich nicht für die billigste Maschine, sondern für diejenige, die in ihrem Job das beste Preis - / Leistungsverhältnis bringt.
51633	Leistungsverhältnis	Leistung	Verhältnis	4.500000	0.527046	3.300000	1.567020	Zu Beginn unseres Testberichtes berichteten wir von smart-Receivern, die wir besonders unter dem Aspekt der hohen Performance bei überaus fairem Preis - / Leistungsverhältnis schätzen gelernt haben.
51634	Leistungsverhältnis	Leistung	Verhältnis	4.200000	1.619330	3.800000	1.135290	Nachdem ich jetzt die Anlage in Betrieb genommen habe, muss ich sagen, hier stimmt das Preis / Leistungsverhältnis.
51635	Leistungsverhältnis	Leistung	Verhältnis	4.500000	1.269300	4.100000	1.286680	Der größte Vorteil von Yol liegt meiner Meinung nach in dem optimalen Preis - / Leistungsverhältnis.
51636	Leistungsverhältnis	Leistung	Verhältnis	4.700000	0.674949	4.100000	1.595130	""" Seit Jahren empfehle ich meinen Studierenden die RRZN - Schriftenreihe, da diese Bände für den studentischen Geldbeutel ein erstklassiges Preis - / Leistungsverhältnis bieten."
51637	Leitungswasser	Leitung	Wasser	4.300000	0.823273	4.800000	0.421637	Achso, was mir noch einfällt, wenn ich in mein Becken mit weichem / sauren Wasser mein Leitungswasser (hart und basisch ) einfülle, fällt auch sofort Kalk und so weiter aus und trübt sehr stark!!!
51638	Leitungswasser	Leitung	Wasser	4.300000	1.059350	4.800000	0.632456	In Kanada und den USA wäre das Leitungswasser von hervorragender Qualität, wenn es nicht durch die Beimischung von Chlor praktisch ungenießbar gemacht würde.
51639	Leitungswasser	Leitung	Wasser	3.100000	1.969210	4.800000	0.632456	Sollte doch einmal das Haus in Koeln-Godorf abbrennen, oder durch Leitungswasser, Sturm oder Hagel beschädigt werden, wären ohne diese Versicherung schnell hunderttausende Euro weg.
51640	Leitungswasser	Leitung	Wasser	3.900000	1.663330	4.900000	0.316228	Den klassischen Schutz gegen Feuer, Leitungswasser, Sturm oder Hagel kann Ihnen jeder Versicherer bieten!
51641	Leitungswasser	Leitung	Wasser	4.100000	1.370320	4.900000	0.316228	Informieren Sie sich bei Ihrem örtlichen Wasserversorgungsunternehmen über Härte grad Ihres Leitungswassers oder nehmen Sie - noch besser - selbst einen Test vor.
51642	Leitungswasser	Leitung	Wasser	3.800000	1.873800	5.000000	0.000000	Auch der Betrieb solcher hydraulischen Aufzüge ist gewöhnlich sehr kostspielig, da jede einzelne Hebung die Füllung des Druckrohres mit unter hohem Druck stehendem Leitungswasser erfordert.
51643	Leserbrief	Leser	Brief	4.100000	1.663330	4.400000	0.843274	Beleidigungen, Beschimpfungen oder eine sehr umgangssprachliche Wortwahl haben in einem Leserbrief nichts zu suchen.
51644	Leserbrief	Leser	Brief	4.600000	0.516398	4.600000	0.699206	Leserbriefe auf diesen Artikel sprachen von üblem Denunziantentum und Blockwartmentalität, gleichzustellen mit Beispielen aus unseliger Zeit.
51645	Leserbrief	Leser	Brief	4.100000	1.728840	4.800000	0.421637	Hier können Sie Leserbriefe verfassen und lesen, was andere geschrieben haben.
51646	Leserbrief	Leser	Brief	4.200000	1.619330	4.800000	0.632456	Bis dahin verabschiedet sich mit zwölfbändigen Grüßen Ihr und Euer Hajo F. Breuer Die Redaktion behält sich vor, Leserbriefe bei einer Veröffentlichung sinnwahrend zu kürzen.
51647	Leserbrief	Leser	Brief	4.100000	1.100500	4.800000	0.632456	Jetzt legt ein Chef der Windfirma selbst Hand an und schreibt als Privatmann getarnt einen scheinheiligen Leserbrief an die AZ!
51648	Lichterkette	Licht	Kette	4.300000	0.948683	2.200000	1.686550	"KV Region Hannover und die Ökologische Plattform unterstützt die "" Lichterkette 09 "" Unter dem Motto "" Wir bringen Licht in das Dunkel "" wollen auch wir die geplante Lichterkette von Braunschweig - Asse II - Schacht Konrad am Donnerstag, 26. Februar 2009 unterstützen."
51649	Lichterkette	Licht	Kette	4.500000	1.080120	3.100000	1.595130	schwerst entteuscht T. G * * * (14. August 2011 ) Also mal ganz ehrlich... die Lichterkette ist ein Witz mit Anlauf!!!
51650	Lichterkette	Licht	Kette	4.500000	1.269300	3.200000	1.549190	Dort sollen Maibaumwachen und Zusammenkünfte der Burschen stattfinden und ein Lagerraum für Bänke, Lichterketten usw. angelegt werden.
51651	Lichterkette	Licht	Kette	4.800000	0.421637	3.500000	1.354010	Ich krieg sonst die Krise.. diese blöden Lichterketten immer...
51652	Lichterkette	Licht	Kette	4.800000	0.632456	3.600000	1.429840	- darauf, dass sie wasserdicht sind (falls sie die Lichterkette nach draußen hängen möchten ).
51653	Lichtquelle	Licht	Quelle	4.800000	0.421637	2.200000	2.149940	Die Vergleichung zweier Lichtquellen wird daher umso schwieriger, je stärker ihre Intensitäten voneinander abweichen.
51654	Lichtquelle	Licht	Quelle	4.700000	0.483046	2.200000	2.201010	Da würdigte man erst die großen Vorteile der elektrischen Beleuchtung, und die Öllampe erschien wie ein Requisit aus grauer Vorzeit, das man erst mühselig entzünden mußte, um es als Lichtquelle benützen zu können.
51655	Lichtquelle	Licht	Quelle	4.700000	0.674949	2.300000	2.002780	Nun zeigt aber die Beobachtung, dass das Licht, welches von Lichtquellen ausstrahlt, meistens Lichtsorten von verschiedener Brechbarkeit enthält, und dass jede Brechbarkeitsstufe des Lichtes in unserem Auge eine besondere Farbenempfindung hervorbringt.
51656	Lichtquelle	Licht	Quelle	4.900000	0.316228	2.500000	1.779510	Nächst dem elektrischen Licht hat Magnesiumlicht als künstliche Lichtquelle viel Verwendung gefunden.
51657	Lichtquelle	Licht	Quelle	4.909090	0.301511	2.545450	1.916440	Man erreicht daher eine beträchtlichere Lichtstärke, indem man eine Sammellinse C zu Hilfe zieht, die zwischen die Lichtquelle und den Spiegel gebracht wird.
51658	Lichtquelle	Licht	Quelle	4.800000	0.632456	3.000000	2.054800	Diese Lichtquellen können einen großen Formenreichtum annehmen, weil die Leuchtfolien mit OLEDs biegsam sind.
51659	Lichtquelle	Licht	Quelle	4.900000	0.316228	3.100000	1.595130	Weiterhin stellen wir ein einzig-artiges UV-fs-System als Lichtquelle für diverse Applikationen zur Verfügung.
51660	Lichtquelle	Licht	Quelle	4.900000	0.316228	3.400000	1.349900	Die Erkenntnisse erleichtern die Entwicklung von neuen Elektronen - und Lichtquellen, mit denen man etwa die Struktur von Atomen und Molekülen erkundet.
51661	Lichtquelle	Licht	Quelle	4.900000	0.316228	3.600000	1.429840	Sie können das Sonnenlicht nutzen, sich in den Schatten begeben, Papierbögen zum Reflektieren der Lichtquelle verwenden, auf die richtigen Lichtverhältnisse warten oder eine Taschenlampe oder andere Handybildschirme als Lichtquelle benutzen - greifen Sie auf Ihr vorhandenes Wissen zurück.
51662	Lichtquelle	Licht	Quelle	4.400000	1.264910	3.900000	1.523880	Die helle Lichtquelle kommt von der Sonne die durch das Fenster eindringt.
51663	Lichtverhältnis	Licht	Verhältnis	3.777780	2.166670	1.111110	1.691480	Die Lichtverhältnisse werden mit der Bedeutung der beleuchteten Gegenstände in der Natur selten so zusammentreffen, wie es die Kunst verlangt.
51664	Lichtverhältnis	Licht	Verhältnis	4.700000	0.483046	2.000000	1.490710	Im erweiterten Modus, die Kamera nimmt ein Foto mit den Standard-Einstellungen automatisch und in schwierigen Lichtverhältnissen (wenig Licht oder Hintergrundbeleuchtung ) wird sofort ein zweites Foto mit einer optimierten, so können Sie wählen, welche zu halten.
51665	Lichtverhältnis	Licht	Verhältnis	4.400000	1.074970	2.300000	1.766980	Was man so an Schärfe des Bildes gewinnt, büßt man zum Teil an Helligkeit ein, sodaß man in der Wahl der Blenden in erster Linie von den herrschenden Lichtverhältnissen abhängt.
51666	Lichtverhältnis	Licht	Verhältnis	4.700000	0.674949	2.500000	1.715940	Das liegt nicht daran, dass wir lieber vorm Kamin kuscheln als auf einer feuchten Mai-Wiese, sondern an den Lichtverhältnissen.
51667	Lichtverhältnis	Licht	Verhältnis	4.700000	0.483046	2.600000	1.349900	Eine Landschaft z. B. enthält noch Anderes als diese Lichtverhältnisse und eine Gruppe zusammenwirkender Menschen hat noch gewisser einen Einheitspunkt anderer und höherer Art, allein beide wollen wesentlich auch aus diesem Standpunkte gesehen sein.
51668	Lichtverhältnis	Licht	Verhältnis	4.300000	0.674949	2.600000	1.429840	Eine Blume benötigt ein anderes Terrain als ein Pilz, so beispielsweise besondere Boden - oder Lichtverhältnisse, einen anderen Feuchtigkeits - oder Nährstoffbedarf, veränderte Temperaturbedingungen, usw.
51669	Lichtverhältnis	Licht	Verhältnis	4.900000	0.316228	2.700000	1.636390	Wo von den unendlichen Übergängen der Farbe die Rede war, mußte die nunmehr ausdrücklich eingeführte Verbindung der Farbe mit den Lichtverhältnissen notwendig teilweise vorausgenommen werden:
51670	Lichtverhältnis	Licht	Verhältnis	4.909090	0.301511	3.454550	1.213560	Die Lichtverhältnisse bei dem letzten Dampfzug am vergangenen Sonntag über die Müngstener Brücke gaben leider einfach nicht mehr her.
51671	Lichtverhältnis	Licht	Verhältnis	4.900000	0.316228	3.500000	1.715940	Meist muss sich das gesamte Team behelfen, der Zeitdruck ist besonders groß, weil sich z.B. die Lichtverhältnisse relativ schnell verändern.
51672	Lieblingsspiel	Liebling	Spiel	4.200000	0.788811	4.200000	1.619330	zitat ullrich: Na, wenn ich sehe, wie so mancher die Verhaltensmuster seiner Lieblingsspiele verinnerlicht hat, wundert es mich nicht weiter, dass Thomas wieder der Kragen platzt...
51673	Lieblingsspiel	Liebling	Spiel	3.400000	1.505550	4.300000	0.948683	Auch Drachenfliegen ist in Siam, wie in Japan, ein Lieblingsspiel der Erwachsenen, besonders zur Zeit des Südwindes.
51674	Lieblingsspiel	Liebling	Spiel	3.200000	2.201010	4.500000	0.707107	Dieses Kuchenhacken ist ein Lieblingsspiel des Volkes auf den holländischen Kirmessen.
51675	Lieblingsspiel	Liebling	Spiel	3.200000	1.988860	4.500000	1.581140	denn das teil bekommt man z.z. für 699... ist halt doof das man seine lieblingsspiele nicht mit in laden nehmen kann, die kurz installieren und bei gefallen gleich mitnehmen kann...
51676	Lieblingsspiel	Liebling	Spiel	2.300000	1.766980	4.600000	0.516398	Später söhnte ich mich mit diesem Dielenloch freilich aus, denn gerade diese Sandstelle wurde, wenn wir bei schlechtem Wetter nicht hinaus konnten, zum bevorzugten Spielplatz für uns Kinder, wo wir mit vier würfelförmigen Steinen unser Lieblingsspiel spielten.
51677	Lieblingsspiel	Liebling	Spiel	2.900000	2.024850	4.600000	0.699206	Nun sah er ihn hier in den geheimnisvollen Abendstunden mit einem zweifelhaften Wesen bei seinem Lieblingsspiel -
51678	Lieblingsspiel	Liebling	Spiel	3.300000	1.888560	4.600000	0.966092	Auch Pfandleihe ist ein Lieblingsspiel: mit mächtiger Brille auf der Nase entwickelt der kleine Verleiher unglaublichen Aplomb in geringschätziger Behandlung der von den Spielgefährten gereichten Pfänder.
51679	Lieblingsspiel	Liebling	Spiel	4.000000	1.490710	4.700000	0.674949	Stell dir die Momente vor, in denen du mit dem Spielen deiner Lieblingsspiele beginnst.
51680	Lieblingsspiel	Liebling	Spiel	3.500000	1.269300	4.700000	0.674949	ja tr 2 ist eig so ziemlich mein lieblingsspiel.. ^^ Vllt kommt zum 15.
51681	Lieblingsspiel	Liebling	Spiel	3.000000	1.333330	5.000000	0.000000	Sollten Sie lieber diese Spiele spielen, verzichten Sie besser auf den Bonus oder Sie spielen den Bonus nur mit den erlaubten Spielen frei, um sich dann genüsslich bei Ihren Lieblingsspielen zu vergnügen.
51682	Ländersache	Land	Sache	4.300000	0.823273	1.900000	1.523880	Der Vollzug von Abschiebungshaft ist in Deutschland Ländersache und nicht einheitlich geregelt.
51683	Ländersache	Land	Sache	4.500000	0.849837	2.500000	1.840890	Für die, die es nicht wissen, Bildung ist Ländersache.
51684	Ländersache	Land	Sache	4.500000	0.707107	2.800000	1.549190	"Durch die SWR-Sendung "" Ländersache "" am Donnerstag, 21. März, errang der Blöcherweg dann auch traurige Berühmtheit."
51685	Ländersache	Land	Sache	4.600000	0.516398	2.900000	1.728840	Das ist in Deutschland Ländersache - und damit doppelt schwierig.
51686	Ländersache	Land	Sache	4.400000	0.966092	3.100000	1.523880	Schule und Bildung sind reine Ländersache, da kann der Bund ihnen nicht dreinreden.
51687	Länderspiel	Land	Spiel	3.800000	1.475730	4.300000	1.059350	Ich finde es ätend, Enke macht 2 Länderspiele zu Null und ist die Nummer 1. Was ist denn, wen Wiese die kommen 2 Länderspiele macht und daber überrgend hält?
51688	Länderspiel	Land	Spiel	3.900000	1.100500	4.400000	0.699206	28.2. Top-Besetzung bei Länderspiel U 19 gegen China am 6. März in Paderborn.
51689	Länderspiel	Land	Spiel	3.500000	1.957890	4.400000	1.577620	Herr van Gool, erinnern Sie sich noch an das Länderspiel gegen die Niederlande 1976?
51690	Länderspiel	Land	Spiel	4.400000	1.074970	4.700000	0.674949	Die 28 - Jährige stürmt für die US-Amerikaner von Western New York Flash und traf in 154 Länderspielen unfassbare 116 Mal.
51691	Länderspiel	Land	Spiel	4.500000	0.849837	5.000000	0.000000	Die Halle war dekoriert als stünde ein Länderspiel mit internationaler Bedeutung an.
51692	Lärmquelle	Lärm	Quelle	4.900000	0.316228	2.300000	1.636390	Erschrecken Sie Ihre Katze nicht mit einer Wasserpistole oder einer Lärmquelle, wenn sie sich in der Nähe von zerbrechlichen Gegenständen befindet.
51693	Lärmquelle	Lärm	Quelle	5.000000	0.000000	2.500000	1.354010	Die gültige 86 / 188 / EWG-Richtlinie schreibt zwingend vor, den Krach von Lärmquellen über 200 Pa Schalldruck, bzw. 140 dB(A) Pegel technisch am Entstehungsort zu mindern.
51694	Lärmquelle	Lärm	Quelle	4.900000	0.316228	2.700000	1.828780	Neben dem Problem der abwechselnden Bedienung von Pölling und Woffenbach im 40 - Minuten-Takt spielen hier auch die durch einen neuen Haltepunkt im Wohngiebet zusätzlich entstehenden Lärmquellen eine Rolle.
51695	Lärmquelle	Lärm	Quelle	5.000000	0.000000	3.300000	1.702940	Das Café Madonna in Veli Losinj hat seine einstige Bedeutung als Treffpunkt von Jugendlichen und nächtliche Lärmquelle längst eingebüßt.
51696	Lärmquelle	Lärm	Quelle	5.000000	0.000000	3.400000	2.011080	Der Lüfter auf dem Prozessor und das Netzteil fallen nach kurzer Hörprobe als Lärmquellen aus.
51697	Machtspiel	Macht	Spiel	4.900000	0.316228	1.700000	1.494430	Sie entwickelte eine eigenwillige Bewegungsterminologie, die auf der theatralischen Kraft der alltäglichen Bewegung und der Stilisierung sexueller Machtspiele aufbaut.
51698	Machtspiel	Macht	Spiel	4.600000	0.699206	1.800000	1.316560	Bei diesem geopolitischen Machtspiel geht es ums Ganze - es geht um Weltkrieg oder - frieden in den nächsten zehn Jahren.
51699	Machtspiel	Macht	Spiel	4.700000	0.483046	1.800000	1.549190	"Auch Russland habe die Aufgabe, zur Deeskalation beizutragen und nicht "" Machtspiele provozierender Art und Weise durchzuführen "", sagte der Parlamentarische Geschäftsführer der Unionsfraktion, Michael Grosse-Brömer (CDU ), in Berlin."
51700	Machtspiel	Macht	Spiel	4.500000	0.707107	2.000000	1.414210	Als er zwischen die Fronten eines politischen Machtspiels von Interpol und dem russischen Militär gerät, wird aus dem Jäger der Gejagte.
51701	Machtspiel	Macht	Spiel	4.200000	1.619330	2.000000	1.632990	Eine Bürokratie kann sich aktiv an diesem Machtspiel beteiligen und in Allianz mit solchen Gruppen eigenen Einfluß gewinnen und damit im Ergebnis zum Lobbyisten für Gruppeninteressen werden.
51702	Machtverhältnis	Macht	Verhältnis	4.222220	0.833333	2.444440	1.878240	Vergleichen wir die Zustände Griechenlands bei dem Beginne der vorigen und der eben behandelten Periode, so zeigt es sich auf den ersten Blick, dass in der Zwischenzeit die Mittelpunkte des politischen Lebens sich durchaus verändert und verrückt, die Machtverhältnisse der verschiedenen Staaten gänzlich umgestaltet hatten.
51703	Machtverhältnis	Macht	Verhältnis	5.000000	0.000000	2.800000	1.619330	-- Nicht zu verwechseln übrigens mit diesen Rangbestimmungen ist die Einteilung in Großmächte und in Staaten zweiten, dritten u. s. w. Ranges, welche nur ein tatsächliches Machtverhältnis, nicht aber einen bestimmten Rang mit daran geknüpften formalen Rechten bezeichnet.
51704	Machtverhältnis	Macht	Verhältnis	4.500000	1.581140	2.900000	1.523880	"Die erste Zusammenkunft des 40 - köpfigen Expertengremiums - vollständiger Titel: "" Sexueller Missbrauch in Abhängigkeits - und Machtverhältnissen in privaten und öffentlichen Einrichtungen und im familiären Bereich "" - ist für den 23. April geplant."
51705	Machtverhältnis	Macht	Verhältnis	4.400000	0.966092	3.200000	1.229270	Wie weit die Reichsheerfahrt von 1176 als eine beschworene anzusehen, und Heinrich daher zur Hilfeleistung verpflichtet war, steht dahin; jedenfalls verboten die politischen Machtverhältnisse allen Zwang.
51706	Machtverhältnis	Macht	Verhältnis	4.800000	0.421637	3.500000	1.433720	Insofern ist Rassismus stets mit anderen gesellschaftlichen Differenzierungen und Machtverhältnissen in historisch spezifischen Weisen verbunden.
51707	Machtverhältnis	Macht	Verhältnis	4.800000	0.632456	3.700000	1.337490	"Sicher, "" die hängen sich da voll rein "", was sollen sie auch anderes tun, da wo ihnen die moralischen machtverhältnisse wegschwimmen und selbst in einem gedulteten status das grenzwertige im religiösen anspruch auf leitfunktion immer deutlicher zu tage tritt."
51708	Machtverhältnis	Macht	Verhältnis	4.800000	0.421637	3.700000	1.567020	Es ist charakteristisch für die Umgestaltung unserer ganzen politischen Machtverhältnisse und vielleicht ein gutes Omen, daß im neuen Ministerium zwei Bauern als Vertrauensmänner der deutschen und tschechischen Nation sitzen.
51709	Machtverhältnis	Macht	Verhältnis	4.300000	1.251670	3.800000	1.316560	In diesem Workshop geht es um die Erforschung der sozialen Machtverhältnisse in denen wir im Studium stehen und darum, Strategien zu entwickeln, mit denen wir uns besser durchsetzen können und uns an der Universität wohler fühlen.
51710	Machtverhältnis	Macht	Verhältnis	4.300000	1.567020	4.100000	1.197220	Das schlimmste Gebrechen des Vereins lag weniger in seinen Satzungen als in der Verschiebung der Machtverhältnisse.
51711	Machtverhältnis	Macht	Verhältnis	4.222220	1.301710	4.111110	0.927961	Es geht um Herrschaft und Machtverhältnisse und es geht immer darum, dass es diese Gruppe und die anderen gibt - es geht um Abgrenzung, um die Spaltung der Gesellschaft.
51712	Mannschaftsführer	Mannschaft	Führer	5.000000	0.000000	4.300000	1.059350	Aber Tobias Roppelt (1 ), Kurt Rohne (6 ) und Milos Trobonjaca (5 ) mit Siegen sowie Mannschaftsführer Armin Herrmann (3 ), Rainer Brosch (4 ) und Thomas Paul (2 ) mit Remisen machten die Sache klar für die Kernstädter.
51713	Mannschaftsführer	Mannschaft	Führer	4.400000	0.843274	4.500000	0.527046	Jürgen Krämer, Mannschaftsführer der Herren 50, kann sich im Moment nur wenig um sein Team und den Tennissport kümmern.
51714	Mannschaftsführer	Mannschaft	Führer	4.700000	0.674949	4.500000	0.849837	5.3 Die Mannschaftsführer sind verantwortlich für den reibungslosen Ablauf des Spielbetriebes der eigenen Mannschaft.
51715	Mannschaftsführer	Mannschaft	Führer	5.000000	0.000000	4.600000	0.843274	Norderstedt - So richtig überrascht wirkte Alexander Hente, der Mannschaftsführer der abstiegsgefährdeten Volleyballmänner des 1. VC Norderstedt, nach dem wichtigen 3:2 (22:25, 25:22, 27:29, 25:11, 15:13 ) - Erfolg seiner Truppe gegen den Tabellenvierten Oststeinbeker SV II nicht.
51716	Mannschaftsführer	Mannschaft	Führer	4.300000	1.567020	4.700000	0.674949	Laut dem heutigen Mannschaftsführer Jens Thieleke waren alle Partien ausgekämpft.
51717	Mannschaftsspiel	Mannschaft	Spiel	4.800000	0.421637	4.600000	0.699206	Beide Teams zeigten ein ansehnliches Mannschaftsspiel mit schnellen Angriffen und gut herausgearbeiteten Chancen.
51718	Mannschaftsspiel	Mannschaft	Spiel	4.300000	1.567020	4.600000	0.699206	Wenn z.B. in Mannschaftsspielen künftig auf 3 Gewinnsätze gespielt wird, können Sie doch Ihre Zählgeräte weiterhin benutzen.
51719	Mannschaftsspiel	Mannschaft	Spiel	4.800000	0.421637	4.700000	0.483046	Besonders die Angehörigen der Arbeiterklasse fühlten sich vom Charakter des Rugbysports als körperbetontes Mannschaftsspiel angesprochen ) 117 (, aber erneut sollte sich, wie auch bei der öffentlichen Übernahme der verschiedenen Varianten des Fußballs, die Beliebtheit des Spiels zum Problem entwickeln.
51720	Mannschaftsspiel	Mannschaft	Spiel	4.800000	0.421637	4.800000	0.632456	Jugger ist ein Mannschaftsspiel, 5 gegen 5 auf einer Fläche 20 x 40 Meter, in welchem versucht wird, den Jugg (ein Schaumstoffteil in der Größe eines Hundeschädels ) ins gegnerische Mal zu stecken.
51721	Mannschaftsspiel	Mannschaft	Spiel	5.000000	0.000000	5.000000	0.000000	Unberücksichtig bei der Zählung bleibt, dass Südring am grünen Tisch nachträglich die Mannschaftsspiele vom 3. / 4. Spieltag der Regionalliga 2005 / 06 mit je 0:8 verlor.
51722	Marktstand	Markt	Stand	4.222220	1.201850	3.666670	1.224740	darauf hingewiesen, dass, wenn Sie über Wert Ihres Hauses, werden Sie sehr viele potentielle Käufer, die nur bedeutet, dass Ihre Immobilie wird in den Marktstand zu verpassen.
51723	Marktstand	Markt	Stand	4.600000	0.699206	3.800000	1.686550	Mehr als Dutzende Handwerksleute, Musikanten und weit gereiste Händler, gekleidet wie die Menschen im späten Mittelalter, verzauberten die Möhnen zwischen authentisch nachgebauten Marktständen.
51724	Marktstand	Markt	Stand	4.800000	0.632456	4.000000	1.763830	Traditionelle Marktstände, Flamenco-Tänzerinnen und kulinarische Spezialitäten aus dem grünen Norden Spaniens versetzten Frankfurts größtes Einkaufszentrum direkt ans Mittelmeer.
51725	Marktstand	Markt	Stand	4.900000	0.316228	4.000000	1.763830	So kann an Stelle des angewiesenen Marktstandes jeder Zeit ein anderer angewiesen werden; es gibt nur einen Anspruch auf Einräumung eines Marktstandes, nicht ein Recht an dieser bestimmten Stelle des öffentlichen Platzes.
51726	Marktstand	Markt	Stand	4.900000	0.316228	4.400000	0.843274	Im Nun waren die an der Straße liegenden Marktstände erstiegen.
51727	Marktstand	Markt	Stand	4.900000	0.316228	4.500000	0.707107	Da hier zahlreiche steinerne Marktstände noch erhalten sind, können wir uns gut vorstellen, wie einst die Waren angepriesen wurden.
51728	Marktstand	Markt	Stand	4.500000	1.080120	4.800000	0.421637	Zur Eröffnung, welche um 16 Uhr stattfindet öffnen auch gleichzeitig die 233 Marktstände und präsentieren ihr Angebot.
51729	Mauerwerk	Mauer	Werk	4.500000	0.707107	0.700000	1.059350	Auf dem für den Mittelpunkt der Form bestimmten Platz schlägt man einen Pfahl ein, um den ein ringförmiges Mauerwerk aufgeführt wird, über welches der hohle, ebenfalls gemauerte Kern sich aufbaut, den man außen mit Lehm bestreicht.
51730	Mauerwerk	Mauer	Werk	4.555560	0.726483	1.444440	1.333330	Was Ko Quai heißt ein Tempel am Menam, dessen Uferfacade eine große Dschunke darstellt: der Rumpf aus Mauerwerk ist nach der Wirklichkeit angemalt; die Masten bilden drei hohe Pratšedi.
51731	Mauerwerk	Mauer	Werk	5.000000	0.000000	1.800000	1.619330	Die Kosten für Reparaturarbeiten am Wohngebäude wie beispielsweise die Gebäudetrocknung oder Instandsetzung des Mauerwerks übernimmt eine Wohngebäudeversicherung mit entsprechender Elementardeckung.
51732	Mauerwerk	Mauer	Werk	4.500000	0.971825	1.800000	1.873800	Das Mauerwerk der Rauchfänge muß auf der Außenseite überall, wo Holzwerk unmittelbar an demselben anliegt, sonst aber vom Dachbodenpflaster an durchgehendes verbrämt oder perputzt werden.
51733	Mauerwerk	Mauer	Werk	4.200000	1.549190	1.900000	1.911950	Das Mauerwerk ging 8 Fuß (2,440 m ) senkrecht in die Höhe, der pyramidale Teil war 20 Fuß (6,109 m ) hoch.
51734	Mauerwerk	Mauer	Werk	4.900000	0.316228	2.200000	1.549190	Sie ist größer als die Handbohrmaschine und für Bohrungen in Holz, Metall und Mauerwerk geeignet.
51735	Mauerwerk	Mauer	Werk	4.400000	1.577620	2.400000	1.897370	Auf der obersten Ebene des gewaltigen runten Bauwerkes, dessen aus hellem Stein errichtetes Mauerwerk durch zahlreiche Erker und Ausbauten sehr unübersichtlich erschien, wurden einmal mehr die Vorhänge geöffnet.
51736	Mauerwerk	Mauer	Werk	4.600000	0.699206	2.800000	2.043960	Die Vorzüge der Ziegelmauer gegen anderes Mauerwerk bestehen darin, daß die Regelmäßigkeit der einzelnen Steine einen sehr guten Verband geben, daß sie festes Mauerwerk, und ebenso gesunde als warme Wohnungen geben, wenn die Mauern hinlänglich stark sind.
51737	Mauerwerk	Mauer	Werk	4.800000	0.632456	2.900000	1.663330	Arbeiten zur Beseitigung von Untergrundschäden an Holz, Putz oder Mauerwerk gehören dann zu den Schönheitsreparaturen, wenn diese übliche und kleinere Vorarbeiten vor der Ausführung der Schönheitsreparaturen darstellen (KG GE 1981, 1065; LG Berlin GE 1995, 115 ).
51738	Mauerwerk	Mauer	Werk	5.000000	0.000000	2.900000	1.728840	Ein Großteil des Schadens ist durch aufsteigende Feuchtigkeit im Mauerwerk entstanden.
51739	Meerwasser	Meer	Wasser	4.800000	0.632456	4.700000	0.674949	Riffaquaristikforum.de - Das Forum für die Meerwasser - und Salzwasseraquaristik | Meerwasser allgemein | Hefe!
51740	Meerwasser	Meer	Wasser	4.800000	0.421637	4.900000	0.316228	Bei meinen Schachsitzungen mit Gaston sah ich das Brett als ein quadratisches Becken voll klaren Meerwassers mit seltenen Muscheln und Strategemen, die sich rosig von seinem glatten Marmorboden abhoben, während mein verwirrter Gegner dort nichts sah als Schlamm und Sepiagewölk.
51741	Meerwasser	Meer	Wasser	4.800000	0.421637	4.900000	0.316228	Hier erleben Sie noch klares, smaragdfarbenes und sauberes Meerwasser.
51742	Meerwasser	Meer	Wasser	4.400000	1.074970	4.900000	0.316228	Da der eine Zuleitungsdraht dem Zweige der versenkten Rolle, der andere dem der im Bade befindlichen Rolle angehört, und beide gleichmäßig durch das umgebende Meerwasser erwärmt oder abgekühlt werden, so ist ihr störender Einfluss vollständig eliminiert.
51743	Meerwasser	Meer	Wasser	4.700000	0.674949	4.900000	0.316228	Man ist damit sparsam und hilft vielfach durch Destillation von Meerwasser nach.
51744	Meerwasser	Meer	Wasser	4.700000	0.674949	4.900000	0.316228	Mit Meerwasser kann man diese Flecken am schnellsten wieder herausbringen: und man schützt es davor durch mancherlei Umhüllungsmittel, durch Mennige, Bleiweiss, Gips, Bitumen und flüssigen Teer.
51745	Meerwasser	Meer	Wasser	5.000000	0.000000	5.000000	0.000000	"Eiderbrook, 24113 Kiel "" 19:49:3 1 "" Schwimmhalle Schilksee Das Olympiabad Schwimmhalle Schilksee wird ebenfalls mit Meerwasser betrieben."
51746	Meerwasser	Meer	Wasser	5.000000	0.000000	5.000000	0.000000	Inhalationen mit Meerwasser gehören zu den erfolgreichsten Therapien bei Atemwegsbeschwerden.
51747	Meerwasser	Meer	Wasser	5.000000	0.000000	5.000000	0.000000	Als weiteres Resultat dieser Beobachtungen drängt sich mir die Frage auf, ob nicht A. melanops als eine nicht wandernde Varietät des A. Vimba zu betrachten sei, welche sich dem Einflusse des Meerwassers entzogen haben könnte.
51748	Meerwasser	Meer	Wasser	4.900000	0.316228	5.000000	0.000000	Kaum aber hatte er ein wenig von dem bitteren Meerwasser getrunken, so wurde er noch kränker als zuvor.
51749	Meinungsführer	Meinung	Führer	4.300000	0.823273	2.700000	1.636390	"Ich kämpfe nicht gegen irgendwelche Massen oder Institutionen, sondern "" diskutiere "" mit genau diesem einen unbekannten Meinungsführer, dessen Philosophie ich an den Erscheinungen der Welt, wie ich sie erlebe, errate."
51750	Meinungsführer	Meinung	Führer	4.700000	0.674949	3.300000	0.948683	Dazu gehört explizit keine klassische Lobbyarbeit, keine direkte Einflussnahme auf Gesetzesentwürfe: Nicht die Parlamentarier sind die Adressaten der Arbeit, sondern vielmehr Meinungsführer in der Gesellschaft.
51751	Meinungsführer	Meinung	Führer	4.400000	0.843274	3.400000	1.505550	1. Wir beraten die Politik und nehmen als wirtschaftspolitischer Meinungsführer aktiv Einfluss auf die Gestaltung mittelstandsfreundlicher Rahmenbedingungen.
51752	Meinungsführer	Meinung	Führer	4.200000	1.619330	4.300000	0.948683	Darüber hinaus suchen Sie aktiv den Kontakt zu Meinungsführern und - multiplikatoren, informieren und diskutieren.
51753	Meinungsführer	Meinung	Führer	4.900000	0.316228	4.500000	0.849837	In Appellen, Memoranden und Briefwechseln mit Gollwitzer, Niemöller, Karl Barth und Friedrich von Bodelschwingh versuchten sie, die kirchlichen Meinungsführer zu mobilisieren und die offizielle Haltung der Kirche zu dem Skandal der Judenverfolgung zu ändern.
51754	Meisterschaftsspiel	Meisterschaft	Spiel	4.300000	1.567020	3.400000	2.366430	Der Spieler C, TuS Hertlingshausen, wird gemäß § 55 / 2 StrO mit einer Sperre von 3 Meisterschaftsspielen belegt.
51755	Meisterschaftsspiel	Meisterschaft	Spiel	4.400000	1.264910	4.500000	1.269300	Am 30.05. trat die 2. Mannschaft zum letzten Meisterschaftsspiel an.
51756	Meisterschaftsspiel	Meisterschaft	Spiel	5.000000	0.000000	4.600000	0.699206	Darüber hinaus ist Trehkopf bis zum Ablauf der Sperre auch für alle anderen Meisterschaftsspiele seines Vereins gesperrt.
51757	Meisterschaftsspiel	Meisterschaft	Spiel	4.700000	0.674949	4.700000	0.674949	Dennoch wollen sich die Chemnitzer von diesen Ergebnissen nicht beeindrucken lassen und an die Meisterschaftsspiele (5:2, 5:1 ) anknüpfen, um einen Grundstein für die mögliche Titelverteidigung zu legen.
51758	Meisterschaftsspiel	Meisterschaft	Spiel	4.400000	1.074970	4.700000	0.674949	Kommendes Wochenende findet das Meisterschaftsspiel gegen Lambach bereits am Samstag statt.
51759	Meisterschaftsspiel	Meisterschaft	Spiel	4.500000	0.707107	4.800000	0.632456	Das Meisterschaftsspiel brachte dem Floridsdorfer Sportplatz einen ungewöhnlich großen Besuch, da ein schöner Kampf erwartet wurde.
51760	Menschenkette	Mensch	Kette	4.800000	0.421637	1.700000	1.888560	Zwar soll sich die Menschenkette am diesjährigen 13. Februar über beide Seiten des Flusses erstrecken.
51761	Menschenkette	Mensch	Kette	4.900000	0.316228	1.800000	1.475730	Mit einer 120 Kilometer langen Menschenkette zwischen den Pannenreaktoren Krümmel und Brunsbüttel in Schleswig-Holstein setzen die Atomgegner aus allen Schichten der Gesellschaft ein unübersehbares Ausrufezeichen im Kampf gegen einen Ausstieg aus dem Atomausstieg.
51762	Menschenkette	Mensch	Kette	5.000000	0.000000	1.900000	1.595130	Anders als bei den vorherigen Flashmobs, wird sich bei diesem nicht zentral getroffen, sondern die Mobber sollten sich so aufteilen, dass sie auf der Domplatte versetzt der Menschenkette beitreten können damit es so ausschaut als würde...
51763	Menschenkette	Mensch	Kette	4.700000	0.483046	2.500000	1.779510	Gestern seien auch wieder 60.000 Menschen auf die Straße gegangen und hätten in der Menschenkette zwischen Stuttgart und dem AKW Neckarwestheim deutlich ihre Meinung gegen Atomkraft gezeigt.
51764	Menschenkette	Mensch	Kette	4.900000	0.316228	2.600000	1.897370	Sie haben zusammen mit den wenigen anwesenden ausländischen Gästen eine Menschenkette vom Städtchen bis zum Strand gebildet.
51765	Menschenwerk	Mensch	Werk	4.300000	1.059350	2.100000	1.791960	Das Kunstwerk ist unter allem Menschenwerk die geschlossenste Einheit, die sich selbst genügendste Totalität -- selbst den Staat nicht ausgenommen.
51766	Menschenwerk	Mensch	Werk	3.600000	1.897370	2.100000	1.911950	Vom Wasser aus bilden sie während der Brutzeit gerade Wege durch das Gras, welche von allen Steinen und Pflanzenteilen gereinigt und so glatt und nett ausgetreten werden, daß man sie für Menschenwerk hält.
51767	Menschenwerk	Mensch	Werk	4.400000	0.699206	2.400000	1.505550	Und wenn er dann wählen muss zwischen Menschenwerk und Gott, ist seine Wahl klar: Jesus Christus.
51768	Menschenwerk	Mensch	Werk	3.700000	1.567020	2.500000	1.900290	Es ist begreiflich, daß das Gesetz, wie jedes Menschenwerk, unvollkommen ist.
51769	Menschenwerk	Mensch	Werk	4.500000	0.971825	2.600000	1.577620	Sie mir ruhig vom Gottessohn, genau den habe ich doch als Menschenwerk entlarvt.
51770	Menschenwerk	Mensch	Werk	4.500000	1.269300	2.900000	1.791960	Wie individuell ist dieses heiße Leben, wie ureigenartig und doch! -- wie ist es in aller scheinbaren Selbständigkeit gleichwohl nur ein Glied jener eisernen Kette der Ursachen und Wirkungen, welche alles Menschentum und Menschenwerk verknüpft!
51771	Menschenwerk	Mensch	Werk	4.600000	0.699206	3.100000	1.791960	"Sie sind und bleiben Menschenwerk, selbst wenn wir sie als "" göttliche "" oder "" ewige "" Gesetze bezeichnen."
51772	Menschenwerk	Mensch	Werk	4.800000	0.421637	3.100000	1.911950	"• Punkt • Zahl • Form - didis Murmelmathe "" Gott schuf die ganze Zahl - Alles andere ist Menschenwerk "" sagte Leopold Kronecker - Mathematiker (1823 - 1891 )."
51773	Menschenwerk	Mensch	Werk	3.800000	1.398410	3.500000	1.080120	1 Es ist lächerlich, wenn Affen wollen Menschenwerk tun.
51774	Menschenwerk	Mensch	Werk	4.600000	0.516398	3.700000	1.059350	Gottes Wort ist wirklich schärfer als ein zweischneidiges Schwert und es trennt Licht von Finsternis, Reines von Unreinem, Seele von Geist, Emotion und Gefühl von Wahrheit, Menschenwerk von Gottes Werk.
51775	Messestand	Messe	Stand	4.200000	1.619330	3.800000	1.873800	Auf den Deutschen Gründer - und Unternehmertage, die vom 24. - 26. Mai 2002 auf dem Messegelände Berlin stattfanden, war OpTecBB mit einem eigenen Messestand vertreten.
51776	Messestand	Messe	Stand	3.300000	2.311810	4.000000	2.108190	Wir bedanken uns für den Besuch auf unserem Messestand und für das Interesse an unseren Produkten.
51777	Messestand	Messe	Stand	4.200000	1.619330	4.200000	1.135290	Alles unter dem Motto: Versuchen Sie das Problem zu lösen - falls Sie es nicht schaffen, besuchen Sie z. B. unsere Internet-Seite, unseren Messestand, unser Verkaufsbüro o.
51778	Messestand	Messe	Stand	3.700000	1.888560	4.500000	0.971825	Neben dem neuen Katalog von Designreisen wurden die Website, der Messestand sowie das Corporate Design von Hasenkopf ausgezeichnet.
51779	Messestand	Messe	Stand	4.300000	1.337490	4.500000	0.971825	So muss grundsätzlich jemand beauftragt und bezahlt werden, der den Messestand transportiert und auf - und abbaut.
51780	Militäraktion	Militär	Aktion	5.000000	0.000000	3.800000	1.873800	Die USA planen mit Ägypten eine Militäraktion gegen Libyen mit einer ägyptische Invasion von Ost-Libyen.
51781	Militäraktion	Militär	Aktion	4.400000	1.264910	4.100000	1.370320	Welche andere Rekonstruktion des zeitlichen Ablaufs der Militäraktionen haben Sie denn bisher geleen, lieber Freiburgerthesen?
51782	Militäraktion	Militär	Aktion	4.600000	0.699206	4.100000	1.595130	"Derzeit versuchen Kriminelle auf der "" Bin Laden ist tot "" - Welle mitzuschwimmen und preisen angebliche Bilder von der Militäraktion an, die sie per Mail verschicken."
51783	Militäraktion	Militär	Aktion	4.700000	0.483046	4.300000	1.337490	Neben den Militäraktionen im Norden des Landes an der Grenze zum Libanon läuft seit Anfang Juli noch immer die Befreiungs-Offensive im Gaza-Streifen.
51784	Militäraktion	Militär	Aktion	5.000000	0.000000	4.400000	1.349900	Bemerkenswerterweise ohne Gerichtsverfahren, bei einer überfallartigen Militäraktion in einem mit den USA verbündeten Land, dessen Regierung aber vorab nicht in Kenntnis gesetzt worden sei.
51785	Minenarbeiter	Mine	Arbeiter	4.545450	0.687552	4.545450	1.213560	""" Wir wissen, daß die Regierung des Königs sich ernsthaft mit dieser Frage beschäftigt, wir wissen auch, daß sie eine lebhafte Aufmerksamkeit auf die Wohlfahrt einer Klasse von Arbeitern richtet, indem sie tätig mithilft zur Bildung von Hilfskassen unter den Minenarbeitern."
51786	Minenarbeiter	Mine	Arbeiter	4.600000	0.966092	4.700000	0.483046	Isa hatte ich ein Gespräch mit einem Minenarbeiter, der Rennrad fährt.
51787	Minenarbeiter	Mine	Arbeiter	4.000000	2.108190	4.800000	0.632456	Beim Untergang der Sonne klettern Minenarbeiter aus den schlecht befestigten Gräben, einige umklammern Plastiktüten mit schwarzem Sand.
51788	Minenarbeiter	Mine	Arbeiter	4.600000	0.699206	4.900000	0.316228	"Seit zwei Jahren engagieren wir Seelsorger uns zusammen mit Gewerkschaftern und anderen nichtstaatlichen Organisationen im "" Arbeitskreis für Minenarbeiter ""."
51789	Minenarbeiter	Mine	Arbeiter	4.800000	0.632456	4.900000	0.316228	Die Advokaten hier sind die parlamentarischen Examinatoren selbst; darunter Minen-Eigner und Exploiturs, die Zeugen Minenarbeiter, meist in Kohlenbergwerken.
51790	Minenarbeiter	Mine	Arbeiter	4.600000	0.699206	4.900000	0.316228	Die große Mehrzahl nicht nur der Kinder, sondern der erwachsenen Minenarbeiter kann weder schreiben, noch lesen.
51791	Minenarbeiter	Mine	Arbeiter	4.900000	0.316228	5.000000	0.000000	Bei der Erzeugung von 1 TWh (Terrawattstunde ) würden durchschnittlich 161 Minenarbeiter ums Leben kommen, bei der Kernenergie seien es nur 0,04.
51792	Minenarbeiter	Mine	Arbeiter	5.000000	0.000000	5.000000	0.000000	Die Minenarbeiter waren auf ihnen in die Mine hinein - oder hinausgekrabbelt.
51793	Mineralquelle	Mineral	Quelle	4.500000	0.971825	3.700000	1.567020	Die Inkrustation, welche bei Körpern eintritt, die in ganz klaren und durchsichtigen Mineralquellen liegen, zeigt, daß die sich ansetzenden Teilchen in äußerst fein verteilter Form, so daß sie dem Auge sich entzogen, in der Flüssigkeit suspendiert gewesen sein müssen.
51794	Mineralquelle	Mineral	Quelle	4.363640	1.286290	3.818180	1.721520	Ist es der Scheidekunst schon gelungen, die gewöhnlichen Mineralquellen vollständig zu entziffern?
51795	Mineralquelle	Mineral	Quelle	3.500000	1.509230	4.000000	1.763830	Seit 2005 gehört Glashäger zum traditionseichen Familienunternehmen Hassia Mineralquellen GmbH & Co.
51796	Mineralquelle	Mineral	Quelle	3.777780	1.092910	4.111110	0.927961	Puy de Dome, 4000 E., Mineralquellen, Geburtsort des Michel de lʼHopital;
51797	Mineralquelle	Mineral	Quelle	3.700000	1.251670	4.200000	1.135290	Oberlahnstein, nassauische Stadt unweit der Lahnmündung, mit 1850 E., Mineralquelle, Hütten und Hammerwerken; 1/2 St. nördl. Niederlahnstein, Flecken mit 2000 E., Eisenwerk.
51798	Mineralquelle	Mineral	Quelle	3.100000	2.131770	4.300000	1.567020	"Der "" Verband Schweizerischer Mineralquellen und Soft-Drink-Produzenten (SMS ) "" ist deshalb zu einem wesentlichen Teil in diesem Bereich tätig."
51799	Mineralquelle	Mineral	Quelle	4.000000	1.414210	4.500000	0.849837	Sehenswürdigkeiten in Wiesbaden Wiesbaden ist die Landeshauptstadt und mit 15 Thermal - und Mineralquellen eines der ältesten Kurbäder Europas.
51800	Mineralquelle	Mineral	Quelle	4.300000	0.823273	4.500000	1.080120	Die HassiaGruppe gehört mit ihren sechs Unternehmenstöchtern (Stammhaus Hassia Mineralquellen mit den Standorten Bad Vilbel und Rosbach, Lichtenauer Mineralquellen, Thüringer Waldquell, Glashäger Mineralbrunnen, Wilhelmsthaler Mineralbrunnen und der Rapp 's Kelterei ) und 1.250 Mitarbeitern zu den führenden Mineralbrunnen Deutschlands.
51801	Mineralquelle	Mineral	Quelle	4.500000	0.971825	4.600000	0.843274	In freiem Zustand natürlicher Bestandteil von Luft (0,03 - 0,036 Vol. - Prozent ) und Mineralquellen.
51802	Mineralquelle	Mineral	Quelle	3.600000	1.955050	4.600000	1.264910	Stadt in Calabria ulteriore, Bischofssitz mit 6000 E.; Mineralquellen.
51803	Mineralwasser	Mineral	Wasser	3.200000	1.932180	4.700000	0.483046	Sehr bedeutend ist auch die Ausfuhr von verschiedenen Mineralwässern Deutschlands nach Belgien, Großbritannien, Java neben Nordamerika mit 84.390 q im Jahre 1888.
51804	Mineralwasser	Mineral	Wasser	3.500000	1.840890	4.800000	0.632456	Extractivstoff, ein bei chemischen Analysen der organischen Substanzen u. Mineralwasser sehr allgemein gehaltener Ausdruck; so z. B. nennt man die in dem Rückstand beim Abdampfen eines Mineralwassers enthaltene Organ.
51805	Mineralwasser	Mineral	Wasser	4.000000	1.490710	4.900000	0.316228	Das giftige Schwermetall Uran belastet Trink - und Mineralwasser - in einigen Fällen so stark, dass gesundheitliche Risiken für Säuglinge und Kleinkinder nicht ausgeschlossen werden können.
51806	Mineralwasser	Mineral	Wasser	3.100000	1.286680	4.900000	0.316228	Wenn ich mich allerdings hinsetze und bestell mir einen Salat mit Mineralwasser - dann bin ich nach dem grössten Salatberg noch nicht satt und mir läuft sofort das Wasser im Munde zusammen, wenn ich auch nur an eine Kugel Eis denke.
51807	Mineralwasser	Mineral	Wasser	4.000000	1.054090	4.900000	0.316228	Die mit dem Selters Krugzeichen versehenen Krüge werden nach Konsumtion des wahren Inhalts nicht selten dazu benutzt, anderes Mineralwasser in denselben zum Verkaufe zu bringen.
51808	Mineralwasser	Mineral	Wasser	4.400000	1.074970	4.900000	0.316228	Schon Plinius erwähnt die Galläpfeltinktur als ein Reagens auf Eisen, und Paracelsus wies damit das Eisen in den Mineralwässern nach.
51809	Mineralwasser	Mineral	Wasser	3.000000	1.699670	4.900000	0.316228	Unter den Einnahmen des Domaniums, dessen Interessen die Handelspolitik Nassaus allein bestimmten, stand obenan der Ertrag der Mineralwasser; die Nassauer Staatsgelehrten sprachen sogar von einem Wasserregale, Kraft dessen diese kostbaren Quellen von Rechtswegen dem Landesherrn gehören sollten.
51810	Mineralwasser	Mineral	Wasser	3.636360	1.433370	4.909090	0.301511	Man gibt 2 Einweg-Pfandflaschen zurück (-0,50 € ) und kauft eine Flasche Mineralwasser (+ 0,25 € Pfand + 0,19 € Wasser ) und eine Tüte (+ 0,06 € ).
51811	Mineralwasser	Mineral	Wasser	4.000000	1.699670	5.000000	0.000000	Als Erwachsener empfiehlt es sich mindestens 1,5 bis 2 Liter Mineralwasser pro Tag zu sich zu nehmen, um den Körper mit genügend Flüssigkeit zu versorgen.
51812	Mineralwasser	Mineral	Wasser	3.700000	1.766980	5.000000	0.000000	Essen Sie lieber ganz bewusst eine Kleinigkeit und decken Sie Ihren Flüssigkeitsbedarf mit Mineralwasser, Tee oder verdünnten Säften.
51813	Mitgliederstand	Mitglied	Stand	4.600000	0.699206	2.500000	1.649920	Wir entnehmen ihm u. a., daß der Mitgliederstand am Schlusse des Berichtsjahres 563 betrug.
51814	Mitgliederstand	Mitglied	Stand	4.300000	1.636390	2.500000	1.715940	Der Gemeindejugendfeuerwehrwart Marcus Krippner erwähnte besonders, dass die Jugendwehr Laudenau für die Anzahl der im Ort wohnenden Kinder einen im Verhältnis großen Mitgliederstand hat.
51815	Mitgliederstand	Mitglied	Stand	4.900000	0.316228	2.500000	1.840890	Und dass dafür Interesse bestand, beweist der Mitgliederstand, der im Jahre 1910 auf 101 Mitglieder angewachsen war und sich heute auf 195 Mitglieder beläuft.
51816	Mitgliederstand	Mitglied	Stand	4.900000	0.316228	2.500000	1.957890	Für die Zukunft bedeutet dies, dass wir zu Recht auf gleichbleibend hohen Mitgliederstand hoffen können.
51817	Mitgliederstand	Mitglied	Stand	4.400000	0.966092	2.700000	1.888560	So informierte er sich zum Beispiel beim Obmann des Katholischen Arbeitervereines in Franzensfeste über den Mitgliederstand und äußerte seine Freude, als er erfuhr, daß diesem Vereine 115 Mitglieder, d. i. nahezu alle Arbeiter des Ortes, angehören.
51818	Mitgliederstand	Mitglied	Stand	4.700000	0.674949	2.900000	1.197220	Der aktuelle Mitgliederstand beträgt derzeit 240, davon sind 160 aktive Mitglieder, 44 passive Mitglieder und 36 fördernde Mitglieder.
51819	Mitgliederstand	Mitglied	Stand	4.800000	0.421637	3.200000	1.475730	Der derzeitige Mitgliederstand der Tennisabteilung umfasst 114 Erwachsene und 32 Jugendliche.
51820	Mordkommission	Mord	Kommission	4.300000	0.948683	4.200000	0.918937	Als der Leiter der Münchner Mordkommission Josef Wilfling Anfang 2009 nach 42 Dienstjahren in Pension ging, verabschiedete sich eine Legende: Der Star-Ermittler und Vernehmungsspezialist klärte den Sedlmayr - und den Moshammer-Mord auf, schnappte Serientäter und verhörte Hunderte Kriminelle.
51821	Mordkommission	Mord	Kommission	4.900000	0.316228	4.200000	0.918937	Wer sachdienliche Täterhinweise geben kann, wird gebeten, sich mit der Mordkommission in Ludwigshafen unter der Rufnummer 0621 / 963 - 1163, der Polizeidirektion Landau, Rufnummer 06341 / 287 - 0 oder jeder anderen Polizeidienstelle in Verbindung zu setzen.
51822	Mordkommission	Mord	Kommission	4.500000	0.849837	4.200000	1.135290	Nachdem am 23. Juli 2011, gegen vier Uhr morgens, am Taxistand des Konrad-Adenauer-Platzes in Geestemünde, ein 54-jähriger Taxifahrer mit mehreren Stichverletzungen lebensgefährlich verletzt wurde, arbeitet die Mordkommission weiterhin auf Hochtouren.
51823	Mordkommission	Mord	Kommission	4.000000	1.414210	4.600000	0.966092	Der Federmann jagt die Mordkommission vor sich her, die Stadt ist in Aufruhr, es muss etwas geschehen...
51824	Mordkommission	Mord	Kommission	4.300000	1.059350	4.700000	0.483046	""" Ich bin Kommissar Lohberg "", sagte er, "" von der Mordkommission."
51825	Mundwerk	Mund	Werk	4.500000	1.581140	0.200000	0.421637	"Leider hat sich in den letzten 8 Jahren mein Mundwerk scheinbar so trainiert, das mein Denkvermögen und mein Clickfinger nicht hinterherkommen... ich habe also das "" prima!"
51826	Mundwerk	Mund	Werk	4.100000	1.370320	0.700000	0.948683	Sie meint, jemand genießt Schutz, auch wenn er wegen seines flotten Mundwerks und Witzes über das Ziel hinausschießt.
51827	Mundwerk	Mund	Werk	4.200000	1.316560	0.800000	0.788811	""" Dann vorwärts, "" seufzte der tapfere Knecht Heinrich Schelze mit kläglich-verzogenem Mundwerk."
51828	Mundwerk	Mund	Werk	4.200000	1.619330	0.900000	0.875595	So sagt man von jemand, der seinen Mund gut zu gebrauchen weiß, ein gut Mundwerk besitzt, wohl von dem mittelhochdeutschen Redehaus.
51829	Mundwerk	Mund	Werk	4.800000	0.421637	1.000000	0.942809	Lüger oder sonst Einer, der sich das Mundwerk vorher gehörig eingeölt hat, eröffnet mit Lüge und Denunziation, mit Verdächtigung und Unterstellung den Angriff, die Anderen schreien Hallo und befeuern den Angreifer.
51830	Mundwerk	Mund	Werk	4.300000	0.948683	1.000000	1.632990	Vor Inbetriebnahme des Mundwerkes (in unserem Fall hier: des Tipphändchens ) bitte Gehirn einschalten.
51831	Mundwerk	Mund	Werk	5.000000	0.000000	1.100000	1.370320	"Seine Unsicherheit überspielt er mit "" Coolheit "" und frechem Mundwerk."
51832	Mundwerk	Mund	Werk	4.600000	0.699206	1.100000	1.449140	Zudem beweisen die Charaktere mitunter ein recht loses Mundwerk, was des...
51833	Mundwerk	Mund	Werk	3.900000	1.728840	1.200000	1.032800	Therese aber, die mit Hilfe anderer Eigenschaften, durch: Härte, Kraft und ein frühzeitig entwickeltes scharfes Mundwerk, eine Rolle unter den Gleichalterigen gespielt hatte, war stets Paulines ärgste Widersacherin gewesen.
51834	Mundwerk	Mund	Werk	3.800000	1.686550	1.300000	1.636390	1002 Sechs Dinge brauchet, wem es soll glücken: guten Magen und klein Gehirn, kein Herz und eine geschmeidigen Rücken, ein trefflich Mundwerk und ' ne freche Stirn.
51835	Musikwerk	Musik	Werk	4.700000	0.483046	2.800000	1.619330	Horchend blieb er stehen und fand den Vortrag des sehr bedeutenden Musikwerks völlig tadellos.
51836	Musikwerk	Musik	Werk	4.700000	0.483046	2.900000	1.663330	Seit 1903 ist er Redakteur der Bühnen- und Musikwerke für Reclams Universal-Bibliothek.
51837	Musikwerk	Musik	Werk	4.600000	0.516398	3.000000	1.699670	""" Derjenige, der zur Aufführung eines mit Text verbundenen Musikwerkes berechtigt ist, darf den Text für sich allein zur Benutzung bei Aufführungen drucken lassen. """
51838	Musikwerk	Musik	Werk	4.900000	0.316228	3.400000	1.429840	Viele von Ihnen werden gar nichts wissen, dass Sie nicht für den Download des Musikwerkes, sondern für das öffentlich Zugänglichmachen solcher Musikwerke auf Ihrer Festplatte abgemahnt werden.
51839	Musikwerk	Musik	Werk	4.900000	0.316228	3.400000	2.065590	Ohne ausdrückliche Genehmigung der GEMA darf eine weitergehende Nutzung der Werke, über das Anhören der eingestellten Musikwerke hinaus, nicht erfolgen.
51840	Musikwerk	Musik	Werk	4.800000	0.421637	3.500000	1.957890	Die Klägerin sei nicht verpflichtet es zu unterlassen, die streitigen Musikwerke zu vervielfältigen.
51841	Musikwerk	Musik	Werk	4.800000	0.421637	3.700000	1.567020	Die Klägerin macht Verletzung der ihr zustehenden Rechte an dem Musikwerk und der an sie übertragenen Rechte des Sprechers geltend.
51842	Musikwerk	Musik	Werk	4.500000	1.581140	3.800000	1.549190	"Delmotte, 1837. Insbesondere hat er noch durch gute Ausgaben älterer Musikwerke manches Verdienst sich erworben: "" Orlandus Lassus, Psalmi VII poenitentiales "", Berlin bei Gust."
51843	Musterbrief	Muster	Brief	2.800000	1.873800	4.400000	0.966092	"Damit auch Sie sich das nächste Mal Ihre Arbeit ein bisschen erleichtern können, finden Sie in Ihrem heutigen Newsletter den praktischen Musterbrief "" ordentliche Kündigung "" - zum Sofort-Einsatz."
51844	Musterbrief	Muster	Brief	2.400000	1.776390	4.400000	0.966092	- Sechzig Musterbriefe zu stilistischen Übungen für den Unterricht der weiblichen Jugend.
51845	Musterbrief	Muster	Brief	2.700000	1.636390	4.600000	0.699206	Ganz praktisch wird es zum Schluss durch einen Anhang mit Musterbriefen sowie mit Adressen, wo man sich Hilfen holen kann.
51846	Musterbrief	Muster	Brief	3.100000	1.911950	4.600000	0.966092	Ein Handbuch mit Musterbriefen u. s.w. für die verschiedensten Anlässe u. Vorkommnisse, zum Gebrauch für jedermann.
51847	Musterbrief	Muster	Brief	2.800000	1.932180	4.800000	0.421637	Hallo zusammen, ich habe das uebliche Problem mit Berufs-wahl gehabt und mit dem Musterbrief der Verbraucher-zentrale beantwortet.
51848	Musterbrief	Muster	Brief	2.700000	1.251670	4.800000	0.632456	Herunterladen (0,1 MB ) HerausgeberIn Arbeiterkammer Service, Musterbriefe, Mutterschutz & Elternkarenz...
51849	Musterbrief	Muster	Brief	3.700000	1.766980	4.900000	0.316228	Kostenlose Online-Beratung, Streitschlichtung & Musterbriefe bei Problemen mit Online-Shopping und Internet-Betrug für österreichische Konsument / innen.
51850	Musterprozess	Muster	Prozess	2.100000	2.024850	4.400000	0.966092	Bei Einführung eines verbindlichen EU-weiten Systems von Kollektivklagen sollte ein System von Musterprozessen eingeführt werden.
51851	Musterprozess	Muster	Prozess	2.600000	2.118700	4.500000	0.849837	Während ein Musterprozess in der zweiten Instanz geführt wurde, lenkte jetzt das Ministerium ein: mit Erlass vom 16.07.2009 steht fest, dass die Studierenden unserer Hochschule dem Grunde nach BAFÖG berechtigt bleiben, wenn sie diesen Ausbildungsweg gewählt haben.
51852	Musterprozess	Muster	Prozess	2.600000	1.349900	4.600000	0.516398	Der Bund der Steuerzahler hat in diesem Zusammenhang schon angekündigt, Musterprozesse gegen die gekürzte Entfernungspauschale zu unterstützen.
51853	Musterprozess	Muster	Prozess	3.100000	1.663330	4.600000	0.699206	Nach einer Reihe von Musterprozessen hat das Bundessozialgericht der Krankenkasse im Jahr 2005 die Finanzierung einiger umstrittener Therapien gestattet, u.a. auch anthroposophische Medizin.
51854	Musterprozess	Muster	Prozess	2.545450	1.507560	4.909090	0.301511	In dem über mehrere Instanzen gehenden Musterprozess klagte die Verbraucherschutzzentrale Nordrhein-Westfalen gegen die Bausparkasse Schwäbisch Hall.
51855	Männersache	Mann	Sache	3.900000	1.852930	2.400000	1.955050	> Tötungskriminalität ist vornehmlich Männersache, es gibt beispielsweise (fast ) keine Amokläuferin, Sexualmörderin, Raubmörderin oder Massenmörderin.
51856	Männersache	Mann	Sache	4.600000	0.966092	2.600000	1.776390	"Ich "" taste "" mich in dieser Männersache langsam vor..."
51857	Männersache	Mann	Sache	4.300000	1.567020	3.000000	1.563470	' Das ist Männersache ' heißt es dann oder ' das ist doch Frauensache '.
51858	Männersache	Mann	Sache	4.300000	1.567020	3.000000	1.563470	Originalteile: 15:30 Uhr, 17:45 Uhr, 20 Uhr, 22:15 Uhr Männersache: 18 Uhr, 22 Uhr Monsters vs.
51859	Männersache	Mann	Sache	4.500000	1.581140	3.000000	1.763830	Romsi und ich halten uns dabei dezent zurück, Küchenjob ist bei uns Männersache - wir Damen essen, was uns kredenzt wird.
51860	Nachtzug	Nacht	Zug	3.400000	1.897370	4.100000	1.595130	9 1/2 Uhr Morgens, nach ganz Belgien, Anschluß in Brüssel an den Nachtzug nach Paris.
51861	Nachtzug	Nacht	Zug	3.777780	2.166670	4.111110	1.691480	Der Kurierzug trifft Nachmittags in St. Lambrecht an, ich konnte mich dort einige Stunden aufhalten, Monica sehen und sprechen, mit dem Nachtzuge wieder abreisen und noch rechtzeitig am nächsten Morgen in Wien eintreffen.
51862	Nachtzug	Nacht	Zug	3.500000	1.900290	4.500000	0.971825	Um zehn Uhr ging der Nachtzug, vom Friedrichsstraßenbahnhof aus, ab.
51863	Nachtzug	Nacht	Zug	4.100000	1.728840	4.500000	1.581140	Nach vier Wochen Freiwilligendienst in Goa heißt es am letzten Tag Deines Aufenthalts dann Abschied nehmen von Goa und Indien, bevor es mit dem Nachtzug zum Flughafen nach Mumbai geht.
51864	Nachtzug	Nacht	Zug	4.400000	1.577620	4.500000	1.581140	Wenn man an den privaten Nachtzug von Berlin in den hohen Norden denkt - den haben am Anfang auch viele belächelt und es gibt Ihn immer noch.
51865	Nachtzug	Nacht	Zug	4.800000	0.421637	4.600000	1.264910	"Unter dem Pseudonym Pascal Mercier schrieb er erfolgreiche Romane wie "" Nachtzug nach Lissabon ""."
51866	Nachtzug	Nacht	Zug	3.900000	1.523880	4.700000	0.483046	Seine Rolle als nächtlicher Ministerpräsident Ungarns -- die Herrlichkeit dauerte bekanntlich nur so lange, als die Fahrt von Wien nach Pest mit dem Nachtzug in Anspruch nahm -- hat seinen Ehrgeiz nicht gestillt.
51867	Nachtzug	Nacht	Zug	4.300000	0.948683	4.900000	0.316228	Morgens 6 Uhr 30 M. ganz Belgien und direkter Anschluss nach Paris mit dem Nachtzuge von Brüssel.
51868	Nachtzug	Nacht	Zug	5.000000	0.000000	5.000000	0.000000	Dann kam der große Moment: Pünktlich um 4.47 Uhr fuhr der erste Zug, der Nachtzug 306 aus Hamburg, in den Hauptbahnhof ein, mit blumengeschmückter Lokomotive und unter brausenden Hurrarufen, aber ohne jegliche offizielle Einweihungsfeier.
51869	Nachtzug	Nacht	Zug	4.800000	0.421637	5.000000	0.000000	Tages verlassen Sie Xian, um sich per Nachtzug auf den Weg nach Chengdu, der Hauptstadt der Provinz Sichuan zu machen 2 Übernachtungen in Xian, 1 Übernachtung im Zug.
51870	Nahrungsmangel	Nahrung	Mangel	4.900000	0.316228	4.200000	1.398410	Faulbrut, heißt die in den Wabezellen gewöhnlich in Folge von Nahrungsmangel gestorbene Bienenbrut; solche Bruttafeln müssen ausgeschnitten werden.
51871	Nahrungsmangel	Nahrung	Mangel	4.800000	0.632456	4.500000	0.849837	Wir fanden sie krank von Nahrungsmangel, in ihren Kleidern auf eine Matratze gestreckt, knapp bedeckt mit einem Stück Teppich, denn alles Bettzeug war im Pfandhaus.
51872	Nahrungsmangel	Nahrung	Mangel	4.800000	0.421637	4.500000	0.849837	Zur Zeit des Nahrungsmangels, im Winter, wo viele Wölfe zu Grunde gehen, ist diese neue Eigenschaft ein großer Vorteil.
51873	Nahrungsmangel	Nahrung	Mangel	4.900000	0.316228	4.500000	1.080120	- Verursachung dieses Nahrungsmangels durch Amtsmissbrauch (Frühjahr 08 / Okt 08 ) - mehrfache Stellensabotage durch die ARGE, bzw. die Duldung dieser Vorgänge.
51874	Nahrungsmangel	Nahrung	Mangel	5.000000	0.000000	4.800000	0.421637	Den französischen Husaren gelang es den Nachschub der Pragmatischen Armee zu unterbrechen, ab da litt diese an Nahrungsmangel.
51875	Nahrungsmangel	Nahrung	Mangel	4.100000	1.663330	4.800000	0.421637	"Die einzige Frage war: "" Würden Sie bitte Ihre ehrliche Meinung dazu sagen, wie sich das Problem des Nahrungsmangels auf der übrigen Welt lösen lässt?"
51876	Nahrungsmangel	Nahrung	Mangel	4.500000	1.269300	4.800000	0.421637	Einzelne Arten unternehmen, wahrscheinlich vom Nahrungsmangel getrieben, große Wanderungen, und diesen Wanderungen haben wir es zuzuschreiben, daß gegenwärtig mehrere Arten in Europa heimisch geworden sind, welche früher nur in Asien lebten.
51877	Nahrungsmangel	Nahrung	Mangel	4.900000	0.316228	4.900000	0.316228	Den Impuls zum Schlafen geben nicht herbstliche Temperaturen oder Nahrungsmangel.
51878	Nahrungsmangel	Nahrung	Mangel	4.900000	0.316228	5.000000	0.000000	Wie bei vielen weiteren langrüsseligen Arten leidet die Art im Sommer unter Nahrungsmangel.
51879	Nahrungsquelle	Nahrung	Quelle	4.600000	0.699206	1.600000	2.011080	"Dann erfreuen sich die Tiere jeder Art und jedes Namens, einschließlich des Menschen, dieser reichen Nahrungsquelle. """
51880	Nahrungsquelle	Nahrung	Quelle	5.000000	0.000000	1.600000	2.065590	Die Menschenfresserei, als eine Folge der andauernden Unsicherheit der Nahrungsquellen, verschwindet.
51881	Nahrungsquelle	Nahrung	Quelle	4.400000	1.577620	1.800000	1.686550	Selbst ein Verbot tierischer Nahrung kann aus Gen. 1, 29, wo offenbar nur die hauptsächliche Nahrungsquelle für den Menschen namhaft gemacht ist, schwerlich herausgelesen werden.
51882	Nahrungsquelle	Nahrung	Quelle	4.900000	0.316228	2.100000	1.370320	- Zu entschuldigen ist es, wenn Viele, die den Branntweindebit gewerbmäßig betrieben, und die nun plötzlich ihre Nahrungsquelle versiegt sehen, der Sache der Enthaltsamkeit abhold sind, und sie in anderem Lichte erblicken, als der unbefangene Beobachter.
51883	Nahrungsquelle	Nahrung	Quelle	4.900000	0.316228	2.200000	1.686550	Mit dem Frühling kehrte man an die Küste zurück, die nun mit ihren Nahrungsquellen wieder zur Verfügung stand.
51884	Nahrungsquelle	Nahrung	Quelle	4.800000	0.421637	2.300000	1.494430	Doch gerade die prächtigen gefüllten Blüten sind oftmals hochgezüchtete Hybrid-Pflanzen, die weder Pollen noch Nektar produzieren: völlig wertlos als Nahrungsquelle für Bienen und Hummeln.
51885	Nahrungsquelle	Nahrung	Quelle	4.800000	0.421637	3.000000	1.825740	Fisch essende Vögel werden von offenen Aquakultur-Becken als Nahrungsquelle angezogen.
51886	Nahrungsquelle	Nahrung	Quelle	4.400000	1.577620	3.000000	2.108190	Die Vertreter Westfalen haben das Ministerium Camphausen unterstützt wie ein Mann, im Interesse der Ordnung und Gesetzlichkeit, unter deren Schutz allein die Nahrungsquellen sich ergießen; sie haben es um so freudiger getan, weil dieses Ministerium ihrer Überzeugung entsprach.
51887	Nahrungsquelle	Nahrung	Quelle	4.900000	0.316228	3.100000	1.595130	Gewerbe und der Handel mit dießfälligen Erzeugnissen die Haupt-Ertrags-und Nahrungsquellen sind.
51888	Nahrungsquelle	Nahrung	Quelle	5.000000	0.000000	3.300000	1.946510	""" Die Elsbeere dient mit ihren Früchten vielen Wildvogelarten als Nahrungsquelle, daneben ist sie für Bienen als ' Bienenweide ' ein wichtiger Lebensraum."
51889	Netzwerk	Netz	Werk	2.100000	2.233580	0.600000	0.699206	Dies wurde erst damit erreicht, daß man in der Auflockerung des Netzwerkes noch weiter ging, d. h. die Zahl der Stäbe erheblich verringerte, sie aber stärker dimensionierte.
51890	Netzwerk	Netz	Werk	2.900000	2.233580	1.000000	1.490710	Die Maße bestand nicht aus derbem Metall, sondern aus einem bienenwabenähnlichen Netzwerk von Eisen, dessen Zellen mit einem olivinähnlichen Silikat angefüllt sind.
51891	Netzwerk	Netz	Werk	2.700000	2.110820	1.100000	1.595130	Bald teilt sich derselbe bei der berühmten Seidenstadt Mayebashi in ein ganzes Netzwerk von Wasserläufen, die sich später wieder vereinigen, worauf er die bisher vorwiegend südliche Richtung verlässt und sich mehr ostwärts wendet.
51892	Netzwerk	Netz	Werk	2.800000	1.932180	1.200000	1.229270	Halten Sie sich über den aktuellen Sicherheitsstatus des gesamten Netzwerks auf dem Laufenden, und überprüfen Sie zurückliegende wichtige Änderungen, die sich auf den Schutz Ihrer IT-Umgebung ausgewirkt haben.
51893	Netzwerk	Netz	Werk	3.900000	1.595130	1.400000	1.074970	Beim ersten Start wird das Netzwerk gescannt und meist mit den richtigen Verbindungen als Netzwerkkarte angezeigt.
51894	Netzwerk	Netz	Werk	2.800000	2.097620	1.500000	1.840890	Das Einlenken des Unternehmens zeige, dass auch das weltweit größte soziale Netzwerk sich nicht auf Dauer über die Interessen der Nutzer hinwegsetzen könne.
51895	Netzwerk	Netz	Werk	2.800000	1.988860	1.600000	1.646550	Er bildete ein Netzwerk von Schmiedeeisenstäben von der Gestalt und Größe der Platte, legte diese in eine entsprechende Form ein und goss diese mit Homogenmetall aus.
51896	Netzwerk	Netz	Werk	3.454550	1.035730	1.636360	1.566700	in den letzten 3 jahren habe ich mir ein netzwerk aufgebaut, weiß über die wiener modeszenerie ziemlich gut bescheid, aber aus rücksicht auf dieses netzwerk ertappe ich mich dabei nicht mehr alles so ungefiltert rauszulassen.
51897	Netzwerk	Netz	Werk	3.700000	1.567020	1.700000	2.002780	Hier begibt sich einer mit noch zwei oder drei Genossen in die Maschen dieses ungeheuren Netzwerkes und man sieht ihn, wie er sich in einer Höhe von 220 Metern über das durchsichtige Gewebe neigt und Eisenstäbe zu Eisenstäben fügt, in schwindelnder Höhe.
51898	Netzwerk	Netz	Werk	4.000000	1.333330	2.000000	1.247220	(y ) Die unterstützten Netzwerke sind: Astra AIM Facebook Chat Google Talk ICQ Jabber / XMPP MySpaceIM WLM Yahoo!
51899	Notstand	Not	Stand	3.900000	1.595130	1.000000	1.247220	Der Notstand (im Sinne der unter II besprochenen gesetzlichen Bestimmungen ) schließt die Rechtswidrigkeit, nicht bloß die Strafbarkeit, der zur Rettung aus demselben unternommenen Handlung aus.
51900	Notstand	Not	Stand	4.700000	0.674949	1.500000	1.715940	Die Klagen über Teuerung der wichtigsten Lebensbedürfnisse, Ausfuhr von Getreide, Vieh und Schmalz nach Wälschland trotz des heimischen Notstandes, des geringen, trotz der Teuerung unveränderten Lohnes u. s. w. beginnen im ersten Jahrzehnt des Jahrhunderts und hören bis zu dessen Schluss nicht auf.
51901	Notstand	Not	Stand	4.700000	0.948683	1.500000	1.957890	Die Haftung der ersteren ist nicht deshalb ausgeschlossen, weil sie selbst ein Recht hätten wegen Notstandes (R. Merkel, Kohl. rechtem.
51902	Notstand	Not	Stand	4.300000	1.567020	1.600000	1.712700	Es handle sich nur, wurde erwidert, um Lieferungsverträge über Bedürfnisse des Heeres zur Zeit eines Krieges oder über die Zufuhr von Lebensmitteln zur Abwendung oder Beseitigung eines Notstandes.
51903	Notstand	Not	Stand	4.500000	0.971825	1.700000	1.418140	Wo finde ich DZN Getriebe fur A 6 Tiptronic: Mein Getriebe befindet sich manchmal im Notstand (nicht immer ).
51904	Notstand	Not	Stand	4.100000	0.994429	1.700000	1.567020	c. Wenn jemand im Notstande, um sein eigenes Leben oder das einer anderen Person aus einer gegenwärtigen dringenden Gefahr zu retten, eine an sich strafbare Handlung begeht.
51905	Notstand	Not	Stand	4.200000	1.751190	1.700000	2.057510	Sie sind in einem Staat des Notstandes aufgewachsen, sie erlebten mit 13 oder 14 den Krieg, mussten sich in Auffanglager flüchten und kamen 1999 wieder zurück.
51906	Notstand	Not	Stand	4.800000	0.421637	1.800000	1.398410	Island steht vor Staatsbankrott Eines der reichsten Länder der Welt ruft den Notstand aus: Die Regierung in Reykjavik hat heute die komplette Kontrolle über die Banken übernommen.
51907	Notstand	Not	Stand	4.600000	0.516398	1.900000	1.969210	Die Stadt Dresden scheitert damit erneut mit ihrer Begründung des polizeilichen Notstands für die Beschränkung der Nazidemo auf eine Kundgebung.
51908	Notstand	Not	Stand	4.800000	0.632456	2.600000	1.646550	"Der Zug "" Klassenkampf statt Wahlkampf - Gegen den Notstand der Republik "" wird von Versammlungsbehörden und Polizei massiv behindert."
51909	Nudelsuppe	Nudel	Suppe	4.400000	1.349900	4.800000	0.632456	551 Ich bin man 'n armen Mensch, awer Supp ' mit Moaden fröät ich ne, söä der Beddelmann, aß de Frau em'n Teller Nudelsuppe gaw. - Schlingmann, 79.
51910	Nudelsuppe	Nudel	Suppe	4.900000	0.316228	4.900000	0.316228	Alle übriggebliebenen Nudelsuppen verschenken die Pastafari nach dem Ramendanfest an Bedürftige.
51911	Nudelsuppe	Nudel	Suppe	4.909090	0.301511	5.000000	0.000000	Fast fünf Minuten vergingen und ich war mit meiner Nudelsuppe schon fast fertig als er endlich brüllte:,, Moment mal!..
51912	Nudelsuppe	Nudel	Suppe	4.900000	0.316228	5.000000	0.000000	Ich habe mich jetzt für Nudelsuppe entschieden für 's Wochenende, möchte das Ganze aber aufpeppen, mit Fleisch, Shrimps oder so.
51913	Nudelsuppe	Nudel	Suppe	4.800000	0.421637	5.000000	0.000000	Lass uns eine Schüssel mit Nudelsuppe probieren, denn dann müssen wir uns zum Treffpunkt aufmachen.
51914	Nudelsuppe	Nudel	Suppe	4.900000	0.316228	5.000000	0.000000	Probieren Sie doch in der Morgenkälte eine Schale dampfender Shan Nudelsuppe und stellen Sie später Ihr Geschick beim Feilschen Beweis, wenn es um Hüte, die das Dorfoberhaupt von Rawang gewebt hat, bunte Sarongs oder schöne Körbe geht.
51915	Nudelsuppe	Nudel	Suppe	4.500000	1.581140	5.000000	0.000000	Und mit fürsorglicher Hand leitete sie ihn zurück durch die gewundenen Gäßchen bis zur Fischerliesel, wo schon die Nudelsuppe auf dem Tische dampfte.
51916	Obstsaft	Obst	Saft	4.800000	0.421637	4.700000	0.674949	Verkostungen Sie können frisch gepresste sortenreine Obstsäfte aus der mobilen Obstpresse und Jahrgangsmarmeladen auf Retourenbrot von Handwerksbäckereien aus Hamburg probieren.
51917	Obstsaft	Obst	Saft	4.800000	0.632456	4.900000	0.316228	Diverse lokale alkoholische und nicht-alkoholische Getränke (ausgenommen frisch gepresste Obstsäfte ) von 10.00 Uhr bis 23.30 Uhr an den jeweils geöffneten Bars inklusive.
51918	Obstsaft	Obst	Saft	4.900000	0.316228	4.900000	0.316228	Electuarium, lat., dickflüssige Arzneien, aus Pulvern, verdicktem Obstsaft, Sirup, Honig etc. bereitet.
51919	Obstsaft	Obst	Saft	4.900000	0.316228	4.900000	0.316228	Ratafia, Branntwein mit frischem Beeren- od. Obstsaft u. mit Zucker versetzt.
51920	Obstsaft	Obst	Saft	4.909090	0.301511	4.909090	0.301511	Ich kam am späten Vormittag in Frechetsfeld an, stahl mich so leise als möglich in den Vortragsraum, der eigentlich als Produktions - stätte heimischer Obstsäfte dient, und liess mich vom Referenten in die Geschichte der Obstbauveredelung vom Mittelalter bis in die Neuzeit einlullen.
51921	Obstsaft	Obst	Saft	5.000000	0.000000	5.000000	0.000000	Homemade Muffins, Brownies, Cookies und Donuts sowie Espresso-Spezialitäten, frische Obstsäfte, Drinks und knackige Salate ergänzen das Angebot.
51922	Obstsaft	Obst	Saft	5.000000	0.000000	5.000000	0.000000	Ideal ist täglich ca. zwei Liter Quellwasser zu trinken und frischgepreßte Gemüse - und Obstsäfte.
51923	Obstsaft	Obst	Saft	5.000000	0.000000	5.000000	0.000000	Pastillen, ital.- dtsch., Kügelchen aus Mehl, Zucker, Zimt, Obstsaft etc.
51924	Oppositionsführer	Opposition	Führer	4.444440	0.881917	3.777780	1.481370	Und bei diesem Feldzuge gegen den Bund half der preußische Geschäftsträger getreulich mit; er spielte die Rolle eines badischen Oppositionsführers mit solcher Dreistigkeit, daß Großherzog Ludwig ein Jahr darauf, als Varnhagen endlich abberufen war, zu seinem Nachfolger Küster offen sagte:
51925	Oppositionsführer	Opposition	Führer	4.400000	0.843274	4.000000	1.054090	Bei dem letzten großen Hofball waren beinahe alle Oppositionsführer zugegen.
51926	Oppositionsführer	Opposition	Führer	4.800000	0.421637	4.100000	1.595130	Bis tief in die Nacht haben in Athen der scheidende griechische Ministerpräsident Giorgos Papandreou und Oppositionsführer Antonis Samaras verhandelt.
51927	Oppositionsführer	Opposition	Führer	4.300000	1.567020	4.300000	0.823273	Als Prinz von Wales hatte er nach der Gewohnheit der Thronfolger den Oppositionsführer gespielt, mit Fox und Sheridan, dem tollen Sherry, sich in Freiheitsreden überboten.
51928	Oppositionsführer	Opposition	Führer	5.000000	0.000000	4.700000	0.674949	Die Vergiftung des ukrainischen Oppositionsführers Wiktor Juschtschenko ist wohl der prominenteste Fall einer schweren Dioxin-Intoxikation.
51929	Oppositionsführer	Opposition	Führer	4.800000	0.632456	4.700000	0.674949	Schlagen bei Ihnen als Ex-Außenminister und Oppositionsführer zwei Seelen in Ihrer Brust?
51930	Oppositionsführer	Opposition	Führer	4.700000	0.674949	4.800000	0.421637	Spanien steht vor einem Machtwechsel: Die konservative Volkspartei (PP ) des bisherigen Oppositionsführers Mariano Rajoy fuhr bei der Parlamentswahl einen haushohen Sieg über die bisher regierenden Sozialisten und die absolute Mehrheit im Abgeordnetenhaus ein, wie Hochrechnungen aufgrund von Nachwahlbefragungen ergaben.
51931	Oppositionsführer	Opposition	Führer	4.500000	1.080120	5.000000	0.000000	Heute veröffentlichte der Oppositionsführer Mariano Rajoy ein Video, in dem er alle Spanier auffordert, übermorgen ein Bekenntnis zur Nationalflagge abzulegen.
51932	Orgelspiel	Orgel	Spiel	4.800000	0.421637	2.500000	1.957890	Haydn, Michael, Bruder des Vorigen, geachteter Kirchenkomponist, geb. 1737, bildete sich in Wien in der Komposition u. im Orgelspiel, wurde 25 jähr. Musikdirektor zu Salzburg u. st. 1806 daselbst.
51933	Orgelspiel	Orgel	Spiel	5.000000	0.000000	2.900000	2.079000	Sie erfassten zugleich 1 Orgelspiel, 1 Standuhr mit Hammerwerk und 3 Gl ocken.
51934	Orgelspiel	Orgel	Spiel	4.900000	0.316228	3.000000	1.490710	Er wußte sehr wohl, daß das Orgelspiel einen harten Anschlag auf dem Pianoforte zu verursachen pflegt, und sagte uns selbst, er habe sich vor nichts mehr zu hüten, als etwa auf dem Klaviere eine Saite zu sprengen.
51935	Orgelspiel	Orgel	Spiel	4.600000	0.966092	3.000000	1.699670	Ihr Bruder war nicht im stande sein Brot zu verdienen, sie behielt ihn bei sich und pflegte sein einziges Talent, das Orgelspiel, damit er einmal Organist in der Kathedrale werden könne.
51936	Orgelspiel	Orgel	Spiel	4.900000	0.316228	3.000000	1.825740	Es gefielen sich eine Zeit lang die Dressierenden in einer wahren Anhäufung von Zügeln aller Art, so dass ihr Reiten einem Orgelspiel glich, bei dem bald dies bald jenes Register gezogen wurde.
51937	Orgelspiel	Orgel	Spiel	5.000000	0.000000	3.100000	1.523880	Er studierte Kirchenmusik an den Musikhochschulen in Lübeck und Stuttgart, anschließend künstlerisches Orgelspiel bei Daniel Roth an der Musikhochschule Frankfurt und danach Solistenklasse Orgel bei Ludger Lohmann an der Musikhochschule Stuttgart.
51938	Orgelspiel	Orgel	Spiel	4.800000	0.632456	3.100000	1.852930	Liebe Forianer, meiner Meinung nach gehört das Improvisieren zum Orgelspiel (auf jeden Fall ist es die Improvisation zwischenzeitlich der Orgel mehr verbunden als dem Klavier ).
51939	Orgelspiel	Orgel	Spiel	4.444440	0.726483	3.333330	1.581140	Inzwischen besuchte er die Kirchenmusikschule in Regensburg, wo er sich im Kontrapunkt und Orgelspiel ausbildete, und studierte daneben unter Dr. Haberl Musikgeschichte und gregorianischen Choral.
51940	Orgelspiel	Orgel	Spiel	5.000000	0.000000	3.800000	1.619330	Orgelspiel ist mehr, als den Notentext herunterzuspielen, es ist Kommunikation im wahrsten Sinne mit dem Instrument, feinste Dynamikunterschiede herauszuarbeiten, Klangfarben sinnvoll einzusetzen, vor allem aber das polyphone Geflecht durchhörbar, die Stimme verfolgbar zu gestalten, der Komposition Ausdruck zu verleihen.
51941	Orgelspiel	Orgel	Spiel	4.800000	0.421637	4.100000	1.523880	Nur das Orgelspiel blieb ihm bei freier Dienstwohnung in der alten Schule 1938 trennte man das Küster - und das Schulamt.
51942	Ostrand	Ost	Rand	4.000000	1.699670	3.200000	2.299760	Am 18.03. erschien ein ausgedehntes Aktivitätsgebiet am Ostrand der Sonnenscheibe, in dem sich seither einige mittlere Eruptionen ereigneten.
51943	Ostrand	Ost	Rand	4.100000	1.728840	3.400000	1.712700	Die Hauptstadt Wakamatsu, nahe dem Ostrande der Aidzu-taira gelegen, 21/2 ri westlich des Inawashiro-Sees, hat 21500 Einwohner.
51944	Ostrand	Ost	Rand	3.600000	2.270580	3.500000	2.223610	auszuschließen von dem indischen Tropenreich ist der äußerste Nordwesten Indiens, das Pandschab und Sindh bis über den Ostrand der indischen Wüste hinaus.
51945	Ostrand	Ost	Rand	3.900000	1.911950	3.900000	1.911950	Am kleinen Turm am Ostrand des Neustädter Moores können Sie die Idylle dieser wunderschönen Offenlandschaft genießen und Ausschau nach moortypischen Vögeln halten.
51946	Ostrand	Ost	Rand	4.600000	0.843274	4.000000	1.154700	Der Halsbandsittich verbreitet sich über ganz Mittelafrika und findet sich von der Westküste an bis zum Ostrande des abessinischen Gebirges in jeder günstig gelegenen, ihm und seinem Treiben entsprechenden Waldung.
51947	Ostrand	Ost	Rand	4.800000	0.632456	4.300000	1.251670	Unbemerkt von den Österreichern, die um den Süd- und Ostrand des Bisamberges lagerten,
51948	Ostrand	Ost	Rand	4.300000	1.059350	4.400000	0.966092	"Auf der Straße Laubenstiege nähern wir uns danach Gronau, wo wir den Inselpark ansteuern, an dessen Ostrand sich ein "" Piratenspielplatz "" befindet."
51949	Ostrand	Ost	Rand	4.700000	0.674949	4.400000	1.349900	Den Ostrand von Iran vom Hindokusch den Indus entlang bis an das Meer bildet ein Gebirgszug, der verschiedene Namen trägt; er wird nur von sehr wenigen Quertälern durchbrochen, hat also wenige Pässe und macht Iran schwer zugänglich.
51950	Ostrand	Ost	Rand	4.600000	0.966092	4.500000	0.849837	Der Junge hatte ihn fast am Ostrand des Staates angesprochen und wollte nach Westen, Süden war ihm auch recht.
51951	Ostrand	Ost	Rand	4.400000	1.349900	4.600000	0.966092	Als weitere Besonderheit sind die mächtigen Traubeneichen zu nennen, deren wertvolles furnierfähiges Holz in Versteigerungen Spitzenerlöse bringt, und der - einmalig in Deutschland - Edelkastanienwald, der sich von Nord nach Süd am Ostrand des Pfälzerwaldes zur Weinstraße hin erstreckt.
51952	Parteiführer	Partei	Führer	4.100000	1.100500	3.100000	1.663330	Während die übrigen Offiziere, der Konsul vor allem, durch ihre Wortlosigkeit die zum Übertritt geneigten Städte und Parteiführer zurückschreckten, gelang es Scipio einen der tüchtigsten von diesen, Himilkon Phameas mit 2200 Reitern zum Übertritt zu bestimmen.
51953	Parteiführer	Partei	Führer	4.400000	1.074970	3.400000	2.065590	Sie werde strukturkonservativ; die verselbstständigte Parteibürokratie erschöpfe ihre Energie im selbsterhaltenden Organisationsritualismus, und die persönlich arrivierten Parteiführer arrangierten sich parlamentarisch mit den herrschenden Verhältnissen.
51954	Parteiführer	Partei	Führer	4.600000	0.699206	3.400000	2.065590	Und wichtige Parteiführer wie Otto Bauer und Julius Deutsch haben sich am 12. Februar 1934 so verhalten, dass man ihnen den Vorwurf der Würdelosigkeit und schmählichen Kapitulantentums nicht machen konnte.
51955	Parteiführer	Partei	Führer	4.600000	0.516398	3.900000	1.197220	Kein Ende im griechischen Dauerdrama: Angesichts der Schuldenkrise wollen Sozialisten und Konservativen eine Übergangsregierung bilden - aber die Parteiführer in Athen können sich bisher nicht auf einen neuen Premier einigen.
51956	Parteiführer	Partei	Führer	4.100000	1.595130	3.900000	1.663330	Wie in den Kreisen der polnischen Abgeordneten verlautet, steht das Kompromißanbot, welches die Regierung den Parteiführern für den Fall, als die Verhandlungen zu einer Einigung nicht führen sollten, vorschlagen wird, bereits fest.
51957	Parteiführer	Partei	Führer	4.600000	0.966092	4.300000	1.251670	Er war Tory und bis 1827 auf Kongressen und Gesandtschaften beschäftigt, trat hierauf gegen Canning in die Vorderreihe der Parteiführer und wurde 1828 nach Geodeichs Abdankung Haupt eines Torystischen Ministeriums.
51958	Parteiführer	Partei	Führer	5.000000	0.000000	4.400000	1.577620	Ein Treffen von Staatspräsident Papoulias mit den Parteiführern brachte keine Einigung.
51959	Parteiführer	Partei	Führer	4.400000	1.577620	4.500000	0.707107	Im Sitzungssaal wogte die Menge unruhig um die entlassenen Minister sowohl, die sämtlich erschienen waren, als um die Herren Waldeck, Rodbertus und die anderen Parteiführer.
51960	Parteiführer	Partei	Führer	4.900000	0.316228	4.600000	0.966092	Die Besprechungen, die in dieser Woche zwischen dem Ministerpräsidenten und den Parteiführern stattfinden werden, dürften Gewißheit über das Ergebnis des Versuches der Regierung bringen, den Reichsrat zur rechtzeitigen Erledigung der Vorlagen über das Rekrutenkontingent, die Annexion und die Eisenbahnenverstaatlichung einzuberufen.
51961	Parteiführer	Partei	Führer	4.800000	0.632456	4.700000	0.483046	Der Parteiführer der PAMUC, Kenneth Serapio Hunter, sagte am 25. Mai, dass er aufgrund der CSE-Entscheidung sehr besorgt sei und erklärte in Übereinstimmung mit Saenz und Aviles, dass die Entscheidung mit den politischen Interessen übereinstimme.
51962	Passspiel	Pass	Spiel	4.000000	1.699670	4.000000	1.333330	"Doch da warten erneut die Holländer - und die gewinnen hoch mit 6:0. "" Ihr Passspiel ist hervorragend "", sagt Roland Utz."
51963	Passspiel	Pass	Spiel	3.600000	2.118700	4.000000	1.563470	Verletzungsstatus: gesund Kondition: schwach Torwart: katastrophal Spielaufbau: durchschnittlich Passspiel: schwach Flügelspiel: armselig Verteidigung: gut Torschuss: schwach Standards: schwach Meine Erfahrungsvorschläge wurden nicht beachtet!
51964	Passspiel	Pass	Spiel	3.600000	1.955050	4.000000	1.632990	Das heißt einerseits, wir haben noch Zeit an unseren Abstimmungsfehlern in der Abwehr und dem oft zu ungenauem Passspiel nach vorne weiter zu arbeiten, andererseits werden die Punkte aus jedem kommenden Spiel immens wichtig, wenn wir oben mit dabei bleiben wollen.
51965	Passspiel	Pass	Spiel	3.700000	1.702940	4.200000	1.316560	Die Gäste zogen in Ruhe ihr Passspiel auf, geduldig tasteten sie sich in Richtung Strafraum vor.
51966	Passspiel	Pass	Spiel	4.100000	1.595130	4.300000	0.948683	Das war eigentlich der Tag um Gegenspieler und Ball laufen zu lassen, um Passspiel und um Spielverlagerungen zu üben.
51967	Pausenstand	Pause	Stand	4.900000	0.316228	2.600000	1.577620	Vor 661 Zuschauern, darunter Ex-Präsident Udo Böning, mangelte es dem weiteren Spiel insgesamt an Tempo und Leidenschaft - der Pausenstand war korrekt.
51968	Pausenstand	Pause	Stand	4.800000	0.421637	2.900000	0.994429	Den fälligen Elfer verwandelte Fabian Pflüger sicher zum 0: 2 Pausenstand.
51969	Pausenstand	Pause	Stand	3.600000	1.776390	3.000000	1.632990	Aus kurzer Entfernung konnte Fabi noch den 4: 1 Pausenstand herstellen.
51970	Pausenstand	Pause	Stand	4.500000	0.707107	3.100000	1.969210	Auf dem Platz des SV Königsbach / Stein hatte Vitus Nagorny den KSC per Kopf in der 16. Minute in Führung gebracht, Carsten Birk erhöhte nach einem Eckball von Holger Seitz nach einer halben Stunde zum 2:0 - Pausenstand.
51971	Pausenstand	Pause	Stand	4.900000	0.316228	3.500000	1.715940	Bereits der Pausenstand von 6:0 zeigte klar, dass sich unsere Junioren die Angelegenheit nicht mehr aus der Hand nehmen lassen würden, spielten sie doch drückend überlegen.
51972	Pegelstand	Pegel	Stand	4.400000	0.843274	3.100000	1.791960	Zwar verzeichnete das brandenburgische Landesumweltamt steigende Pegelstände, die niedrigste Alarmstufe 1 galt jedoch weiterhin nur an einem 28 Kilometer langen Flussabschnitt in der Uckermark, nahe der Stadt Schwedt.
51973	Pegelstand	Pegel	Stand	4.100000	1.523880	3.100000	1.911950	Der Rhein stieg von Vormittags bis Abends gegen 2 Meter und zeigte einen Pegelstand von 6,30 Meter.
51974	Pegelstand	Pegel	Stand	4.100000	1.449140	3.100000	1.969210	Auch das Gefühl in der von Psychologen gemeinhin angenommenen Bedeutung der Lust und Unlust ist nur eine solche Abstraktion, in der nur gleichsam nach dem Pegelstand des augenblicklichen subjektiven Befindens gefragt, von allem aber, was dabei innerlichst erlebt wird, geflissentlich abgesehen wird.
51975	Pegelstand	Pegel	Stand	4.300000	1.567020	3.200000	1.619330	Als Extremwerte wurde der niedrigste Pegelstand am 27.7. in Flensburg mit 466 cm, der höchste am 16.7. in Eckernförde mit 553 cm erreicht.
51976	Pegelstand	Pegel	Stand	4.800000	0.421637	3.300000	1.567020	Der Pegelstand der Hase, dem Fluss durch Osnabrück, stieg zeitweise auf 2,40 Meter über Normalniveau.
51977	Pegelstand	Pegel	Stand	4.600000	0.699206	3.300000	1.702940	Auch ein 200jähriges Hochwasser mit Kölner Pegelstand von 11,90 m würde Worringen (noch ) nicht überfluten.
51978	Pegelstand	Pegel	Stand	4.800000	0.421637	3.900000	1.100500	Bitte beachten Sie, dass die Pegelstände an beiden Flüssen sehr schnell wechseln können!
51979	Perlenkette	Perle	Kette	4.600000	0.966092	4.400000	1.264910	Sein Mund, mit weissen, ebenen Zähnen, wie eine aufgefädelte Perlenkette, lächelte breit.
51980	Perlenkette	Perle	Kette	4.900000	0.316228	4.700000	0.483046	Je nach Erscheinungsbild und Größe werden diese zudem für verschiedenste Schmuckstücke verwendet: Das können Perlenketten sein, Ohrringe oder Fußkettchen - das Angebot an Perlenschmuck auf eBay ist sehr vielfältig, sodass Sie ganz sicher die Kreationen finden werden, die Ihrem persönlichen Geschmack entsprechen.
51981	Perlenkette	Perle	Kette	4.800000	0.632456	4.700000	0.483046	Studie zum Berufseinstieg Viele Studenten reihen heute Praktika in ihren Lebensläufen aneinander wie Perlenkettenmacher Perlen an einer Perlenkette.
51982	Perlenkette	Perle	Kette	4.800000	0.421637	4.700000	0.674949	Wie eine Perlenkette reihen sich die Sehenswürdigkeiten und Städte an den Küsten der Ostsee auf.
51983	Perlenkette	Perle	Kette	4.800000	0.421637	4.800000	0.421637	Nach der blauen Perlenkette greift noch heute der Wilde, nicht nach der weißen.
51984	Perlenkette	Perle	Kette	4.900000	0.316228	4.800000	0.632456	Lulu (vor dem Spiegel, sich eine Perlenkette um den Hals legend ).
51985	Perlenkette	Perle	Kette	5.000000	0.000000	5.000000	0.000000	Lametta, Engelshaar, Perlenketten, Glöckchen - für den Weihnachtsbaum gibt es jede Menge Schmuck.
51986	Personalchef	Personal	Chef	4.200000	1.135290	4.500000	0.971825	Da gibt es mehrere Praktika, Bewerbungstraining mit Personalchefs aus Betrieben, Unternehmenssimulation, Schülerfirmen, Fachpraktischen Unterricht in und Kooperation mit Berufsschulen, Zusammenarbeit mit Firmen.
51987	Personalchef	Personal	Chef	4.700000	0.674949	4.500000	1.581140	Kürzlich fragte mich der Personalchef eines großen Unternehmens, wie ich mich denn als Personalberater verhalten würde, wenn der Kandidat für eine bestimmte Führungsposition dem Unternehmen aufgrund seiner spezifischen Ausbildung und Erfahrung sehr gut gefiele.
51988	Personalchef	Personal	Chef	4.800000	0.632456	4.700000	0.948683	Der Pförtner berichtet, der Personalchef sei bei ihm gewesen und habe etwas von einem Telefonproblem gefaselt.
51989	Personalchef	Personal	Chef	4.200000	0.788811	4.800000	0.421637	Personalchefs schauen nicht nur auf Zeugnisnoten, sondern wollen wissen, ob Sie auch andere zentrale Anforderungen der Ausbildungsfähigkeit erfüllen, nämlich an oberster Stelle Zuverlässigkeit, die Bereitschaft, zu lernen und Leistung zu zeigen.
51990	Personalchef	Personal	Chef	4.400000	0.699206	4.900000	0.316228	Sieht das ein Personalchef / - in wohl lieber als die Schlussbemerkung der betriebsbedingten Kündigung?
51991	Personalmangel	Personal	Mangel	4.300000	1.251670	4.300000	1.251670	"Nicht die SPD, sondern der Bayerische Oberste Rechnungshof hat festgestellt, dass es in Bayern - ich zitiere wörtlich - zu "" massiven Steuerausfällen "" kommt, weil ein - ich zitiere wieder - "" erheblicher Personalmangel "" besteht."
51992	Personalmangel	Personal	Mangel	4.500000	0.971825	4.400000	1.264910	Nach der Privatisierung des Uniklinikums Marburg-Gießen häufen sich Berichte über eine schlechte Krankenversorgung und Personalmangel.
51993	Personalmangel	Personal	Mangel	4.700000	0.674949	4.400000	1.577620	Sie glauben, dass der Personalmangel und der Wettbewerb zwischen den Spitälern au­tomatisch gute Arbeitsbedingungen sichern würden.
51994	Personalmangel	Personal	Mangel	4.800000	0.421637	4.900000	0.316228	Auch wegen Unterfinanzierung und Personalmangel sind sie in unter­schiedlichlichem Ausmaß re ­ formbedürftig.
51995	Personalmangel	Personal	Mangel	4.700000	0.674949	4.900000	0.316228	Negativer Höhepunkt war sicherlich die Abmeldung der Damenmannschaft im Jahr 2005, da es auf Grund von Personalmangel bedingt durch Wegzüge bzw. Schwangerschaften einzelner Spielerinnen nicht mehr möglich war, mit dem verbliebenen Spielerstamm weiter am Spielbetrieb teilzunehmen.
51996	Personenzug	Person	Zug	4.500000	0.971825	3.700000	1.888560	Auf dem Bild oben sehen wir einen Personenzug Richtung Westen, der wahrscheinlich für die Ferienheime dort im Einsatz ist.
51997	Personenzug	Person	Zug	4.700000	0.674949	3.900000	1.911950	von Christian Westhus SOURCE CODE (2011 ) Regie: Duncan Jones Cast: Jake Gyllenhaal, Vera Farmiga Story: Kampfpilot Colter Stevens wacht orientierungslos in einem Personenzug auf.
51998	Personenzug	Person	Zug	4.000000	1.414210	4.200000	1.619330	Am 2. d. M. kollidierte in der Station Perchtoldsdorf ein Personenzug der Dampftramway mit einem Materialzug, wodurch leider zwei Personen schwer und vierzehn leicht verletzt wurden.
51999	Personenzug	Person	Zug	4.400000	0.966092	4.200000	1.751190	EP 211 / 212 in Jannowitz mit einem beschleunigten Personenzug nach Kohlfurt über Lauban.
52000	Personenzug	Person	Zug	4.300000	1.251670	4.400000	0.843274	Der elektrische Wagen in Lichterfelde macht seine Touren im regelmäßigen Anschlusse an die sämtlichen Personenzüge der Anhalter Bahn und fährt mit einer mittleren Geschwindigkeit von 20 Kilometer.
52001	Personenzug	Person	Zug	4.700000	0.483046	4.500000	1.269300	Gegenzug 2854 hätte von Brodina um 7 Uhr abzufahren, um gegen 11 Uhr in Hadikfalva (Anschluß an Personenzug 318 ) einzutreffen.
52002	Personenzug	Person	Zug	4.300000	1.251670	4.500000	1.581140	Auch sie reisen allein, kommen in Zivil und mit normalen Personenzügen.
52003	Personenzug	Person	Zug	3.900000	1.663330	4.500000	1.581140	1 ) Es sollen die für den durchgehenden Verkehr und zur Herstellung in einander greifender Fahrpläne nötigen Personenzüge mit entsprechender Fahrgeschwindigkeit eingerichtet werden.
52004	Personenzug	Person	Zug	4.400000	1.264910	4.900000	0.316228	Beinahe hatte dabei ein Zusammenstoß eines Militärzugs mit dem gewöhnlichen Personenzug stattgefunden, welcher aber durch zeitiges Bremsen von beiden Seiten noch glücklich verhütet wurde.
52005	Personenzug	Person	Zug	4.400000	1.349900	5.000000	0.000000	Der erste Personenzug (Ankunft in Regensburg gegen 6.20 Uhr ) beförderte meist Arbeiter.
52006	Pflichtspiel	Pflicht	Spiel	4.700000	0.674949	4.000000	1.763830	(Sicherheitsvorkehrungen steigt heute Abend das erste Pflichtspiel des neuen Hassvereins Nr. 1 (RB Leipzig ) in Deutschland.
52007	Pflichtspiel	Pflicht	Spiel	4.818180	0.404520	4.090910	1.446000	"Herausforderung fürs Team Personell also keine optimalen Voraussetzungen für das erste Pflichtspiel, das die Tigers durchaus ernst nehmen: "" Dieses Pokal-Spiel hat für uns schon eine hohe Wertigkeit."
52008	Pflichtspiel	Pflicht	Spiel	4.400000	1.349900	4.300000	1.636390	:D Es ist ein Pflichtspiel, aber nicht im Sinne einer offiziellen Meisterschaft.
52009	Pflichtspiel	Pflicht	Spiel	4.300000	1.159500	4.700000	0.948683	Andreas Meybehm wird wegen Tätlichkeit gegen sein Gegenspieler, wobei ervorher selbst Opfer einer Unsportlichkeit war, und wegen Bedrohung von Gegnern zu einerSpielsperre von vier Pflichtspielen und zu einer Geldstrafe in Höhe von 35,00 Euro verurteilt.
52010	Pflichtspiel	Pflicht	Spiel	4.200000	0.918937	4.900000	0.316228	, dass Juve einen Spieler mit großem verlust verkauft, der in den ersten beiden Pflichtspielen der Saison jeweils von Anfang an gespielt hat und damit Clublegende Alessandro Del Piero verdrängte, der in den letzten vier Spielzeiten jeweils bester Torschütze bei Juve war.
52011	Pilotphase	Pilot	Phase	0.800000	1.619330	4.200000	1.316560	"In 2006 startete auch die Pilotphase des Projektes "" Implementierung des Entlassungsmanagements "" am BwZKrhs, getragen vom Grundgedanken einer verbesserten Überleitung aller Patienten in die nachstationäre Versorgung und flankiert von den Inhalten des Nationalen Expertenstand (DNQP )."
52012	Pilotphase	Pilot	Phase	0.900000	1.449140	4.500000	0.707107	Die BPO befindet sich zum jetzigen Zeitpunkt noch in der Pilotphase.
52013	Pilotphase	Pilot	Phase	0.900000	1.449140	4.500000	0.849837	Der Fonds läuft erstmals ab Januar 2012 für eine Pilotphase von einem Jahr.
52014	Pilotphase	Pilot	Phase	1.300000	1.702940	4.500000	0.849837	Diese Arbeitsform könnte sinnvollerweise nur auf der Grundlage einer Rahmen-Betriebsvereinbarung zunächst in einer Pilotphase erprobt werden.
52015	Pilotphase	Pilot	Phase	0.600000	0.843274	4.800000	0.421637	"Im Anschluss an die zweijährige Pilotphase soll "" CertiLingua "" flächendeckend eingeführt werden."
52016	Plakataktion	Plakat	Aktion	5.000000	0.000000	3.500000	1.269300	Normalerweise, biege ich immer auf die Bahrenfelder Str. ab (der Mensch ist halt ein Gewohnheitstier ), doch für die Plakataktion ging ich mal geradeaus.
52017	Plakataktion	Plakat	Aktion	4.800000	0.421637	4.000000	1.154700	"Auch "" Bestrafung "" eines Vaters durch zweijährigen Umgangsauschluß, angeblich nur weil er aus absoluter Verzweiflung über den langen Umgangsboykott den Kindern per Plakataktion Grüße übermittelt hat (übrigens auf künstlerisch sehr ansprechende Art, wie gerade im ZDF zu sehen war ) scheint uns absolut unangebracht."
52018	Plakataktion	Plakat	Aktion	4.900000	0.316228	4.000000	1.333330	Weitere Informationen und die Pressemitteilung zur Plakataktion finden Sie auf der Internetseite uriblank.
52019	Plakataktion	Plakat	Aktion	4.800000	0.632456	4.000000	1.563470	"Als Download: Die Begleitschrift zu unserer Plakataktion "" Schluss mit dem Parteienfilz!"
52020	Plakataktion	Plakat	Aktion	4.700000	0.483046	4.300000	0.948683	Mit der Plakataktion bereiten die lokale Agenda 21 und der Weltladen ihre Faire Woche im September vor.
52021	Platzmangel	Platz	Mangel	4.200000	1.032800	3.800000	2.097620	Dieselbe wird durch die dazwischenfallenden Sonn- und Feiertage nicht verlängert und kann bei eintretendem Platzmangel durch den zuständigen Bahnamtsvorstand ohne weitere Förmlichkeit aufgehoben werden.
52022	Platzmangel	Platz	Mangel	3.900000	1.728840	4.000000	1.247220	In diese Zahl sind diejenigen Schiffe der Paketfahrt, welche wegen Platzmangel am Staatsquai bedient werden müssen, oder ab Brunshausen abgefertigt werden, nicht einbezogen.
52023	Platzmangel	Platz	Mangel	4.300000	1.059350	4.300000	0.674949	manchmal hab das schwer meine Freunde zu kicken, wer nimmer onkommt, mit denen ich mich gut verstehe... ich kick dann einfach, wer nimmer onkommt aus Platzmangel, aber wird natürlich vorher per PN geschickt, dass es mir sehr leid tut etc...
52024	Platzmangel	Platz	Mangel	4.700000	0.674949	4.300000	1.494430	Der Platzmangel nötigte wohl zu einer konzentrierten Pracht, allein diese konnte sich auch im Barockstiel würdiger ausdrücken als durch solche Puppenkasten.
52025	Platzmangel	Platz	Mangel	4.700000	0.674949	4.400000	1.577620	Wenn ich mir meine überfüllten Regale und den akuten Platzmangel hier aber ankucke...
52026	Platzmangel	Platz	Mangel	4.100000	1.728840	4.600000	0.966092	Leider musste die Tischtennisabteilung in dieser Zeit wegen Platzmangels für Spielbetrieb und Geräte wieder aufgelöst werden.
52027	Platzmangel	Platz	Mangel	4.454550	1.507560	4.727270	0.646670	Hallo, wir müssen uns aus Platzmangel leider von unserer Notfallchindame Ursula trennen.
52028	Platzmangel	Platz	Mangel	4.600000	0.966092	4.900000	0.316228	Bitte bedenken Sie, dass PROA aufgrund von Platzmangel die Fotos nur machen kann, wenn genügend Hilfsperson da ist (also nur an Wochenenden ) und wenn es draußen von oben und unten trocken ist.
52029	Platzverhältnis	Platz	Verhältnis	4.200000	1.398410	1.500000	1.433720	Mehrere Jahre auf dem hiesigen Generalkonsulat des Norddeutschen Bundes beschäftigt gewesen und hinlänglich mit den Platzverhältnissen betraut, ist derselbe überzeugt für die auswärtig Beteiligten bestens wirken zu können.
52030	Platzverhältnis	Platz	Verhältnis	4.200000	1.316560	2.700000	1.494430	Durch die flexible Bauform findet der DC 600 sein Einsatzgebiet vor allem bei leichteren Bohr - oder Schraubarbeiten - besonders auch unter engen Platzverhältnissen.
52031	Platzverhältnis	Platz	Verhältnis	4.500000	0.849837	2.700000	1.946510	Sie ermöglichen ein wenig Modellbahn-Betrieb bei beengten Platzverhältnissen, beispielsweise im Winter in einer kleinen Wohnung, und sie verringern auch beim Radius 3 die Reibung.
52032	Platzverhältnis	Platz	Verhältnis	4.800000	0.421637	3.400000	1.577620	Das geplante Testspiel am Samstag, 19.02.11 um 15:00 Uhr im Sophienpark gegen HSV U 17 II fiel jedoch aus, weil die Platzverhältnisse zu schlecht waren.
52033	Platzverhältnis	Platz	Verhältnis	3.900000	1.286680	3.500000	1.715940	Wer bei diesen Platzverhältnissen eigentlich in die 1. Elf gehört, brauch ich glaube ich nicht extra zu erwähnen, aber der spielt sowieso nicht.
52034	Platzverhältnis	Platz	Verhältnis	4.300000	1.567020	3.900000	1.197220	Allerdings sollte jedem Interessenten bewusst sein, dass der VW Scirocco wie auch der Renault Mégane waschechte Coupés sind - mit allen Auswirkungen auf die Platzverhältnisse im Innenraum, speziell auf den Rücksitzen.
52035	Pokalspiel	Pokal	Spiel	4.000000	1.333330	4.500000	0.707107	Zur Erinnerung: Die Teilnahme am Bezirkspokal mußte mangels Masse - auch zahlreiche Urlauber und Verletzte dezimierten den Kader - abgesagt werden, die Testspiele hatten wenig Aussagekraft, das Pokalspiel bei Makedonija fand gar nicht erst statt.
52036	Pokalspiel	Pokal	Spiel	4.500000	0.849837	4.700000	0.674949	Er muss aber auf Stöcklin sowohl im Pokalspiel am Mittwoch (20 Uhr ) gegen den Oberligisten BSV Phönix Sinzheim wie auch am Sonntag in Willstätt wegen der zweimonatigen Wechselsperre verzichten.
52037	Pokalspiel	Pokal	Spiel	4.500000	0.707107	4.800000	0.632456	""" Wir können uns noch nicht mit den Spitzen-Teams der Liga messen und müssen uns an der direkten Konkurrenz im Abstiegskampf orientieren "", analysierte der Aschaffenburger beim Ausblick auf das Pokalspiel morgen in Bremen."
52038	Pokalspiel	Pokal	Spiel	4.100000	1.370320	4.800000	0.632456	in einem Satz zu 2 gegen Sabine Liebig im Pokalspiel Holtum I gegen Holtum II verloren!!
52039	Pokalspiel	Pokal	Spiel	4.200000	1.135290	4.900000	0.316228	Original erstellt von nevur: habe gerade den bericht zum pokalspiel gesehen auf wdr / lokalzeit.
52040	Polizeichef	Polizei	Chef	4.800000	0.421637	4.500000	1.080120	Im Jahre 1848 wurde Leopolds Vater als Stadthauptmann und Polizeichef nach Prag versetzt, und hier erst erlernte der Sohn, der bis dahin nur polnisch und ruthenisch sprach, die deutsche Sprache.
52041	Polizeichef	Polizei	Chef	4.900000	0.316228	4.600000	0.966092	Mit dem Polizeichef Lincoln Kelly als einzige Unterstützung forscht sie nach und entdeckt einen grausigen, unheimlichen Parasiten.
52042	Polizeichef	Polizei	Chef	4.900000	0.316228	4.600000	0.966092	Der interimistische Polizeichef Hr. Kuh aber ging noch weiter als jene Denuncianten. Hr. Kuh ließ nämlich in der Schles. Ztg. einen halbamtlichen Artikel inserieren, daß Falkenhain nicht wegen politischer, sondern wegen gemeiner Kriminal Vergehen eingezogen worden sei.
52043	Polizeichef	Polizei	Chef	4.900000	0.316228	4.800000	0.421637	Er steht kurz davor, der am längsten amtierende Polizeichef in der Geschichte New Yorks zu werden.
52044	Polizeichef	Polizei	Chef	4.900000	0.316228	4.800000	0.421637	In Folge eines unbedeutenden Zanks mit dem Polizeichef erhielt kürzlich der sardinische Geschäftsträger, Picolot d' Hermillon, von Rosas den Befehl, Buenos Ayres binnen 30 Tagen zu verlassen.
52045	Polizeichef	Polizei	Chef	4.500000	0.971825	4.800000	0.421637	Leopold Ritter von Sacher-Masoch wurde am 27. Januar 1836 in Lemberg in Galizien geboren, wo sein Vater k. k. Hofrat und Polizeichef war.
52046	Polizeichef	Polizei	Chef	4.800000	0.632456	4.800000	0.632456	Info des Fischer Verlags: Darüber sind sich alle einig, vom Polizeichef bis zur letzten Klatschbase in St. Mary Mead: Das Mädchen hatte in Colonel Bantrys Bibliothek nichts zu suchen - weder lebendig noch tot.
52047	Polizeichef	Polizei	Chef	4.800000	0.421637	4.800000	0.632456	Wie der Polizeichef der Provinz Baghlan, Kabir Andarabi, mitteilte, stehen sich im Distrikt Baghlan-e-Markasi seit dem Vortag schwer bewaffnete Kämpfer der Taliban und Anhänger der Hesbi-Islami-Bewegung des Kriegsherrn Gulbuddin Hekmatyar gegenüber.
52048	Polizeichef	Polizei	Chef	5.000000	0.000000	5.000000	0.000000	Berlin - Nach der Messer-Attacke gegen den Passauer Polizeichef Alois Mannichl vor zwei Wochen befürchtet der Vorsitzende der Gewerkschaft der Polizei, Konrad Freiberg, weitere Gewalttaten gegen Polizisten.
52049	Polizeichef	Polizei	Chef	4.900000	0.316228	5.000000	0.000000	Über die Explosion des Laboratoriums zu Rendsburg enthält ein offizieller Bericht des Polizeichefs folgendes Nähere:
52050	Produktionsfläche	Produktion	Fläche	4.000000	1.632990	3.700000	2.162820	Nach ständiger Modernisierung steht heute auf ca. 2500 quadratmetern Produktionsfläche ein moderner Maschinenpark für die Blechbearbeitung zur Verfügung.
52051	Produktionsfläche	Produktion	Fläche	4.400000	1.074970	4.600000	1.264910	Wir fertigen für Sie an unserem Standort Schwaigern bei Heilbronn auf einer Produktionsfläche von 10.000 qm sowie in unseren weiteren Niederlassungen in Osteuropa.
52052	Produktionsfläche	Produktion	Fläche	4.500000	1.080120	4.800000	0.632456	Die Nachfrage der Block Menü Produkte ist stetig gewachsen und machte die Erweiterung der Produktionsfläche um weitere 1200 qm auf insgesamt 7.600 qm nötig, auch eine neu erbaute Kältezentrale mit 400 qm zählt dazu.
52053	Produktionsfläche	Produktion	Fläche	3.800000	1.686550	4.800000	0.632456	Die Produktionsfläche von 4.300 qm beherbergt eigene Produktionslinien von Glas, Metall, Holz und Kunststoff.
52054	Produktionsfläche	Produktion	Fläche	3.900000	1.523880	4.800000	0.632456	Shelfroboter TX 340 SH Produktionsflächen einsparen - Stäubli Robotics, Bayreuth, erweitert mit dem TX 340 SH sein Produktspektrum erstmals um einen Shelfroboter, sodass nun für jede Aufgabe in der Kunststoffbranche die richtige Maschine zur Verfügung steht.
52055	Produktionsprozess	Produktion	Prozess	4.400000	0.843274	4.200000	1.032800	Denn: Ohne moderne Analysentechnik können die Auswirkungen von Produktionsprozessen auf Mensch und Umwelt nicht bewertet werden.
52056	Produktionsprozess	Produktion	Prozess	4.800000	0.421637	4.500000	0.707107	Das Unternehmen modernisiert daher kontinuierlich die Produktionsprozesse in allen Werken, um deren Energiebedarf sowie ihre Emissionen zu senken.
52057	Produktionsprozess	Produktion	Prozess	4.400000	0.966092	4.500000	0.707107	Sie werden von Zeit zu Zeit aufgebraucht, und ihr Wert erscheint wieder in der neuen Kraft, die sie seinem Körper und Geist verleihen, und bildet so neues Kapital, das wieder im Produktionsprozeß angewandt wird.
52058	Produktionsprozess	Produktion	Prozess	5.000000	0.000000	4.700000	0.483046	Die Eigenschaften dieser Stoffe sind ganz unterschiedlich, und auch die Produktionsprozesse unterscheiden sich von Unternehmen zu Unternehmen.
52059	Produktionsprozess	Produktion	Prozess	4.700000	0.674949	4.700000	0.674949	Die Nanotechnologie-Forschung bei PROFACTOR zielt darauf ab, sowohl innovativere und funktionellere Produkte zu ermöglichen als auch die Produktionsprozesse effizienter zu gestalten.
52060	Produktionsverhältnis	Produktion	Verhältnis	4.300000	0.823273	2.200000	1.686550	Unglücklicher Herr Peel, der alles vorsah, nur nicht den Export der englischen Produktionsverhältnisse nach dem Swan River!
52061	Produktionsverhältnis	Produktion	Verhältnis	4.500000	0.971825	2.400000	1.577620	Dieser Sozialismus zergliederte höchst scharfsinnig die Widersprüche in den modernen Produktionsverhältnissen.
52062	Produktionsverhältnis	Produktion	Verhältnis	4.500000	0.707107	2.500000	1.900290	- Auf einer gewissen Stufe ihrer Entwicklung geraten die materiellen Produktivkräfte der Gesellschaft in Widerspruch mit den vorhandenen Produktionsverhältnissen oder, was nur ein juristischer Ausdruck dafür ist, mit den Eigentumsverhältnissen, innerhalb deren sie sich bisher bewegt hatten.
52063	Produktionsverhältnis	Produktion	Verhältnis	4.700000	0.483046	2.700000	1.567020	Ein öffentliches Interesse besteht, wenn die Sachen bedeutend für die Geschichte des Menschen, für Städte und Siedlungen oder für die Entwicklung der Arbeits - und Produktionsverhältnisse sind und für die Erhaltung und Nutzung künstlerische, wissenschaftliche, volkskundliche oder städtebauliche Gründe vorliegen.
52064	Produktionsverhältnis	Produktion	Verhältnis	4.000000	1.414210	2.700000	1.766980	Vom Standpunkt der juristischen Illusion betrachtet er nicht das Gesetz als Produkt der materiellen Produktionsverhältnisse, sondern umgekehrt die Produktionsverhältnisse als Produkt des Gesetzes.
52065	Produktionsverhältnis	Produktion	Verhältnis	4.400000	0.843274	2.800000	1.475730	Das Kapital bildet die vorherrschende Kategorie, weil es das bestimmende Produktionsverhältnis einer verrückten Gesellschaft ist.
52066	Produktionsverhältnis	Produktion	Verhältnis	4.500000	0.971825	2.800000	1.686550	Das bestimmte Vertheilungsverhältniss ist also nur Ausdruck des geschichtlich bestimmten Produktionsverhältnisses.
52067	Produktionsverhältnis	Produktion	Verhältnis	4.200000	0.918937	3.200000	1.316560	Wenn daher die kapitalistische Produktionsweise ein historisches Mittel ist, um die materielle Produktivkraft zu entwickeln und den ihr entsprechenden Weltmarkt zu schaffen, ist sie zugleich der beständige Widerspruch zwischen dieser ihrer historischen Aufgabe und den ihr entsprechenden gesellschaftlichen Produktionsverhältnissen.
52068	Produktionsverhältnis	Produktion	Verhältnis	4.500000	1.080120	3.400000	1.837870	In der gesellschaftlichen Produktion ihres Lebens gehen die Menschen bestimmte, notwendige, von ihrem Willen unabhängige Verhältnisse ein, Produktionsverhältnisse, die einer bestimmten Entwicklungsstufe ihrer materiellen Produktivkräfte entsprechen.
52069	Produktionsverhältnis	Produktion	Verhältnis	4.700000	0.674949	3.800000	1.229270	Die Gesamtheit dieser Produktionsverhältnisse bildet die ökonomische Struktur der Gesellschaft, die reale Basis, worauf sich ein juristischer und politischer Überbau erhebt und welcher bestimmte gesellschaftliche Bewußtseinsformen entsprechen.
52070	Protestaktion	Protest	Aktion	4.700000	0.483046	3.800000	1.316560	Kein Senat hat vorher an die S 21 oder S 4 und im Busbereich wurde viel gemacht und der Senat ist trotz Wahlkampf und Protestaktionen der CDU gegen die Busbeschleunigung bisher nicht eingeknickt.
52071	Protestaktion	Protest	Aktion	4.666670	0.707107	3.888890	1.691480	"Sie inserierten und inszenierten eine schwindelvolle "" Protestaktion "", welche durch die -- Immunisierung der sie ärgernden Stelle durch den Abg. -- Dr. Lüger (! ) den Gipfelpunkt des Komischen erreichte."
52072	Protestaktion	Protest	Aktion	4.700000	0.674949	3.900000	1.523880	In einer Sitzung der deutschen Vertrauensmänner wurde beschlossen, sofort eine umfassende Protestaktion gegen diese Entscheidung einzuleiten und von derselben alle deutschböhmischen Abgeordneten und den deutschen Volksrat für Böhmen zu verständigen.
52073	Protestaktion	Protest	Aktion	4.500000	1.581140	3.900000	1.663330	Der Vaterlandsverein hierselbst wird eine Protestaktion gegen die das allgemeine Wahlrecht beschränkenden Bestimmungen des Reichswahlgesetzentwurfs nach Frankfurt abgehen lassen.
52074	Protestaktion	Protest	Aktion	4.600000	0.843274	4.100000	1.663330	In Deutschland selbst wandten sich die bei der Sache Interessierten mit ähnlichen Protestaktionen direkt an das Handelsministerium in Berlin.
52075	Protestaktion	Protest	Aktion	4.700000	0.674949	4.300000	0.948683	Lipke durch eine Verhaftung auf offener Straße, welche zwar ohne Folgen blieb, da er sogleich auf der Versicherung sich wieder zu stellen freigelassen wurde, ihm jedoch Gelegenheit zu energischen Protestaktionen gab.
52076	Protestaktion	Protest	Aktion	5.000000	0.000000	4.300000	1.636390	Bürgerstreiche mit Trillerpfeifen Pauken, Kochtöpfen und Vouvouzelas usw. machen in Deutschland bei verschiedensten Protestaktionen die Runde.
52077	Protestaktion	Protest	Aktion	4.600000	0.699206	4.300000	1.636390	Damit verkommt die Protestaktion zu einem reinen PR-Gag und verfehlt seine eigentliche Intention bei weitem.
52078	Protestaktion	Protest	Aktion	4.900000	0.316228	4.600000	0.699206	"+++ Für alle die von der massiven staatlichen Repression bei den Protestaktionen gegen das rassistische "" islamkritische Wochenende "" Anfang Juni in Stuttgart betroffen waren, gibt es einen Solikreis."
52079	Protestaktion	Protest	Aktion	5.000000	0.000000	4.600000	0.699206	Derzeit finden auf den Straßen des Landes die größten Protestaktionen seit 20 Jahren statt 200.000 Menschen demonstrierten am Montag gegen Korruption, Polizeigewalt und schlecht arbeitende Verwaltungen im Land.
52080	Protestzug	Protest	Zug	4.900000	0.316228	0.900000	1.523880	Ihr Pech: Sie marschierte beim Protestzug in der ersten Reihe mit.
52081	Protestzug	Protest	Zug	4.900000	0.316228	1.200000	1.135290	Im Anschluss an die studentische Vollversammlung an der Ruhr-Uni Bochum entschlossen sich etwa 300 Studierende zu einem spontanen Protestzug zur Univerwaltung.
52082	Protestzug	Protest	Zug	4.700000	0.483046	1.400000	1.505550	Massive Polizeipräsenz begleitete den Protestzug, der als friedliche Antwort auf die Eskalationen nach der türkischen Anti PKK-Demo vor einer Woche gedacht war, hoch über Hagen behielt ein Polizeihubschrauber alles im Blick.
52083	Protestzug	Protest	Zug	4.700000	0.483046	1.500000	1.581140	"Störungsfrei konnte der Protestzug an der Gedenk-Kapelle "" zur schwarzen Madonna "" an den Rheinwiesen ziehen."
52084	Protestzug	Protest	Zug	4.700000	0.674949	1.600000	1.712700	"Unter dem Motto "" Mietenwahnsinn stoppen "" bewegte sich der Protestzug vom Stadtteil St. Pauli nach Ottensen (Quelle: Abendblatt.de ) (ddp tp ) Auch der Hamburger Obdachlose Max Bryan war zur Demo gekommen und was er zu sagen hatte, ging unter die Haut."
52085	Protokollführer	Protokoll	Führer	4.600000	0.516398	2.200000	1.686550	Diese Blätter beweisen es, daß ich -- diesmal ein wenn auch treuer, doch wunderlicher Protokollführer -- nach ihrem Willen getan habe, doch abseits von meinen und der Meinigen Lebensdokumenten werden sie nicht zu liegen kommen.
52086	Protokollführer	Protokoll	Führer	4.700000	0.483046	2.500000	1.715940	Bei der Verwaltung der Ämter ernannte der Verwaltungsrat die Herren Stadtrat Lutz, Zürich zum Präsidenten, Regierungsrat Rahm, Schaffhausen, zum Vizepräsidenten, Landammann Dr. Kyburz, Solothurn, zum Kontrolleur, Gemeindeammann Bornhauser, Weinfelden, zum Protokollführer.
52087	Protokollführer	Protokoll	Führer	4.200000	1.316560	2.600000	1.577620	Wahlvorsteher, Beisitzer und Protokollführer dürfen kein unmittelbares Staatsamt bekleiden.
52088	Protokollführer	Protokoll	Führer	4.900000	0.316228	3.000000	1.333330	§ 8 Protokollierung Über den Verlauf der Mitgliederversammlung ist ein Protokoll zu fertigen, das von dem / der Protokollführer / - in zu unterzeichnen ist.
52089	Protokollführer	Protokoll	Führer	4.000000	1.632990	3.100000	1.969210	Statuten, welche vom Präsidenten und dem Protokollführer der Gründungsversammlung unterschrieben sind.
52090	Protokollführer	Protokoll	Führer	4.500000	0.971825	3.300000	1.494430	Der Beschluß des Nationalrates und ebenso der Beschluß des Ständrates werden in gleichlautenden oder in einer und derselben Urkunde von den Präsidenten und Protokollführern der beiden Räte ausgefertigt und der Bundesrat beschließt alsdann lediglich die Aufnahme des Bundesbeschlusses in die amtliche Gesetzsammlung der Eidgenossenschaft.
52091	Protokollführer	Protokoll	Führer	4.500000	0.707107	3.800000	0.788811	Der Protokollführer vermerkt neben dem Namen des Wählers in der Wählerliste in einer hierzu bestimmten Rubrik derselben durch ein Zeichen, daß das Wahlrecht ausgeübt worden sei, teils um die Anzahl der abgegebenen Stimmen festzustellen, teils um einer wiederholten Ausübung des Wahlrechts Seitens desselben Wählers vorzubeugen.
52092	Protokollführer	Protokoll	Führer	4.800000	0.632456	3.800000	1.032800	Über den Verlauf der Mitgliederversammlung ist ein Protokoll aufzunehmen, das von dem jeweiligen Protokollführer und Versammlungsleiter zu unterzeichnen ist.
52093	Protokollführer	Protokoll	Führer	4.800000	0.421637	3.800000	1.135290	Sie sind schriftlich niederzulegen und vom Versammlungsleiter und dem Protokollführer zu unterzeichnen.
52094	Protokollführer	Protokoll	Führer	4.700000	0.674949	4.400000	1.074970	Öffentlicher Teil 1. Eröffnung, Begrüßung und Feststellung der Beschlussfähigkeit Der Vorsitzende eröffnet die Sitzung, begrüßt die anwesenden Gemeindevertreter, OAR Joachim Rück, den Kämmerer, Herrn Neumann, die Presse sowie als Protokollführer VA Peter Carstensen.
52095	Punktejagd	Punkt	Jagd	4.300000	1.567020	2.000000	1.699670	I. Männermannschaft die Vorbereitung auf die Punktejagd in der Verbandsliga ab.
52096	Punktejagd	Punkt	Jagd	4.000000	1.632990	2.300000	1.946510	Diese Mannschaft geht, wie auch in der abgelaufenen Saison, in der Bezirksliga B auf Punktejagd.
52097	Punktejagd	Punkt	Jagd	4.400000	0.966092	2.400000	1.712700	"Aber nicht nur der Kunde profitiert von der "" Punktejagd "", auch die Einzelhändler tun das Ihre, um die Wirtschaft wieder anzukurbeln."
52098	Punktejagd	Punkt	Jagd	3.800000	2.043960	2.500000	2.121320	Zudem verfügen wir über viele weibliche Jugendmannschaften: von den Minis bis zur C-Jugend gehen die Kleinen auf Punktejagd, die meist bis zur Verbandsmeisterschaft nicht zu stoppen sind.
52099	Punktejagd	Punkt	Jagd	3.300000	2.002780	3.100000	1.523880	Twister von MB - aktuell mit High School Musical, Punktejagd und Co.
52100	Punktestand	Punkt	Stand	4.200000	1.549190	2.500000	1.581140	• Bei einem Punktestand von bis zu 8 Punkten, besteht die Möglichkeit ein ASP-Seminar freiwillig zu besuchen.
52101	Punktestand	Punkt	Stand	4.000000	0.942809	2.500000	1.840890	"Eine Stimme für einen Beitrag "" zieht "" seinen Punktestand um einen Punkt nach vorn, eine Stimme gegen einen Beitrag zieht seinen Punktestand um einen Punkt zurück."
52102	Punktestand	Punkt	Stand	4.900000	0.316228	2.900000	1.595130	Es gibt viele unterschiedliche Prämien für jeden Geschmack und für fast jeden Punktestand!
52103	Punktestand	Punkt	Stand	4.900000	0.316228	3.300000	1.159500	Die tabtour Classic bietet im Vergleich zum tabtour Game nochmals spannende zusätzliche Features wie live Steuerung, Chat, Punktestand, Voting sowie Mehrsprachigkeit.
52104	Punktestand	Punkt	Stand	5.000000	0.000000	3.500000	1.178510	Laden Sie sich einfach von meiner Webseite dieses Formular herunter und informieren Sie sich über Ihren aktuellen Punktestand.
52105	Punktspiel	Punkt	Spiel	3.700000	1.159500	4.200000	0.918937	RW Köln beendet die Punktspiele der Saison mit einem Sieg und klettert durch das 1:1 des Berliner HC gegen Mannheim noch auf den 1. Platz.
52106	Punktspiel	Punkt	Spiel	3.600000	1.264910	4.300000	0.948683	TOPPENSTEDT - Nach dem vierten Platzverweis gegen ihr Team wollten die Bezirksoberligafußballer des SV Dicle Celle im Punktspiel beim TSV Auetal nicht mehr weitermachen und gingen vom Platz.
52107	Punktspiel	Punkt	Spiel	3.600000	1.349900	4.500000	0.971825	Im Pokal am kommenden Dienstag (05.10.10 um 18 Uhr ) gegen Viktoria Urberach und auch am nächsten Sonntag beim Punktspiel in Griesheim wird es deutlich schwieriger werden den Erfolg zu verbuchen.
52108	Punktspiel	Punkt	Spiel	4.300000	0.674949	4.600000	0.843274	"Doch Alberto Ruiz, der auch in Zukunft gerne als Herrentrainer arbeiten würde, hat noch eine andere Theorie: "" Man könnte fast glauben, es wurden nur die ersten beiden Punktspiele bis zu dem Rückzug abgewartet."
52109	Punktspiel	Punkt	Spiel	3.500000	1.649920	4.700000	0.674949	Die Punktspiele wurden mit Teams aus Sachsen und Sachsen-Anhalt ausgetragen, da es in beiden Ländern wenige Mannschaften in dieser Spielklasse gibt.
52110	Puppenspiel	Puppe	Spiel	5.000000	0.000000	2.700000	1.702940	Eine Weihnachtsbescherung brachte uns ein kleines Puppenspiel, das auf alle Weise herhalten mußte.
52111	Puppenspiel	Puppe	Spiel	4.200000	1.316560	3.400000	1.577620	"Ein modernes Puppenspiel "" (1895 ) - "" Moderne Erbsünden (1895 ) u. a. und gab 1892-94 die "" Kultur- und Literaturbilder "", 1896 den "" Deutschen Frauenkalender "", 1895-96 die "" Humoristische Bibliothek "" und 1895 "" Literarische Festgaben "" heraus."
52112	Puppenspiel	Puppe	Spiel	3.700000	2.057510	3.500000	1.715940	Der einzelne nur Schaum auf der Welle, die Größe ein bloßer Zufall, die Herrschaft des Genies ein Puppenspiel, ein lächerliches Ringen gegen ein ehernes Gesetz, es zu erkennen das Höchste, es zu beherrschen unmöglich.
52113	Puppenspiel	Puppe	Spiel	4.600000	0.699206	3.500000	1.715940	Schnell wird deutlich, dass Puppenspiel nicht nur Kasperletheater ist, sondern auch Ausdrucksform gesellschaftlicher Zeit - und Kulturgeschichte.
52114	Puppenspiel	Puppe	Spiel	5.000000	0.000000	3.500000	1.779510	"Ein Puppenspiel des Theater des Lachens Frankfurt (Oder ) "" Ich greife nach einer Idee für die Älteren und erzähle sie den Kleinen."
52115	Puppenspiel	Puppe	Spiel	5.000000	0.000000	3.800000	1.686550	"Die bisherigen Veranstaltungsreihen werden ergänzt durch ein "" Puppenspiel am Krankenbett "" mit Herrn Tietz vom Figurentheater Regenbogen aus Gräfenberg."
52116	Puppenspiel	Puppe	Spiel	4.444440	1.013790	4.000000	1.118030	Puppenspiele drunten, ich stehe gern mitten unter den Kindern, alten und jungen, schaue und lache.
52117	Puppenspiel	Puppe	Spiel	4.800000	0.632456	4.000000	1.333330	geb. 1992 in Lutherstadt Eisleben, arbeitete von 2010 bis 2011 als Regieassistent am Thalia Theater Halle, zurzeit studiert er Puppenspiel an der Hochschule Ernst Busch in Berlin.
52118	Puppenspiel	Puppe	Spiel	4.700000	0.674949	4.200000	0.918937	Der goldene Reif (Lsp. ), 1903. - Erlösung (Sat. Puppenspiel ), 1904. 1909. -
52119	Puppenspiel	Puppe	Spiel	4.800000	0.632456	4.500000	0.707107	""" Welchen Reiz die ganze, mit Feuerwerk, Verwandlungen und Zaubereien wechselnde Szene des Puppenspiels auf das jugendliche Alter übt, kann Jeder leicht beobachten und erfahren."
52120	Qualifikationsspiel	Qualifikation	Spiel	4.700000	0.948683	3.500000	2.223610	Am Samstag, 03.05.2014, fanden in Schrobenhausen für die männliche Handball-B-Jugend die ersten Qualifikationsspiele für die neue Saison statt.
52121	Qualifikationsspiel	Qualifikation	Spiel	4.900000	0.316228	4.000000	2.108190	Im Pub sahen wir uns mit einigen Guinness und Irish Mist Whiskys das Qualifikationsspiel Irland: Zypern an.
52122	Qualifikationsspiel	Qualifikation	Spiel	4.900000	0.316228	4.700000	0.674949	Mainz (ots ) - Auf dem Weg zur Fußball-EM der Frauen 2013 in Schweden: Am Samstag, 19. November 2011, überträgt das ZDF von 15.30 Uhr an live aus Wiesbaden das Qualifikationsspiel der deutschen Nationalmannschaft gegen Kasachstan.
52123	Qualifikationsspiel	Qualifikation	Spiel	5.000000	0.000000	4.900000	0.316228	Ronsdorfer Sonntagsblatt - 04.06.2006 A-Jugend ungeschickt TSV hat Quali schon fast verspielt (JoB ) Mit 0:1 hat die TSV-A-Jugend ihr erstes Qualifikationsspiel zur Niederrheinliga auf eigener Anlage gegen den 1. FC Kleve verloren.
52124	Qualifikationsspiel	Qualifikation	Spiel	4.700000	0.674949	4.900000	0.316228	Sieben Qualifikationsspiele zur UEFA Women 's EURO 2013 standen am Donnerstag auf dem Programm.
52125	Quellwasser	Quelle	Wasser	4.400000	1.577620	4.400000	1.577620	Das Quellwasser hat einer Temperatur von ca. 95 C. Es wird zur Behandlung von Wirbelsäulen, - Gelenks - und Bewegungsorganschmerzen, sowie bei Kreislaufprobleme verwendet.
52126	Quellwasser	Quelle	Wasser	4.200000	1.135290	4.800000	0.421637	Nach dem Saunagang erfrischen Sie sich im kühlen Weiher, der von einem sauberen Bach sowie Quellwasser gespeist wird oder sie entspannen sich auf der Massageliege, die sich im Ruheraum der Sauna befindet.
52127	Quellwasser	Quelle	Wasser	5.000000	0.000000	5.000000	0.000000	Edward Cheung Pei Shan Feb gibt es eine Quelle unter dem Quellwasser das ganze Jahr hindurch heiß, das lokale Leben, ging der Kranke zu den Quellen in der einweichen, wirksamer als Medikamente an.
52128	Quellwasser	Quelle	Wasser	4.700000	0.674949	5.000000	0.000000	"Wir aber wollten die Alm sehen, wo es erfrischendes Bier für Christian Hans und Andreas und für uns das neue Berggetränk "" Schi-Wasser "" (Himbeersaft + Quellwasser ) gab."
52129	Quellwasser	Quelle	Wasser	5.000000	0.000000	5.000000	0.000000	Wo ich nicht Quellwasser trinke, sondern Hoffnung, und wo, während Spechte klopfen, mein kindliches Herz noch schlägt.
52130	Radstand	Rad	Stand	3.700000	2.057510	1.100000	1.852930	Wo wir schon bei den konkreten Daten sind: Der Neue wächst in der Länge um 50 Millimeter, beim Radstand um 25 Millimeter.
52131	Radstand	Rad	Stand	4.600000	0.699206	1.700000	1.888560	"Charakteristisch für die amerikanischen Lokomotiven sind deren bedeutende Abmessungen, der große Radstand, insbesondere aber das mit einem Achsenpaare weitvorstehende Triebgestelle mit dem daran befestigten "" Kuhfänger "", die bunte Bemalung und die große Durchsichtigkeit -- wenn man sich so ausdrücken darf -- der ganzen Konstruktion."
52132	Radstand	Rad	Stand	4.000000	1.885620	1.700000	1.946510	An jeder Ecke ein Rad bei einem Radstand von 2,38 Metern und einer Gesamtlänge von 3,495 Metern sowie das relativ hohe Dach - der Atos ist 1,61 und der Prime 1,58 Meter hoch - sorgen für ein in dieser Fahrzeugklasse unerwartet großzügiges Raumgefühl.
52133	Radstand	Rad	Stand	4.300000	1.059350	1.900000	1.449140	Nach diesen Baugrundsätzen entstanden ab 1960 die Drehgestelle der Bauarten Y 21 A und Y 23 B mit jeweils 2000 mm Radstand in geschweißten und gegossenen Ausführungen (siehe unten ).
52134	Radstand	Rad	Stand	4.200000	1.475730	1.900000	1.791960	Aber die Mafische Duplex-Compound Lokomotive für den Bergdienst der Gotthardbahn erreichte, bei einem Radstande von über acht Meter und einer Länge von 13.7 Meter, bereits 86 Tons und war durch einige Zeit die schwerste Lokomotive auf der ganzen Erde.
52135	Radstand	Rad	Stand	3.800000	1.135290	2.300000	2.002780	Drehmoment: 240 Nm bei 1.500 Umdrehungen pro Minute Länge / Breite / Höhe: 4.246 / 1.782 / 1.423 in mm Radstand: 2.578 in mm Leergewicht: 1.428 kg Zul.
52136	Radstand	Rad	Stand	4.600000	0.699206	2.400000	2.011080	Der Lenkkopfelwinkel hat 24,3 ° mit 95,3 mm Nachlauf, der Radstand 1.395 mm, das Trockengewicht 167 kg.
52137	Rasenfläche	Rasen	Fläche	4.700000	0.674949	4.000000	1.632990	Am häufigsten findet man es auf großen Rasenflächen, auf feuchten Äckern, selten in unmittelbarer Nähe des Wassers und niemals im eigentlichen Sumpfe.
52138	Rasenfläche	Rasen	Fläche	4.900000	0.316228	4.300000	1.059350	"Wie er aus dem kleinscheibigen Fenster zwischen den Fichten und Eichen über die weichen, zum Bach abfallenden und jenseits wieder aufsteigenden Rasenflächen blickte, erkannte er auch das "" Schloß "" dort drüben, sein grauer efeuumsponnener Erker war hierher in den Park gerichtet."
52139	Rasenfläche	Rasen	Fläche	4.800000	0.421637	4.300000	1.159500	Eine von blühenden, süßduftenden Akazien eingefaßte kurzgeschorene grüne Rasenfläche dehnte sich vor der leuchtenden weißen Terrasse, neben der ein paar dunkelgrüne Lebensbäume standen, weithin aus, und Erwin fielen auf den ersten Blick zwei große, sternförmige Beete von seltener Blumenpracht aus.
52140	Rasenfläche	Rasen	Fläche	4.800000	0.421637	4.400000	1.074970	Die Außensportanlage bietet eine Rasenfläche von 50 x 60 m, vier Laufbahnen á 250 m sowie eine Fläche für Handball, Basketball und Volleyball.
52141	Rasenfläche	Rasen	Fläche	4.800000	0.632456	4.500000	0.971825	Die Handwerkerfamilie konnte an schönen Sommertagen, war sie hinten in einer kleinen Laube versammelt, einen herrlichen Anblick genießen, wenn die Augen sich nach den uralten Bäumen, grünenden Rasenflächen und künstlichen Blumenanlagen des Nachbargrundstückes richteten.
52142	Rasenfläche	Rasen	Fläche	4.800000	0.421637	4.700000	0.483046	Mit der Schönheit seiner Lage wetteifert die Schönheit der alten Bäume: Akazien und Linden, Platanen und Ahorn, zwischen die sich grüne Rasenflächen und Gruppen von Tannen und Weymuths-Kiefern einschieben.
52143	Rasenfläche	Rasen	Fläche	4.900000	0.316228	4.900000	0.316228	Auf der Rasenfläche vor dem Reichstagsgebäude war das Olympiastadion en miniature aufgebaut, gegen Eintritt war gemeinschaftliches Fernsehen angesagt.
52144	Rasenfläche	Rasen	Fläche	5.000000	0.000000	4.900000	0.316228	Die Grabplatten wurden an der Nordseite der Kirche in einer Rasenfläche verlegt.
52145	Rasenfläche	Rasen	Fläche	5.000000	0.000000	5.000000	0.000000	An schönen Tagen halten sich die Bewohner auf der Rasenfläche auf, erfreuen sich am Kräuter - und Duftgarten, sie sitzen zusammen oder liegen auf einer der beiden Sonnenterrassen.
52146	Rasenfläche	Rasen	Fläche	5.000000	0.000000	5.000000	0.000000	Zur Verfügung der Gäste: Garten (12,000 qm ), mit weitläufen Rasenflächen und verschiedenen Obstbäumen, gesäumt von einem kleinen Bach.
52147	Reaktionsfähigkeit	Reaktion	Fähigkeit	4.700000	0.674949	3.500000	1.354010	In der Regel gelten erschöpfende Genüsse als die Ursache der Blasiertheit, und mit Recht, indem die allzustarken Reize schließlich alle Reaktionsfähigkeit aus den Nerven herauspumpen.
52148	Reaktionsfähigkeit	Reaktion	Fähigkeit	4.600000	0.699206	3.700000	1.567020	Vielleicht hängt das von größeren oder geringeren Fäulnisgraden des resorbierten Stoffes, vielleicht von der Reaktionsfähigkeit des Organismus, vielleicht von anderen Umständen ab.
52149	Reaktionsfähigkeit	Reaktion	Fähigkeit	4.500000	0.971825	4.000000	1.490710	Vielleicht liegt der Grund in den verschiedenen Fäulnisgraden des zersetzten Stoffes, vielleicht in der verschiedenen Reaktionsfähigkeit des Organismus.
52150	Reaktionsfähigkeit	Reaktion	Fähigkeit	4.200000	0.788811	4.000000	1.699670	Allergie w. gr. (anders; Verrichtung ) angeborene oder erworbene Änderung der Reaktionsfähigkeit des Immunsystems gegenüber körperfremden, eigentlich unschädlichen Substanzen, die als Allergen erkannt werden.
52151	Reaktionsfähigkeit	Reaktion	Fähigkeit	4.900000	0.316228	4.300000	1.567020	Fahre ich mit dem Auto, bin ich durch die eingeschränkte Reaktionsfähigkeit eine Gefahr für mich und andere.
52152	Reaktionsfähigkeit	Reaktion	Fähigkeit	4.400000	1.577620	4.300000	1.636390	Es setzt viel Übung und Wissen, Fitness, hohe Konzentrationsfähigkeit und schnelle Reaktionsfähigkeit voraus.
52153	Reaktionsfähigkeit	Reaktion	Fähigkeit	4.100000	1.449140	4.500000	1.269300	Sichern Sie sich durch das Traktionsmuster eine ideale Reaktionsfähigkeit, die Vorderfußkerne erleichtert einen schnellen Sprint aus dem Stand.
52154	Reaktionsfähigkeit	Reaktion	Fähigkeit	4.900000	0.316228	4.700000	0.483046	Desweiteren muß der Bewerber um eine FzF besondere Anforderungen hinsichtlich Belastbarkeit, Orientienungsleistung, Konzentrationsleistung, Aufmerksamkeitsleistung und Reaktionsfähigkeit erfüllen.
52155	Reaktionsfähigkeit	Reaktion	Fähigkeit	4.700000	0.674949	4.700000	0.674949	Als ein günstiger Umstand muss es angesehen werden, dass die verschiedenen Arten der Elementarkörperchen, wie sie augenscheinlich den Inhalt der Zellen ausmachen, in Bezug auf die künstliche Differenzierung oft verschiedene Reaktionsfähigkeiten haben.
52156	Rebfläche	Rebe	Fläche	3.600000	1.646550	3.600000	2.270580	Die Rebfläche beträgt 118 ha und wird von 206 Weingärtnern bewirtschaftet 13 Kellereien verarbeiten die Trauben.
52157	Rebfläche	Rebe	Fläche	3.800000	1.686550	3.900000	1.663330	Mit 48.040 Hektar Rebfläche ist San Juan nach Mendoza die zweitgrößte Weinbauregion Argentiniens; die für den Anbau genutzte Fläche entspricht fast 22 Prozent der gesamten Anbaufläche des Landes.
52158	Rebfläche	Rebe	Fläche	4.600000	0.699206	4.500000	0.971825	Vision 2080: Riesling aus den Highlands Aufgrund des Klimawandels ist Großbritannien ein renommiertes Weinland geworden, während die Winzer in den Mittelmeerländern ihre Rebflächen aufgeben mussten und nun trockenheitsresistente Weizensorten, Dattelpalmen und Agaven anbauen.
52159	Rebfläche	Rebe	Fläche	4.900000	0.316228	4.700000	0.674949	"Die folgenden Rotweine sind bei uns erhältlich: Artikelnr 210 09 Côtes du Rhône rouge 2009 Von Rebflächen, die alle innerhalb der Appellation Cairanne liegen, produzieren die Brüder Alary hier einen Wein, der als "" einfacher "" CdR firmiert."
52160	Rebfläche	Rebe	Fläche	4.300000	1.251670	4.800000	0.421637	120.000 Hektar umfasst alleine die Rebfläche im Weinbaugebiet Bordeaux, wo jedes Jahr rund sieben Millionen Hektoliter Wein produziert werden, von denen ein großer Teils als absolute Spitzenweine gelten.
52161	Reformprozess	Reform	Prozess	4.400000	0.966092	3.400000	1.505550	Deshalb haben wir in der Evangelischen Kirche in Deutschland den kirchlichen Reformprozess, den wir angesichts der gegenwärtigen Herausforderungen in Gang bringen wollen, unter den Leitbegriff der Kirche der Freiheit gestellt.
52162	Reformprozess	Reform	Prozess	4.600000	0.699206	3.700000	1.766980	Am 19. Juli übernimmt eine Junta der FSLN und ihrer bürgerlichen Verbündeten die Macht 1980 Beginn des Reformprozesses mit Alphabetisierungskampagnen, einer Agrarreform, einem Ausbau der Schulen und der Gesundheitsversorgung.
52163	Reformprozess	Reform	Prozess	4.300000	1.567020	3.800000	1.229270	Sie sollten nun auch die Konsequenz ziehen und den Weg frei machen für alle anderen Staaten, die den Reformprozess befürworten.
52164	Reformprozess	Reform	Prozess	4.800000	0.421637	4.800000	0.421637	Die einberufene Arbeitsgruppe Verwaltungsreform ist ein Ansatz, den Reformprozess zu begleiten.
52165	Reformprozess	Reform	Prozess	4.636360	0.674200	4.818180	0.404520	Damit ist der Reformprozess der Berufsausbildung in der Geoinformationstechnologie erfolgreich abgeschlossen.
52166	Regenerationsfähigkeit	Regeneration	Fähigkeit	4.600000	0.699206	3.400000	1.837870	"Die Ausrüstung der Zellen eines Teils mit solchen "" Ersatz-Determinanten setzt eine um so verwickeltere Verteilung derselben voraus, je komplizierter der Teil gebaut ist, und darin liegt die Grenze der Regenerationsfähigkeit, indem allzu verwickelt gebaute Teile mit einem Regenerationsapparat nicht mehr ausgerüstet werden konnten."
52167	Regenerationsfähigkeit	Regeneration	Fähigkeit	4.888890	0.333333	3.666670	1.732050	Zugleich wird auch die sogenannte Regenerationsfähigkeit desselben, freilich erst im höheren Alter sukzessive schwächer.
52168	Regenerationsfähigkeit	Regeneration	Fähigkeit	4.600000	0.966092	4.100000	1.523880	Im Übrigen war ich nicht von der Fleischwunde fasziniert - im Gegenteil, ich habe mich über mein Missgeschick sehr geärgert - sondern lediglich - und wie ich finde zu Recht - über die Regenerationsfähigkeit des Körpers.
52169	Regenerationsfähigkeit	Regeneration	Fähigkeit	4.700000	0.674949	4.200000	1.619330	Geschieht es aber einmal, so ist das Tier unrettbar die Beute des Verfolgers, und Regenerationsfähigkeit des Beines wäre nutzlos.
52170	Regenerationsfähigkeit	Regeneration	Fähigkeit	4.800000	0.421637	4.300000	1.159500	Regenerationsfähigkeit sukzessive verringert, worüber ich in einer experimentellen Arbeit Genaueres festzustellen beabsichtige.
52171	Regenerationsfähigkeit	Regeneration	Fähigkeit	4.800000	0.632456	4.500000	1.269300	Gleichzeitig fördert der Power-Wirkstoff die Regenerationsfähigkeit der Zellen und der Haut.
52172	Regenerationsfähigkeit	Regeneration	Fähigkeit	4.800000	0.421637	4.500000	1.269300	Obwohl die Regenerationsfähigkeit des Gehirns bei Fischen seit 50 Jahren vermutet wurde, blieben die Herkunft der neugebildeten Nervenzellen und die steuernden Mechanismen bisher ungeklärt.
52173	Regenerationsfähigkeit	Regeneration	Fähigkeit	5.000000	0.000000	4.700000	0.483046	Sie sind meisterhaft im Umgang mit allen Waffen und haben eine beunruhigende Regenerationsfähigkeit.
52174	Regenerationsfähigkeit	Regeneration	Fähigkeit	4.800000	0.421637	4.800000	0.421637	Wird bei der Härte des Trainings öfter trainiert, als es die Regenerationsfähigkeit zulässt, ist Übertraining vorprogrammiert.
52175	Regierungskommission	Regierung	Kommission	4.400000	0.699206	4.000000	1.632990	Über die Zusammensetzung der Regierungskommission für die Herzogtümer, glaubte die Centralgewalt, wäre es besser, sich gleich in Bezug der Personen zu einigen - ein Prinzip, nach welchem die Zusammensetzung statt fände, nicht erst festzustellen.
52176	Regierungskommission	Regierung	Kommission	4.500000	0.849837	4.100000	1.100500	"Sie kann in diesem Jahr aber darauf beschränkt werden, dass den Empfehlungen der "" Regierungskommission Deutscher Corporate Governance Kodex "" entsprochen wird oder welche Empfehlungen nicht angewendet werden."
52177	Regierungskommission	Regierung	Kommission	4.900000	0.316228	4.300000	1.567020	Der Konzern hat die gemäß § 161 AktG vorgeschriebene Entsprechens­erklärung einschließlich der Empfehlungen der Regierungskommission für den Deutschen Corporate Governance Kodex für das Geschäftsjahr 2013 abgegeben.
52178	Regierungskommission	Regierung	Kommission	4.500000	0.971825	4.300000	1.567020	Aus Livorno wird vom 21. April berichtet, daß die Regierungskommission abgetreten und daß die von Pistoja her anrückenden Livorneser Freiwilligen-Bataillone unterwegs von überlegener Macht umzingelt und entwaffnet worden.
52179	Regierungskommission	Regierung	Kommission	4.909090	0.301511	4.363640	1.286290	"Maßgebliche Unterstützung erfuhr das Projekt durch die Regierungskommission "" Corporate Governance "" unter Leitung von Prof. Baums sowie durch den Arbeitskreis "" Rechnungslegung und Abschlussprüfung "" unter der Leitung der Prof. Baetge / Lutter."
52180	Regierungskommission	Regierung	Kommission	4.700000	0.674949	4.400000	1.074970	Dies müsse die zu bildende Regierungskommission im Auge haben und auch die Länder unter Mitwirkung ihrer Fachleute von Polizei und Verfassungsschutz an ihrer Arbeit beteiligen.
52181	Regierungskommission	Regierung	Kommission	4.600000	0.699206	4.400000	1.349900	Die Regierungskommission bewilligte 24 Stunden vor Ablauf der von den Albanern gestellten Frist die wichtigsten Punkte der von ihnen aufgestellten Forderungen.
52182	Regierungskommission	Regierung	Kommission	4.400000	0.966092	4.400000	1.577620	(Bravo! ) Der gehaßte, verachtete Karl v. Moltke steht an der Spitze der Regierungskommission.
52183	Regierungskommission	Regierung	Kommission	4.400000	0.843274	4.700000	0.483046	Eine vom Bundesministerium für Justiz im September 2001 eingesetzte Regierungskommission hat am 26. Februar 2002 diesen Kodex verabschiedet.
52184	Reichsführer	Reich	Führer	3.900000	1.852930	4.200000	1.549190	"Am 12. August 1944 überfiel die 16. SS-Panzergrenadierdivision "" Reichsführer SS "" das kleine norditalienische Dorf Sant ' Anna di Stazzema."
52185	Reichsführer	Reich	Führer	3.400000	2.065590	4.400000	0.699206	Im Dezem­ber 1933 wurde Adalbert Probst zum Reichsführer der DJK bestimmt.
52186	Reichsführer	Reich	Führer	3.700000	1.946510	4.500000	0.707107	Dem SS-Führer im Rasse - und Siedlungswesen als Vertreter des zuständigen Höheren SS - und Polizeiführers in seiner Eigenschaft als Beauftragter des Reichskommissars für die Festigung deutschen Volkstums wird gleichzeitig Gelegenheit ge-geben, seinerseits seine Feststellungen nach den Richtlinien des Reichsführers SS zu treffen.
52187	Reichsführer	Reich	Führer	3.500000	1.840890	4.800000	0.421637	' Lorenz: ' Reichsführer, es geht um die Durchführung des Ihnen bekannten Führerbefehls betr. Nicht-Umsiedlung der Batschkadeutschen.
52188	Reichsführer	Reich	Führer	4.000000	1.563470	4.900000	0.316228	Am 9. Januar 1929 ernannte ihn Adolf Hitler zum SS - Reichsführer, und er wurde 1930 Mitglied des Reichstages.
52189	Reifeprozess	Reife	Prozess	4.400000	0.843274	4.000000	1.054090	So entsteht ein sehr privates Bild von Gunta Stölzl und ihrem Reifeprozess als Künstlerin und Persönlichkeit.
52190	Reifeprozess	Reife	Prozess	4.200000	1.135290	4.100000	1.286680	Der Kostümwechsel unterstreicht diesen vordergründigen Reifeprozess: Sie tragen jetzt keine kurzen Hosen mehr, sondern stecken in den Uniformen erwachsener Männer.
52191	Reifeprozess	Reife	Prozess	4.300000	1.567020	4.200000	1.549190	Kleines Bierlexikon A-E G-H J-M N-R S T-U V-W Nachgärung Der Reifeprozess des Jungbieres vollzieht sich während der Nachgärung in den Lagertanks.
52192	Reifeprozess	Reife	Prozess	3.500000	1.840890	4.300000	0.674949	"- Als "" Privatschule "" deren erklärtes Ziel statt meßbarer Wissensansammlung menschliche Reifeprozesse und Eigenverantwortlichkeit sind und die keinerlei staatliche Unterstützung erhielt, war der "" Pesta "" niemals frei von wirtschaftlichen Sorgen."
52193	Reifeprozess	Reife	Prozess	3.800000	1.549190	4.300000	1.636390	Die Geistes-Seele hat ihren Sitz in der Zirbeldrüse - die den Reifeprozess des Menschen steuert informierte mich mein geistiger Berater.
52194	Reisezug	Reise	Zug	4.545450	0.820200	1.636360	1.433370	Er ist es, welcher der Karawane tagelang das Geleite gibt; er ist nebst den Wüstenraben der erste Vogel, welcher sich am Lagerplatze einfindet und der letzte des Reisezuges (denn zu ihm gehört der Schmutzgeier ), welcher ihn verläßt.
52195	Reisezug	Reise	Zug	4.000000	1.632990	2.800000	1.873800	Den Reisezügen durch Steppen und Wüssten folgen sie in größerer oder geringerer Zahl, gleichsam, als ob sie wüßten, daß ihnen aus solchen Zügen doch ein Opfer werden müsse.
52196	Reisezug	Reise	Zug	4.400000	0.843274	3.400000	1.577620	Die Reisezüge begleiten sie oft Tage lang, drängen sich bei jeder Gelegenheit ins Lager hinein und stehlen und plündern hier nach Herzenslust.
52197	Reisezug	Reise	Zug	4.300000	1.337490	4.300000	1.636390	In den Bundesstaaten West-Bengalen, Jharkhand und Chattisgarh wurden mehrere Anschläge auf Reisezüge verübt, zuletzt am 28. Mai 2010 mit zahlreichen Todesopfern und Verletzten.
52198	Reisezug	Reise	Zug	3.800000	1.686550	4.400000	1.577620	Mit den leeren Lokomotiven bin ich so schnell wie die schnellsten Reisezüge dieser Strecke.
52199	Reisezug	Reise	Zug	4.400000	0.966092	4.500000	1.269300	Beim Einsatz in Reisezügen waren sie, dann während der Fahrt nicht mehr besetzt, könnte es sein das WC 's ausgebaut wurden?
52200	Reisezug	Reise	Zug	4.600000	0.966092	4.700000	0.948683	(4 ) In Reisezüge, die Drehgestellwagen enthalten, sollen in der Regel nur vierachsige Gepäck - und Postwagen eingestellt werden.
52201	Reisezug	Reise	Zug	4.100000	1.663330	4.700000	0.948683	Bisher benötigte die Reisezüge für die 1.318 km lange Strecke zwischen Peking und Shanghai etwa 10 Stunden.
52202	Revolutionsführer	Revolution	Führer	4.700000	0.948683	3.900000	1.523880	Nur wenige Wochen nach der Veröffentlichung des Romans verhängte der iranische Revolutionsführer Khomeini eine Fatwa über Rushdie.
52203	Revolutionsführer	Revolution	Führer	4.300000	0.948683	4.600000	0.516398	Mehrere Rebellionen bewaffneter Tuareg erschütterten Mali und Niger in den 90er Jahren, unterstützt von Libyen, dessen Revolutionsführer Muammar al-Gaddafi in ihnen Verbündete für seine Idee eines geeinten Sahel-Sahara-Staates unter seiner Führung sah.
52204	Revolutionsführer	Revolution	Führer	4.900000	0.316228	4.700000	0.674949	40 Jahre war Muammar al-Gaddafi Staatschef und Revolutionsführer in Libyen.
52205	Revolutionsführer	Revolution	Führer	4.500000	0.707107	4.700000	0.674949	"Rodríguez ' Erklärung lag auf einer Linie mit einem Beitrag des kubanischen Revolutionsführers Fidel Castro, der Obamas Rede vor der UNO-Generalversammlung am Montag als "" weitschweifiges Geschwafel "" bezeichnet hatte, mit dem der US-Präsident versuche, "" das nicht zu Rechtfertigende zu rechtfertigen ""."
52206	Revolutionsführer	Revolution	Führer	4.700000	0.674949	4.800000	0.632456	Mehrfach probt er absurde Aufstände, sein Rausch-Traum vom Revolutionsführer hat Vorläufer: Er verbockt gründlich und vorsätzlich das Golfspiel zur Platzreife.
52207	Rosenwasser	Rose	Wasser	3.700000	1.828780	3.500000	2.068280	"Wenn nun davon etwas verschüttet wird, hilft eingestreutes Salz, Wacholderbeere, Rosenwasser nichts, es muss die Glut im Ofen den stank ausbrennen. """
52208	Rosenwasser	Rose	Wasser	3.300000	1.946510	3.600000	1.776390	5 Trost dich Gott, mein Schatz, mit Rosenwasser aus der Mistpfütze, und mit 'm Holzschlägel a Kessel.
52209	Rosenwasser	Rose	Wasser	3.600000	1.955050	3.700000	2.002780	Sechs Lot Butter werden weich gerührt, hinzu gegeben: nach und nach 10 Eidotter, 12 Lot Zucker, Zitronenschale, ½ Pfund mit Rosenwasser fein gestoßener Mandeln und für 1 Sgr. abgeschältes, in Milch getunktes und ausgedrücktes Semmelbrot.
52210	Rosenwasser	Rose	Wasser	4.000000	1.333330	3.800000	1.873800	Ich wollte die MG GC nicht verwässern:-D Aber Rosenwasser hab ich da, das kann ich mal versuchen.
52211	Rosenwasser	Rose	Wasser	4.500000	1.080120	3.900000	1.663330	Der griechische Dichter Simonides von Keos beschreibt es als aus Gletscherschnee mit Zutaten wie Früchten, Honig oder Rosenwasser bestehend.
52212	Rosenwasser	Rose	Wasser	4.300000	1.567020	4.000000	1.885620	Marzipanrohmasse mit Puderzucker und Rosenwasser verkneten, bei Bedarf noch etwas Puderzucker dazu geben.
52213	Rosenwasser	Rose	Wasser	4.600000	0.699206	4.200000	1.549190	Die Sheabutter-Milch und - Creme und die Sensi-Sana von Martina Gebhardt enthalten jeweils nur ein bisschen Rosenwasser, wo (so vermute ich ) ihr Eso-Spagyrik-Bla drin gelöst ist.
52214	Rosenwasser	Rose	Wasser	4.600000	0.699206	4.200000	1.751190	""" - "" Nimm alsbald, "" sagte der Jude, "" dieses Fläschchen Rosenwasser, und begieße sie damit, so werden sie wieder zu sich kommen."
52215	Rosenwasser	Rose	Wasser	4.181820	1.834020	4.363640	0.924416	Gurgelt Euch mit Rosenwasser, wenn Ihr seinen Namen in den Mund nehmt!
52216	Rosenwasser	Rose	Wasser	4.700000	0.674949	4.700000	0.674949	Butter, Zucker, Eier und Zitronenschale werden gut zusammengerührt, dann die abgeschälten feingeschnittenen Mandeln nebst dem Rosenwasser hinzugefügt und zuletzt das Mehl durchgemischt.
52217	Sachmangel	Sache	Mangel	3.000000	1.632990	3.800000	1.549190	Die Bestimmung setzt einen binnen sechs Monaten seit Gefahrübergang aufgetretenen Sachmangel voraus und begründet eine lediglich in zeitlicher Hinsicht wirkende Vermutung, dass dieser Mangel bereits im Zeitpunkt des Gefahrübergangs vorlag.
52218	Sachmangel	Sache	Mangel	2.700000	1.828780	4.200000	1.135290	Mit der zeitnahen Geltendmachung von Mängeln kann im Wege der Gesamtschau ggf. der Nachweis geführt werden, dass ein Sachmangel bereits bei Übergabe vorgelegen hat.
52219	Sachmangel	Sache	Mangel	4.400000	1.074970	4.600000	1.264910	der besagt: § 434 Sachmangel (1 ) Die Sache ist frei von Sachmängeln, wenn sie bei Gefahrübergang die vereinbarte Beschaffenheit hat.
52220	Sachmangel	Sache	Mangel	3.500000	1.649920	4.800000	0.632456	Wie beim Kaufvertrag sind dem Sachmangel gleich gestellt: - Lieferung eines aliud (anderes als vereinbartes Werk ) und - Lieferung einer zu geringen Menge (§ 633 Abs. 3 BGB ).
52221	Sachmangel	Sache	Mangel	3.600000	1.173790	4.800000	0.632456	§ 7 Gewährleistung Ansprüche des Kunden wegen Sachmängeln verjähren entsprechend den gesetzlichen Bestimmungen in zwei Jahren ab Lieferung des Kaufgegenstands.
52222	Saisonarbeiter	Saison	Arbeiter	4.000000	1.763830	4.600000	0.699206	Gelegenheitsjobs - Kostenlose Jobvermittlung fuer Nebenjobs - Bundesweite Jobboerse für Studenten und Saisonarbeiter - Studentenjobs Nebenjob Minijobs Ferienjobs Jobs von zu Hause Wochenendjobs Eintrag vom: 20.03.2008.
52223	Saisonarbeiter	Saison	Arbeiter	4.400000	1.577620	4.800000	0.421637	Berlin - Die Bundesregierung will an den Kindergeldansprüchen von Saisonarbeitern für deren Kinder in der Heimat nicht rütteln.
52224	Saisonarbeiter	Saison	Arbeiter	4.100000	1.286680	4.900000	0.316228	Diese Lohnsubvention in einem besonderen Arbeitsmarktsegment wird nicht zu verstärkter Beschäftigung führen, sondern zu einem Wettbewerbsvorteil der Sozialhilfeempfänger zu Lasten anderer Saisonarbeiter, die dann entsprechend arbeitslos werden.
52225	Saisonarbeiter	Saison	Arbeiter	4.700000	0.674949	4.900000	0.316228	neues Merkblatt zu Saisonarbeitern vom 3.2.2005, klicken Sie auf den link!
52226	Saisonarbeiter	Saison	Arbeiter	4.600000	0.966092	5.000000	0.000000	Herbert, Ulrich, Geschichte der Ausländerbeschäftigung in Deutschland 1880 - 1980. Saisonarbeiter, Zwangsarbeiter, Gastarbeiter, Berlin / Bonn 1986.
52227	Saisonarbeiter	Saison	Arbeiter	4.100000	1.370320	5.000000	0.000000	Parallel mit einander wirken der emporgezüchtete Rübenanbau und die Unrentabilität der Absatzproduktion von Cerealien nach der gleichen Richtung: der erstere züchtet die polnischen Saisonarbeiter, die letztere die polnischen Kleinbauern. -
52228	Saisonspiel	Saison	Spiel	4.200000	1.619330	4.300000	1.636390	Nun hat es auch den Rotenburger SV erwischt: Der Fußball-Bezirksoberligist verlor im neunten Saisonspiel nicht nur die Auswärtspartie beim abstiegsbedrohten MTV Borstel-Sangenstedt mit 1:2 (0:1 ), sondern auch noch den Nimbus der Unbesiegbarkeit sowie obendrein die Tabellenführung an Aufsteiger TSV Auetal.
52229	Saisonspiel	Saison	Spiel	4.200000	1.751190	4.800000	0.421637	Samstagmittag um 14.00 hatte die C 1 - Jugend ihr letztes Saisonspiel.
52230	Saisonspiel	Saison	Spiel	4.100000	1.728840	4.800000	0.632456	Das letzte Saisonspiel der Bären findet am darauffolgenden Sonntag in Mainz statt.
52231	Saisonspiel	Saison	Spiel	4.400000	0.843274	4.800000	0.632456	Was wir uns jetzt aufregen haben wir uns letzte Saison zwischen Saisonspiel 22 bis 26 aufgeregt und wegen CL ist immer dasselbe: Zu gut für die Liga zu Schlecht für die CL.
52232	Saisonspiel	Saison	Spiel	4.700000	0.483046	4.900000	0.316228	Gegen die Bayern machten die Devils am Samstag vor heimischem Publikum wohl ihr bestes Saisonspiel.
52233	Salzstange	Salz	Stange	4.000000	1.054090	3.900000	1.449140	"Aber das du dann auf meinen Wohnzimmerteppich einen Haufen kackst, Salzstangen reinsteckst und dann sagst "" Der Igel wohnt jetzt hier ""!!!"
52234	Salzstange	Salz	Stange	4.600000	0.699206	4.000000	1.563470	""" Das altbekannte Hausmittel Cola plus Salzstangen kann ich gegen akuten Durchfall nicht empfehlen "", betonte Hans-Jörg Epple."
52235	Salzstange	Salz	Stange	4.200000	1.135290	4.100000	1.286680	Zu den Pflanzenarten sagte Sie auch noch, dass man die Quellen essen kann und sie wie Salzstangen schmecken.
52236	Salzstange	Salz	Stange	4.400000	0.966092	4.300000	1.059350	Forscher der Universität München haben die Kombination von beiden - ergänzt durch Alkohol, Salzstangen, Zigaretten und Schlafmangel - untersucht.
52237	Salzstange	Salz	Stange	4.900000	0.316228	4.300000	1.337490	Zum Beispiel Russisch Brot, Salzstangen, After Eight, Mon Cheri und Gummibärchen.
52238	Schachspiel	Schach	Spiel	4.400000	1.577620	4.000000	1.885620	Anders als beim Schachspiel schlagen Bauern genauso wie sie bewegt werden.
52239	Schachspiel	Schach	Spiel	4.400000	1.577620	4.100000	1.728840	""" In über zwei Jahrtausenden entstanden, ist das Schachspiel mit seinen komplexen mit der Zeit gewachsenen Regeln nicht einfach zu verstehen."
52240	Schachspiel	Schach	Spiel	4.400000	1.577620	4.300000	1.636390	Um hier bei Rambus Chartology weiter am Thema dranzubleiben, werden wir uns im Folgenden das komplexe Schachspiel am Edelmetallmarkt anschauen.
52241	Schachspiel	Schach	Spiel	4.900000	0.316228	4.600000	0.699206	Er hat auch ein ganzes Schachspiel von Eisen sehr künstlich gefertigt und wurde wegen seiner Kunst an den Berliner Hof berufen.
52242	Schachspiel	Schach	Spiel	4.600000	0.699206	4.600000	0.966092	1498 Die Weiber sind wie die Könige im Schachspiel, die besten Steine zu gewinnen und zu verlieren.
52243	Schachspiel	Schach	Spiel	4.700000	0.948683	4.700000	0.483046	So wie Stefan Zweig das Schachspiel in seinem Buch beschreibt, könnte man ebenfalls das Fechten charakterisieren.
52244	Schachspiel	Schach	Spiel	5.000000	0.000000	4.800000	0.421637	"Die prämierten Beiträge Nachruf Wie das Schachspiel seine Unschuld verlor Zum Tod des ehemaligen Schachweltmeisters Bobby Fischer "" Ich glaube nicht an Psychologie, ich glaube an gute Züge."
52245	Schachspiel	Schach	Spiel	5.000000	0.000000	4.800000	0.421637	"Er schrieb "" Das Zwischenspringerspiel im Nachzuge "" Berlin 1839; und "" Handbuch des Schachspiels "", das nach seinem Tode 1840 von Haydebrand herausgegeben wurde und als die beste Schrift über das Schachspiel gilt."
52246	Schachspiel	Schach	Spiel	4.900000	0.316228	4.900000	0.316228	"Auch veröffentlichte er eine Reihe von Schriften über das Schachspiel und redigierte von 1865-76 und von 1879 bis Ende 1886 die in Leipzig erscheinende "" Deutsche Schach- Zeitung "" und die Schachspalten der bedeutendsten deutschen Blätter."
52247	Schachspiel	Schach	Spiel	5.000000	0.000000	5.000000	0.000000	Das Schachspiel ist ein Brettspiel, welches von zwei Personen auf dem Schachbrette mit den Schachfiguren gespielt wird und in der Schachpartie seinen Ausdruck findet.
52248	Schachzug	Schach	Zug	4.000000	1.763830	0.900000	1.663330	Es war ein unglücklicher Schachzug, obschon die polternde Gehässigkeit der bayerischen Staatsmänner wohl eine Züchtigung verdiente.
52249	Schachzug	Schach	Zug	4.400000	1.264910	1.400000	1.577620	Kurzfristig ein geschickter Schachzug, der heute jedoch heute das gesellschaftskritische Potential der Kirche von unten lähmt, weil dieser Ansatz sich in Systemimmanenzen verheddert und so vor allem den römischen Fundamentalismus stärkt.
52250	Schachzug	Schach	Zug	4.500000	0.971825	1.400000	1.646550	Die Eroberung Konstantinopels im Jahre 1204 durch die Kreuzfahrer, ein außerordentlich kühner und konsequenter Schachzug, war militärisch längst überfällig gewesen und eine Reaktion auf den verlorenen Zweiten Kreuzzug, an dem die Griechen eine wesentliche Mitschuld trugen.
52251	Schachzug	Schach	Zug	3.900000	1.663330	1.400000	1.712700	Den einfältigen Heidenseelen ist es eben bis jetzt noch nicht gelungen, zu entdecken, daß die Schachzüge der Diplomatie auf christlichen Grundregeln beruhen.
52252	Schachzug	Schach	Zug	4.500000	1.269300	1.500000	1.900290	Und ich denke, dass dies ein guter Schachzug ist.
52253	Schachzug	Schach	Zug	3.600000	1.776390	1.500000	2.013840	Soll ich mein liebes Kind mit militärischen Evolutionen und diplomatischen Schachzügen unterhalten? oder soll ich ihm mit meiner ärztlichen Widerwart eine Gänsehaut erregen!
52254	Schachzug	Schach	Zug	3.900000	2.079000	1.600000	2.065590	Trainerfuchs Serdarusic anwortete mit dem wohl spielentscheidenden Schachzug: Er schickte Nikola Karabatic in die Rückraum-Mitte, beorderte Hagen auf seine angestammte halblinke Position und ließ die Abwehr nun deutlich heraus rücken.
52255	Schachzug	Schach	Zug	3.900000	1.595130	1.700000	1.636390	Jetzt aber kam an den Tag, daß jene kräftigen November-Noten für Österreich und Hannover nur ein diplomatischer Schachzug gewesen waren.
52256	Schachzug	Schach	Zug	3.900000	1.663330	2.700000	1.766980	Obwohl es äußerst brave historische Schachzüge sind, ohne die du wieder überhaupt nicht wärst, -- sintemal dich nicht ein Philosoph a posteriori, sondern die liebe Mutter Entwicklung sehr a priori herausgedacht hat.
52257	Schachzug	Schach	Zug	3.900000	2.079000	2.800000	2.299760	Deutsche Wissenschaftler konnten jetzt belegen, dass sich hinter diesem Effekt weit mehr als ein psychologischer Schachzug verbirgt: Sie stellten fest, dass sich das für den Redefluss zuständige Zentrum bei Stotterern anstatt in der linken in der rechten Gehirnhälfte befindet.
52258	Schadenfreude	Schaden	Freude	2.700000	1.946510	3.700000	1.636390	Nicht ohne Schadenfreude bemerkte er, daß die anderen Großmächte allesamt das evangelische Bistum mit scheelen Augen betrachteten.
52259	Schadenfreude	Schaden	Freude	3.700000	1.494430	3.900000	1.595130	"Da sind 500 Euro so nebenbei (... "" Uuppps, die Pannenshow "" ) sicher drin (Schadenfreude ist ja bekanntlich die schönste aller Freuden )."
52260	Schadenfreude	Schaden	Freude	4.200000	1.316560	4.200000	1.032800	Mit Schadenfreude berichtet das liebliche Bourgeoisblatt, Barbes, im Turme von Vincennes, sei bettlägerig; was sich leider bestätigt; eine seiner Schwestern ist zur Pflege beständig um ihn.
52261	Schadenfreude	Schaden	Freude	3.400000	1.646550	4.400000	0.843274	Trotz der Angst, mit der wir alle leben mussten, empfanden ich und alle, denen ich damals davon berichtete, ein kleines Maß an Schadenfreude.
52262	Schadenfreude	Schaden	Freude	3.600000	2.011080	4.400000	0.843274	"Wie gründlich täuschte er sich, als er in der ersten Schadenfreude zu Canitz sagte: "" diese Leute haben meiner Sache eher genützt als geschadet. """
52263	Schadenfreude	Schaden	Freude	3.800000	1.619330	4.400000	1.074970	Heiter, kritisch, keineswegs verbissen, NEIN zu: blanker Polemik, Agitation / Propaganda / Demagogie, Demütigung (Hohn, Häme, Schadenfreude ), Agitation / Propaganda / Demagogie.
52264	Schadenfreude	Schaden	Freude	3.200000	1.475730	4.500000	0.707107	Als 63jähriger Mann heiratete er die 20jährige Charlotte Amalie von Hessen-Philippsthal und versäumte nicht, mit einer gewissen Schadenfreude die Geburt weiterer acht nun standesgemäßer Kinder mit Royalfoliobögen überall anzuzeigen.
52265	Schadenfreude	Schaden	Freude	3.000000	1.885620	4.500000	1.269300	"Stundenweit waren ihm die Kölner entgegengezogen; Franz aber ließ sich die Huldigungen mit schlecht verhehlter Schadenfreude wohl gefallen und schrieb unter einen Bericht Metternichs, der ihm von der Kaisertreue des Rheinlands erzählte, zufrieden sein: "" Dient zur angenehmen Wissenschaft. """
52266	Schadenfreude	Schaden	Freude	3.500000	2.013840	4.600000	0.699206	Nikolaus verhehlte nicht seine Schadenfreude über den Londoner Vertrag; er hoffte dem französischen Thronräuber wo nicht eine Niederlage auf dem Schlachtfelde, so doch eine beschämende öffentliche Demütigung zu bereiten.
52267	Schadenfreude	Schaden	Freude	3.500000	1.649920	4.800000	0.421637	War 2 Tage weck und hab das Spiel D-Serbien nicht gesehn, kann mir nat. eine hämische Schadenfreude nicht verkneifen!
52268	Schaffensprozess	Schaffen	Prozess	3.500000	2.121320	4.000000	1.632990	Sie zeigen den Schaffensprozess als ein langwieriges und mühsames Umformen.
52269	Schaffensprozess	Schaffen	Prozess	3.900000	1.595130	4.000000	1.885620	konzentrierten Einstellungen lässt uns der Film an einem sehr persönlichen, spannungsgeladenen Schaffensprozess teilhaben.
52270	Schaffensprozess	Schaffen	Prozess	3.700000	1.636390	4.100000	1.286680	""" Mir macht das Spaß, auch wenn dieser Schaffensprozess schmerzhaft sein kann."
52271	Schaffensprozess	Schaffen	Prozess	4.100000	1.523880	4.200000	1.032800	Zu dieser Zeit gehört Inès de la Fressagne zu seinen Musen und beeinflusst ihn maßgeblich in seinem Schaffensprozess.
52272	Schaffensprozess	Schaffen	Prozess	4.600000	0.843274	4.600000	1.264910	"In dem im Neuen Deutschland vom 3.7.1958 abgedruckten Auszug wird der "" sozialistische Realismus im künstlerischen Schaffensprozeß "" vermißt."
52273	Schallquelle	Schall	Quelle	4.500000	1.080120	2.100000	1.911950	Regelmässige Lufterschütterungen dagegen, bei denen die Luft ursprüngliche Schallquelle ist, sind die Klänge der Flöten und der ihnen ähnlichen Orgelpfeifen.
52274	Schallquelle	Schall	Quelle	4.600000	0.699206	2.300000	1.766980	Dazu wird ein spezieller Ultra-Silent Testrechner auf Basis des Chieftec CS 601 Towers eingesetzt, dessen andere Schallquelle lediglich ein passives Deltatronic Netzteil ist.
52275	Schallquelle	Schall	Quelle	4.900000	0.316228	2.600000	1.577620	Da aber die Größe einer Kugeloberfläche im Verhältnis des Quadrates ihres Radius wächst, so steht demnach die Schallintensität selbst im umgekehrten Verhältnis des Quadrates der Entfernung von der Schallquelle.
52276	Schallquelle	Schall	Quelle	4.400000	0.966092	3.000000	1.490710	Jedermann kennt aber schon das Spielzeug der Kinder, durch welches sie ein besseres Verstehen weit entfernter Schallquellen möglich machen, den gespannten Hanffaden.
52277	Schallquelle	Schall	Quelle	4.000000	1.632990	3.000000	1.885620	Eine Schallquelle, die sich schneller als der Schall in Luft bewegt, erzeugt einen Machschen Kegel.
52278	Schallquelle	Schall	Quelle	4.555560	0.527046	3.111110	1.833330	Befinden sich dagegen in kleiner Entfernung von der Schallquelle reflektierende Wände, so dass die reflektierten Schallstrahlen sich mit den direkten vermischen, so wird eine Schallverstärkung hervorgerufen.
52279	Schallquelle	Schall	Quelle	4.900000	0.316228	3.200000	1.751190	Mit diesem Gesamtbereich von 210 Grad können Sie das Mikrofon immer exakt auf die Schallquelle ausrichten.
52280	Schallquelle	Schall	Quelle	4.800000	0.632456	3.600000	1.505550	Dieser Versuch macht unmittelbar, sehr praktisch erlebbar, wie refektierende Gegenstände oder Flächen in der Nähe von Schallquellen wirken.
52281	Schallquelle	Schall	Quelle	5.000000	0.000000	3.600000	1.837870	Der Hallradius gibt an, in welchem Abstand zu einer Schallquelle im Raum die Schalldruckpegel von direktem, also von der Schallquelle abgestrahlten, und difusem, also indirekten Schallfeld gleich groß sind.
52282	Schattenspiel	Schatten	Spiel	4.700000	0.674949	1.600000	0.966092	Zwar noch heute ist frei der Schatten, Aber nicht des Lichtes Schein; Licht will man uns wohl verstatten, Doch zum Schattenspiel allein.
52283	Schattenspiel	Schatten	Spiel	4.500000	1.581140	1.800000	1.686550	Die Vielfalt von den Farben der Natur und das Schattenspiel ist irgendwie anders, ebend toll alles, was man jetzt alles so vor die Linse bekommt.
52284	Schattenspiel	Schatten	Spiel	4.200000	1.619330	1.800000	2.097620	Zwar haben wir Hellhäuter diese Unterscheidungsmetaphorik nicht gerade allein erfunden - manch geistiges Licht - und Schattenspiel ist uns überliefert von Völkern, deren Gesichter alles andere als alabasterfarben glänzen.
52285	Schattenspiel	Schatten	Spiel	3.400000	2.065590	2.400000	1.897370	"Nun so wisse, dass dir deine Vernunft außer den sinnlichen Erfahrungen weiter nichts taugt, als dich in dem heillosen dialektischen Schattenspiele herumzujagen, und dass es also wohl sehr vernünftig, größte, reinste Vernunft ist, da zu glauben, wo du nie wissen kannst """
52286	Schattenspiel	Schatten	Spiel	3.600000	1.837870	2.500000	1.649920	Auch wenn ihre Worte sich besser anhören, weil sie rethorisch besser verpackt sind bzw. sich andere besser auf diplomatische Schattenspiele verstehen.
52287	Schattenspiel	Schatten	Spiel	4.000000	1.699670	2.600000	2.270580	Sie haben die Werte des Vampirs, die er bei Schattenspielen hat und sind 2 Meter lang.
52288	Schattenspiel	Schatten	Spiel	4.500000	0.971825	2.700000	1.337490	Eine große, etwas schadhafte Marquise war hier herabgelassen und gab Schutz gegen die Sonne, deren Lichter durch die schadhaften Stellen hindurch schienen und auf den Fliesen ein Schattenspiel aufführten.
52289	Schattenspiel	Schatten	Spiel	4.500000	0.971825	2.800000	1.229270	Schattenspiel, bunte oder schwarze Schattenbilder. die man auf einer weißen Wand auffängt, indem man dieselben zwischen die Wand u. eine Lampe bringt od. auch die Laterne magica (s. d. ) anwendet.
52290	Schattenspiel	Schatten	Spiel	3.900000	1.370320	2.800000	1.988860	Das Phantom schien sich im Profil etwas rechts zu bewegen, und würde ohne den dicken Rauch, wie ein Schattenspiel ohne Farben, oder wie eine vergrößerte, jedoch weiße ombre chinoise geschienen haben.
52291	Schattenspiel	Schatten	Spiel	4.000000	1.563470	3.600000	1.646550	"Regisseur Wolfgang Quetes nutzt die Ouvertüre, um in einer Art scherenschnittartigem Schattenspiel den Zusammenhang der Geschichte zu dem 1775 erschienenen Werk Beaumarchais ' "" Le Barbier de Séville "" herzustellen."
52292	Schauspiel	Schau	Spiel	2.500000	1.957890	2.600000	1.505550	Jetzt oder nie ist der Augenblick gekommen, wo das großartigste Schauspiel, welches je die Welt gesehen hat, ins Leben treten könnte, das Schauspiel, daß jene beiden Nationalversammlungen sich die Hände reichten zur Befreiung und Pazifizierung Europas.
52293	Schauspiel	Schau	Spiel	3.400000	1.264910	2.800000	1.813530	30 000 Erfurter haben für das Neue Schauspiel unterschrieben, können Sie das ignorieren?
52294	Schauspiel	Schau	Spiel	3.300000	1.059350	3.000000	1.333330	Der Zweite jener Arbeiter bot ein nicht weniger betrübendes Schauspiel dar; derselbe war Eigentümer eines Weinbergs und erntete, je nach den Jahren, drei oder vier Stückfaß Wein.
52295	Schauspiel	Schau	Spiel	2.900000	2.131770	3.000000	1.943650	Ein Schauspiel war für mich der Saturn vor M 1 nicht.
52296	Schauspiel	Schau	Spiel	3.200000	1.475730	3.700000	1.059350	Der Mensch hinter der Maske war gleichgültig im Angesicht des Schauspiels, dessen Hauptdarsteller er war.
52297	Schauspiel	Schau	Spiel	3.600000	1.173790	3.700000	1.418140	Die eine steht durch besondere Stärke und Ausdehnung des Ernstes in der nächsten Nachbarschaft des Schauspiels; so der Kaufmann von Venedig, Ende gut Alles gut, Viel Lärmen um Nichts, Sturm, Cymbeline, Maß für Maß, das Wintermärchen.
52298	Schauspiel	Schau	Spiel	3.700000	0.948683	3.700000	1.766980	Die Freunde (Schauspiel ), 1904. - Sonnenkinder (Schsp. ).
52299	Schauspiel	Schau	Spiel	3.500000	1.080120	3.800000	1.229270	Bestanden Wintersemester 2007 / 2008 Am 9. Februar verabschiedete Rektor Prof. Dr. Martin Pfeffer im Kammermusiksaal wieder feierlich 70 Absolventen aus den Studiengängen der Instrumentalausbildung, Lehramt Musik, Komposition, Musical und Schauspiel.
52300	Schauspiel	Schau	Spiel	3.300000	1.828780	3.900000	1.286680	Die Lügen des Herzens (Schauspiel ), 1876. -
52301	Schauspiel	Schau	Spiel	3.600000	1.577620	4.300000	1.059350	"- Das groteske "" Schauspiel "" zwischen Hurley und Miles in "" Whatever happend happend "" - Der komplette Flashback in "" Stranger in a strange Land "" - Der Season 4 opener - kleinBens tod als miesen Cliffhanger..."
52302	Schichtarbeiter	Schicht	Arbeiter	3.900000	1.663330	4.700000	0.674949	Mein Vater ist Schichtarbeiter und wenn er nciht Frühschicht hat dann geht er in der Früh mit beiden eine Stunde oder er geht mit Antia auf den Berg wandern.
52303	Schichtarbeiter	Schicht	Arbeiter	2.800000	1.988860	4.800000	0.421637	Schon niedrige Dosierungen des Schlafhormons Melatonin fördern den Schlaf, was vor allem beim Jet-Lag auf Reisen sowie Schichtarbeitern und Senioren mit Schlafproblemen hilft.
52304	Schichtarbeiter	Schicht	Arbeiter	4.100000	1.286680	4.900000	0.316228	Wie Statistiken gezeigt haben, ist jeder sechste Arbeitnehmer ein Schichtarbeiter.
52305	Schichtarbeiter	Schicht	Arbeiter	4.200000	1.229270	5.000000	0.000000	04.10.2004 23:12 Schichtarbeiter Frühschicht 5.45 - 13.45 Spätschicht 13.45 - 21.45 Nachtschicht 21.45 - 5.45 Feiertags, Samstag und Sonntags ist auch als dabei!
52306	Schichtarbeiter	Schicht	Arbeiter	4.500000	0.849837	5.000000	0.000000	Ich bin oft alleine Abends, da mein Schichtarbeiter nicht da ist.
52307	Schiffsführer	Schiff	Führer	4.800000	0.632456	2.600000	2.118700	Die Dienst-Instruktion zu §. 35 des Kons.-Ges. enthält die näheren Vorschriften, nach welchen Rücksichten der Konsul bei Auswahl des Schiffsführers zu handeln hat.
52308	Schiffsführer	Schiff	Führer	4.900000	0.316228	3.000000	2.000000	-- Die Ergebnisse der Lotung gewähren dem Schiffsführer die Möglichkeit, die Tiefe und Beschaffenheit des Meeresgrundes mit den Angaben der Seekarten zu vergleichen, gegebenenfalls die Resultate der Bestecks-Rechnung danach zu verbessern.
52309	Schiffsführer	Schiff	Führer	4.600000	0.699206	3.200000	1.751190	gebe. am 9. Oktbr. 1868 zu Dittersbach in Schlesien als der Sohn eines kaiserlichen Schiffsführers, verlebte seine Kindheit in verschiedenen Orten an der Nordseeküste und besuchte vom 11. Jahre ab das Gymnasium erst in Torgau, später in Waldenburg.
52310	Schiffsführer	Schiff	Führer	4.600000	0.699206	3.300000	1.766980	Ihnen liegt die Entscheidung ob, wenn der Schiffsführer Weigerungsgründe vorschützt.
52311	Schiffsführer	Schiff	Führer	4.700000	0.483046	3.800000	1.475730	Auch ist in vielen Verträgen die Konfiskation der Schiffe sogar ausdrücklich ausgeschlossen, desgleichen dem Schiffsführer die Befugnis erteilt, durch sofortige Herausgabe der verbotenen Ware sich von jeder Wegführung und Störung seiner Fahrt zu befreien.
52312	Schiffsführer	Schiff	Führer	4.800000	0.421637	4.200000	1.032800	Sie müssen die Anordnungen des Schiffsführers, seines Beauftragten und der Aufsichtsperson an den Anlegestellen befolgen.
52313	Schiffsführer	Schiff	Führer	4.800000	0.632456	4.300000	0.948683	Seit einigen Wochen ist Winfield Burmeister groß herausgekommen: Er sollte als Schiffsführer eines Schilfbootes die recht unerfahrene Crew der ABORA III des Experimentalarchäologen Dominique Görlitz aus Chemnitz von New York über den Atlantik?
52314	Schiffsführer	Schiff	Führer	4.400000	1.264910	4.400000	1.264910	Der Schiffsführer muss die Schiffspapiere, Crewliste sowie die Pässe vorlegen.
52315	Schiffsführer	Schiff	Führer	4.700000	0.483046	4.500000	0.849837	2. Jeder Verband muß gleichfalls unter der Führung eines hierfür geeigneten Schiffsführers stehen.
52316	Schiffsführer	Schiff	Führer	4.900000	0.316228	4.700000	0.483046	Gesenkte Blutalkoholkonzentration Die gesetzliche Promillegrenze für Schiffsführer ist seit dem 24. Juli 2010 von 0,8 auf 0,5 Promille abgesenkt worden.
52317	Schlafmangel	Schlaf	Mangel	4.700000	0.674949	4.500000	1.581140	Zunächst gehen die meisten Menschen zum Arzt, weil sie unter Appetitlosigkeit, Schlafmangel, Konzentrationsstörungen oder Kopfschmerzen leiden.
52318	Schlafmangel	Schlaf	Mangel	4.800000	0.421637	4.600000	1.264910	Sie umfasst auch die angeborene oder erworbene körperliche Verfassung insgesamt, etwa die Leistungsfähigkeit des Immunsystems, den zu hohen oder zu niedrigen Blutdruck, chronische Erkrankungen wie Diabetes mellitus, den Ernährungszustand oder auch schlicht aus ständigem Schlafmangel resultierende Erschöpfung.
52319	Schlafmangel	Schlaf	Mangel	4.400000	1.349900	4.700000	0.483046	Schlafmangel steht in Verdacht, Diabetes, Übergewicht und andere Erkrankungen hervorzurufen.
52320	Schlafmangel	Schlaf	Mangel	4.600000	0.966092	4.800000	0.632456	Diese Veränderungen können durch eine Vielzahl individueller Trägerfaktoren ausgelöst werden, wie z. Stress, Schlafmangel, Alkohol oder bestimmte Nahrungsmittel.
52321	Schlafmangel	Schlaf	Mangel	5.000000	0.000000	5.000000	0.000000	--- Ich hoffe ich muss mir nicht sorgen machen, dass es außer Thomas Schlafmangel fast schon zu harmonisch is:?
52322	Schlussphase	Schluss	Phase	4.700000	0.674949	4.300000	1.567020	Wir haben die Partie 80 Minuten kontrolliert, nur in der Schlussphase haben wir etwas die Ordnung verloren.
52323	Schlussphase	Schluss	Phase	3.800000	2.043960	4.300000	1.636390	Stefanie Bertram markierte das 24:14 (53. ) und führte ihre Mannschaft damit in eine sichere Schlussphase.
52324	Schlussphase	Schluss	Phase	4.333330	0.866025	4.444440	1.333330	Zum Verhalten des HFC in der Schlussphase möchte ich mich nicht äußern.
52325	Schlussphase	Schluss	Phase	4.500000	0.707107	4.600000	0.516398	In einer hektischen Schlussphase rasteten einige Stuttgarter aus, Haber sah nach Tätlichkeit an Michalke noch die rote Karte.
52326	Schlussphase	Schluss	Phase	4.300000	1.567020	4.900000	0.316228	Die Kölner Bemühungen in der Schlussphase brachten dann nichts mehr ein, so dass es nach 90 Minuten bei der knappen 0:1 - Niederlage blieb.
52327	Schneekette	Schnee	Kette	3.900000	1.370320	2.900000	1.852930	Die allgemeine Dürre des von Waldung ganz entblößten Bodens auf der weiten Hochebene von Quito und der Mangel wasserreicher Flüsse am Fuß der Schneekette sind deutliche Beweise von dem Versinken alles Flüssigen in das Erd-Innere.
52328	Schneekette	Schnee	Kette	3.900000	1.595130	2.900000	1.969210	Die Schneekette der Antis oder Anden wurde danach als eine Ostkette betrachtet.
52329	Schneekette	Schnee	Kette	4.200000	1.751190	3.400000	2.366430	Mausart ist eine Verstümmlung des tatarischen Wortes Muztag: gleichbedeutend mit unserer Bezeichnung Schneekette, Sierra Nevada der Spanier; Himalaja in den Gesetzen des Manu: Wohnsitz (alaya ) des Schnees (hima ); der Siue-schan der Chinesen.
52330	Schneekette	Schnee	Kette	4.100000	1.595130	3.600000	1.897370	Bin Jahre lang keinen Allrader in den Bergen (meine auf der Strasse ) gefahren, die elektronischen Helflerlein gepaart mit guten Winterreifen (+ Schneeketten ) führen dich überall hin.
52331	Schneekette	Schnee	Kette	4.800000	0.632456	4.300000	0.823273	Da kann Jäggi problemlos den Laut ' rern Schneeketten bei 40 ° im Schatten verkaufen, die schlucken heute alles, selbst den Abstieg im WM Jahr.
52332	Schneekette	Schnee	Kette	4.300000	1.567020	4.400000	1.264910	"Bevor die Schneeketten im Frühjahr "" eingemottet "" werden, sollten Sie die Ketten gründlich mit warmem Wasser reinigen und vor dem Wegpacken gut trocknen lassen; Gleit - und Konservierungssprays runden den "" Heimservice "" ab."
52333	Schneekette	Schnee	Kette	4.600000	0.966092	4.400000	1.264910	Ich habe mich auch schon beim Hotel erkundigt, die haben sogar zu mir gesagt, dass ich keine Schneeketten brauche!?
52334	Schneekette	Schnee	Kette	3.600000	1.955050	4.500000	0.707107	4. Schneeketten: Sind am 280 GE die 5 - Speichen-Felgen Ashtaroth, 7.5 Jx 18 ET 43 mit den Yokohama Geolander H / T 265 / 60 R 18 110 V M+S montiert, passen die vorhandenen vier Schneeketten für den G 55 AMG.
52335	Schneeverhältnis	Schnee	Verhältnis	4.900000	0.316228	2.100000	1.523880	Der Tioga Pass wird nicht an einem bestimmten Tag des Jahres geöffnet, es richtet sich nach den Wetter - bzw. Schneeverhältnissen.
52336	Schneeverhältnis	Schnee	Verhältnis	4.700000	0.674949	2.100000	1.595130	Die Schneeverhältnisse sind sehr günstig, und die Verpflegung in der Klubhütte verdient alle Anerkennung.
52337	Schneeverhältnis	Schnee	Verhältnis	5.000000	0.000000	2.400000	1.646550	Sobald die Schneeverhältnisse es zulassen, werde ich mir mal einen Longierzirkel abstecken / mit Stangen legen, damit wir auch in der Kurve eine Begrenzung haben (in die Ecken konnte ich wegen den Bodenverhältnissen nicht so richtig rein ).
52338	Schneeverhältnis	Schnee	Verhältnis	4.400000	1.577620	2.600000	1.712700	Bei guten Schneeverhältnissen enden die Skipisten direkt am Hotel Central.
52339	Schneeverhältnis	Schnee	Verhältnis	4.600000	0.699206	2.700000	1.702940	Durch die hervorragenden Schneeverhältnisse ging die Zahl der Spaltenunfälle zurück, während Vorfälle mit Steinschlag leicht anstiegen.
52340	Schneeverhältnis	Schnee	Verhältnis	4.700000	0.674949	2.800000	1.475730	Die Schneeverhältnisse wurden durch den starken Wind der letzten Tage stark beeinträchtigt.
52341	Schneeverhältnis	Schnee	Verhältnis	5.000000	0.000000	3.200000	1.135290	"Sie hatten ganz überraschend am "" Hellanger-Gletscher "" optimale Schneeverhältnisse vorgefunden, was ihnen zuerst keiner glaubte."
52342	Schnittfläche	Schnitt	Fläche	3.700000	1.702940	3.600000	2.011080	Die lange Seite des Oblongums legt man der langen Diagonale der Schnittfläche H parallel, und die kurze Seite macht man so lang, daß die beiden Bilder mit ihrer langen Seite an einander stoßen.
52343	Schnittfläche	Schnitt	Fläche	3.600000	1.776390	3.800000	1.686550	Bewegt sich aber das Werkstück w gegensätzlich zu s nach rechts, so kann die zwischen w und s auftretende Reibung das Stichelhaus um b drehen, so dass die Schneide des Stichels leicht auf der Schnittfläche gleitet.
52344	Schnittfläche	Schnitt	Fläche	4.300000	0.823273	3.900000	1.595130	Durch Ätzen der nach dem Walzen hergestellten Schnittfläche wurden dann die stattgehabten Veränderungen deutlich sichtbar.
52345	Schnittfläche	Schnitt	Fläche	4.600000	0.699206	3.900000	1.663330	Die Colburn'sche Maschine scheint sich einiger Beliebtheit zu erfreuen, trotz der umständlichen Schaltung, der unsicheren Verbindung zwischen Stichelstange c und oberer Führungsstange b, des nicht bequemen Ausrichtens der Werkstücke und des Umstandes, dass der Stichel für seinen Rückgang nicht von der Schnittfläche abgehoben wird.
52346	Schnittfläche	Schnitt	Fläche	4.181820	1.250450	3.909090	1.640400	Jetzt durchsäge den Kristall so, daß die Schnittfläche senkrecht auf dem Hauptschnitt und zugleich senkrecht auf der Linie lγ steht, soll dies mittels eines Schnittes γg geschehen, so muß der Kristall so weit gespalten werden, daß lγ: lg = 1: 2,67.
52347	Schnittfläche	Schnitt	Fläche	4.100000	1.663330	4.100000	1.197220	Scherz, 1965. Gebundene Ausgabe Leinen Schnittfläche altersfleckig, Seiten sauber, SU etwas lichtrandig und mit Randläsuren.
52348	Schnittfläche	Schnitt	Fläche	4.200000	1.619330	4.500000	1.581140	Bärlauchbrot Das Brot der Länge nach durchschneiden und die Schnittflächen mit Butter bestreichen.
52349	Schnittfläche	Schnitt	Fläche	4.111110	1.615890	4.666670	0.707107	Es gibt Sägen, bei denen wird der Freigang zwischen Blatt und Schnittfläche durch ein zum Rücken des Blattes hin dünner geschliffenes Blatt unterstützt.
52350	Schnittfläche	Schnitt	Fläche	4.300000	1.159500	4.700000	0.483046	Die Schnittflächen sollten Sie mit Schwefelpuder bestreuen, damit keine Infektionen entstehen.
52351	Schnittfläche	Schnitt	Fläche	4.727270	0.467099	4.818180	0.603023	Die Scheiben mit der Schnittfläche nach unten nebeneinander in den Topf setzen.
52352	Schnitzeljagd	Schnitzel	Jagd	0.600000	1.349900	1.700000	1.251670	Geocaching lässt sich am besten als eine Art moderne Schnitzeljagd beschreiben...
52353	Schnitzeljagd	Schnitzel	Jagd	0.500000	0.971825	2.100000	1.663330	Gemeinsam erhalten Sie Aufgaben, die in einer abwechslungsreichen und spannenden Schnitzeljagd quer durch Bamberg gelöst werden sollen.
52354	Schnitzeljagd	Schnitzel	Jagd	1.000000	1.247220	2.400000	1.646550	Die allseits beliebte Schnitzeljagd veranstalten Flora und Tipi von 15:00 Uhr bis 17:00 Uhr auf dem KNAUS-Campingpark und hoffen auf viele kleine Jäger.
52355	Schnitzeljagd	Schnitzel	Jagd	0.600000	1.074970	2.400000	2.065590	Jansen jedoch wird durch einen Autounfall vorläufig aus dem Verkehr gezogen, so daß Batu der Schnitzeljagd, die Didic gelegt hat, folgen muß.
52356	Schnitzeljagd	Schnitzel	Jagd	0.200000	0.421637	3.100000	1.523880	Immerhin geht es mit der Handlung ein wenig voran, wenn ich auch sagen muss, dass mir die ganze Schnitzeljagd, bei der Hyperstrahlung anstelle von Papierschnitzeln verwendet wird, doch sehr konstruiert und an den Haaren herbeigezogen vorkommt.
52357	Schriftführer	Schrift	Führer	3.300000	1.766980	1.900000	2.024850	"Änderungen gab es bei dem Amt des Schriftführers; so trat Monika Bechtel nach über 14 Jahren freiwillig als Schriftführerin aus dem aktiven "" Dienst "" im Vorstand der TG aus."
52358	Schriftführer	Schrift	Führer	4.200000	1.619330	2.100000	1.728840	Die Vorstandschaft besteht aus dem 1. Vorstand, dem 2. Vorstand, dem 1. Schriftführer, dem 2. Schriftführer, dem 1. Kassier und dem 2. Kassier.
52359	Schriftführer	Schrift	Führer	3.300000	1.418140	2.300000	1.766980	Sturm als Vorsitzender, Dr. Promber, Dr. Weber als Stellvertreter, Dr. Popelack und Dr. Wenzliczke als Schriftführer.
52360	Schriftführer	Schrift	Führer	3.500000	1.433720	2.500000	1.354010	Im Übrigen ist durch den Art. 27 ausgesprochen, daß der Reichstag seinen Geschäftsgang und seine Disziplin durch eine Geschäfts- Ordnung regelt und seinen Präsidenten, seine Vizepräsidenten und Schriftführer erwählt.
52361	Schriftführer	Schrift	Führer	3.600000	1.505550	2.700000	1.567020	Zu den Mitgliederversammlungen werden die Mitglieder durch den Schriftführer gem. § 11 eingeladen.
52362	Schriftführer	Schrift	Führer	4.600000	0.699206	3.100000	1.969210	Über die Beschlüsse des Vorstandes ist ein Protokoll anzufertigen, das vom Vorsitzenden und dem Schriftführer zu unterzeichnen ist.
52363	Schriftführer	Schrift	Führer	4.000000	1.414210	3.200000	1.686550	Der Übergangsvorstand bestimmt aus seiner Mitte zwei stellvertretende Vorsitzende, eine / n Schatzmeister / in und eine / n Schriftführer / in.
52364	Schriftführer	Schrift	Führer	4.400000	0.843274	3.300000	1.337490	Obmann Hans Perko eröffnete die Versammlung und nach der Begrüßung erteilte er dem Schriftführer H. Skoflek das Wort zur Verlesung der vorjährigen Verhandlungsschrift, welche genehmigt wurde.
52365	Schriftführer	Schrift	Führer	4.200000	0.918937	3.400000	1.264910	Trotz seiner vielen Arbeit -- er ist auch Schulze u. Ortsvorsteher, Vorsitzender und Schriftführer des Mecklenb. Landesschützenvereins und Träger verschiedener Ehrenämter -- stiehlt er der Zeit noch manche Stunde ab, um seinem Inneren in plattdeutschen Dichtungen Luft zu machen.
52366	Schriftführer	Schrift	Führer	4.500000	0.707107	3.600000	1.264910	1 ) Beratung über den, Namens des Büros, durch den Schriftführer, Hrn. v. Möring, erstatteten Bericht, die Heizung und Beleuchtung der Paulskirche betreffend.
52367	Schriftzug	Schrift	Zug	4.700000	0.674949	0.200000	0.421637	""" Daß sie mehr Marys Schriftzügen glichen, obwohl nicht ganz. """
52368	Schriftzug	Schrift	Zug	4.900000	0.316228	0.300000	0.483046	Nun drehen Sie den Schriftzug mit gedrückter linker Maustaste um 180 °.
52369	Schriftzug	Schrift	Zug	4.700000	0.483046	0.500000	0.849837	Mit einem Gemälde begann es, Schriftzüge traten zum Gemälde, jetzt erstrebt man gar urkundliche Festsetzung.
52370	Schriftzug	Schrift	Zug	4.700000	0.674949	0.600000	0.966092	Doch wurde er, ohne es zu wollen, daran erinnert, als er sich übers Bett neigte, um die Schriftzüge zu lesen, welche das Blatt in Theodor's Hand enthielt.
52371	Schriftzug	Schrift	Zug	5.000000	0.000000	0.600000	1.264910	Farblich darauf abgestimmt sind die designo-Holzzierteile sowie das Holz / Leder-Lenkrad und der neu geformte Holz / Leder-Wählhebelgriff mit G 55 - Schriftzug.
52372	Schriftzug	Schrift	Zug	4.800000	0.421637	0.800000	0.788811	"Erstlich zeigt die in gewissen Einzelheiten sehr charakteristische Handschrift die vollständigste Übereinstimmung mit unzweifelhaft Humboldtschen Schriftzügen, namentlich mit denen des kürzlich vor den "" Briefen an eine Freundin "" im Faksimile mitgeteilten Stammbuchsblattes vom Jahre 1788."
52373	Schriftzug	Schrift	Zug	4.900000	0.316228	0.900000	1.370320	Sie werden bevorzugt auf Veranstaltungen, Präsentationen und Festen eingesetzt, um individuelle Werbebotschaften in Form eines gedruckten Bildes oder Schriftzuges zu vermitteln!
52374	Schriftzug	Schrift	Zug	4.900000	0.316228	1.000000	1.414210	Ebenfalls möchte ich Schriftzüge mit CorelDraw anfertigen und mit geeignetem Gerät auschneiden.
52375	Schriftzug	Schrift	Zug	4.600000	0.966092	1.200000	1.316560	"Links - und rechtsseitig vom Eingang sind Wappen mit dem Schriftzügen "" 1. April 1815 "" und "" 30.07.1898 "" (Geburts - und Todesdatum Bismarcks ) angebracht."
52376	Schriftzug	Schrift	Zug	4.222220	1.641480	1.222220	1.641480	Er ist mehr bei sich selbst, als bei der Welt; von Zeit zu Zeit fließt ein leiser Schriftzug in sein Taschenbuch.
52377	Schuhwerk	Schuh	Werk	5.000000	0.000000	0.800000	1.229270	Das Schuhwerk und die Kleidung sollten bequem und funktionell hinsichtlich Witterung und Gelände sein.
52378	Schuhwerk	Schuh	Werk	4.400000	1.074970	1.000000	0.816497	Der Eigentümer des Hauses, einer der ersten Hufschmiede der Stadt, bediente daselbst seine Kunden, und nicht Jeder geht gern zwischen zwei Reihen Gäulen durch, die ihm alle die Hinterteile zuwenden und nicht alle ganz gutwillig ihr Schuhwerk in Behandlung geben.
52379	Schuhwerk	Schuh	Werk	4.800000	0.421637	1.300000	1.418140	Es bleibt deshalb für Sie abzuwägen, ob Sie mit und ohne Schuhwerk die gleiche Fahrtauglichkeit aufweisen.
52380	Schuhwerk	Schuh	Werk	4.400000	1.264910	1.400000	1.264910	Bereitwillig nenne ich ihr gute Gasthöfe, gebe ihr den wertvollen Rat, nie anders als mit genügend ausgetretenem Schuhwerk zu reisen u. s. w., sie sieht mich verblüfft und verstimmt an und gesteht dann ihre Enttäuschung.
52381	Schuhwerk	Schuh	Werk	4.900000	0.316228	1.400000	1.577620	Das Wetter war abscheulich; Tage lang strömten die kalten Herbstregen nieder und durchweichten seinen Pelz; sein Schuhwerk hielt den schlechten Wegen nicht Stand und fing an sich zu lösen.
52382	Schuhwerk	Schuh	Werk	4.600000	0.699206	1.500000	1.433720	Das hat mir ziemlich gestunken, denn so viel Schuhwerk hatte ich ja nun auch nicht mit, um das einfach austrocknen zu lassen.
52383	Schuhwerk	Schuh	Werk	4.800000	0.421637	1.500000	1.433720	Das Frauenzimmer, das mit dem Schuhwerk vor ihr hingekniet war, stieß einen Ruf des Entzückens aus.
52384	Schuhwerk	Schuh	Werk	4.400000	1.577620	1.600000	1.505550	Laufen benötigt kaum Zubehör oder Gerätschaft, ausgenommen dem Schuhwerk.
52385	Schuhwerk	Schuh	Werk	4.111110	1.691480	1.888890	1.964970	Eine klassische Gestalt, hoch geschürzt, die Schritte nicht durch zwängendes Schuhwerk gehemmt, das gestrige Haar durch keine Spiegelkunst verschnörkelt.
52386	Schuhwerk	Schuh	Werk	4.800000	0.421637	1.900000	1.595130	So unterschiedlich auch Kleidung und Schuhwerk sein mögen, man hat ein gemeinsames Ziel.
52387	Schuldfähigkeit	Schuld	Fähigkeit	4.600000	0.699206	3.700000	1.337490	"Schuldfähigkeit Schuldfähigkeit 1. Definition Schuld, Schuldfähigkeit Um den Begriff "" Schuldfähigkeit "" zu klären muß man zunächst einmal wissen, was Schuld im Strafrecht überhaupt bedeutet."
52388	Schuldfähigkeit	Schuld	Fähigkeit	4.900000	0.316228	3.700000	1.636390	Schuldfähigkeit des Angeklagten zu seinen Gunsten nicht allzu sehr in die Waagschale geworfen werden, weil der Angeklagte seit vielen Jahren ständig Alkohol in großen Mengen trinkt und sicherlich weiß, dass er unter Alkoholeinfluss den Hang dazu hat, weitere Straftaten zu begehen.
52389	Schuldfähigkeit	Schuld	Fähigkeit	4.700000	0.674949	4.100000	1.595130	Der Umstand, daß das Gericht (in dubio pro reo ) Schuldfähigkeit verneinte und der Unterbringung eingeschränkte Schuldfähigkeit zugrundelegte, änderte an der Anfechtbarkeit überhaupt nichts.
52390	Schuldfähigkeit	Schuld	Fähigkeit	4.800000	0.421637	4.200000	1.135290	Die Anordnung nach § 63 StGB setzt die positive Feststellung eines länger andauernden geistig-seelischen Defekts voraus, der zumindest eine erhebliche Verminderung der Schuldfähigkeit im Sinne des § 21 StGB begründet st. Rspr.
52391	Schuldfähigkeit	Schuld	Fähigkeit	4.700000	0.674949	4.300000	1.337490	"Im Weiteren schaft Singer einen Bezug zu der sich daraus ergebenen Interpretation des "" freien Willens "" und stellt am Rande Überlegungen zur Schuldfähigkeit und - minderung in der Rechtsprechung an 70 Minuten anspruchsvolle, spannende, bildende Unterhaltung - auch für Laien."
52392	Schuldverhältnis	Schuld	Verhältnis	4.400000	0.843274	2.100000	1.449140	Die Verwandtschaft mit diesem bezeugt sich an unserer Einteilung: Sachenrecht, Recht der besonderen Schuldverhältnisse (besondere, im Gegensatze zu den schon vorweggenommenen Schuldverhältnissen der Polizei- und Finanzgewalt ) und Personenrecht, das sich hier beschränkt auf die uns gehörigen juristischen Personen.
52393	Schuldverhältnis	Schuld	Verhältnis	4.500000	0.707107	2.600000	1.505550	Wäre dieser Grundsatz überall anerkannt und durchgeführt, so müßte jeder vorsichtige Hausvater, wenn er auswärts Vermögen besitzt, irgend einen Schutz suchen gegen unerwünschte Erben, so wie gegen die drohende Verwirrung in Beziehung auf Schuldverhältnisse.
52394	Schuldverhältnis	Schuld	Verhältnis	3.900000	1.595130	2.600000	1.577620	Gemäß Art 229 § 5 Satz 1 EGBGB richtet sich die rechtliche Beurteilung des Sachverhalts nach dem Bürgerlichen Gesetzbuch in der Fassung vor dem 01. Januar 2002, denn das Schuldverhältnis der Parteien ist vor dem 01.01.2002 entstanden.
52395	Schuldverhältnis	Schuld	Verhältnis	4.500000	0.707107	2.900000	1.791960	Bei allen einseitigen Schuldverhältnissen reicht der Verzicht des Berechtigten zur Auflösung desselben hin.
52396	Schuldverhältnis	Schuld	Verhältnis	4.900000	0.316228	3.100000	1.663330	39 Die Verordnung (EG ) Nr. 593 / 2008 des Europäischen Parlaments und des Rates über das auf vertragliche Schuldverhältnisse anzuwendende Recht (Rom I ) ist nicht heranzuziehen.
52397	Schuldverhältnis	Schuld	Verhältnis	4.600000	0.843274	3.200000	1.398410	Massgebend dafür sind die Regeln, welche das Zivilrecht aufgestellt hat für die Schuldverhältnisse aus unerlaubten Handlungen, Privatdelikten.
52398	Schuldverhältnis	Schuld	Verhältnis	4.600000	0.966092	3.400000	1.776390	Hier ist gar keine Schwierigkeit, da der filiusfamilias, völlig so wie ein Unabhängiger, in vollgültigen Schuldverhältnissen stehen, und aus denselben verklagt werden kann (§ 67 ).
52399	Schuldverhältnis	Schuld	Verhältnis	4.600000	0.699206	3.500000	1.779510	Schadens - und Aufwendungsersatzansprüche des Bestellers, gleich aus welchem Rechtsgrund, insbesondere wegen Verletzung von Pflichten aus dem Schuldverhältnis und aus unerlaubter Handlung, sind ausgeschlossen.
52400	Schuldverhältnis	Schuld	Verhältnis	4.400000	0.966092	3.600000	1.577620	Ist die Erfüllung lediglich eines Teiles der Verbindlichkeit unmöglich, so erlischt das Schuldverhältnis, wenn der Schuldner diesen Teil des Schuldverhältnisses erfüllt, dessen Erfüllung noch möglich ist.
52401	Schuldverhältnis	Schuld	Verhältnis	4.300000	1.159500	3.900000	1.852930	""" Das Schuldverhältnis kann nach seinem Inhalt jeden Teil zur Rücksicht auf die Rechte, Rechtsgüter und Interessen des anderen Teils verpflichten."
52402	Schulsache	Schule	Sache	4.000000	1.632990	2.900000	1.791960	In Dsegwi gibt es eine eigene Mittelschule für die Kinder des Kinderheims, die auch regelmäßig mit Lehrbüchern und Schulsachen von der Familie Keller versorgt wird.
52403	Schulsache	Schule	Sache	4.700000	0.674949	3.200000	1.988860	Für die Kirchen- und Schulsachen besteht im Hauptort jeder Provinz ein Konsistorium, dessen Präsident der Oberpräsident ist.
52404	Schulsache	Schule	Sache	4.500000	0.849837	3.300000	1.766980	Unzweifelhaft aber ist, dassdas Stimmrecht und die Wählbarkeit in Schulsachen die erste Etappe des Frauenstimmrechts sein muss und dass damit in einzelnen Kantonen der Anfang gemacht werden sollte.
52405	Schulsache	Schule	Sache	4.700000	0.674949	3.400000	2.170510	""" Ich nicke und sehe ihm grinsend zu, wie er seine Schulsachen zusammenpackt."
52406	Schulsache	Schule	Sache	4.800000	0.632456	3.500000	2.068280	Meine Lehrerin kam zu mir & bat mich meine Schulsachen ein zu packen und mitzukommen.
52407	Schulsache	Schule	Sache	4.500000	0.707107	3.900000	1.197220	Niemandem fehlt es an Schulsachen, weil wir ihnen Hefte, Kugelschreiber und Farbstifte für das ganze Jahr geben können.
52408	Schulsache	Schule	Sache	4.200000	1.475730	3.900000	1.286680	Dann geht_es hinauf in die Arbeitszimmer und wird die Schulsachen nochmal durchgegangen.
52409	Schulsache	Schule	Sache	3.800000	1.813530	4.000000	1.632990	An jeder der zwei Langseiten des Tisches waren mehrere Fächer angebracht, die heraus zu ziehen waren, wovon die eine Reihe dem Bruder diente, seine Schulsachen hinein zu legen, die andere mir.
52410	Schulsache	Schule	Sache	4.300000	1.159500	4.100000	1.100500	17. Circ. v. 2. Juni 1835. (v. K. Ann. B. 19. S. 669 ), betr. die Portofreiheit in Schulsachen.
52411	Schulsache	Schule	Sache	4.700000	0.483046	4.200000	0.918937	/ Schnell verschwand sie in ihrem Zimmer und packte ihre Kleider und Schulsachen zusammen.
52412	Schulzeugnis	Schule	Zeugnis	4.400000	1.264910	4.500000	0.849837	Jeder Fabrikinhaber büßt, wenn er Kinder ohne ausreichendes Schulzeugnis aufnimmt.
52413	Schulzeugnis	Schule	Zeugnis	4.500000	1.269300	4.500000	0.971825	Der Einzuschreibende muß sein mitgebrachtes Schulzeugnis (§. 64. ) vorlegen.
52414	Schulzeugnis	Schule	Zeugnis	4.700000	0.674949	4.500000	1.080120	Wenn für Ihr Land keine Agentur aufgeführt ist, können Sie sich immer noch mit Ihren Schulzeugnissen direkt für das Freshman-Programm bewerben.
52415	Schulzeugnis	Schule	Zeugnis	4.900000	0.316228	4.600000	0.843274	* Lebenslauf mit Bewerbungsfoto * Deine letzten Schulzeugnisse und Praktikumsnachweise * Hobbies Nach Eingang der vollständigen Bewerbungsunterlagen folgt eine Einladung zu drei Vorstellungstagen.
52416	Schulzeugnis	Schule	Zeugnis	4.800000	0.421637	4.700000	0.948683	Es ist meiner Ansicht nach durchaus unzulässig, einen jungen Mann nach seinen Schulzeugnissen zu beurteilen.
52417	Schulzeugnis	Schule	Zeugnis	4.900000	0.316228	4.800000	0.421637	Achte auf die richtige Reihenfolge der Unterlagen in deinem Klemmhefter: Anschreiben, Lebenslauf mit Lichtbild, Schulzeugnis, Nachweise z.B. von Praktika.
52418	Schulzeugnis	Schule	Zeugnis	4.000000	1.699670	4.800000	0.421637	Tauf- oder Geburtsschein, das zuletzt erworbene Schulzeugnis, das von einem Amtsarzte ausgestellte Zeugnis über physische Tüchtigkeit, Sittenzeugnis.
52419	Schulzeugnis	Schule	Zeugnis	5.000000	0.000000	4.800000	0.632456	Die Schulzeugnisse sind heute sein Anliegen: ' Genies in der Schule ' - ' ) Doch (schon Churchill und Hitler, Richard Wagner und Gerhart Hauptmann, Wilhelm Raabe und Georg Trakl drehten als Schüler ihre Ehrenrunden.
52420	Schulzeugnis	Schule	Zeugnis	5.000000	0.000000	4.900000	0.316228	Mit Ihrem Bewerbungsschreiben, Lebenslauf, Lichtbild und einer Kopie des letzten Schulzeugnisses stellen Sie jetzt die Weichen für Ihre berufliche Zukunft.
52421	Schulzeugnis	Schule	Zeugnis	4.200000	1.751190	5.000000	0.000000	Die Schulzeugnisse finden sich leider nicht mehr vor, Auszüge aus den Büchern der Anstalt waren nicht zu erhalten.
52422	Schwächeanfall	Schwäche	Anfall	4.700000	0.674949	3.800000	1.619330	"Burton: "" Im Moment schaut die ganze Wrestling Welt auf sie: Sie haben ihren Title verloren, eine Feindschaft mit ihrem ehemaligen Freund Virgil, sie verloren das Survival of the Fittest und hatten einen Schwächeanfall."
52423	Schwächeanfall	Schwäche	Anfall	4.818180	0.603023	3.818180	2.088930	Nach Angaben des 46-jährigen Fiat-Fahrers hatte dieser kurz vor dem Unfall einen Schwächeanfall.
52424	Schwächeanfall	Schwäche	Anfall	4.400000	1.577620	4.500000	0.971825	Wie ich reagierte: Unendliche Trauer, keine Freude mehr, nichts mehr gegessen, bin stark abgemagert, Schwächeanfall, vorübergehend inkontinent, konnte die Welt nicht mehr verstehen...
52425	Schwächeanfall	Schwäche	Anfall	4.700000	0.674949	4.600000	0.516398	Häufig prägen Schwächeanfälle die Tagesabläufe der Betroffenen, auch berichten einige von einem ständigen Erkältungs - oder Fiebergefühl.
52426	Schwächeanfall	Schwäche	Anfall	4.800000	0.421637	4.600000	0.699206	Aufatmen beim FSV Mainz 05: Torjäger Sami Allagui (25 ) ist nach einer Nacht im Krankenhaus wieder entlassen worden, der Tunesier hatte auf dem Rückflug vom Länderspiel in Malawi (0:0 ) einen Schwächeanfall erlitten.
52427	Schwächephase	Schwäche	Phase	4.300000	1.337490	3.700000	1.702940	Wenn wir uns gegen den VfL genauso präsentieren, aber die 10 min Schwächephase vor der HZ weglassen, dann können wir da auch gewinnen.
52428	Schwächephase	Schwäche	Phase	4.300000	1.059350	4.000000	1.154700	Dann folgte ein Schwächephase, so dass sich die Bernauer Bären wieder bis auf ein 11:12 herankämpfen konnten.
52429	Schwächephase	Schwäche	Phase	4.400000	1.264910	4.100000	1.728840	Stuttgart, weil sie Schalke 's Schwächephase nicht ausnutzen konnten.
52430	Schwächephase	Schwäche	Phase	4.500000	0.707107	4.300000	0.948683	Nun musste die Mannschaft den Sieg nur noch unter Dach und Fach bringen und abgesehen von einer kleinen Schwächephase gegen Ende des Satzes gelang dies auch mit einem 25:22. Ein rundum gelungener Start für die erste Herrenmannschaft und die von Ruben Berberich geforderte Reviermarkierung in der Oberliga;-).
52431	Schwächephase	Schwäche	Phase	4.100000	1.595130	4.500000	1.080120	Dennoch bleibe ich der Meinung, dass es trotz seiner Schwächephase eine starke Saison war, sonst wäre er nicht unser Top-Scorer gewesen (das Freiburg Argument kannst du dir nun bitte sparen, denn das habe ich schon zweifach vernichtet;)).
52432	Seewasser	See	Wasser	4.400000	1.577620	4.300000	1.636390	Der Reichtum gleicht dem Seewasser: je mehr man davon trinkt, desto durstiger wird man.
52433	Seewasser	See	Wasser	4.900000	0.316228	4.700000	0.948683	Um Seewasser zu kochen muss man es an der Meeresoberfläche auf 100 ° C erhitzen unterhalb des Wasserspiegels zu noch höheren Temperaturen.
52434	Seewasser	See	Wasser	3.900000	1.852930	4.800000	0.421637	Dieser besteht in einem verwickelten System von Kanälen oder Röhren, die von außen mit Seewasser gefüllt werden.
52435	Seewasser	See	Wasser	4.200000	1.619330	4.800000	0.632456	Am 27.05.2007 wurden erstmalig die Becken mit Seewasser geflutet und von der Jugend einer gewissenhaften Belastungsprobe unterzogen.
52436	Seewasser	See	Wasser	4.900000	0.316228	4.900000	0.316228	Bei künstlich erhöhtem Seespiegel fließt dann nährstoffreiches Seewasser durch einen Graben in das angrenzende Moor.
52437	Seewasser	See	Wasser	4.800000	0.421637	4.900000	0.316228	Nur selten wird das Seewasser auch getrunken. b. Wasser mit vorwiegendem Gehalt an schwefelsauren Alkalien und Erden, Bitterwasser.
52438	Seewasser	See	Wasser	4.300000	1.567020	4.900000	0.316228	Vor dem Kochen legt man den Körper erst vierundzwanzig Stunden und noch länger in Seewasser oder setzt ihn ebenso lange dem Wind und Wetter aus; hierdurch soll er den größten Teil des unangenehmen Geschmackes verlieren.
52439	Seewasser	See	Wasser	4.600000	0.966092	4.900000	0.316228	Wegen des hohen Preises des Nickels waren aber vorläufig für die Praxis nur die Legierungen bis zu etwa 5 Prozent von Wichtigkeit, welche auch schon hervorragende Eigenschaften in Bezug auf Härte, Widerstandsfähigkeit und Haltbarkeit in der Atmosphäre und im Seewasser zeigen.
52440	Seewasser	See	Wasser	4.400000	1.577620	5.000000	0.000000	Filtermaterial Seewasser: Hallo Ich habe ein 112 L Seewasserbecken und das...
52441	Seewasser	See	Wasser	4.200000	1.316560	5.000000	0.000000	1858 war bereits die Verlegung einer Leitung gelungen, aber sie hielt kaum einen Monat stand, so hatte das Seewasser seine ländertrennende Kraft behauptet.
52442	Segelfläche	Segel	Fläche	3.700000	1.766980	3.800000	1.475730	unterhalb der Meßmarke MI darf man den Baum nicht fahren, oberhalb wird die Segelfläche unnötig verkleinert.
52443	Segelfläche	Segel	Fläche	4.800000	0.421637	4.800000	0.632456	Der 10 Meter lange Hightech Cat mit 120 m ² Segelfläche aus Vollkarbon hat seine Prototypentests in Schweden beendet und wird nun ab dem Wochenende in der Lübecker Bucht die ersten Trainingseinheiten absolvieren.
52444	Segelfläche	Segel	Fläche	4.000000	1.763830	4.800000	0.632456	Hamburg Größtes jemals gebautes Dreimast-Passagiersegelschiff segelt ab Sommer 2010 in der Nordsee, im Mittelmeer sowie rund um die Arabische Halbinsel - 136 Meter Länge und 4.500 Quadratmeter Segelfläche.
52445	Segelfläche	Segel	Fläche	5.000000	0.000000	4.900000	0.316228	Die 3,60 m langen Boote haben eine Segelfläche von 6 qm und sind durch ihr langes Schwert unsinkbar.
52446	Segelfläche	Segel	Fläche	5.000000	0.000000	4.900000	0.316228	"Zudem benötigen wir von Ihnen die Kopie des "" Segelschein A "" bzw. die Kopie des Sportbootführerscheines "" Binnen "" (bei einer Segelfläche ab 8 qm ) sowie jährlich die Kopie Ihrer Wassersporthaftpflichtversicherung."
52447	Seitenrand	Seite	Rand	4.300000	1.636390	4.000000	1.885620	Am unteren Seitenrand wird darauf hingewiesen, daß es sich um ein Serviceangebot des Bundesminsteriums für Bildung, Wissenschaft, Forschung und Technologie handelt.
52448	Seitenrand	Seite	Rand	4.200000	1.229270	4.400000	0.699206	An den Seitenrändern des vorn gerade abgeschnittenen Kopfbruststücks stehen je drei Haupt- und außerdem noch zwei Nebenseitenaugen.
52449	Seitenrand	Seite	Rand	4.700000	0.483046	4.400000	0.966092	Am unteren Seitenrand im Fußbereich befinden sich die wichtigen Kontaktdaten.
52450	Seitenrand	Seite	Rand	4.200000	1.032800	4.400000	0.966092	Gleichzeitig mit der vorigen, aber nicht auf Wiesen, sondern auf hohem Eichengebüsch lebt in Deutschland die Ohrenzirpe (Ledre aurita ), von eigentümlichem Aussehen in Folge der ohrenartig emporgezogen Seitenränder des Halsschildes.
52451	Seitenrand	Seite	Rand	5.000000	0.000000	4.400000	1.074970	Die Seitenränder sind noch stark kolbig gegen die Spitze laufend, aber der Oberrand wird nun flacher gebildet, denn für die Deckung des Gesichtes ist durch die neue Helmform ausreichend vorgesorgt.
52452	Seitenrand	Seite	Rand	4.600000	0.699206	4.400000	1.264910	Frei nach dem TeX-Book von Donald E. Knuth: Stellen Sie sich bitte vor dem Weiterlesen - sofern Sie nicht HTOB-Autor sind - am linken Seitenrand ein großes Dangerous Bend Symbol vor.
52453	Seitenrand	Seite	Rand	4.400000	1.074970	4.600000	0.966092	Diese sind trapezförmig mit geschweiften Seitenrändern gestaltet, bei einer Dicke von ca. 6--7 cm.
52454	Seitenrand	Seite	Rand	4.800000	0.632456	4.600000	1.264910	Unsere größte Art, die A. manca, erkennt man leicht an der braunen, ziemlich matten Oberseite des Körpers, dem goldgrünen, stark behaarten Kopfe, rötlich goldigen Seitenrändern und feinem Mittelstreifen des Halsschildes.
52455	Seitenrand	Seite	Rand	4.700000	0.674949	4.700000	0.948683	Halsschildquerfurche schmal, mit linienförmigem Grund, über ein flaches Grübchen zum Seitenrand verlaufend, sehr verflacht, nicht durch einen scharfen, bis zur Basis reichenden Längseindruck abgeschlossen Abb. 18 (; Stirnhöcker in der Regel nach oben hin gut begrenzt.
52456	Seitenrand	Seite	Rand	4.600000	0.966092	4.800000	0.632456	"Deine Auswahl siehst Du, wenn Du am linken Seitenrand im Merkzettel auf "" Zettel ansehen "" klickst."
52457	Seitenverhältnis	Seite	Verhältnis	2.500000	2.368780	2.800000	2.149940	Sie heißen, wenn sie quadratische Oberfläche haben, Gevierte, bei einem Seitenverhältnis von 1: 2 Halbgevierte, entsprechend Viertelgevierte und dann noch Sechstel- und Achtel-Spatien.
52458	Seitenverhältnis	Seite	Verhältnis	3.500000	1.433720	2.900000	1.595130	Es ergibt sich nun wieder, wenn das Seitenverhältnis [Formel] oder [Formel] beträgt, für [Formel] oder [Formel] oder bei quadratischem Querschnitt: [Formel]
52459	Seitenverhältnis	Seite	Verhältnis	4.000000	2.108190	3.600000	1.837870	Beim Bildformat handelt es sich um einen anamorphen Breitbild-Transfer im Seitenverhältnis von 1 78:1, der Transfer ist anamorph codiert auf den Discs abgelegt und wirkt anfänglich wirklich gut.
52460	Seitenverhältnis	Seite	Verhältnis	4.200000	1.619330	3.600000	1.897370	"Achten Sie bitte, dass die beiden Optionen "" Alle Ebenen verändern "" und "" Seitenverhältnis beibehalten "" jeweils mit einem Häkchen versehen sind."
52461	Seitenverhältnis	Seite	Verhältnis	4.400000	1.577620	3.700000	1.766980	Hingegen Fernsehbildschirme haben typischerweise ein Seitenverhältnis von 16:9. Also für mich ist dieser Fehler logisch.
52462	Seitenverhältnis	Seite	Verhältnis	3.800000	1.873800	3.900000	1.449140	Anstatt quadratische Fotos, wie die Lytro sie produziert, hat der Sensor der Illum ein natives Seitenverhältnis von 3:2.
52463	Seitenverhältnis	Seite	Verhältnis	4.300000	1.059350	4.000000	1.054090	Die Auflösung des Gerätes wiederum beträgt 1.920 x 1.080 Pixel, das Seitenformat entsprechend bei 16:9. Dies hat zwei Konsequenzen: Zum einen büßt der Bildschirm im Vergleich zu einem Modell mit einem Seitenverhältnis von 16:10 an Höhe ein - gerade bei Office-Anwendungen kann dies eine Rolle spielen.
52464	Seitenverhältnis	Seite	Verhältnis	3.400000	2.011080	4.300000	1.567020	Ist das Seitenverhältnis [Formel] oder [Formel], so wird sein:
52465	Sicherheitschef	Sicherheit	Chef	4.500000	0.707107	4.500000	0.707107	Captain, 1. Offizier und Sicherheitschef stecken im Turbolift fest, also ist es Aufgabe der niedrigen Ränge, wieder für Ordnung zu sorgen.
52466	Sicherheitschef	Sicherheit	Chef	4.800000	0.421637	4.800000	0.632456	Nachdem er wegen zu brutalem Verhalten bei seinem vorherigen Arbeitgeber, einer privaten Security-Firma, entlassen wurde, entschloss er sich im Jahr 2003 als Sicherheitschef bei der JBA anzuheuern.
52467	Sicherheitschef	Sicherheit	Chef	4.100000	1.197220	4.800000	0.632456	"Sie ging über die Brücke, deren Beleuchtung noch immer stark flackerte, beziehungsweise größtenteils ausgefallen war und richtete sich dann an ihren Sicherheitschef: "" Tuvok, öffnen Sie den Notrufkanal!"
52468	Sicherheitschef	Sicherheit	Chef	4.600000	0.699206	4.900000	0.316228	Sicherheitschef Mahon nam Urga den Tricorder ab und gab ihn McDuck.
52469	Sicherheitschef	Sicherheit	Chef	4.800000	0.421637	4.900000	0.316228	ich erlaube mir, Sie so zu nennen, weil ich nicht nur Terrorismus-Experte der matrjoschka - Medienholding, sondern auch ihre Sicherheitschef bin.
52470	Sicherheitsmangel	Sicherheit	Mangel	4.800000	0.421637	4.400000	1.577620	"... den ganzen Beitrag "" Sicherheitsmängel: Indonesische Adam Air..."
52471	Sicherheitsmangel	Sicherheit	Mangel	3.500000	1.900290	4.500000	0.971825	Der Polizist betrachtete > > das Fahrrad und händigte dem Jungen ein 25 Franken Strafzettel aus, auf > > Grund eines Sicherheitsmangel.
52472	Sicherheitsmangel	Sicherheit	Mangel	4.800000	0.421637	4.700000	0.674949	"z Auto-Kindersitze weisen laut Untersuchungen der Zeitschrift "" Test "" deutliche Sicherheitsmängel auf."
52473	Sicherheitsmangel	Sicherheit	Mangel	4.900000	0.316228	4.800000	0.421637	""" Und "" Ich sage bei Sicherheitsmängeln STOPP und informiere sofort meinen Vorgesetzten."
52474	Sicherheitsmangel	Sicherheit	Mangel	4.500000	0.971825	4.800000	0.632456	Noch bis zum 12. Juli 2008 können sie ihren Pkw an allen DEKRA-Prüfstationen in ganz Deutschland vorführen und auf Sicherheitsmängel begutachten lassen.
52475	Sichtweise	Sicht	Weise	2.600000	1.955050	2.500000	1.900290	Aus deiner Sichtweise erklärt sie sich vielleicht nicht von selbst, aber bevor du nachfragst oder gar in Frage stellst, ändere deinen Blickwinkel.
52476	Sichtweise	Sicht	Weise	3.500000	2.068280	2.800000	1.549190	Mit Willenskraft können wir die äußerlichen Voraussetzungen schaffen, damit wir immer wieder an die richtige Sichtweise erinnert werden.
52477	Sichtweise	Sicht	Weise	3.400000	1.349900	3.000000	1.563470	Allen Projekten gemeinsam ist, dass Sie kooperativ von mindestens einem arbeitsweltlichen Partner begleitet wurden, dessen Sichtweise und Wissen gleichberechtigt in die Arbeit mit eingegangen ist.
52478	Sichtweise	Sicht	Weise	3.400000	1.837870	3.000000	1.563470	Es stellt die entscheidende endogene Bezugsbasis dar als eigentliche innere Umwelt der fetalen Psyche, während die sonst in der pränatalen Psychologie beschriebenen Interaktionen mit der pränatalen Mutter nach dieser Sichtweise schon Außenwelt darstellen.
52479	Sichtweise	Sicht	Weise	4.200000	0.918937	3.200000	1.686550	Denn diese andere Sichtweise auf die Dinge ist es, die mich immer wieder anzieht; zusammen mit der Tatsache der gemeinsamen Basis.
52480	Siegeszug	Sieg	Zug	4.600000	0.699206	0.500000	0.527046	Auf die erste Aufforderung der Franzosen hielten die Holländer in ihrem Siegeszuge inne und räumten das belgische Gebiet.
52481	Siegeszug	Sieg	Zug	4.700000	0.483046	0.800000	0.788811	was würde es wohl für eine Szene geben, wenn der junge Gott auf seinen Siegeszügen einmal in unseren Tälern ankäme?
52482	Siegeszug	Sieg	Zug	4.600000	0.699206	0.800000	1.032800	Auch Petrissa Solja schaffte es nicht, den Siegeszug von Chen Meng zu stoppen und kassierte eine auf den ersten Blick deutliche 6:11, 9:11, 6:11 sowie 9:11 - Niederlage.
52483	Siegeszug	Sieg	Zug	3.800000	2.043960	0.800000	1.229270	"Mit der # 1 - Single "" Feel The Love "" traten Rudimental aus London vergangenes Jahr ihren Siegeszug an, gefolgt von den weiteren Hit-Singles "" Not Giving In "" feat."
52484	Siegeszug	Sieg	Zug	4.500000	0.707107	0.900000	0.875595	Was war sie verwirklicht anders als der bürgerliche Rechtsstaat, dessen die Bourgeoisie bedurfte, damit sie die Tore weit für den Siegeszug des Kapitalismus zu öffnen vermochte?
52485	Siegeszug	Sieg	Zug	4.500000	0.849837	1.000000	1.247220	Aber der Siegeszug der unscheinbaren und doch so wichtigen Frucht war nicht aufzuhalten.
52486	Siegeszug	Sieg	Zug	4.600000	0.699206	1.000000	1.247220	Nachhaltigen Widerstand befürchtete Niemand; die meisten Offiziere der Garde erwarteten gleich dem Feldmarschall einen raschen Siegeszug bis zur Seine, und mancher sagte beim Abschied, erst aus Paris werde er Heimschreiben.
52487	Siegeszug	Sieg	Zug	4.300000	0.674949	1.300000	1.059350	Der Siegeszug der morgenländischen Kultur erreichte frühzeitig die sonnigen Gestade des heutigen adriatischen Meeres, das -- worauf die ältesten Quellen hinweisen -- von dem Reize einer erlauchten Urzeit umflossen ist.
52488	Siegeszug	Sieg	Zug	3.700000	1.828780	1.300000	1.337490	""" Die Tradition, zu Weihnachten einen geschmückten Baum aufzustellen, hat von Deutschland aus ihren Siegeszug um die Welt angetreten."
52489	Siegeszug	Sieg	Zug	4.500000	1.269300	2.400000	2.221110	"Von vielen schlichtweg als "" DAS Faltrad "" bezeichnet setzt dieser kleine Engländer seinen Siegeszug um die Welt fort."
52490	Solidaritätsaktion	Solidarität	Aktion	4.500000	0.849837	3.900000	1.286680	In vielen Kirchengemeinden ist dieser Gottesdienst auch mit einer Solidaritätsaktion zugunsten hungernder Menschen verbunden.
52491	Solidaritätsaktion	Solidarität	Aktion	4.300000	0.948683	4.100000	1.197220	Deutschlandweit werden sich die Sternsinger rund um den 6. Januar 2012 an der 54. Aktion Dreikönigssingen beteiligen 1959 wurde die Aktion erstmals gestartet, die inzwischen die weltweit größte Solidaritätsaktion ist, bei der sich Kinder für Kinder in Not engagieren.
52492	Solidaritätsaktion	Solidarität	Aktion	4.900000	0.316228	4.300000	1.059350	Am 31. März 2013 ging die nationale Solidaritätsaktion jubla.in fanta zu Ende.
52493	Solidaritätsaktion	Solidarität	Aktion	4.500000	0.849837	4.400000	1.074970	Das Hilfswerk Renovabis ist eine Solidaritätsaktion der deutschen Katholiken für die Menschen in Ost -, Mittel - und Südosteuropa.
52494	Solidaritätsaktion	Solidarität	Aktion	4.300000	1.567020	5.000000	0.000000	"Gemeinsam mit dem Kindermissionswerk "" Die Sternsinger "" ist der BDKJ Träger der bundesweiten Aktion Dreikönigssingen, der weltweit größten Solidaritätsaktion von Kindern für Kinder."
52495	Sommerspiel	Sommer	Spiel	4.300000	1.337490	3.400000	1.712700	Nach dem Krieg unternahm Korea unermüdliche Anstrengungen zum Wiederaufbau des Landes in Wohlstand und Stabilität und erreichte ein bemerkenswertes Wirtschaftswachstum 1988 war die südkoreanische Hauptstadt Seoul Gastgeber der Olympischen Sommerspiele.
52496	Sommerspiel	Sommer	Spiel	3.909090	1.300350	3.818180	1.250450	- Heinrich von Plauen (Tr. ), 1902. - Schnapphähne (Ein Sommerspiel v. Rhein ), 1902. -
52497	Sommerspiel	Sommer	Spiel	4.800000	0.632456	4.000000	1.054090	"Friedhelm Julis Beucher, der frühere Vorsitzende des Sportausschusses im Deutschen Bundestag, würdigte den Kongress unmittelbar vor den Olympischen Sommerspielen in Peking vom 8. bis 24. August als einen "" Meilenstein für den Sport ""."
52498	Sommerspiel	Sommer	Spiel	4.800000	0.421637	4.200000	1.032800	Ein Höhepunkt in der Firmenchronik ist der Bau der Ruder - Regatta-Strecke anlässlich der Olympischen Sommerspiele 1972 in München.
52499	Sommerspiel	Sommer	Spiel	4.200000	1.549190	4.200000	1.135290	Die Entwicklung Barcelonas wurde in den folgenden Jahren durch zwei bedeutende Ereignisse gefördert: den Beitritt Spaniens zur EU 1986 und die Olympischen Sommerspiele 1992. Die Stadt entwickelte sich zu einem beliebten Touristenziel mit stetig ansteigenden Besucherzahlen.
52500	Sommerspiel	Sommer	Spiel	4.600000	0.843274	4.500000	0.707107	Die Entscheidung ist gefallen: In Singapur vergab das Internationale Olympische Komitee die Sommerspiele 2012 nach London.
52501	Sonnenseite	Sonne	Seite	3.800000	1.813530	2.900000	1.595130	Wer die Sonnenseiten des Lebens genießen will, darf den Himmel nicht ständig nach Wolken absuchen.
52502	Sonnenseite	Sonne	Seite	4.000000	1.632990	2.900000	1.969210	Ich bin zwar ein Freund der Polarität, befinde mich aber lieber auf der Sonnenseite, dem positiven, ganz einfach aus dem Grund, weil ich finde, dass es schon zu viele Schattenseiten im Leben gibt.
52503	Sonnenseite	Sonne	Seite	3.500000	2.121320	3.100000	1.911950	Als Mensch, der auch mehr auf der Schattenseite als auf der Sonnenseite dieser Welt lebt, freue ich mich sehr über diese bewegende Andacht!
52504	Sonnenseite	Sonne	Seite	3.800000	2.097620	3.100000	2.131770	Auf der Sonnenseite: George Braun, der bei den Grandmastern gewann, Michael Stelzer, der mit einem hervorragenden 14. Platz im bestbesetzten Turnier außerhalb der USA seine eigenen Erwartungen übertraf, und Maximilian Bloch, der in der Advanced-Division überraschend Dritter wurde.
52505	Sonnenseite	Sonne	Seite	4.600000	0.966092	3.100000	2.131770	Auch bei hellen Tagen sieht man die Chinchillas vor ihren Höhlen im Gebirge sitzen, aber nie auf der Sonnenseite der Felsen, sondern immer im tiefsten Schatten.
52506	Sonnenseite	Sonne	Seite	4.500000	0.707107	3.300000	2.110820	Genießen Sie ein Bad in den wohltuenden Thermalbädern, ruhen Sie sich auf der Sonnenseite mit Blick auf den Kurpark aus oder gönnen Sie sich Badekultur vom Feinsten im Römisch-Irischen Bad, einer wohltuenden Kombination aus Dampf - und Thermalbädern plus Seifenbürstenmassage.
52507	Sonnenseite	Sonne	Seite	4.200000	1.032800	3.500000	1.649920	Auf der Sonnenseite hatte man Regenschirme zum Schutz gegen das brennende Gestirn ausgespannt.
52508	Sonnenseite	Sonne	Seite	3.800000	1.873800	3.900000	1.728840	Eine Eiszeit, der kein Leben widerstehen könnte, würde auf der Schattenseite der Erde hereinbrechen, während die Sonnenseite in Gluten verdorren würde.
52509	Sonnenseite	Sonne	Seite	4.600000	0.843274	4.000000	1.490710	Bei uns reist der E. schon Ende Juli, ist vom Baume weg genießbar, dem Frauenapfel sehr ähnlich, weißgelb mit roten Streifen auf der Sonnenseite, das Fleisch weiß, etwas säuerlich.
52510	Sonnenseite	Sonne	Seite	3.500000	2.223610	4.000000	1.699670	Auf der Sonnenseiten (Lustige Tiroler Geschichten ), 1911. -
52511	Sonnenstand	Sonne	Stand	4.800000	0.421637	2.000000	1.885620	Ist hier eine üppigere Entwicklung der Zweige nach Sonnenstand oder vorherrschender Windrichtung gemeint?
52512	Sonnenstand	Sonne	Stand	4.600000	0.699206	2.400000	1.505550	Der besondere Vorzug der unausgesetzten Bestrahlung ohne Wechsel von Tag und Nacht im Polarsommer für die dortige kurzlebige Vegetation lässt sich hiernach deutlich beurteilen, wenngleich der niedere Sonnenstand selbst einer ausgiebigen Wirkung entgegensteht. --
52513	Sonnenstand	Sonne	Stand	4.700000	0.483046	2.600000	1.776390	Die periodischen Veränderungen der Temperatur, welche an der Oberfläche der Sonnenstand und die meteorologischen Prozesse hervorrufen, pflanzen sich im Inneren der Erde aber nur bis zu sehr geringen Tiefen fort.
52514	Sonnenstand	Sonne	Stand	4.700000	0.483046	2.700000	1.494430	Pünktlich bei Sonnenstand in den Fischen beginnen die ersten Bäume, Blätter auszutreiben.
52515	Sonnenstand	Sonne	Stand	4.600000	0.966092	2.800000	2.043960	Ich brachte es dahin, die Zeit nach dem Sonnenstand bis auf eine Viertelstunde richtig zu schätzen.
52516	Sonnenstand	Sonne	Stand	4.500000	0.849837	2.900000	1.791960	Nachdem bei Eröffnung des Rates der Zeremonien-Meister das (von den Sachem umwandelte ) Feuer gerieben, rauchte er gegen Zenit, Boden und Sonnenstand (Grosser Geist, Erde und Sonne ) zur Dankbringung (bei den Irokesen ).
52517	Sonnenstand	Sonne	Stand	4.900000	0.316228	3.300000	1.494430	"Allerdings nur, wenn ich den Umwandlungsbaustein "" Datum + Zeit - > String Update.1 "" benutze und nicht, wenn ich Stunde und Minute separat umwandle mit "" Dezimalzeit Umwandl Uhrzeit "" In beiden Fällen benutze ich den Baustein "" Sonnenstand "" als Eingang."
52518	Sonnenstand	Sonne	Stand	4.300000	1.337490	3.400000	1.429840	"Die Insel wird von einem gleichnamigen Berg dominiert, der je nach Sonnenstand in faszinierenden Rottönen schimmert und der Insel die Bezeichnung "" der Robbenherz-Förmige "" gab."
52519	Sonnenstand	Sonne	Stand	4.900000	0.316228	3.600000	1.074970	Tageszeit ) niedriger Sonnenstand (und Dauer ) mit ca. 10 Sekunden beginnen und dann allmählich auf höchstens 3 Minuten steigern (sind die entscheidenden Faktoren.
52520	Sonnenstand	Sonne	Stand	5.000000	0.000000	3.800000	0.918937	Sie drehen sich nicht einfach wild und wahllos, sondern prüfen en passant anhand von Sonnenstand und Landmarken die Richtung, damit sie anschließend umso zielsicherer vorankommen.
52521	Sonntagsspiel	Sonntag	Spiel	4.500000	1.269300	4.400000	1.074970	Sinsheim, 25.4.2010, 16:50 Uhr > Im ersten Sonntagsspiel der Bundesliga hat Hoffenheim mit einem 5:1 (3:0 ) gegen Hamburg drei Punkte geholt.
52522	Sonntagsspiel	Sonntag	Spiel	4.700000	0.948683	4.400000	1.577620	Ein weiteres Thema ist die geplante Einführung eines 3. Sonntagsspiels der Fußballbundesliga.
52523	Sonntagsspiel	Sonntag	Spiel	4.800000	0.632456	4.500000	1.581140	Da ich selbst aktiv Fußball spiele kann ich damit die Sonntagsspiele komplett vergessen.
52524	Sonntagsspiel	Sonntag	Spiel	4.700000	0.483046	4.600000	1.264910	Bis dahin ist noch Zeit und darum folgt an dieser Stelle vorerst der Stimmungsbericht zum gestrigen Sonntagsspiel.
52525	Sonntagsspiel	Sonntag	Spiel	4.700000	0.674949	4.900000	0.316228	Am Ende hat die ARD sogar zusätzlich die Rechte zur zusammenfassenden Erstausstrahlung der Sonntagsspiele erworben.
52526	Spannungsverhältnis	Spannung	Verhältnis	3.300000	1.251670	2.600000	1.349900	Und daß man den Staat dabei als in einem feindlichen Spannungsverhältnis zu anderen Ländern begriffen dachte, war natürlich.
52527	Spannungsverhältnis	Spannung	Verhältnis	4.300000	0.823273	2.800000	1.475730	Die Spannungsverhältnisse an einem Seilpolygon werden ebenfalls durch Konstruktion ermittelt, wie dies in Fig. 25 angedeutet ist.
52528	Spannungsverhältnis	Spannung	Verhältnis	3.700000	1.636390	3.000000	1.699670	Nicht nur die Komplexität der Figuren, sondern auch die möglichen Spannungsverhältnisse zwischen ihnen opfert Norrington seinem Effektekrawall.
52529	Spannungsverhältnis	Spannung	Verhältnis	2.900000	1.791960	3.100000	1.449140	Zum Spannungsverhältnis von kriegswirtschaftlichem Arbeitseinsatz und nationalsozialistischer Rassenpolitik in Niedersachsen.-
52530	Spannungsverhältnis	Spannung	Verhältnis	4.100000	1.663330	3.100000	1.969210	Es zeigt sich somit, dass die widersprüchlichen Inhalte einer solchen Rechten der widersprüchlichen Situation entsprechen, dem Spannungsverhältnis zwischen objektiver (d.h. politisch bewusst vorangetriebener ) Entwicklung und den subjektiven Ängsten und Wünschen der Bevölkerung.
52531	Spannungsverhältnis	Spannung	Verhältnis	4.100000	1.663330	3.400000	1.837870	Wird nun ein Teil der Oberfläche behufs Gewinnung genauer Gestalt abgehobelt oder abgefräst, so ändern sich die Spannungsverhältnisse und führen zu merkbarem Werfen des Werkstückes, wenn dieses seiner Gestalt nach solchem Werfen wenig Widerstand entgegensetzt.
52532	Spannungsverhältnis	Spannung	Verhältnis	3.200000	1.751190	3.500000	1.354010	Dabei stand das Spannungsverhältnis im Mittelpunkt, in dem diese Angebote agieren: barmherzige Hilfe auf der einen Seite, das Recht der Bedürftigen auf gleichberechtigte Teilhabe auf der anderen Seite.
52533	Spannungsverhältnis	Spannung	Verhältnis	4.500000	0.849837	3.500000	1.840890	Der Hammer muß wie eben angegeben fungieren, weil nur auf diese Weise ein heller und lauter Glockenschlag zu erzielen ist; das Spannungsverhältnis beider Federn ist daher wohl zu beachten.
52534	Spannungsverhältnis	Spannung	Verhältnis	2.700000	2.057510	3.600000	1.173790	Die Ursache ihres Fehlens könnte man vielleicht in der Größe der Molekel oder in ihren Spannungsverhältnissen zu einander erblicken, welche raschere Schwingungen als etwa 800 Billionen in der Sekunde nicht gestatten.
52535	Spannungsverhältnis	Spannung	Verhältnis	3.300000	1.828780	4.000000	1.414210	Er stellte unter dem Doppelbegriff der Identifikation mit einem Ort als Heimat und der Identifikation eines Ortes als Heimat das immanente Spannungsverhältnis dar und wies auf die Ängste hin, die eine als maßstabslose Veränderung empfundene Inanspruchnahme der Landschaft auslöst.
52536	Spielfreude	Spiel	Freude	4.400000	0.966092	4.200000	1.751190	Eine Tourerfahrung von Aberhunderten Konzerten, die Routine immer wieder in explosive Spielfreude bei gleichzeitiger Präzision überführt.
52537	Spielfreude	Spiel	Freude	4.400000	1.264910	4.300000	1.059350	Aber gerade der zweite Mangel könnte ja vielleicht doch Anlass sein, die SchülerInnen bei ihrer Spielfreude abzuholen - und historische Hintergründe und Differenzierungen wünschenswert erscheinen zu lassen, ja vielleicht sogar einzubauen.
52538	Spielfreude	Spiel	Freude	3.900000	0.994429	4.700000	0.483046	Wir wissen es heute noch deutlicher, in einem wie engen Zusammenhang seine Verkümmerung mit der Verwahrlosung steht und was die Erhaltung der natürlichen Spielfreude für das Leben bedeutet.
52539	Spielfreude	Spiel	Freude	4.100000	1.286680	4.700000	0.674949	Zu selten zeigt die Band Zähne oder Spielfreude und überzeugt nicht obwohl sie sich zwischenzeitlich steigert und Geschmack beweist, wenn sie sich mit ' Gott ' musikalisch vor MOTÖRHEAD verneigen.
52540	Spielfreude	Spiel	Freude	3.900000	1.663330	4.900000	0.316228	Der Belgier Ben Stassen hat einen rasant animierten Kinderfilm geschaffen, der die Möglichkeiten der 3 D-Technik voll ausnutzt und mit seiner Spielfreude kleinen und großen Kindern viel Spaß machen wird.
52541	Spielführer	Spiel	Führer	4.100000	1.595130	3.400000	1.897370	Die endgültige Wahl treffen die Spielführer und Trainer der Männer - und Frauennationalteams.
52542	Spielführer	Spiel	Führer	4.700000	0.674949	3.900000	1.595130	:) Gut, ich formuliere es anders: Sahin ist ein sehr guter Antreiber und Spielführer, der kluge Pässe spielt und Übersicht hat.
52543	Spielführer	Spiel	Führer	4.800000	0.632456	4.300000	0.948683	""" Nationale Regel (DFB ) "" Bei weniger als sieben Spielern ist das Spiel auf Wunsch des Spielführers abzubrechen, wenn das Ergebnis für den Gegner lautet."
52544	Spielführer	Spiel	Führer	4.200000	1.032800	4.300000	1.059350	"Ziel: Die Mannschaft wollte ihr Geburtstagsversprechen umsetzen, denn Spielführer Tobias Botzet hatte während der Gratulationskur angekündigt: "" Helmut, dass schönste Geschenk machen wir Dir dann am Montag Abend ""."
52545	Spielführer	Spiel	Führer	4.200000	1.316560	4.800000	0.421637	Spielführer Stefan Zuckmantel und seine Kameraden sind bestrebt das beste aus der augenblicklichen Situation zu machen.
52546	Spielphase	Spiel	Phase	4.600000	0.699206	3.900000	1.663330	Das Spiel wird in Runden gespielt wobei jede Runde aus mindestens 4 und maximal aus 5 Spielphasen besteht.
52547	Spielphase	Spiel	Phase	4.700000	0.483046	4.000000	1.699670	Ist man in einer bestimmten Spielphase wie Schnapp sie dir!
52548	Spielphase	Spiel	Phase	4.500000	0.707107	4.100000	1.100500	Die gelben Karten für Wilhelmshaven war das Sinnbild für diese Spielphase.
52549	Spielphase	Spiel	Phase	4.300000	1.567020	4.200000	0.918937	max. 1 Terrorist Der Terrorist kann in einer beliebigen Spielphase einen Selbstmord-Anschlag auf einen anderen Mitspieler verüben.
52550	Spielphase	Spiel	Phase	4.600000	0.699206	4.500000	0.707107	In der finalen Spielphase überschlugen sich vor 5300 Zuschauern die Ereignisse: Zunächst setzte sich der HBW mit 25:23 (56. Minute ) ab, kassierte aber schnell den Ausgleich und zitterte sich in den letzten Sekunden in Unterzahl zum verdienten Punktgewinn.
52551	Spielsache	Spiel	Sache	4.700000	0.674949	3.500000	1.433720	33. Spielsachen (Playthings ) Sam und Dean untersuchen rätselhafte Todesfälle in einem kleinen Restaurant in Connecticut.
52552	Spielsache	Spiel	Sache	4.555560	0.527046	3.555560	1.509230	Hatten wir alle drei seine Aufmerksamkeit verdient, so durften wir auch alle drei bei der Anfertigung der Spielsachen und Gerätschaften zugegen sein.
52553	Spielsache	Spiel	Sache	4.111110	1.691480	3.555560	1.740050	Hab genug an meinen Nürnberger Spielsachen und meine Puppe ist wunderlieb. Habe auch zu Essen und zu Trinken genug.
52554	Spielsache	Spiel	Sache	4.600000	0.966092	3.600000	1.646550	Als ich gemerkt habe, daß das gar nicht so schwer ist, blieb ich dann auch schonmal stehen, um meine Spielsachen zu untersuchen...
52555	Spielsache	Spiel	Sache	4.800000	0.421637	3.800000	1.032800	Er wurde sehr streng erzogen, Süßigkeiten und Spielsachen waren aus seinem Leben verbannt.
52556	Spielsache	Spiel	Sache	4.200000	1.619330	3.800000	1.398410	Sie zeigte sich auch dankbar, denn sie brachte dem Kind aus ihrem heimlichen Schatz allerlei schöne Sachen, glänzende Steine, Perlen und goldene Spielsachen.
52557	Spielsache	Spiel	Sache	4.600000	0.699206	3.900000	0.875595	-- Und nun lief er herum, las die Spielsachen auf und häufte die kleinen, lieblichen, stummen Bilder des Lebens um das kleine, liebliche, stumme Bild des Todes.
52558	Spielsache	Spiel	Sache	4.500000	0.707107	3.900000	1.100500	Aber Papa vor allem kauft immer mehr Spielsachen und Bücher, dafür Maman mehr Klamotten und Schuhe.
52559	Spielsache	Spiel	Sache	4.800000	0.421637	4.200000	0.918937	Der an die Pflicht der Frau gemahnende Nähkorb auf der einen Seite kontrastiert mit den Vergänglichkeitssysmbolen in Gestalt der achtlos verteilten Spielsachen des Kindes.
52560	Spielsache	Spiel	Sache	5.000000	0.000000	4.300000	1.337490	Legen Sie Kleider, die sie in ihn hinausgewachsen ist zusammen mit allen funktionalen Spielsachen, die sie nicht wieder verwenden.
52561	Spielstand	Spiel	Stand	4.500000	1.581140	2.900000	1.523880	Die Spielstande liegen in C: / Datein von (user ) / NFS Carbon.
52562	Spielstand	Spiel	Stand	4.700000	0.674949	3.000000	1.563470	Deine Frage, wie man denn die Spielstände in den PS 2 linker und damit auf die Memory Card bekommt, hat Didi in der ersten Post beschrieben.
52563	Spielstand	Spiel	Stand	4.700000	0.483046	3.400000	1.074970	"Auch wenn es "" nur "" Spielstände sind, lohnt es sich sie hin und wieder mal auf eine exteren Festplatte zu sichern."
52564	Spielstand	Spiel	Stand	4.900000	0.316228	3.400000	1.074970	Die Blau-Weißen kamen aufgrund von einigen schnellen Ballgewinnen in den letzten Minuten, resultierend aus einer nun offensiv eingestellten Abwehr, über die Spielstände 26:22 und 28:25 noch bis auf 29:27 heran.
52565	Spielstand	Spiel	Stand	4.800000	0.632456	3.800000	1.229270	Du kannst mir auch gerne den Spielstand schicken und ich schau mal rein.
52566	Spielweise	Spiel	Weise	4.300000	1.059350	2.400000	2.170510	Er zeichnet sich normalerweise durch eine offensiv ausgerichtete Spielweise aus.
52567	Spielweise	Spiel	Weise	3.600000	1.776390	2.500000	1.779510	Doch die jetzt auf diesem Gebiete herrschende Willkür zu beseitigen, wird erst dann möglich sein, wenn durch Wettspiele ein Vergleich der verschiedenen Spielweisen angestellt ist, und ein Urteil über deren Wert hat gewonnen werden können.
52568	Spielweise	Spiel	Weise	4.500000	0.971825	2.700000	2.057510	Übrigens ist unser Verein für eine Abseitsregelung auch in den kleinen Hallen, für technischversierte Spieler ist dies denke ich eine interssante Spielweise.
52569	Spielweise	Spiel	Weise	4.300000	1.059350	2.900000	2.131770	Sie haben an Tempo zugelegt, wurden in ihrer Spielweise offensiver und kamen so eben zu guten Chancen bis hin zum Beinahe-Führungstreffer.
52570	Spielweise	Spiel	Weise	3.800000	1.813530	3.300000	1.494430	Dieser ähnlich hat man, z. B. in Leipzig, ein sogenanntes Sechsschach gebildet, welches statt zweier Bretter drei aneinander fügt, im Übrigen aber eine analoge Spielweise zum Grunde hat.
52571	Spielweise	Spiel	Weise	4.100000	1.595130	3.300000	2.057510	Zu diesen drei Grundformen des Angriffes kommt aber endlich noch die Möglichkeit, durch Verbindung der wichtigeren Züge aus den einzelnen Systemen wieder neue Spielweisen zu erzeugen.
52572	Spielweise	Spiel	Weise	4.400000	0.699206	3.400000	1.776390	Wenn sich so die beiden Spiele auf unserem Boden einbürgern und selbständig entwickeln, werden wir bald von einem deutschen Rasenball und von einem deutschen Fußball sprechen können, und wahrscheinlich wird sich dann ein Gegensatz zu der englischen Spielweise herausgebildet haben.
52573	Spielweise	Spiel	Weise	4.600000	0.966092	3.500000	1.080120	Das Problem allgemein existiert noch, aber ob es bei dir auftritt, kommt sehr auf deine Spielweise an.
52574	Spielweise	Spiel	Weise	4.100000	1.370320	3.700000	1.567020	"Besondere Freude bereitete der Schlagzeuger, der mit wahrer theatralischer Lust "" auf die Pauke haute "", dennoch sich der kultivierten Spielweise seiner Kollegen anpaßte."
52575	Spielweise	Spiel	Weise	3.800000	1.751190	3.800000	1.619330	Für die Praxis haben diese Systeme eine große Bedeutung und wir erkennen in ihnen die ergiebigsten Spielweisen für die lebende Partie.
52576	Sportchef	Sport	Chef	3.900000	1.449140	4.400000	0.843274	": daumen_oben: Entgegen vieler Befürchtungen und der auch hier das eine oder andere Mal geäußerten Kritik an der vermeintlich "" populistischen Entscheidung "", EM zum Sportchef zu machen, habe ich immer gesagt, dass er das schon richten wird."
52577	Sportchef	Sport	Chef	4.200000	1.316560	4.700000	0.948683	"Dr. Wolfgang Ullrich, Audi Sportchef: "" Das war sicherlich eines der spannendsten Sportwagen-Rennen, das es je gegeben hat."
52578	Sportchef	Sport	Chef	4.500000	1.581140	4.900000	0.316228	"Er verfügt über die größte Erfahrung bei der Kommentierung nationaler wie internationaler Kämpfe und ist bei Experten wie Fans aufgrund seiner Kompetenz sehr angesehen, "" erklärte Sportchef Loppe am Mittwoch."
52579	Sportchef	Sport	Chef	4.400000	0.843274	5.000000	0.000000	Die dapd verstärkt die Spitze ihres Sportressorts: Gerd Graus (52 ) ist neuer stellvertretender Sportchef der Nachrichtenagentur.
52580	Sportchef	Sport	Chef	4.800000	0.421637	5.000000	0.000000	Vorstandsvorsitzender soll Dietmar Beiersdorfer werden, bis Juni 2009 Sportchef des HSV.
52581	Sportspiel	Sport	Spiel	4.500000	0.849837	4.500000	0.707107	Bei anderen Sportspielen finde ich die Menüs und Möglichkeiten teilweise überladen, aber hier finde ich es genau richtig.
52582	Sportspiel	Sport	Spiel	4.900000	0.316228	4.700000	0.483046	"Aufbauend auf NHL 08, dem 7 "" Sportspiel des Jahres "" - Auszeichnungen verliehen wurden, entwickelt EA SPORTS sein Sportspiel mit NHL-Lizenz durch innovative Steuerungs-Erweiterungen, mehr Spieltiefe und noch einfachere Zugänglichkeit..."
52583	Sportspiel	Sport	Spiel	4.900000	0.316228	4.900000	0.316228	42 Spieleklassiker (DS ) - Eine Unmenge an Spielen, Im Mehrspielermodus zeitlos, Überzeugende Brett - und Sportspiele.
52584	Sportspiel	Sport	Spiel	4.700000	0.483046	4.900000	0.316228	Electronic Arts bestätigte nun, dass Fifa 10 das schnellstverkauften Sportspiel aller Zeiten ist.
52585	Sportspiel	Sport	Spiel	4.500000	1.581140	5.000000	0.000000	"Gemäss dem Internationalen Zentrum für Sportsicherheit (ICSS ) in Katar sowie der Universität Panthéon-Sorbonne in Paris wurden allein 2013 unbemerkt "" Hunderte oder gar Tausende "" Sportspiele manipuliert."
52586	Sprachfähigkeit	Sprache	Fähigkeit	4.900000	0.316228	4.400000	0.966092	Sie lernen die Zeitung kennen, ihre Sprachfähigkeit werde gefördert.
52587	Sprachfähigkeit	Sprache	Fähigkeit	4.800000	0.632456	4.400000	1.577620	"Vorausgegangen war die Hausarbeit einer Lehramtsanwärterin, die in das Projekt "" Entwicklung und Förderung der Sprachfähigkeit von Hauptschülern "" eingebunden ist."
52588	Sprachfähigkeit	Sprache	Fähigkeit	4.333330	1.322880	4.555560	0.726483	"Dieses Programm wird nun auch im Rahmen der seit Anfang Juni laufenden Überprüfungen ) "" Screenings "" (der Wiener Kindergartenkinder auf ihre Sprachfähigkeiten eingesetzt."
52589	Sprachfähigkeit	Sprache	Fähigkeit	4.700000	0.483046	4.700000	0.483046	Diese Kommunikation setzt eine differenzierte Wahrnehmungs - und Sprachfähigkeit und ein hohes Maß an Glaubwürdigkeit und Verantwortungsbereitschaft voraus.
52590	Sprachfähigkeit	Sprache	Fähigkeit	4.800000	0.421637	4.900000	0.316228	Sie haben eine viel bessere Sprachfähigkeit, wie man bisher vermutet hat.
52591	Staatschef	Staat	Chef	3.666670	1.414210	3.888890	1.536590	Die Versammlung verwirft indessen diesen Termin mit 374 gegen 217 Stimmen zum Zeichen, daß sie diesen Gegenstand dem neuen Staatschef überlassen möchte.
52592	Staatschef	Staat	Chef	4.700000	0.483046	4.400000	0.843274	Die Koalitionsstreitkräfte setzen ihre Angriffe gegen die Truppen des libyschen Staatschefs Muammar Ghadhafi fort.
52593	Staatschef	Staat	Chef	4.600000	0.843274	4.400000	1.074970	Kommentar: Regisseur Oliver Stone begleitet drei Tage lang Kubas Staatschef Fidel Castro.
52594	Staatschef	Staat	Chef	4.500000	0.971825	4.600000	0.699206	Aller Unterschied der Stände hört hier vollkommen auf, und es kann so gut der oberste Staatschef, der Präsident, vor Gericht gezogen werden, wie der geringste Landmann.
52595	Staatschef	Staat	Chef	4.700000	0.483046	4.600000	0.966092	Privatgespräche zum Teil mit dem Staatschef selbst, zum Teil mit den Ministern anknüpfte.
52596	Staatschef	Staat	Chef	4.100000	1.523880	4.800000	0.421637	"Nach Angaben der Nordkoreaner funktionierte der Satellit normal und sendete neben Messdaten die Melodien revolutionärer Lieder über den verstorbenen "" ewigen Staatschef "" Kim Il Sung und seinen Sohn und Nachfolger Kim Jong Il zur Erde."
52597	Staatschef	Staat	Chef	4.800000	0.421637	4.800000	0.421637	Zur 33. Generalkonferenz der UNESCO werden über 2000 Delegierte aus den 191 Mitgliedstaaten der Organisation in Paris erwartet, darunter zahlreiche Staatschefs und Minister.
52598	Staatschef	Staat	Chef	5.000000	0.000000	4.900000	0.316228	Das setzt auch die Akzeptanz meiner Hoheitsverantwortung als Staatschef dieser, unserer Länderunion BRD voraus.
52599	Stadtrand	Stadt	Rand	4.600000	0.699206	4.000000	1.699670	Vom nördlichen Stadtrand ist man etwa 1 Stunde und 15 Minuten unterwegs bis man das relativ große Gelände erreicht.
52600	Stadtrand	Stadt	Rand	4.700000	0.948683	4.100000	1.286680	Wir waren auch hocherfreut, dass wir über das Forum zwei neue Besitzer von Buggy 's in unserer schönen Stadt, bzw. am Stadtrand kennengelernt haben.
52601	Stadtrand	Stadt	Rand	5.000000	0.000000	4.300000	1.337490	Hallo liebe Aussie-Fans, mein Name ist Mona und ich wohne zusammen mit Mann Det und Gelbnackenamazone Lucy am Stadtrand von Hamburg.
52602	Stadtrand	Stadt	Rand	4.900000	0.316228	4.400000	1.577620	... ein modernes Fachkrankenhaus für Orthopädie, Diabetologie und Gefäßchirurgie mit 170 Betten am nördlichen Berliner Stadtrand (Autobahnring ).
52603	Stadtrand	Stadt	Rand	5.000000	0.000000	4.900000	0.316228	In einem ruhigen Wohngebiet am Stadtrand von Aschaffenburg bietet Ihnen dieses familiengeführte Hotel gemütliche Zimmer in historischem Ambiente und eine schnelle Anbindung ans Stadtzentrum.
52604	Stahlwerk	Stahl	Werk	4.100000	1.595130	3.400000	2.065590	"Wegbeschreibung zum Stahlwerk findet Ihr hier unter "" Anfahrt zum Stahlwerk ""."
52605	Stahlwerk	Stahl	Werk	4.200000	1.619330	3.700000	1.946510	O. T. Tellander, Über den basischen Martinprocess auf dem Stahlwerke zu Alexandrowsky bei St. Petersburg.
52606	Stahlwerk	Stahl	Werk	4.700000	0.674949	4.000000	1.333330	Diese Anordnung wurde zuerst auf dem Krüschen Stahlwerke in Essen eingeführt, wo je fünf oder sechs Birnen in einer Reihe lagen.
52607	Stahlwerk	Stahl	Werk	4.400000	0.699206	4.000000	1.699670	Bitte um Spenden für die Unterstützungsarbeit der lokalen Opfer des Stahlwerks ThyssenKrupp CSA in Santa Cruz an der Bucht von Sepetiba, Rio de Janeiro.
52608	Stahlwerk	Stahl	Werk	4.800000	0.632456	4.100000	1.370320	Schon im Jahre 1879 wurde von den deutschen Eisenwerken Hörde und Rheinische Stahlwerke bei Ruhrort das Verfahren eingeführt und wesentlich vervollkommnet.
52609	Stahlwerk	Stahl	Werk	4.700000	0.674949	4.200000	0.918937	Reisende ges.: für ein Kurz u. Strumpfwarengeschäft, Droguengesch., Weinhandel., Gummiwaarengesch., größeres belgisches Stahlwerk.
52610	Stahlwerk	Stahl	Werk	4.000000	1.699670	4.200000	1.032800	Die neuen Stahlwerke zu Couillet und Marchienne-au-Pont wurden Anfang des Jahres in Betrieb gesetzt.
52611	Stahlwerk	Stahl	Werk	4.900000	0.316228	4.300000	1.059350	"Vor diesem Hintergrund hat das Bundesarbeitsgericht 1991 entschieden, dass der Einsatz von "" Flämmern "" in einem Stahlwerk in Bremen die praktisch die gleiche Arbeit machten wie die Flämmer, die der Arbeitgeber beschäftigt, nicht mitbestimmungspflichtig gemäß § 99 BetrVG ist."
52612	Stahlwerk	Stahl	Werk	5.000000	0.000000	4.500000	0.707107	Freizeithöhepunkt am Freitag - und Samstagabend waren zunächst das Sommerfest mit den Kolleginnen und Kollegen des Stahlwerkes Salzgitter im Freien am Salzgitter See.
52613	Stahlwerk	Stahl	Werk	4.800000	0.421637	4.600000	0.699206	Diese Frau hatte keinen Erben für ihre Reichtümer, und als ich zufällig eines Tages eine Arbeit im Stahlwerk suchte, nahm sie mich in ihr Haus, wo ich alle Schuhe putzen musste.
52614	Stammesführer	Stamm	Führer	3.000000	2.211080	4.500000	0.707107	Ich heiße David Breidt, bin 22 Jahre alt und komme aus dem Gau Saar, genauer gesagt aus dem Stamm Scheidter Haufen, wo ich auch noch als Stammesführer aktiv bin.
52615	Stammesführer	Stamm	Führer	4.000000	1.414210	4.500000	0.849837	Der Stamm hat einen Stammesführer, mehrere Stellvertreter und einen Schatzmeister, die von allen Mitgliedern des Stammes gewählt werden.
52616	Stammesführer	Stamm	Führer	3.100000	2.131770	4.500000	0.971825	Dann gab der Wachposten einem anderen Krieger zu verstehen, das er dem Stammesführer bescheid geben sollte.
52617	Stammesführer	Stamm	Führer	3.300000	2.002780	4.600000	0.966092	54 Am achten Tag kam der Stammesführer der Manassiter, Gamliël, der Sohn Pedazurs.
52618	Stammesführer	Stamm	Führer	3.700000	1.888560	4.700000	0.674949	Später mussten sie sich gegen die von Osten kommenden Germanen wehren, und kämpften in Stammesfeden aus Machtgier der verschiedensten Stammesführer untereinander.
52619	Stammwerk	Stamm	Werk	1.500000	1.649920	3.600000	1.646550	Der neue BMW 3 er feierte die Weltpremiere in München 7 Vorstände von BMW waren vor Ort, 7 neue BMW 3 er Fahrzeuge wurden im Stammwerk in München gezeigt.
52620	Stammwerk	Stamm	Werk	1.100000	1.286680	3.800000	2.097620	Ford in Saarlouis Das Stammwerk in Saarlouis fertigt die Modelle Ford Focus, Ford Focus ST, Ford Focus Turnier sowie den Ford Kuga und den Ford C-MAX.
52621	Stammwerk	Stamm	Werk	2.200000	2.097620	4.200000	1.619330	Der Autofabrikant plant die Aufstockung seiner unbefristeten Mitarbeiterzahl um rund 200, die ausschließlich im Stammwerk Zuffenhausen, einem Stadtteil von Stuttgart, erfolgen soll.
52622	Stammwerk	Stamm	Werk	2.500000	1.433720	4.400000	0.966092	Tatsächlich war sie damals auf Siemens beschränkt, genauer auf das Stammwerk in Erlangen.
52623	Stammwerk	Stamm	Werk	2.000000	1.699670	4.400000	1.577620	Sie wollen gegen die Schließung des Ford-Werkes in Genk direkt vor und ganz offensichtlich auch im Stammwerk in Köln Niehl protestieren.
52624	Standardwerk	Standard	Werk	4.454550	0.687552	3.272730	1.737290	Laut Mittelungen von BDV und HUK Coburg sollen mehr als 1.000 Textzeilen im Standardwerk der Versicherungsbedingungen überarbeitet worden sein.
52625	Standardwerk	Standard	Werk	3.800000	1.686550	3.300000	1.567020	Ein aktualisiertes Normenverzeichnis, die Einführung in das neue EMV-Gesetz sowie ein Leitfaden zur Erlangung der EMV-Konformität bzw. des CE-Kennzeichens für elektrische und elektronische Produkte runden die 5. Auflage dieses beliebten Standardwerks ab.
52626	Standardwerk	Standard	Werk	3.800000	1.135290	3.400000	1.646550	""" Alle, oder wenigstens fast alle Mütter, erziehen ihre Töchter für die Ehe; darf man behaupten, daß sie dieselben so gut wie möglich vorbereiten? "" zitiert Professor Forelle in seinem Standardwerk "" Die sexuelle Frage "" die Schweizer Pädagogin, Frau Schmied-Jäger."
52627	Standardwerk	Standard	Werk	4.700000	0.674949	3.600000	1.429840	"Das Gelbe von GU "" gliedert sich in eine Reihe verschiedener Kochbücher ein, die von sich behaupten, das Standardwerk schlechthin zu sein."
52628	Standardwerk	Standard	Werk	3.800000	1.751190	4.000000	1.632990	"ein Standardwerk sind die "" Vorbereitungshilfen für Kinderstunden "" im born-Verlag."
52629	Standardwerk	Standard	Werk	3.900000	1.663330	4.100000	0.994429	Suchen Sie Literatur zu aktuellen Kinofilmen, Standardwerke oder Ideen für das Arbeiten mit Filmen im Unterricht?
52630	Startphase	Start	Phase	4.600000	1.264910	4.300000	1.251670	Trotz guter Thermik verlor das Team in der Startphase überraschend an Höhe und prallte gegen das Dach einer Almhütte.
52631	Startphase	Start	Phase	4.600000	1.264910	4.300000	1.567020	Liebe Gleitschirmfreunde, Wir haben in der Startphase des INFINITYS das System nicht beworben, obwohl es konstruktiv verankert war, da wir produktionstechnisch nicht für die Wirksamkeit garantieren konnten....
52632	Startphase	Start	Phase	4.444440	0.726483	4.333330	1.322880	Ansonsten ist noch erwähnenswert, dass es weiterhin zu einfach ist, bereits in der Startphase Plätze gutzumachen.
52633	Startphase	Start	Phase	4.900000	0.316228	4.700000	0.483046	Sie können auch versuchen, die Vögel bereits in der Startphase zu erwischen, oder Sie konzentrieren sich generell auf tief fliegende Kulturfolger wie Möwen.
52634	Startphase	Start	Phase	4.900000	0.316228	4.700000	0.674949	Ein Entsorgungsunternehmer brachte es kürzlich auf den Punkt: Eigentlich wollte ich nach der Startphase Industrieabfälle entsorgen, aber inzwischen habe ich den Schwerpunkt auf Abbruch verlegt.
52635	Stirnlampe	Stirn	Lampe	3.800000	1.751190	4.700000	0.674949	"Nur, weil Menschen mit einfachen Mitteln - (Zitat:) ""... und dann sieht man dank Nachsichtgerät eine Gruppe von Jugendlichen, die mit Skizze, Brettern, Stirnlampen und Wasserwaage durchs Feld ackern und ein beeindruckend harmonisches, planetenumlaufbahnähnliches Gebilde ins Korn trampeln."
52636	Stirnlampe	Stirn	Lampe	4.400000	0.966092	4.800000	0.421637	Da aber zuerst der Strom leider mal wieder fehlte (das passiert ca. 3 - 4 Stunden am Tag ), konnten wir uns trotz Stirnlampe nicht waschen.
52637	Stirnlampe	Stirn	Lampe	4.300000	1.251670	4.800000	0.421637	Sie schnallt sich die Stirnlampe um und packt die Sprühdosen aus.
52638	Stirnlampe	Stirn	Lampe	3.800000	1.686550	4.900000	0.316228	Die Stirnlampe verfügt über 2 verschiedene Leuchtmittel eine weiße Power LED und eine rote LED für vielseitige Einsatzmöglichkeiten.
52639	Stirnlampe	Stirn	Lampe	4.100000	1.728840	4.900000	0.316228	So war die Lage etwas entspannter, und trotzdem herrschte reges Treiben im Kurpark und den angrenzenden Gebieten, wie man an den auf und ab tanzenden Lichtern der mehr oder weniger großen Stirnlampen erkennen konnte.
52640	Stockwerk	Stock	Werk	1.200000	1.813530	0.200000	0.421637	"Diese Erwartung hat sich aber nicht erfüllt, denn das "" Journal "" kündet eine neue, wegen ihrer Gefährlichkeit einfach verblüffende Konkurrenz an, nämlich ein Wett- Treppensteigen bis zum zweiten Stockwerk des Eiffelturmes."
52641	Stockwerk	Stock	Werk	0.900000	1.595130	0.700000	0.948683	Einen Teil der Zeit nach dem Mittagessen brachten wir in den Zimmern des ersten Stockwerkes zu.
52642	Stockwerk	Stock	Werk	2.200000	2.149940	0.800000	0.788811	Diese Stockwerke haben gutes Licht und sind mit hydraulischen Aufzügen versehen.
52643	Stockwerk	Stock	Werk	2.000000	2.000000	0.800000	1.229270	Ich komm an eine Truhe im dritten Stockwerk nicht ran.
52644	Stockwerk	Stock	Werk	2.200000	2.201010	0.900000	1.595130	Nach einem von Bauamtmann Hoefl ausgearbeiteten Plan wird auf die Tuerme ein weiteres Stockwerk mit Kuppel aufgebaut werden, so daß dieselben um etwa 50 Meter hoeher wuerden.
52645	Stockwerk	Stock	Werk	2.300000	2.406010	1.000000	1.632990	Das ganze Stockwerk war eigentlich ein gewöhnlicher O-Bahnhof, in den die schwebenden Züge des öffentlichen Nahverkehrs von Westen her durch ein Tor ins Gebäude fuhren und im Osten wieder heraus.
52646	Stockwerk	Stock	Werk	2.111110	2.315410	1.111110	1.536590	Werden Ziegel von den bisher vorgeschriebenen Dimensionen verwendet, so muß die Hauptmauer im obersten Stockwerke, falls die Zimmertiefe in diesem Stockwerke 6m nicht überschreitet, eine Dicke von wenigstens 45zm, falls aber die Zimmertiefe in diesem Stockwerke 6m überschreitet, eine Dicke von 60zm erhalten.
52647	Stockwerk	Stock	Werk	2.900000	2.183270	1.200000	1.316560	Sie lenkt den Blick nach Oben, wenn man in einem der unteren Stockwerke steht, bzw stellt eine Sichtverbindung von Oben nach Unten her, wenn man von einem der oberen Stockwerke aus schaut, sie unterstreicht in jedem Fall die vertikale Bewegung der gesamten Installation.
52648	Stockwerk	Stock	Werk	3.000000	2.211080	1.300000	1.418140	Solltest du den Schlüssel, den man sich mithilfe des Greifhakens in K 3 sichern konnte, dabei haben, kannst du die Tür ganz im Nordosten des Stockwerks öffnen.
52649	Stockwerk	Stock	Werk	1.700000	2.110820	1.600000	1.712700	Die Hauptmauern der Wohngebäude müssen im obersten Stockwerke wenigstens 0,45m dick sein, und sind in jedem Stockwerke nach abwärts um je 15zm zu verstärken.
52650	Stoffhose	Stoff	Hose	4.900000	0.316228	4.700000	0.948683	Alberto-Retro-Ceramica -1635 - Stanley -995 Alberto Retro Ceramica 1635 / Stanley / 995 Alberto Ceramica - das Original Klassische Stoffhose in modischer Form STANLEY aus Ceramica mit UV-Schutz, knitterarm und Temperatur ausgleichend Alberto gilt als der Pionier bei der Verwendung des High-Tech-Materials Ceramica.
52651	Stoffhose	Stoff	Hose	4.500000	1.080120	4.900000	0.316228	""" Tage, Wochen, nein Monate und endlose Papiertaschentücher weiter gab ich nach, und trug Hemden, Pullunder (Ãrrrgh ) und Stoffhosen."
52652	Stoffhose	Stoff	Hose	4.800000	0.421637	4.900000	0.316228	Allerdings trägt er dieses Mal nicht seine Priesterrobe, sondern eine schwarze Stoffhose, dazu passend ein weißes Hemd und seine berühmte rote Sonnenbrille.
52653	Stoffhose	Stoff	Hose	5.000000	0.000000	5.000000	0.000000	Meltin Pot MIAMBI Stoffhose grau: Cooler Casual-Look: die graue Stoffhose MIAMBI von Meltin Pot!
52654	Stoffhose	Stoff	Hose	4.800000	0.632456	5.000000	0.000000	Neben Jeans und Stoffhosen findet Ihr bei uns auch eine große Auswahl an modisch aktuellen Oberteilen, Jacken, Röcken und Kleidern ist für jeden Geldbeutel und Geschmack ist etwas dabei.
52655	Strafprozess	Strafe	Prozess	4.200000	1.619330	4.300000	1.159500	Nach Artikel 27 Abs. 6 der Niedersächsischen Verfassung finden auf die Erhebungen dieses Parlamentarischen Untersuchungsausschusses die Vorschriften über den Strafprozess sinngemäß Anwendung.
52656	Strafprozess	Strafe	Prozess	4.800000	0.421637	4.300000	1.337490	Sie offenbart nämlich, dass dieser Verteidiger scheinbar eine, meiner Meinung nach kreuzgefährliche Haltung zu seiner Aufgabe im Strafprozess hat.
52657	Strafprozess	Strafe	Prozess	4.200000	1.316560	4.500000	1.269300	Die amerikanischen Zivilprozesse sind leichter zu gewinnen als die Strafprozesse, denn da reicht es, wenn die Indizien gegen den Prozessgegner schwerer wiegen als jene, die ihn entlasten, so die...
52658	Strafprozess	Strafe	Prozess	4.500000	0.707107	4.600000	0.699206	Mihai Vladescu Verteidigungsrechte im Strafprozess in Zürich, Bern und Basel zwischen 1770 und 1870.
52659	Strafprozess	Strafe	Prozess	4.800000	0.421637	4.900000	0.316228	Die Vergangenheitsform habe ich gewählt, weil der Strafprozess heute mehr einem Verwaltungsverfahren mit den entpsrechenden Konsequenzen ähnelt, als einem fairen Verfahren.
52660	Strafsache	Strafe	Sache	4.500000	1.080120	2.000000	1.563470	Laienrichter oder Schöffen kommen bei den Senaten des Oberlandesgerichts bis auf wenige Ausnahmen nicht zum Einsatz, auch in den Strafsachen nicht.
52661	Strafsache	Strafe	Sache	4.400000	1.074970	2.300000	1.636390	Es genügt, daß in einer Strafsache, welche zu der Verurteilung eines Angeschuldigten in eine der genannten Strafen geführt hat, ein falsches Zeugnis zu dessen Nachteil abgelegt worden ist.
52662	Strafsache	Strafe	Sache	4.700000	0.674949	2.300000	1.766980	Beschluss: Strafsache In pp. hat der 1. Strafsenat des OLG Hamm am 27.01.2014 beschlossen.
52663	Strafsache	Strafe	Sache	4.500000	0.527046	2.500000	1.080120	Beschluss: Strafsache gegen U.C. wegen Vergewaltigung, (hier: sofortige Beschwerde gegen die erneute Ablehnung der Wiederaufnahme des Verfahrens sowie gegen die Ablehnung des Antrags auf Aufschub der Strafvollstreckung ).
52664	Strafsache	Strafe	Sache	4.600000	0.516398	2.500000	1.715940	1. Die Beamten der Staatsanwaltschaft haben den dienstlichen Anweisungen ihres Vorgesetzten nachzukommen und zwar, wie die Motive zum Gerichtsverf.Gesetz S. 165 (Hahn S. 149 ) erläuternd bemerken, nicht nur den allgemeinen Anordnungen, sondern auch den in einer speziellen Strafsache ergehenden Anweisungen.
52665	Strafsache	Strafe	Sache	4.400000	0.699206	2.600000	1.577620	Vor einem Erkenntnissenate des hiesigen Landesgerichtes in Strafsachen hatten sich zehn Bauern, welche in der Nacht vom 19. August acht Borstenschweine aus Rumänien nach der österreichischen Grenze herübergeschwärzt hatten, zu verantworten.
52666	Strafsache	Strafe	Sache	4.000000	1.333330	2.700000	1.888560	Darüber hinaus gibt das Europäische Parlament politische Impulse und engagiert sich so in den Bereichen Gemeinsame Außen - und Sicherheitspolitik, Polizeiliche und Justizielle Zusammenarbeit in Strafsachen und Beziehungen zu den Entwicklungsländern.
52667	Strafsache	Strafe	Sache	4.900000	0.316228	2.800000	1.873800	Was das gemeine Strafrecht als solche anerkennt, das hat es anerkennen wollen für alle Strafsachen, die vor den ordentlichen Gerichten zu verhandeln sind.
52668	Strafsache	Strafe	Sache	3.900000	0.875595	3.000000	1.632990	Der zweite Abschnitt (Art. XIII.-XXVII. ) umfaßt diejenigen Vorschriften, welche sich auf die Kompetenz und das Verfahren in Strafsachen beziehen.
52669	Strafsache	Strafe	Sache	4.500000	1.269300	3.000000	1.943650	Der Bundesgerichtshof legte diese Frage nun dem Großen Senat für Strafsachen vor, der für die Beantwortung grundsätzlicher Fragen zuständig ist.
52670	Streitsache	Streit	Sache	4.500000	1.581140	2.100000	1.595130	Durch die Erhebung der Klage wird die Rechtshängigkeit der Streitsache begründet.
52671	Streitsache	Streit	Sache	4.200000	1.316560	2.300000	1.702940	In derselben Weise wie im Formularprozeß ging auch im Legis-Actionenproceß eine längere formlose Verhandlung, worin beide Parteien den Stand der Sache erzählten, der formellen Konstituierung und Fixierung der Streitsache in Gestalt der Legis Actio voraus.
52672	Streitsache	Streit	Sache	4.200000	1.549190	2.300000	1.888560	In der Streitsache zwischen dem Stuttgarter Verlag Eugen Ulmer und der Technischen Universität Darmstadt über die elektronische Speicherung von Lehrbüchern hat das Frankfurter Landgericht ein Urteil gefällt.
52673	Streitsache	Streit	Sache	4.000000	1.322880	2.777780	1.715940	Der König konnte nämlich jede Streitsache mit Umgehung des Volksgerichtes an seinen Hof ziehen, so dass das nachmals sogenannte Jus evocandi der deutschen Reichsgerichte zwar nicht dem Namen, aber der Sache nach schon in der fränkischen Zeit vorhanden war.
52674	Streitsache	Streit	Sache	4.700000	0.674949	2.900000	1.286680	Wenn die Art der Streitsache es rechtfertigt, weist die Behörde einer bedürftigen Partei auf begründetes Gesuch hin für das Beschwerdeverfahren einen nach dem Anwaltsgesetz zur Parteivertretung zugelassenen Anwalt zu (§ 204 Abs. 2 VRG ).
52675	Streitsache	Streit	Sache	4.900000	0.316228	3.000000	1.490710	Therese zuckte die Achseln und brach ab, nahm auch nicht Veranlassung darauf zurückzukommen und zwar um so weniger, als sich das, was ihr die Mama in dieser Streitsache begütigend gesagt hatte, sehr bald erfüllen sollte.
52676	Streitsache	Streit	Sache	4.500000	0.849837	3.100000	1.449140	(6 ) Anhängige Streitsachen und strafrechtliche Untersuchungen können weder durch den Landtag noch durch die Ministerien oder sonstige Verwaltungsbehörden gehemmt, von den Gerichten erkannte Strafen können nur nach den Vorschriften dieser Verfassung oder der Verfassung des Deutschen Reiches gemildert oder erlassen werden.
52677	Streitsache	Streit	Sache	4.700000	0.674949	3.100000	1.852930	Da somit die Frage des Wohnsitzes bzw. der Berechtigung zum Fahren mit einem deutschen Führerausweis nicht mehr streitig ist, kann auf eine Rückweisung der Streitsache an die Vorinstanz zufolge Verletzung des rechtlichen Gehörs verzichtet werden.
52678	Streitsache	Streit	Sache	4.200000	1.549190	3.200000	1.813530	Die erste Section regelt die Befugnis des Patentkommissars und der Parteien, eidliche Erklärungen und Zeugenaussagen in den vor dem Patentamte schwebenden Streitsachen zu erfordern.
52679	Streitsache	Streit	Sache	4.900000	0.316228	3.700000	1.251670	2.3. Eine besondere Beziehung zur Streitsache kann durch eine besondere räumliche Nähe gegeben sein.
52680	Strumpfhose	Strumpf	Hose	3.400000	1.837870	3.300000	2.057510	Lästig finde ich auch Behauptungen wie Strumpfhosen wären nicht ausgebeult, im Gegensatz zu langen Unterhosen.
52681	Strumpfhose	Strumpf	Hose	4.500000	0.849837	3.400000	1.173790	Ob diese Strumpfhosen auch den Unterleib mit bedeckten und hier mit Nesteln oder Bändern an einander befestigt waren, läßt sich nicht entscheiden, da bei dem langen Rock des Mannes Abbildungen nicht zu Hilfe kommen.
52682	Strumpfhose	Strumpf	Hose	3.900000	0.875595	4.000000	1.414210	Gott sei Dank sind meine Nachbarn nicht da, die hätten sicher sonst die Klapsmühle verständigt *griiins* Strumpfhosen eignen sich auch noch gut zum aufbinden von Tomatenstauden, wenn man Spitzendeckchen in der Waschmaschine waschen will, gibt man sie in eine Strumpfhose und sie verzerren sich nicht.
52683	Strumpfhose	Strumpf	Hose	3.900000	1.449140	4.000000	1.699670	Es ist aber glaublich, da nie mit den ritterlichen Strumpfhosen der sogenannten Bruche zugleich Erwähnung geschieht.
52684	Strumpfhose	Strumpf	Hose	4.363640	0.809040	4.090910	1.446000	Müheloses Ausziehen von allen Typen Kompressionsstrümpfen und Strumpfhosen mit offener und geschlossener Fußspitze.
52685	Strumpfhose	Strumpf	Hose	4.500000	0.707107	4.400000	0.516398	"Die Überschrift des Forums ist "" Forum für Strickstrumpfhosen, Strumpfhosen und alles was dazugehört ""."
52686	Strumpfhose	Strumpf	Hose	4.700000	0.483046	4.400000	0.966092	Ich habe oft über eine konkrete Antwort nachgedacht, die mir als Mann das tragen von Strumpfhosen verbietet bzw. warum Strumpfhosen für Männer ungeeignet sein sollen.
52687	Strumpfhose	Strumpf	Hose	3.800000	1.686550	4.600000	0.699206	Noch sehe ich ihn deutlich vor mir, wie er in eleganter heller Strumpfhose, schwarzem Frack und weißem Hut nach unserem großen Garten in der Lehmgasse kam, um Abschied zu nehmen.
52688	Stückwerk	Stück	Werk	2.100000	1.595130	0.900000	0.994429	Damit vernachlässigen sie leider eine der ersten Pflichten des Forschers; dadurch zwingen sie Den, welcher sich mit der Erforschung und Beschreibung des Tierlebens befaßt, ein trauriges Stückwerk zu liefern, -- wie ich es hier geben mußte, weil ich es nicht besser bieten konnte.
52689	Stückwerk	Stück	Werk	2.700000	1.828780	1.500000	1.354010	Unser Wissen ist Stückwerk, und unsere besten Exerzitien bleiben Stückwerk, die buntesten Seifenblasen zerplatzen, und die derbsten Prügel fühlt man eine Stunde nachher nicht mehr.
52690	Stückwerk	Stück	Werk	3.300000	1.494430	1.700000	1.337490	Wenn aber kommen wird das Vollkommene, so wird das Stückwerk aufhören.
52691	Stückwerk	Stück	Werk	2.600000	1.712700	2.000000	1.563470	"Paulus bringt es im ersten Korintherbrief auf den Punkt: "" Stückwerk ist unser Erkennen, und Stückwerk unser prophetisches Reden."
52692	Stückwerk	Stück	Werk	3.500000	1.269300	2.000000	1.699670	"In 1. Korinther 13,9 steht "" Denn unser Wissen ist Stückwerk, und unser Weissagen ist Stückwerk "" Ich habe aber schon Jacob geschieben, dass die Bibel ein abgeschlossenes Stückwerk ist."
52693	Stückwerk	Stück	Werk	3.500000	1.715940	2.200000	1.475730	Dadurch kam kein Spielfluss auf und wir mussten uns mit Stückwerk zufrieden geben.
52694	Stückwerk	Stück	Werk	3.700000	1.251670	2.200000	1.873800	Es sei an der Zeit, das Stückwerk zu beenden.
52695	Stückwerk	Stück	Werk	2.600000	1.776390	2.400000	1.955050	Wir dürfen es nicht verschmähen, uns einige Augenblicke von einigen dieser Gebräuche zu unterhalten und wollen mit den Maurern anfangen, wiewohl das, was der Verfasser nach vielem Fragen und Forschen von ihnen hat erhalten können, nur Stückwerk ist.
52696	Stückwerk	Stück	Werk	3.100000	1.791960	2.700000	1.636390	Flick- und Stückwerk aus den Tagebüchern und Briefen eines Schneidergesellen, 1861. -
52697	Stückwerk	Stück	Werk	3.300000	1.636390	2.700000	2.057510	Die Arbeit des Mannes in Staat und Volkswirtschaft mag dabei als die bedeutungsvollere erscheinen; sie ist doch für jeden einzelnen Mitarbeiter ein arbeitsteiliges Stückwerk, dessen Resultate das Individuum oft gar nicht, oft erst spät übersieht.
52698	Säuberungsaktion	Säuberung	Aktion	4.200000	1.751190	3.900000	1.663330	Diese Säuberungsaktion der Ahmadiyya Muslim Gemeinde Deutschland eV findet in vielen deutschen Städten statt.
52699	Säuberungsaktion	Säuberung	Aktion	4.600000	0.516398	4.200000	1.032800	Kurz nach 10 Uhr macht sich die Müllsammeltruppe auf den Weg zur Säuberungsaktion.
52700	Säuberungsaktion	Säuberung	Aktion	2.700000	2.162820	4.300000	1.567020	Sie beschreibt darin die Vertreibungen und Hinrichtungen auf offener Straße, berichtet von den politischen und ethnischen Säuberungsaktionen, schildert den Mord an ihrem Mann und das lange Siechtum ihrer Tochter und legt Zeugnis ab vom täglichen Kampf ums nackte Überleben.
52701	Säuberungsaktion	Säuberung	Aktion	3.100000	1.911950	4.600000	0.699206	Uniformierte Todesschwadrone foltern, morden und vergewaltigen bei ihren Säuberungsaktionen.
52702	Säuberungsaktion	Säuberung	Aktion	2.700000	2.263230	4.600000	0.966092	Seine Einheit erhält den Befehl, in einem Teil des Landes Säuberungsaktionen unter Zivilisten durchzuführen.
52703	Südrand	Süd	Rand	5.000000	0.000000	4.100000	1.663330	Das Pietzmoor liegt am Südrand des Naturschutzgebietes Lüneburger Heide bei Schneverdingen und umfasst heute noch eine Fläche von ca. 2,5 km ²....
52704	Südrand	Süd	Rand	4.700000	0.674949	4.200000	1.032800	Die Landschaft, die Tacitus beschreibt, ist so außergewöhnlich, dass man sie tatsächlich mit einiger Wahrscheinlichkeit orten kann: Sie liegt wohl bei Dülmen, nördlich von Haltern, am Südrand des Münsterlandes.
52705	Südrand	Süd	Rand	4.700000	0.674949	4.200000	1.135290	Das BEST WESTERN Domicil Hotel liegt malerisch im Herzen des Aller-Leine-Tals in Hodenhagen, direkt am Flussufer der Aller, am Südrand der Lüneburger Heide.
52706	Südrand	Süd	Rand	4.400000	1.349900	4.200000	1.619330	Deshalb wollten wir uns am Tag vor der Finsternis, Samstag, den Südrand des Grand Canyon ansehen, um dann am Nachmittag zum geplanten Beobachtungsort zu fahren, um uns dort umzusehen.
52707	Südrand	Süd	Rand	4.500000	0.849837	4.400000	1.577620	Lage: Rasdhoo Atoll, Größe: 2,5 km x 500 m. Kuramathi liegt am Südrand des kleinen, ringförmigen Rasdhoo Atolls, das sich nordöstlich an das Ari Atoll anschließt.
52708	Tabellenstand	Tabelle	Stand	4.400000	1.577620	2.500000	1.649920	Am Sonntag kommt mit Langenhorst-Welbergen ein Gegner nach Nordwalde, der deutlich stärker ist als es der momentane Tabellenstand vermuten lässt.
52709	Tabellenstand	Tabelle	Stand	4.400000	1.074970	2.600000	2.011080	Obwohl wir zumindest nach dem Tabellenstand die Favoritenrolle inne hatten, taten wir uns sehr schwer.
52710	Tabellenstand	Tabelle	Stand	4.600000	1.264910	3.000000	1.414210	Alle Ergebnisse, die Tabellenstände und die Spieltage der Zweiten Bundesliga im Überblick.
52711	Tabellenstand	Tabelle	Stand	4.300000	1.567020	3.000000	1.825740	Diskutieren Sie aktuelle Ergebnisse, Tabellenstand, gegnerische Mannschaften und Schiedsrichter oder halten Sie einfach einen Fußball Smalltalk im Chat.
52712	Tabellenstand	Tabelle	Stand	4.700000	0.674949	3.600000	1.264910	Nach dieser Vorrunde werden anhand der Tabellenstände die ersten vier jeder Gruppe für die Zwischenrunde ermittelt.
52713	Tagewerk	Tag	Werk	3.200000	1.988860	1.600000	1.429840	Darum beschäftigt Euch, ist es vor der Abreise, mit den Vorbereitungen, und ist es im Badeort selbst und nichts Besseres zur Hand, mit den kleinen Obliegenheiten des Tagewerks recht eifrig, als ob_es wichtige Dinge wären.
52714	Tagewerk	Tag	Werk	4.400000	0.699206	1.900000	1.663330	Es werden in den Konvergenzregionen bis zu 75% der Beratungskosten gefördert, höchstens allerdings 600 Euro pro Tagewerk (umfasst 8 Stunden ) des Beraters.
52715	Tagewerk	Tag	Werk	2.500000	1.840890	2.000000	1.699670	Wir sahen sonst nichts weiter; aber meine Frau hatte recht geschlossen; noch am selben Abend lief es durch das Dorf, die Haushälterin, wie die alte Frau im roten Haus benannt wurde, habe seit jenem Vormittag ihr Tagewerk auf immer eingestellt.
52716	Tagewerk	Tag	Werk	3.100000	1.791960	2.400000	1.429840	Seine Interessen waren der strengen und nüchternen Wirklichkeit zugewandt, und zum Spintisieren und Phantasieren ließ ihm sein angestrengtes Tagewerk keine Zeit übrig.
52717	Tagewerk	Tag	Werk	3.600000	1.837870	2.400000	1.776390	Als solcher richtete dieser kunstgerechten Grubenbau und die Förderung mit Wasserrädern an Stelle der alten Pferdegöpel ein, die dem Staat jährlich 3000 Tonnen Getreide, entsprechend 12000 Tagewerken Ackerland, gekostet hatten.
52718	Tagewerk	Tag	Werk	2.900000	1.969210	2.500000	1.649920	Und immer, immer noch klang es mir im Ohr, Wenn schon der Morgen durch das Fenster blickte, Und mir ums Auge hing ein Tränenflor, Wenn ich dann stumm mein Tagewerk beschickte.
52719	Tagewerk	Tag	Werk	4.200000	1.032800	2.600000	1.429840	Du bist der einzige klare Punkt in meiner finstern Bestimmung, und wenn ich alle meine Hoffnung habe nach schwerem Tagewerk zum Rauchfang hinausfliegen sehen, tritt mir alle meine Hoffnung am Abend in deiner Schoenheit wieder entgegen.
52720	Tagewerk	Tag	Werk	4.000000	1.563470	2.700000	1.766980	Mein Name sei als Schmogga gegeben und mein Tagewerk besteht darin, andere Leute nach der Uhrzeit zu fragen.
52721	Tagewerk	Tag	Werk	3.000000	2.108190	2.800000	1.475730	"Indem sie so dafür sorgen will, dass Arbeitsplätze geschaffen werden, will sie den Leuten dann gleichzeitig auch ermöglichen, ihrer Pflicht, nämlich für einen "" gerechten Lohn "" auch ein "" gerechtes Tagewerk "" zu verrichten, nachzukommen."
52722	Tagewerk	Tag	Werk	3.900000	1.100500	3.600000	1.349900	Sie sahen sie nicht in der Abenddämmerung, wenn sie wieder nach Osten schaute, so müde vom Tagewerk, dass Trauern alles war, wozu sie noch die Kraft besaß.
52723	Taxistand	Taxi	Stand	4.400000	1.577620	2.700000	2.110820	Diesmal stehen 8 Taxis am Taxistand und im letzten sitzt der Taxifahrer von letzter Woche.
52724	Taxistand	Taxi	Stand	4.400000	1.577620	2.800000	2.097620	Als ich beim offiziellen Taxistand war, glaubte ich meinen Augen nicht zu trauen.
52725	Taxistand	Taxi	Stand	4.900000	0.316228	2.900000	1.449140	Er geht zum Taxistand und fragt den Taxifahrer, wieviel eine Fahrt nach Remagen kostet.
52726	Taxistand	Taxi	Stand	5.000000	0.000000	3.400000	1.429840	Bank, Wechselstube, Postamt, Duty-free-Shop, Restaurant, Bar, Erste Hilfe, Mietwagen, Taxistand.
52727	Taxistand	Taxi	Stand	4.900000	0.316228	3.600000	1.505550	Hustend geht sie zum Taxistand und steigt in einen Benz ein.
52728	Teamchef	Team	Chef	4.400000	0.966092	3.900000	1.728840	""" "" Klingt vernünftig "", antwortet der Teamchef und die anderen Spieler und gehen in eine Bar auf ein Bier und spielen Billard."
52729	Teamchef	Team	Chef	4.500000	1.080120	4.100000	1.911950	""" Zwölf Runden fuhr Flehmer, ehe er die Box ansteuerte und den havarierten BMW seinem Teamchef übergab."
52730	Teamchef	Team	Chef	4.500000	0.707107	4.300000	1.059350	Spa-Francorchamps 1991: Schumi macht auf sich aufmerksam Beim Rennen in Spa 1991 fällt im Jordan-Team Stammfahrer Bertrand Gachot aus, Teamchef Eddie Jordan sucht einen Ersatzfahrer.
52731	Teamchef	Team	Chef	4.800000	0.421637	4.300000	1.636390	""", freut sich Teamchef Peter Corzza auf den Einsatz."
52732	Teamchef	Team	Chef	4.500000	0.971825	4.800000	0.421637	Ich habe mich gestern noch kurz mit Monza über dieses Thema ausgetauscht und vertrete ihn jetzt einfach mal am frühen Morgen zu Beginn von Rennen 2 als Teamchef der Purple Devils.
52733	Teamfähigkeit	Team	Fähigkeit	4.300000	0.823273	3.800000	1.686550	"Als Trainer lege ich Wert auf die Teamfähigkeit der Spieler und natürlich den Spaß beim Fußball ""."
52734	Teamfähigkeit	Team	Fähigkeit	4.300000	1.567020	4.200000	0.918937	Teamfähigkeit mit hohem Kommunikationsvermögen, Service - und Kundenorientierung sowie ein gutes Organisationstalent mit strukturierter Arbeitsweise runden Ihr Profil ab.
52735	Teamfähigkeit	Team	Fähigkeit	4.200000	1.316560	4.300000	0.948683	Auch Kommunikations - und Teamfähigkeit werden von den Unternehmen sehr geschätzt.
52736	Teamfähigkeit	Team	Fähigkeit	4.800000	0.421637	4.400000	0.966092	Nicht zuletzt erarbeiten Sie sich auf diesem Wege die ' soft-skills ' von Teamfähigkeit, Verhandlungsgeschick, Moderationsfähigkeit und Präsentationserfahrung, die ohne Frage zu Ihren zentralen Ausbildungszielen gehören.
52737	Teamfähigkeit	Team	Fähigkeit	4.800000	0.421637	4.800000	0.421637	Hervorheben möchte ich mein großes Engagement, meine gute Teamfähigkeit sowie meinen guten Umgang mit Kunden.
52738	Tellerrand	Teller	Rand	2.000000	2.581990	3.000000	2.160250	""" Ich engagiere mich im Internationalen Komitee, da ich gerne einen Blick über den Tellerrand hinaus wage."
52739	Tellerrand	Teller	Rand	2.800000	2.394440	3.000000	2.211080	;) Musste auch mal über den Koblenzer Tellerrand gucken... ^^ Aber seit wann suchst Du denn bei weiblich, 25 - 40?
52740	Tellerrand	Teller	Rand	3.600000	1.776390	3.700000	2.057510	Schauen Sie über den Tellerrand auf die anderen Weiterbildungsthemen bei ibo.
52741	Tellerrand	Teller	Rand	3.900000	2.079000	3.700000	2.162820	Somit haben wir gar keine andere Wahl, als über den Tellerrand hinauszuschauen und uns um ernstzunehmende Alternativen zu bemühen.
52742	Tellerrand	Teller	Rand	3.800000	2.043960	4.000000	1.632990	Oder ist es eher der lange Kommentar, der versucht, über den Tellerrand zu schauen?
52743	Tellerrand	Teller	Rand	4.900000	0.316228	4.500000	0.849837	Den Schwanz gegen einen Stein aufgestützt -- und ritsch empor, -- sechs Meter Bogen und drei Meter hoch, wie die Würmer eines Limburger Käses, die den Tellerrand nehmen, im großen, -- und da sind wir.
52744	Tellerrand	Teller	Rand	4.900000	0.316228	4.700000	0.483046	Er schob heute eine Gartenschnecke, die sich, als er Salat genommen, durch Klappern auf dem Teller sofort bemerkbar gemacht hatte, leise-verlegen auf den Tellerrand und stellte, Vorahnung im Gemüte, die Wasserkaraffe wie einen Schirm zwischen sich und die Wirtin.
52745	Testspiel	Test	Spiel	4.600000	0.966092	4.000000	2.108190	Wenn man kein Interesse an Testspielen hat, brauch man sie nicht zu vereinbaren.
52746	Testspiel	Test	Spiel	3.900000	1.286680	4.300000	0.823273	Bayer Leverkusen Fortuna Köln Vorschau zum Testspiel: Heute kommt es für Fortuna Köln zu einem Testspiel mit einem prominenten Gegner an: Die Fortuna muss in einem Freundschaftsspiel gegen den vierten der Bundeliga Bayer Leverkusen ran.
52747	Testspiel	Test	Spiel	4.700000	0.483046	4.500000	0.707107	Das für Mittwoch angedachte Testspiel gegen den FC Junkersdorf und das Spiel gegen Legia Warschau (Samstag ) stehen nun auf der Kippe.
52748	Testspiel	Test	Spiel	4.700000	0.674949	4.800000	0.421637	Jetzt noch die bereits begonnene Erweiterung der Berichte fortsetzen und vielleicht auch mal ein Testspiel live übertragen, dann ist man da auf einem guten Weg.
52749	Testspiel	Test	Spiel	4.400000	1.074970	4.800000	0.421637	Nach einigen Testspielen muss ich aber sagen, dass ich die Kampfkraft der Fluchritter mit dem Baron wirklich zu schätzen gelernt habe.
52750	Teufelswerk	Teufel	Werk	4.400000	0.516398	1.300000	1.494430	Der Tatbestand, der noch weitere Teufelswerke umfasst, ist der Interpretatio zu Lex Rom.
52751	Teufelswerk	Teufel	Werk	3.200000	2.201010	1.600000	1.712700	Den Diener der Kirche einer Frau entziehen zu wollen, die um Teufelswerk angeklagt ist, das wäre Unsinn wie Barbarei!
52752	Teufelswerk	Teufel	Werk	2.900000	1.852930	1.700000	1.888560	aber im gegenzug das kleinste fuzzelchen nakte haut bei frauen oder egoshooter als teufelswerk hinstellen.
52753	Teufelswerk	Teufel	Werk	2.800000	2.299760	2.300000	1.636390	Metal Gear Solid 5: Ground Zeroes für PS 4 im Test - Kurzes Comeback Dark Souls 2 für PS 3 im Test - Faszinierendes Teufelswerk Destiny für PS 4 in der Vorschau - Revolution oder nur ein Revolutiönchen?
52754	Teufelswerk	Teufel	Werk	3.800000	1.229270	2.500000	1.649920	Denn die da kommen, sind Söhne der Teufel; Alraunen und Dämonen in asischer Wüste haben sie erzeugt; Teufelswerk ist ihr Treiben, zur Hölle werden sie zurückfahren, wenn ihre Zeit um!
52755	Teufelswerk	Teufel	Werk	3.200000	1.549190	2.700000	1.702940	Wenn er erst an die Säule gebunden den Rücken krümmt und ein halb Dutzend Ruten drauf zerschlagen sind, das treibt Grillen und Teufelswerk aus dem Kopf...
52756	Teufelswerk	Teufel	Werk	2.900000	1.969210	3.000000	1.414210	""" oder "" Teufelswerk "" bin ich ja schon mal lange gespannt - lächle in erwartungsvoller Vorfreude solange dümmlich vor mich hin, und arbeite einfach weiter."
52757	Teufelswerk	Teufel	Werk	3.000000	1.825740	3.100000	0.994429	Nun wird niemand etwas gegen eine Verbesserung der gesetzlichen Regelungen haben, - es ist ja nicht alles reformistisches Teufelswerk, was das Leben besser macht.
52758	Teufelswerk	Teufel	Werk	2.600000	2.170510	3.300000	1.494430	"Es bleibt unklar, was die WELT damit bezweckte, aber die dezidierten Aussagen der Koaltionäre FDP / CSU sehen keine gemeinsamen Staatsanleihen vor, sie werden explizit (und mM nach zu recht ) als "" Teufelswerk "" abgelehnt."
52759	Tiefstand	Tief	Stand	3.100000	2.079000	1.800000	1.932180	Der Tiefstand unserer sittlichen Verhältnisse, die Korruption unserer Jugend, die Verseuchung und Degenerierung großer Massen, die traurige Zunahme der Prostitution und alle die anderen erschreckenden Erscheinungen der Gegenwart liefern den sprechendsten Beweis hierfür.
52760	Tiefstand	Tief	Stand	3.800000	1.549190	2.000000	1.885620	Für diesen fanden wir in Galizien, und das ist bezeichnend für den Tiefstand der Kultur, in allen Schichten der Bevölkerung das allergeringste Verständnis.
52761	Tiefstand	Tief	Stand	3.700000	1.828780	2.500000	2.121320	Seit dem ersten Quartal 2009, mit einem Tiefstand von 89,3%, steigt die Anzahl der Schlachtschweine aus dem Inland wieder kontinuierlich an.
52762	Tiefstand	Tief	Stand	3.900000	1.663330	3.200000	1.686550	Auch Ich kann Ihnen natürlich nicht mit Gewissheit sagen, ob dieser Test nun grundsätzlich erfolgreich verlaufen wird, aber ich persönlich gehe momentan eher davon aus, dass wir bei den meisten Aktien aus Rohstoff-Sektor keine neuen Tiefstände mehr sehen werden.
52763	Tiefstand	Tief	Stand	4.400000	0.966092	3.600000	1.505550	Zuletzt hatte die EZB die Zinsen am 7. Mai um 25 Basispunkte auf den neuen Tiefstand von 1,00 Prozent gesenkt.
52764	Tiefstand	Tief	Stand	4.400000	0.843274	3.700000	1.159500	Mit 7.487 Getöteten im Jahre 2000 wurde ein neuer Tiefstand erreicht, im Vergleich zu 1999 ein Rückgang um rund 300 Getötete (minus 3 Prozent ).
52765	Tiefstand	Tief	Stand	4.600000	0.516398	3.800000	1.316560	Den Tiefstand hatte sie während der Inflation (1923 ) erreicht.
52766	Tomatensaft	Tomate	Saft	4.900000	0.316228	4.700000	0.948683	"Sätze wie "" Während Sie im Flugzeug, dass Sie aus einer tropischen Region zurückbringt, genüsslich einen Tomatensaft schlürfen, fliegen möglicherweise Affen mit, die, der Wildnis oder einer abgeschlossenen Zuchtstation entrissen, in der Dunkelheit des Frachtraums vor Langeweile vergehen."
52767	Tomatensaft	Tomate	Saft	5.000000	0.000000	4.800000	0.632456	:rolleyes: Falls du mal probieren möchtest: Zutaten 6 cl Cachaça 1 ∕ 4 Limette (damit der herbe Geschmack erhalten bleibt ) 5 TK-Erdbeeren oder frische Erdbeeren 3 - 4 TL Rohrzucker gecrushtes Eis 1 Limettenscheibe oder Erdbeere als Garnitur Tomatensaft...
52768	Tomatensaft	Tomate	Saft	4.600000	0.843274	4.800000	0.632456	"Dann zweimal "" dann "" z.B. Von dem Magensaft umschmeichelt, Oder: Von Tomatensaft umschmeichelt wird das Ganze eingeweichelt, darum bin vergnügt ich so, ja, die Nudel macht mich froh."
52769	Tomatensaft	Tomate	Saft	4.900000	0.316228	5.000000	0.000000	Den klaren Tomatensaft mit Gemüsebrühe aufkochen und abschmecken sollte etwa 1 l ergeben Aus der restlichen Gemüsebrühe mit 400 g Sahne und Mehlschwitze zu einer leichten Rahmsuppe kochen.
52770	Tomatensaft	Tomate	Saft	5.000000	0.000000	5.000000	0.000000	"Die "" Bloody Mary "" (Tomatensaft mit Wodka, pikant gewürzt ) empfiehlt sich schon dem Namen nach als Halloween-Getränk, doch auch mit Blue Curaçao, grüner Crème de Menthe oder Campari lassen sich Cocktails mixen, die wie in Frankensteins Labor gebraut aussehen."
52771	Tomatensuppe	Tomate	Suppe	4.900000	0.316228	4.800000	0.421637	Nach ca. 3 Tagen habe ich dann wieder etwas richtiges zu Essen angerührt (vorher nur Tomatensuppe ).
52772	Tomatensuppe	Tomate	Suppe	4.800000	0.421637	4.800000	0.421637	Tomatensuppe, Partysuppe + aromatisch-saure Fruchtsuppe - als Auftakt oder Dessert.
52773	Tomatensuppe	Tomate	Suppe	4.700000	0.674949	4.800000	0.632456	Napoleon - selbsterhitzende Suppen (200 ml ), in den Sorten - 5 - Gemüsesorten-Suppe - Tomatensuppe - Champignonsuppe Sie werden 2,10 EUR kosten.
52774	Tomatensuppe	Tomate	Suppe	5.000000	0.000000	5.000000	0.000000	Meine Freundin musste ebenfalls 45 Minuten warten bis ihre kalte Tomatensuppe kam.
52775	Tomatensuppe	Tomate	Suppe	5.000000	0.000000	5.000000	0.000000	Toast mit Käse überbacken, Tomatensuppe, Spaghetti mit Olivenöl: auf diesem Niveau bewegen sich häufig viele billige Rezeptideen.
52776	Torverhältnis	Tor	Verhältnis	4.000000	1.885620	3.100000	1.728840	In einer sehr einseitigen Begegnung hat die Patzrek-Elf leider vergessen, etwas für das Torverhältnis zu tun.
52777	Torverhältnis	Tor	Verhältnis	4.300000	1.567020	3.500000	1.581140	Wer am Ende der Saison die meisten Punkte geholt hat, ist der Freggers-Forum-BuLi-Tippspiel-Meister 3 Punkte: richtiges Ergebnis 2 Punkte: richtige Tendenz + richtiges Torverhältnis 1 Punkt: richtige Tendenz 0 Punkte: sonst Beispiel: Am ersten Spieltag treffen Hoffenheim und Bayern aufeinander.
52778	Torverhältnis	Tor	Verhältnis	3.400000	2.366430	3.600000	1.646550	Das Torverhältnis spricht für Sporting (+ 2 ) Spielt Porto Unentschieden und gewinnt Sporting mit + 7 Toren und Benfica + 9 dann rutschen sie sogar auf den 3. Platz ab.
52779	Torverhältnis	Tor	Verhältnis	4.600000	0.699206	3.700000	1.418140	Osnabrueck ist DIE Chance das Torverhaeltnis zu Mainz gerade zu ruecken.
52780	Torverhältnis	Tor	Verhältnis	4.700000	0.674949	4.100000	1.100500	In den restlichen Spielen kam es dann in der Vergangenheit beim System mit dem Torverhältnis zu etlichen unglaublichen Ergebnissen mit einer nicht mehr nachvollziehbaren Tordifferenz.
52781	Transformationsprozess	Transformation	Prozess	4.200000	1.619330	3.900000	1.449140	"Transformationsprozesse der Apostelgeschichte 17.30 - 18.00 Geschäftssitzung Kirchengeschichte (KOL-F -109 ) 14.00 - 14.30 PD Dr. Jörg Trelenberg (Münster ) Götterkritik bei Tatian 14.30 - 15.00 PD Dr. Rolf Noormann (Heidelberg ) "" Gott ist groß, Gott ist gut."
52782	Transformationsprozess	Transformation	Prozess	4.000000	1.563470	4.000000	1.054090	Hinzu kommt als weiterer wichtiger Einflussfaktor die Tatsache, dass im Laufe des Jahres 2011 weder in Tunesien noch in Ägypten oder Libyen die erzwungenen Machtwechsel in einen geordneten, gewaltfreien Transformationsprozess mündeten.
52783	Transformationsprozess	Transformation	Prozess	4.100000	1.595130	4.200000	1.316560	Bekämpfung des Analphabetismus und Ausbildung von Fachkräften zur Unterstützung des Transformationsprozesses.
52784	Transformationsprozess	Transformation	Prozess	4.900000	0.316228	4.700000	0.674949	Sie zeigt auf, daß der Rückgriff auf die Religion ein Versuch ist, die Auswirkungen globaler ökonomischer Transformationsprozesse sozial verträglich zu gestalten.
52785	Transformationsprozess	Transformation	Prozess	4.700000	0.674949	4.700000	0.674949	Und dann in gemeinsamem Handeln auch und gerade in der Mitverantwortung einen Transformationsprozess initiieren und mitgestalten, der über den jetzigen Zustand des kapitalistischen Systems hinausweist, es in menschlicher, demokratischer und freiheitlicher Weise umgestaltet.
52786	Traubensaft	Traube	Saft	4.333330	1.658310	4.777780	0.440959	Es ist erwähnt worden, daß der Traubensaft beim Zutritt der Luft in Gehrung gerät, und daß die Zersetzung des Zuckers in Alkohol und Kohlensäure bis zu seinem Verschwinden fortschreitet, ohne daß die Luft weiteren Anteil an dieser Metamorphose nimmt.
52787	Traubensaft	Traube	Saft	4.777780	0.666667	4.777780	0.666667	Er wird nicht mit Essig, sondern mit einem frischsauren Traubensaft gesäuert.
52788	Traubensaft	Traube	Saft	5.000000	0.000000	4.900000	0.316228	Nach dem Laufen zählt das Sportgetränk Nummer eins neben Traubensaft oder alkoholfreiem Weizenbier jedoch zu den besten Mitteln, die leergelaufenen Tanks neuerlich zu fluten.
52789	Traubensaft	Traube	Saft	4.900000	0.316228	4.900000	0.316228	Denken wir uns den Kleber als eine Wasserstoffverbindung, so wird sein Wasserstoff in der Gehrung des Traubensaftes und der Bierwürze hinweggenommen werden, indem er sich mit Sauerstoff verbindet, gerade so wie bei der Verwesung des Alkohols zu Aldehyd.
52790	Traubensaft	Traube	Saft	5.000000	0.000000	5.000000	0.000000	Auf dem Weg nach Hause mache ich einen Zwischenstopp beim Toom-Markt und kaufe mir ein paar Flaschen 100% igen roten Traubensaft; das soll ja gut für 's Blut sein... zumindest falsch machen kann ich damit nix.
52791	Traubensaft	Traube	Saft	5.000000	0.000000	5.000000	0.000000	Bevorzugen Sie Tee, heißes Wasser oder eine Schorle aus Traubensaft und stillem Wasser als Durstlöscher.
52792	Traubensaft	Traube	Saft	5.000000	0.000000	5.000000	0.000000	Dies gilt auch für Secco, Sekt, Traubensaft, Accessoires, Literatur, sowie für unsere Trauben - und Weingelees.
52793	Traubensaft	Traube	Saft	5.000000	0.000000	5.000000	0.000000	Für Frauen und Kinder sind als tägliches Getränk am gesündesten und zuträglichsten die alkoholfreien Weine (sterilisierter, naturreiner Traubensaft ), bezogen von der Gesellschaft zur Herstellung alkoholfreier Weine in Bern.
52794	Traubensaft	Traube	Saft	5.000000	0.000000	5.000000	0.000000	"Schüre auf dem Herd empor Die Lohe, schenke süßpurpurnen Traubensaft, Schenke reichlich und zum Trunk gelagert Lehne das Haupt in die weichen Kissen. """
52795	Traubensaft	Traube	Saft	5.000000	0.000000	5.000000	0.000000	Traubensaft gibt Stärke ' und Kraft. (S. Wein. )
52796	Trauerspiel	Trauer	Spiel	4.000000	1.673320	1.272730	1.348400	: Lessings Briefwechsel mit Mendelssohn und Nicolai über das Trauerspiel.
52797	Trauerspiel	Trauer	Spiel	2.800000	1.873800	1.300000	1.337490	1. Ouvertüre mit Liedern und Entreakt zum Trauerspiel Egmont von Beethoven.
52798	Trauerspiel	Trauer	Spiel	3.500000	1.900290	1.500000	1.957890	"Später ging er über Dresden nach Freiberg, dichtete hier das Trauerspiel "" Nausikaa "", verfiel aber während der Arbeit immer mehr in krankhaften Trübsinn und erschoß sich daselbst aus Lebensüberdruß im ärgsten Mangel am 31. März 1843."
52799	Trauerspiel	Trauer	Spiel	2.300000	2.263230	1.900000	2.079000	Sie würde nicht so harmlos und vergnüglich diese Wochen durch in der für sie doch schon so sonderbaren Mühle gewohnt haben, wenn ihr dieses Trauerspiel drin gespukt hätte.
52800	Trauerspiel	Trauer	Spiel	3.800000	1.316560	2.100000	1.663330	"Außer trefflichen Ausgaben des Horaz, Lukrez, Virgil, griech. Trauerspiele u. s. f. erwarben ihm seine "" Silvae criticae "" (Cambridge 1785 ff., 5 B. ) u. "" Noctes carcerinae "" (Lond. 1801 ) einen Namen."
52801	Trauerspiel	Trauer	Spiel	3.900000	1.663330	2.100000	1.969210	"Bis es dahin kommt, bietet das Ensemble des Kleist-Theaters ein Furiosum, das dem zur Schullektüre heruntergequälten "" bürgerlichen Trauerspiel "" Schillers einen ungeahnten Facettenreichtum abringt."
52802	Trauerspiel	Trauer	Spiel	4.300000	0.823273	2.600000	1.837870	"Das im Jahre 1800 in Weimar uraufgeführte Trauerspiel "" Maria Stuart "" gilt als Schillers dramatisches Meisterstück."
52803	Trauerspiel	Trauer	Spiel	3.500000	1.354010	2.700000	1.946510	"Heute Mittwoch, den 24., geht zum Benefice unseres beliebten ersten Liebhabers Herrn Ed. Strauß F. v. Schiller's mächtiges Trauerspiel "" Die Räuber "" in Szene."
52804	Trauerspiel	Trauer	Spiel	3.500000	1.779510	2.800000	1.475730	"Am Abend steht u.a. das Ballett "" Der Nussknacker "", Schillers Trauerspiel "" Kabale und Liebe "" oder die Oper "" Hänsel und Gretel "" auf dem Spielplan."
52805	Trauerspiel	Trauer	Spiel	4.500000	1.269300	3.000000	1.763830	In einem Alter von 16 Jahren hatte er sein erstes Trauerspiel aufführen lassen; erst 20 Jahre später wurde sein bestes Trauerspiel Agamemnon aufgeführt.
52806	Trauerzug	Trauer	Zug	4.900000	0.316228	0.800000	1.229270	Die Beteiligung an dem Trauerzuge, der sich von Hatzhein zum Bahnhofe bewegte, war eine sehr zahlreiche.
52807	Trauerzug	Trauer	Zug	4.800000	0.632456	1.100000	1.100500	Ein Trauerzug von mehr als hundert Deutschen geleitete den Sarg von der Rue Lafitte über den größten Teil des Boulevards langsam nach dem Gottesacker des Père Lachaise.
52808	Trauerzug	Trauer	Zug	4.100000	1.370320	1.200000	1.873800	Dann setzte sich der wohl 2000 Leidtragende zählende Trauerzug in Bewegung.
52809	Trauerzug	Trauer	Zug	4.700000	0.483046	1.300000	1.418140	Als der Trauerzug an den grauen Mauern des Gefängnisses vorüberkam, sah Arthur hinauf nach dem kleinen vergitterten Loch, hinter dem, wie er wußte, sein Vater saß.
52810	Trauerzug	Trauer	Zug	4.100000	1.595130	1.400000	1.505550	... nun wieder zur Vervollständigung vermeintlicher Verwirrung meine Erwiderung: Wenn Du und ich es in der Hand hätten, dass ein Trauerzug kein Rachezug wird, dass ich Dich und Noa dann sehr wohl mit mir gemeinsam sähe, also zur Mäßigung fordernd.
52811	Trauerzug	Trauer	Zug	4.600000	0.516398	1.500000	1.509230	Schon bei den ersten Worten der unduldsamen Rede verließen sämtliche Demokraten, aus denen der Trauerzug fast ganz allein bestand, das Grab ihres Freundes und überließen das Salbadern dem Ohrenschmause einiger alten Weiber.
52812	Trauerzug	Trauer	Zug	4.900000	0.316228	1.800000	1.549190	"Ein großer Trauerzug begleitete ihn von Westminster nach Smithfield "" auf seinem letzten Wege "" - in St. Barts wurde ein 1 1 / 2 stündiger Trauergottesdienst abgehalten."
52813	Trauerzug	Trauer	Zug	4.900000	0.316228	1.800000	1.813530	Es entsteht ein Trauerzug von mehreren Hundert Menschen von dem Armenhaus bis zur Sagreda de Familia.
52814	Trauerzug	Trauer	Zug	4.500000	1.269300	2.000000	1.885620	Das Versprechen wurde im Juni 1960 eingelöst, und es war wohl das erste Mal, dass im Ort der Klang der Glocken beider Kirchen gleichzeitig den Trauerzug begleiteten.
52815	Trauerzug	Trauer	Zug	4.600000	0.699206	2.200000	2.043960	Zum Empfange des Trauerzuges hatten sich im Bahnhofe eingefunden: Hofrat v. Waniek mit den Spitzen der Behörden und der Beamtenschaft, Bischof Dr. Rösler mit dem Domkapitel, das gesamte Offizierskorps der Garnison mit den Obersten Dittrich und v. Stransky.
52816	Triebwerk	Trieb	Werk	2.300000	1.766980	1.800000	1.813530	Sein Leistungsmaximum mobilisiert das Triebwerk bei 3.750 1 min. Die Höchstgeschwindigkeit des Twingo 1.5 dCi eco 2 beträgt 180 km / h, die Beschleunigung von null auf 100 km / h 11 Sekunden.
52817	Triebwerk	Trieb	Werk	2.700000	1.946510	1.800000	1.813530	Der Signalkörper desselben besteht aus einer radiförmig durchbrochenen Wendescheibe, die auf einer vertikalen drei Meter hohen Achse sitzt; letztere geht durch die Mitte einer vierkantigen Holzpyramide, in welcher das Triebwerk, zu dessen Bewegung ein 30 Kilogramm schweres Gewicht verwendet wird, untergebracht ist.
52818	Triebwerk	Trieb	Werk	2.800000	1.988860	1.900000	1.663330	Sie nimmt Zapfluft (ob nun von APU, GPU oder Nachbartriebwerk bereitgestellt ), dreht das Triebwerk damit auf entsprechende Drehzahl und leitet dann die Zündung ein.
52819	Triebwerk	Trieb	Werk	3.700000	1.494430	1.900000	1.911950	Schon vor einigen Tagen haben wir darüber berichtet, dass es für das BMW 135 i Coupé und das BMW 135 i Cabrio ab März 2010 ein neues Triebwerk geben wird.
52820	Triebwerk	Trieb	Werk	3.200000	1.475730	2.000000	1.699670	"Der Wirkungsgrad des Triebwerkes solcher Schneckenwinden, wie sie beispielsweise die "" Berater Maschinenfabrik "" mit elektrischem Antriebe konstruiert, beträgt circa 60 Prozent."
52821	Triebwerk	Trieb	Werk	2.900000	1.852930	2.500000	1.354010	Getriebe, soviel als Triebwerk; in der Baukunst: die Widerlagen zum Stützen einer Mauer, im Bergbau: die Abstützung eines Stollens.
52822	Triebwerk	Trieb	Werk	2.800000	1.619330	2.600000	1.837870	Ein Landwirt kam mit seinem Halstuch, das er nach der auf dem Lande üblichen Weise um den Hals geschlungen hatte, dem Triebwerk einer Futterschneidmaschine zu nahe.
52823	Triebwerk	Trieb	Werk	4.181820	0.750757	2.818180	1.470930	Dieses ist ab sofort als komplettes Triebwerk, also Getriebe mit Hinterachse für Standard-Traktoren in Serie erhältlich.
52824	Triebwerk	Trieb	Werk	3.100000	1.969210	3.000000	1.699670	Außer dem kleinsten Modell werden sie ab Herbst 2015 auch mit neuen Triebwerken ausgeliefert, die den Treibstoffverbrauch um 15 Prozent senken sollen.
52825	Triebwerk	Trieb	Werk	3.300000	2.057510	3.300000	1.636390	Da die Triebwerke der Absende- und Empfangsstation synchronen Gang besitzen müssen, ist eine sehr sinnreiche Korrektionsvorrichtung mit dem Triebwerke verbunden, durch welche unter Vermittlung des elektrischen Stromes die notwendigen Regulierungen ausgeführt werden.
52826	Triumphzug	Triumph	Zug	5.000000	0.000000	0.900000	0.994429	Dennoch fanden sie schließlich ein Mittel, Caesars Triumph zu vereiteln, da dieser sich termingerecht um das Konsulat bewerben musste, Rom aber während dieser Frist nicht als Prätor mit einem Triumphzug betreten durfte.
52827	Triumphzug	Triumph	Zug	4.700000	0.674949	0.900000	1.197220	Diese Reise glich einem förmlichen Triumphzuge, und selbst König Friedrich Wilhelm IV. von Preußen ließ sich den Dichter vorstellen.
52828	Triumphzug	Triumph	Zug	4.500000	0.707107	0.900000	1.286680	Wie könnte man es sonst erklären, dass gerade um die Zeit, als Christus geboren wurde, das Judentum selber, so abschließend seinem Wesen nach, so abstoßend gegen alles Fremde, so streng und freudelos und schönheitsbar, einen wahren Triumphzug der Propaganda begonnen hatte?
52829	Triumphzug	Triumph	Zug	4.700000	0.483046	1.000000	1.054090	Die Beute wird, wie das immer so üblich war, im Triumphzug mitgeführt.
52830	Triumphzug	Triumph	Zug	4.900000	0.316228	1.100000	1.595130	Im Reich des Großen und Mächtigen ist der neue GL aus dem Hause Mercedes-Benz auf einen ART Triumphzug gegangen.
52831	Triumphzug	Triumph	Zug	4.700000	0.483046	1.300000	1.766980	Das Volk drängte sich überall so sehr, die junge Königin von Frankreich zu sehen, daß ihre Reise von St. Petersburg nach Paris einem langen Triumphzuge glich.
52832	Triumphzug	Triumph	Zug	4.636360	1.206050	1.454550	1.293340	Dicht hinter dem Triumphzug der entfesselten und freiheitstrunkenen Massen erscheinen die kalten, ehernen Züge der Diktatoren, und in den Trümmern der zerstörten Stadtsordnung macht sich sofort wieder das Volk eine neue, wenn auch vielleicht schlechtere staatliche Wohnung zurecht.
52833	Triumphzug	Triumph	Zug	4.100000	1.595130	1.500000	1.581140	Keinen größeren gibt es jetzt dort in Jagden, Triumphzügen und Reiter-Schlachten.
52834	Triumphzug	Triumph	Zug	4.400000	0.966092	1.600000	1.429840	Mit Siegen in den Rennen von 1915, 1916, und 1917 setzte Leonard Seppala den Triumphzug des Siberian Husky fort.
52835	Triumphzug	Triumph	Zug	4.400000	1.264910	2.400000	1.577620	"Damit macht das "" dau de dsching "" den ersten Schritt nach Westen, der zu einem Triumphzug werden wird."
52836	Turnierspiel	Turnier	Spiel	4.700000	0.483046	4.000000	1.699670	Die Sonderkarte 2008 wurde von Klaus Teuber, Dr. Reiner Düren und Peter Gustav Bartschat für das Basis - und Turnierspiel konzipiert und von Franz Vohwinkel illustriert.
52837	Turnierspiel	Turnier	Spiel	4.700000	0.483046	4.200000	1.316560	Kartell frz., ursprünglich die zu beobachtende Ordnung in den Turnierspielen, die Kampfregeln.
52838	Turnierspiel	Turnier	Spiel	4.777780	0.440959	4.222220	1.394430	Der Graf v. Eglintoun hat die Absicht, in der diesjährigen Saison die Turnierspiele zu erneuern, die im vorigen Jahre beim hohen britischen Adel so großen Beifall fanden.
52839	Turnierspiel	Turnier	Spiel	4.700000	0.483046	4.400000	0.843274	Bei Turnierspielen werde ich angeben welche Turnier es war, wo es statt gefunden hat und wievielter die Necrons wurden.
52840	Turnierspiel	Turnier	Spiel	4.600000	0.699206	4.500000	0.707107	Im Turnierspiel: Du kannst Zauberei sehr leicht mit schnellen Strategien verbinden, die sich dann ergänzen.
52841	Turnierspiel	Turnier	Spiel	4.700000	0.674949	4.600000	0.699206	Gerade das Spiel gegen MtWkAra auf Blistering Sands war ausgezeichnet gespielt von ihm und ich denke er könnte einige Turnierspiele interessant gestalten.
52842	Turnierspiel	Turnier	Spiel	4.900000	0.316228	4.900000	0.316228	Nach Beendigung der Turnierspiele findet jeweils unmittelbar die Siegerehrung statt.
52843	Uferseite	Ufer	Seite	4.900000	0.316228	3.100000	1.969210	Man sagt, die Rügianer hätten damals ihre Könige selbst gewählt, sie hätten aber nur den Kühnsten genommen, und zum Beweise der Tapferkeit verlangt, daß der König von der Uferseite her den Stuhl besteigen müsse.
52844	Uferseite	Ufer	Seite	5.000000	0.000000	3.700000	1.888560	Anfangs wehte der Wind gegen die Uferseite, bald aber drehte er sich vollständig um und wendete die Flammen gegen das Hauptgebäude.
52845	Uferseite	Ufer	Seite	4.800000	0.421637	4.100000	1.100500	""" Bei der nächsten Expedition schauen wir uns die andere Uferseite an "", kündigt der 43 - Jährige an."
52846	Uferseite	Ufer	Seite	4.800000	0.632456	4.100000	1.370320	Die asiatische Uferseite wird im Verlaufe der weiteren Fahrt immer malerischer.
52847	Uferseite	Ufer	Seite	4.400000	1.577620	4.100000	1.663330	Im Allgemeinen bewegt sich der Gletscher in der Mitte seines Körpers rascher als an den beiden Uferseiten, in der Höhe stärker als in der Tiefe.
52848	Uferseite	Ufer	Seite	4.200000	1.619330	4.200000	1.751190	"Er legt sich an die andere Uferseite, philosophiert über sich und das Gute in der Welt und schielt so vor sich hin, da kommt das Nilpferd an: "" Biber was geht ab Mann?"
52849	Uferseite	Ufer	Seite	5.000000	0.000000	4.400000	1.577620	Auf der gegenüberliegenden Uferseite folgen Sie dann dem schnurgeraden, mit Betonplatten ausgelegten Weg (Bild ), der in Richtung der anderen Talseite führt.
52850	Uferseite	Ufer	Seite	4.700000	0.948683	4.500000	0.849837	Wir wurden von unseren Basiseinheiten abgeschnitten und an der rechten Uferseite, wo wir die Verteidigung hielten, begannen die Deutschen einen massiven Angriff aus der Luft und per Bodentruppen.
52851	Uferseite	Ufer	Seite	5.000000	0.000000	4.600000	0.843274	Alle Hafenplätze liegen an den westlichen Uferseiten, d. h. in Lee der Inseln, und sind meist vollkommen seestille Buchten, über welche jedoch gleichwie über die Landgebiete der Passat kühlend dahinstreicht.
52852	Uferseite	Ufer	Seite	5.000000	0.000000	4.700000	0.674949	Obwohl die Türme der Landpfeiler die Bomben relativ gut überstanden hatten, wurden sie teilweise abgetragen und die Steine verwendet für die Wiederherstellung der steinernen Bogenbrücke über die Rheinallee an der rechten Uferseite.
52853	Uhrwerk	Uhr	Werk	4.800000	0.421637	1.200000	1.229270	Doch zu Strassburg stand das Uhrwerk plötzlich still und zu Trient schlug der Blitz zerstörend in die Orgel.
52854	Uhrwerk	Uhr	Werk	4.200000	0.918937	1.300000	1.418140	""" Wasserräder treiben eine eiserne Maschine, einem Uhrwerk nicht unähnlich, mit großer Gewalt um."
52855	Uhrwerk	Uhr	Werk	4.200000	1.549190	2.100000	1.969210	Beide übertragen ihre Bewegung auf ein Uhrwerk, das so eingerichtet ist, daß der Zeiger nicht vorwärts geht, so lange beide Pendel gleich schnell gehen.
52856	Uhrwerk	Uhr	Werk	4.800000	0.632456	2.400000	1.776390	Sie bestehen aus einem Uhrwerk mit Batteriefach, das in ein Plastikgehäuse eingesetzt wurde.
52857	Uhrwerk	Uhr	Werk	4.300000	1.636390	2.500000	2.173070	An dem um r' drehbaren Anker A dieses Elektromagnetes sitzt die Stange D, welche je nach ihrer, beziehungsweise des Ankers Stellung das Uhrwerk freigibt oder hemmt; die Feder r zieht den Anker vom Elektromagnete ab. d gestattet das Uhrwerk mit der Hand zu hemmen.
52858	Uhrwerk	Uhr	Werk	4.700000	0.483046	2.900000	1.370320	"Ganz zu schweigen von dem Geburtstag unserer "" Oma "" Bugsy - Mothers Finest Brave Heart - sie wird am 09.02.13 doch tatsächlich 15 Jahre alt und läuft noch wie ein Uhrwerk!"
52859	Uhrwerk	Uhr	Werk	5.000000	0.000000	2.900000	1.595130	Lag leider im Toleranzbereich und der Uhrmacher meinte sogar auf meine Frage, ob ich nicht ein anderes Uhrwerk haben könnte, dass ein Austausch nichts bringen würde, da ich eines der besseren Uhrwerke hätte.
52860	Uhrwerk	Uhr	Werk	4.900000	0.316228	2.900000	1.791960	Der Gabbek, ein dem Schnapphanse von Jena (s. Hans und Schnapphanse ) sehr ähnliches Wahrzeichenbild der Stadt Köln, ist ein mit einem Uhrwerk in Verbindung stehendes Brustbild eines bärtigen Mannes.
52861	Uhrwerk	Uhr	Werk	4.600000	0.699206	3.100000	1.370320	Daher habe ich jetzt alles neu gemacht, und sie läuft jetzt wieder wie ein Uhrwerk.
52862	Uhrwerk	Uhr	Werk	4.800000	0.421637	3.700000	1.337490	Hinzu kommt, dass TagHeuer damals noch eigene Uhrwerke baute, waehrend sie heute relativ billiges Material zukaufen, d.h., dass die Monte Carlo wirklich noch echte Qualitaet darstellt und wahrscheinlich auch keine Massenproduktion war.
52863	Umbauphase	Umbau	Phase	4.600000	0.699206	4.200000	1.619330	Am Wall darf man in der Umbauphase einen Dauerstau der Busse erwarten.
52864	Umbauphase	Umbau	Phase	4.800000	0.421637	4.300000	1.567020	Deshalb befindet sich der Zoo jetzt in einer notwendigen Umbauphase, die sich über die nächsten vier Jahre noch erstrecken wird.
52865	Umbauphase	Umbau	Phase	4.800000	0.421637	4.500000	0.849837	Nach zweijähriger Umbauphase präsentiert es sich im neuen, zeitgenössischen Design.
52866	Umbauphase	Umbau	Phase	4.600000	0.699206	4.600000	1.264910	Auf dem Gebiet des privaten Wohnungsbaus bieten wir Ihnen kompetente Beratung bei Neubau-Installationen, bei Aus - und Umbauphasen oder bei einer Altbausanierung.
52867	Umbauphase	Umbau	Phase	4.800000	0.632456	4.800000	0.421637	Nach ca. 35 - 40 Minuten hatte die Band ihr Set dann beendet und die kurze Umbauphase setzte ein.
52868	Urteilsfähigkeit	Urteil	Fähigkeit	3.600000	1.712700	3.400000	1.837870	"Die Korrelation von Bildungserfahrungen mit moralischer Entwicklung ist Chance und Aufgabe zugleich: "" Institutionalisierte Bildungsprozesse "", folgert Lind, "" sind eine notwendige und hinreichende Bedingung für die Entwicklung der moralischen Urteilsfähigkeit beim einzelnen "" (255 )."
52869	Urteilsfähigkeit	Urteil	Fähigkeit	3.900000	1.100500	3.700000	1.494430	Sie sind schwachgeistig, wie die übrigen Glieder ihrer Familie, ohne Urteilsfähigkeit und sehr vergeßlich.
52870	Urteilsfähigkeit	Urteil	Fähigkeit	4.600000	0.516398	3.900000	1.449140	Selbstredend meint Goethe nicht die Primaner unserer Gymnasien, deren Urteilsfähigkeit und Reife die Behandlung einzelner Shakespearescher Stücke sogar ratsam erscheinen lassen.
52871	Urteilsfähigkeit	Urteil	Fähigkeit	4.200000	1.032800	4.000000	1.632990	Wie gründlich täuschte er sich doch über die Urteilsfähigkeit der öffentlichen Meinung, die zwischen gemäßigter und radikaler Opposition noch keineswegs zu unterscheiden verstand.
52872	Urteilsfähigkeit	Urteil	Fähigkeit	4.200000	1.316560	4.200000	1.398410	""" Ihren Bildungsauftrag sieht die Universität in der Entwicklung von Sachkompetenz, Urteilsfähigkeit und der Fähigkeit zu argumentativer Verständigung auf wissenschaftlicher Grundlage."
52873	Urteilsfähigkeit	Urteil	Fähigkeit	4.400000	0.699206	4.400000	0.699206	Wie war es denn aber möglich, unsere Urteilsfähigkeit so zu umnebeln, dass wir die Juden für ein religiöses Volk halten konnten?
52874	Urteilsfähigkeit	Urteil	Fähigkeit	4.100000	1.595130	4.400000	0.843274	Die Scharrvögel beweisen, daß sie zwar ein gutes Gedächtnis, aber wenig Urteilsfähigkeit haben.
52875	Urteilsfähigkeit	Urteil	Fähigkeit	4.500000	0.527046	4.400000	1.264910	In einem Lexikon finden Sie präzise Informationen, es weckt Ihre Neugier, verbessert Ihre Urteilsfähigkeit, erweitert und vertieft Ihr Wissen und vermittelt Ihnen häufig auch einen Eindruck darüber, was Sie alles nicht wissen.
52876	Urteilsfähigkeit	Urteil	Fähigkeit	4.600000	0.699206	4.600000	0.516398	Der Vergleich von weisheitsbezogenen Leistungen im Kontext allgemeiner Lebensprobleme mit solchen, bei denen es um das Wissen und die Urteilsfähigkeit bei selbstbezogenen Lebensproblemen geht, ist ein weiteres zukünftiges Forschungsthema.
52877	Urteilsfähigkeit	Urteil	Fähigkeit	4.100000	1.523880	4.800000	0.421637	ICh bin ueber - zeugt, dass das meine Urteilsfaehigkeit gewaltig trueben wuerde.
52878	Verkaufsfläche	Verkauf	Fläche	3.800000	1.135290	4.300000	1.337490	Das Center bringt Aufruhr in den Karlsruher Einzelhandel, denn zu den derzeit rund 160.000 m 2 Verkaufsfläche kommen nicht nur rund 30.000 m 2 ECE hinzu, sondern darüber hinaus noch 20.000 m 2 Postgalerie und 9.000 m 2 am Mendelssohnplatz, also rund ein Drittel mehr.
52879	Verkaufsfläche	Verkauf	Fläche	4.700000	0.483046	4.300000	1.567020	Dividiert man den Umsatz in Korschenbroich durch die Verkaufsfläche, kommt man auf eine Flächenproduktivität von 4.287,55 €.
52880	Verkaufsfläche	Verkauf	Fläche	4.100000	1.370320	4.600000	0.699206	Auf über 500 m ² Verkaufsfläche präsentiert Sakotnik den Kunden die weltweit führenden Marken in Glas, Porzellan, Besteck, Kochutensilien, Wohnaccessoires und Tischwäsche.
52881	Verkaufsfläche	Verkauf	Fläche	4.000000	1.632990	4.600000	0.843274	"Vielmehr genehmige der den Bevollmächtigten der Antragstellerin zu 2. zugestellte Bauschein den "" Neubau eines SB-Marktes mit Bachshop mit einer Verkaufsfläche von insgesamt 930 m 2 ""."
52882	Verkaufsfläche	Verkauf	Fläche	4.400000	0.843274	4.600000	0.966092	Seit 1975 ständig in Expansion betreibt sie Filialen in Mannheim-Käfertal, Weiterstadt, Brühl und Grünstadt mit jeweils 3000 qm Verkaufsfläche.
52883	Verkaufsstand	Verkauf	Stand	4.600000	0.699206	4.200000	0.788811	Novum beim Rheinland-Pfalz-Tag war der Gesundheitspark mit verschiedenen Informations - und Verkaufsständen.
52884	Verkaufsstand	Verkauf	Stand	4.900000	0.316228	4.300000	0.948683	Kirchenglieder aus dem gesamten Raum der DDR schufen eine Fülle kunstgewerblicher und handwerklicher Gegenstände, die in drei Verkaufsständen auf dem Konferenzgelände angeboten wurde.
52885	Verkaufsstand	Verkauf	Stand	4.800000	0.421637	4.400000	0.843274	Als ich in die völlig falsche Richtung losmarschierte, rief mir einer der Männer an den Verkaufsständen und zeigte mir den richtigen Weg.
52886	Verkaufsstand	Verkauf	Stand	5.000000	0.000000	4.500000	0.971825	PS: Direkt neben der Klinik am Werdersee gibt es einen kleinen Verkaufsstand wo es super leckere Quarkbällchen und nen Kaffe für 1 € gibt.
52887	Verkaufsstand	Verkauf	Stand	4.500000	1.269300	4.600000	0.699206	Beispielshalber kann eine Stadtverwaltung den Platz zur Aufstellung einer Schaubude, einer Trinkhalle, eines Verkaufsstandes sehr wohl auch in Gestalt eines Mietvertrages oder sonstigen zivilrechtlichen Rechtsgeschäftes einräumen.
52888	Verkaufsstand	Verkauf	Stand	4.900000	0.316228	4.600000	0.843274	3. Der Magistrat wird beauftragt, nach den einzelnen Bezirken namentliche Verzeichnisse der Fleischhauer und Fleischverschleißer anzulegen und bei jedem anzugeben, ob eine ungerechtfertigte Preiserhöhung des Fleisches in seinem Verkaufsstande vorgenommen wurde oder ob die Preise konstant geblieben sind.
52889	Verkaufsstand	Verkauf	Stand	4.900000	0.316228	4.800000	0.632456	Besuchen Sie unseren Anja 's Wolle Verkaufsstand beim 1. Nattheimer Breamahock am 5. Juli 2009 in Nattheim.
52890	Verkehrsfläche	Verkehr	Fläche	4.300000	1.251670	4.300000	0.948683	, Verkehrsfläche, Wallenbornerhof 0,1218 ha Flur 1 Nr. 40 / 5, Verkehrsfl.
52891	Verkehrsfläche	Verkehr	Fläche	4.500000	0.849837	4.300000	1.251670	(4 ) Werbeanlagen dürfen nicht mehr als 1,0 m in die öffentlichen Verkehrsflächen hineinragen.
52892	Verkehrsfläche	Verkehr	Fläche	4.400000	1.264910	4.600000	0.699206	Er trifft Festsetzungen beispielsweise über Art und Maß der baulichen Nutzung, über Verkehrsflächen und grenzt überbaubare und nicht überbaubare Flächen ab.
52893	Verkehrsfläche	Verkehr	Fläche	4.100000	1.370320	4.600000	0.699206	Lichtschächte von Untergeschossen und Betriebsschächte, die an Verkehrsflächen liegen, wenn sie nicht verkehrssicher abgedeckt sind.
52894	Verkehrsfläche	Verkehr	Fläche	4.700000	0.483046	4.800000	0.421637	Siedlungs - und Verkehrsfläche und versiegelte Fläche können nicht gleichgesetzt werden, da in die Siedlungs - und Verkehrsfläche auch unbebaute und nicht versiegelte Flächen eingehen.
52895	Verkehrsverhältnis	Verkehr	Verhältnis	3.200000	1.549190	2.000000	1.825740	Man sah von 1750--1870 nur, daß sie, aus älteren technischen, sozialen und Verkehrsverhältnissen stammend, die aufstrebenden Talente abhielten, neue größere und technisch vollkommenere Unternehmungen zu schaffen.
52896	Verkehrsverhältnis	Verkehr	Verhältnis	4.600000	0.516398	2.300000	1.159500	Retorsion, latt-deutsch, Gegenzwang, indem man, wenn ein ausländisches Gericht die Rechtshilfe verweigert, in ähnlichen Fällen künftig gegen dasselbe ebenso verfährt; kommt namentlich auch bei Verkehrsverhältnissen vor; also gleichbedeutend mit Repressalien; retorquendo, vergeltungsweise.
52897	Verkehrsverhältnis	Verkehr	Verhältnis	4.800000	0.421637	2.400000	1.349900	die zurückzulegenden Kilometer und die von den jeweiligen Verkehrsverhältnissen sowie den eingestellten Wegstreckenparametern abhängigen geschätzten Fahrtzeiten angezeigt.
52898	Verkehrsverhältnis	Verkehr	Verhältnis	4.500000	0.707107	2.400000	1.646550	Die totale Änderung der Verkehrsverhältnisse und die hieraus folgende Revolution in der ganzen Produktion und in der lokalen und geschäftlichen Gruppierung der Menschen hat auch die Unzufriedenheit mit der früher bestehenden Gewerbe- und Niederlassungsgesetzgebung erst so gesteigert, daß sie mit Recht Beachtung verlangte.
52899	Verkehrsverhältnis	Verkehr	Verhältnis	4.300000	1.337490	2.600000	1.712700	In den Motiven zum Entw. S. 17 wird anerkannt, daß bei der heutigen Gestaltung der wirtschaftlichen und Verkehrsverhältnisse es in der Regel möglich sein wird, für den Unterhalt der bewaffneten Macht auf anderem Wege als durch Landlieferungen zu sorgen.
52900	Verkehrsverhältnis	Verkehr	Verhältnis	4.100000	1.286680	2.700000	1.494430	Für uns ist die Betrachtung der modernen Form des Grund. Eigentums nötig, weil es überhaupt gilt, die bestimmten Produktions- und Verkehrsverhältnisse zu betrachten, die aus der Anlage des Kapitals in der Landwirtschaft entspringen.
52901	Verkehrsverhältnis	Verkehr	Verhältnis	4.400000	1.074970	2.900000	2.079000	Wegen der katastrophalen Verkehrsverhältnisse waren wir gezwungen, eine völlig andere als die geplante Route zu wählen und ständig neu anzupassen.
52902	Verkehrsverhältnis	Verkehr	Verhältnis	4.900000	0.316228	3.100000	1.100500	Zur Verbesserung der Verkehrsverhältnisse des öffentlichen Personennahverkehrs hat die Landesdirektion Leipzig auf Antrag der Stadt Delitzsch eine Zuwendung aus Mitteln des Freistaates Sachsen zur Verbesserung der Verkehrsverhältnisse in den Gemeinden ausgereicht.
52903	Verkehrsverhältnis	Verkehr	Verhältnis	4.800000	0.632456	3.100000	2.079000	Container in den Größen von 3 bis 40 cbm werden für verschiedenste Entsorgungsaufgaben eingesetzt und berücksichtigen die unterschiedlichen Platz - bzw. Verkehrsverhältnisse.
52904	Verkehrsverhältnis	Verkehr	Verhältnis	4.900000	0.316228	3.400000	1.349900	""" Sobald die Straßen - u. Verkehrsverhältnisse es zulassen Geschwindigkeit für kurze Zeit auf über 40 km / h erhöhen."
52905	Verschlusssache	Verschluss	Sache	2.400000	2.065590	1.700000	1.494430	Ähnliche Artikel Die Sache mit der Verschlusssache - updateMünchner Sicherheitskonferenz: Generalangriff der KriegstreiberChauvinisten und KriegsverbrecherDer Krieg beginnt hier!
52906	Verschlusssache	Verschluss	Sache	2.900000	1.911950	2.000000	1.563470	Seit die beiden Schiffe zur Verschlusssache erklärt wurde, gibt es nur eine handvoll Leute, welche sich mit den Kontrollen voll auskennen.
52907	Verschlusssache	Verschluss	Sache	2.818180	2.182580	2.363640	2.110580	Ähnliche Artikel Die Rühe-Kommission Die Sache mit der Verschlusssache - updateGibt es ein neues Bild vom Krieg im heutigen Deutschland?
52908	Verschlusssache	Verschluss	Sache	2.900000	2.024850	2.800000	1.475730	Nur dieses darf laut eines Sprechers des Bundesinnenministeriums für den Geheimhaltungsgrad VS-NfD (Verschlusssache - Nur für den Dienstgebrauch ) verwendet werden.
52909	Verschlusssache	Verschluss	Sache	3.200000	1.932180	3.700000	1.337490	Nach dem Sinn und Zweck des Informationsfreiheitsgesetzes ist ein Anspruch auf Zugang zu einer bestimmten Information vielmehr nur dann ausgeschlossen, wenn die Einstufung als Verschlusssache durch die dafür maßgeblichen Gründe gerechtfertigt ist.
52910	Vertragsverhältnis	Vertrag	Verhältnis	4.800000	0.632456	1.700000	1.251670	Wenn ein Vertrag gleichen Inhaltes wie die Verfassung abgeschlossen würde, so könnten aus diesem Vertragsverhältnis die Pflichten der Staatszugehörigkeit, wie sie sind, nicht erklärt werden.
52911	Vertragsverhältnis	Vertrag	Verhältnis	4.000000	1.699670	2.300000	1.766980	"-- Richtig V.G.H. 13. April 1886 und 4. Mai 1886; die Ort. kann danach "" eine unmittelbar rechtserzeugende Wirkung nur nach Art eines Vertragsverhältnisses äußeren "", sie ist bindend als "" lex contractus ""; die zivilrechtliche Ausdrucksweise muß man zu Gute halten."
52912	Vertragsverhältnis	Vertrag	Verhältnis	4.500000	1.080120	2.900000	1.449140	Eine andere Bewandtnis hat es mit stillschweigenden Verträgen oder Vertragsbestimmungen, welche in einem schon bestehenden Vertragsverhältnis als notwendige Voraussetzungen oder Folgen mitenthalten sind, wovon weiterhin bei den Wirkungen der Verträge mitzuhandeln ist.
52913	Vertragsverhältnis	Vertrag	Verhältnis	4.900000	0.316228	3.000000	1.699670	Er fällt zusammen mit dem Gegensatz der obligatorischen Vertragsverhältnisse und der Gewaltsverhältnisse.
52914	Vertragsverhältnis	Vertrag	Verhältnis	4.900000	0.316228	3.200000	1.398410	Erfüllungsort und Gerichtsstand Ist der Besteller Vollkaufmann, juristische Person des öffentlichen Rechts oder öffentlich rechtliches Sondervermögen oder hat er keinen allgemeinen Gerichtsstand im Inland, so ist Bochum Erfüllungsort und Gerichtsstand für alle Streitigkeiten, auch über das Entstehen und über die Wirksamkeit des Vertragsverhältnisses.
52915	Vertragsverhältnis	Vertrag	Verhältnis	5.000000	0.000000	3.400000	1.897370	Wir erheben und verwenden personenbezogene Daten von Ihnen, sofern zwischen Ihnen und uns ein Vertragsverhältnis begründet, inhaltlich ausgestaltet oder geändert werden soll und dies zu diesen Zwecken erforderlich ist.
52916	Vertragsverhältnis	Vertrag	Verhältnis	5.000000	0.000000	3.500000	1.779510	Nach Mitteilung der Preiserhöhung ist der Kunde zur außerordentlichen Kündigung des Vertragsverhältnisses berechtigt.
52917	Vertragsverhältnis	Vertrag	Verhältnis	4.700000	0.674949	3.600000	1.074970	Zur Ausübung eines Zurückbehaltungsrechts ist er zudem nur insoweit befugt, als sein Gegenanspruch auf dem gleichen Vertragsverhältnis beruht.
52918	Vertragsverhältnis	Vertrag	Verhältnis	5.000000	0.000000	3.900000	1.449140	In einem Vertragsverhältnis zwischen zwei Bürgern verschiedener Staaten kann keiner Partei das rein positive Gesetz des ihr fremden Staates entgegengesetzt werden; sie sind vielmehr nach dem jus gentium zu beurteilen.
52919	Vertragsverhältnis	Vertrag	Verhältnis	4.727270	0.646670	4.090910	1.044470	Ein etwaiges Zurückbehaltungsrecht wegen Gegenansprüchen gegen ITK-Company, soweit sie nicht auf demselben Vertragsverhältnis beruhen, kann der Kunde nur umsetzen, wenn die Gegenansprüche unbestritten sind oder rechtskräftig festgestellt wurden.
52920	Vertragswerk	Vertrag	Werk	3.900000	1.911950	1.900000	1.663330	Bei Umsetzung dieses menschenfeindlichen Vertragswerkes von Durban würden bald unsere Kinder wieder in Höhlen unterschlüpfen müssen und sie dürften noch nicht einmal ein wärmendes Feuer anzünden, da sie sonst vor dem heiligen Tribunal der Klimakirche geschleppt werden könnten.
52921	Vertragswerk	Vertrag	Werk	4.600000	0.966092	2.100000	1.523880	Mit diesem Vertragswerk wurde die Europäische Union (EU ) als übergeordneter Verbund für die Europäischen Gemeinschaften (EG)die Gemeinsame Außen - und Sicherheitspolitik sowie die Zusammenarbeit in den Bereichen Justiz und Inneres gegründet.
52922	Vertragswerk	Vertrag	Werk	4.900000	0.316228	2.400000	1.712700	So konnten die von den Militärs bewaffneten Milizen in ihrem Treiben ungehindert fortfahren und wurden weder, wie im Vertragswerk vorgesehen, entwaffnet noch gar verhaftet.
52923	Vertragswerk	Vertrag	Werk	4.500000	1.581140	2.700000	1.567020	Radio-Bremen-Reporterin Hanna Möllers hat das Vertragswerk unter die Lupe genommen.
52924	Vertragswerk	Vertrag	Werk	4.900000	0.316228	2.800000	1.316560	Mit der Zertifizierung aller Vertragswerke nach RABC bzw. RAL verpflichtet sich der DBL-Verbund bundesweit zur Einhaltung klar definierter Vorgaben bei der Pflege von Hygienekleidung.
52925	Vertrauensverhältnis	Vertrauen	Verhältnis	4.700000	0.674949	3.500000	1.649920	Sie hat ein enges Vertrauensverhältnis zu ihnen aufgebaut und kann so deren natürliches Verhalten...
52926	Vertrauensverhältnis	Vertrauen	Verhältnis	4.800000	0.421637	3.600000	1.776390	Hausdiebstahl, im weiteren Sinn Familiendiebstahl, wo die Strafverfolgung nur auf Klage der Familie eintritt; im engeren der von Hausgenossen z. B. Dienstboten an der Familie verübte Diebstahl, wo das mißbrauchte Vertrauensverhältnis straferschwerend wirkt.
52927	Vertrauensverhältnis	Vertrauen	Verhältnis	4.500000	1.581140	3.600000	2.065590	"Er "" sehe jetzt kein Vertrauensverhältnis mehr, deshalb fühle ich mich in Undenheim fehl am Platz, "" so der Organist."
52928	Vertrauensverhältnis	Vertrauen	Verhältnis	4.400000	1.074970	3.700000	1.636390	"Die "" Vossische Zeitung "" macht darauf aufmerksam, daß Friedberg in einem besonderen Vertrauensverhältnis zu dem früheren"
52929	Vertrauensverhältnis	Vertrauen	Verhältnis	4.600000	0.843274	3.800000	1.549190	Dies kommt nicht zuletzt auch dem Ansehen der entsprechenden Berufsgruppe in der Öffentlichkeit und dem Vertrauensverhältnis zwischen Helfer und potentiellen Patienten zugute.
52930	Vertrauensverhältnis	Vertrauen	Verhältnis	4.600000	0.843274	3.900000	1.595130	Damit es zu einem Vertrauensverhältnis zwischen Kunde und Pflegefachkraft kommen kann, wird ein festes Pflegeteam für jeden Kunden gebildet.
52931	Vertrauensverhältnis	Vertrauen	Verhältnis	4.500000	0.849837	4.000000	1.054090	Diese setzen jedoch wegen der potentiellen Unkontrollierbarkeit und Verunsicherung ein Vertrauensverhältnis voraus, das derzeit allerdings nur in kleinen, eher gemeinschaftlich organisierten Räumen oder Ligen erzeugt werden kann.
52932	Vertrauensverhältnis	Vertrauen	Verhältnis	4.600000	0.699206	4.200000	0.788811	Unsere Freundschaft mit Österreich kann nie zu eng und nie zu stark werden, aber sie muß vollkommen frei und ein reines Vertrauensverhältnis bleiben.
52933	Verwandtschaftsverhältnis	Verwandtschaft	Verhältnis	4.000000	1.632990	3.100000	1.595130	Da ist wieder eine echt indianische Begründung des unsinnigen Verwandtschaftsverhältnisses zwischen der Sippe Jaguar und der Sippe Waldhuhn.
52934	Verwandtschaftsverhältnis	Verwandtschaft	Verhältnis	4.800000	0.421637	3.300000	1.159500	In seiner Rede hieß es um 18.57 Uhr:,, Privatreisen nach dem Ausland können ohne Voraussetzungen (Verwandtschaftsverhältnisse und Reiseanlässe ) beantragt werden...
52935	Verwandtschaftsverhältnis	Verwandtschaft	Verhältnis	4.600000	0.843274	3.500000	1.581140	Nicht wenig begünstigte die Schönheit der Prinzessinnen die Richtung dieser Politik, und mächtige Fürsten, wie Uzun Hassan, der Turkmene, und andere traten in nahe Verwandtschaftsverhältnisse zum Kaiserhaus der Komnenen.
52936	Verwandtschaftsverhältnis	Verwandtschaft	Verhältnis	4.400000	1.074970	3.600000	1.646550	Diese Gründe liegen in der Drohung des Papstes, ihn zu exkommunizieren; ferner in dem Verwandtschaftsverhältnis zum österreichischen Kaiserhause.
52937	Verwandtschaftsverhältnis	Verwandtschaft	Verhältnis	4.700000	0.674949	3.700000	1.946510	Bei der Inzucht, auch geschlossene Zucht genannt, werden blutsverwandte Tiere miteinander verpaart, wobei das Verwandtschaftsverhältnis, der eingesetzten Zuchtpartner zueinander, den jeweiligen Grad der Inzucht wiedergibt.
52938	Verwandtschaftsverhältnis	Verwandtschaft	Verhältnis	4.600000	0.966092	3.900000	0.994429	Der Umstand ist geeignet auf das nahe Verwandtschaftsverhältnis hinzuweisen, in welchem die Dichtungsart des Epigramms zu den beiden zuletzt behandelten Gattungen der Poesie steht, der gnomischen und der humoristisch-satirischen; beiden zu gleichen Teilen angehörend, nimmt es zwischen ihnen eine verbindende Mittelstellung ein.
52939	Verwandtschaftsverhältnis	Verwandtschaft	Verhältnis	4.600000	0.699206	4.000000	1.632990	Abgesehen von diesen Erbschaftssteuer Freibeträgen, deren Höhe vom Verwandtschaftsverhältnis zwischen dem verstorbenen Erblasser und dem Erben abhängen, existieren in der Bundesrepublik Deutschland noch besondere Versorgungsfreibeträge.
52940	Verwandtschaftsverhältnis	Verwandtschaft	Verhältnis	4.600000	0.843274	4.100000	0.875595	Eine Freundschaft, die auf Sympathie der Herzen beruht, ist inniger als ein Verwandtschaftsverhältnis.
52941	Verwandtschaftsverhältnis	Verwandtschaft	Verhältnis	4.900000	0.316228	4.300000	0.823273	Mit der Adoption erlöschen das Verwandtschaftsverhältnis des adoptierten minderjährigen Kindes und seiner Abkömmlinge zu seinen bisherigen Verwandten.
52942	Verwandtschaftsverhältnis	Verwandtschaft	Verhältnis	4.900000	0.316228	4.700000	0.483046	(2 ) Wer mit einem leiblichen Verwandten aufsteigender Linie den Beischlaf vollzieht, wird mit Freiheitsstrafe bis zu zwei Jahren oder mit Geldstrafe bestraft; dies gilt auch dann, wenn das Verwandtschaftsverhältnis erloschen ist.
52943	Vitaminmangel	Vitamin	Mangel	5.000000	0.000000	4.800000	0.632456	Wird bestimmt doch nur irgendein Vitaminmangel sein, denn Essen tue ich zur zeit auch nicht so richtig.
52944	Vitaminmangel	Vitamin	Mangel	5.000000	0.000000	4.900000	0.316228	Damit die Kinder im Rettungscenter nicht unter Eiweiß - und Vitaminmangel leiden, wollen wir Bohnen, Porridge, Soya, Butter und Vitaminzusätze kaufen.
52945	Vitaminmangel	Vitamin	Mangel	5.000000	0.000000	5.000000	0.000000	An Vitaminmangel glaube ich nicht, da ich viel Obst und Gemüse esse, evtl. zu viel Kohlenhydrate?
52946	Vitaminmangel	Vitamin	Mangel	5.000000	0.000000	5.000000	0.000000	Es ist daher wichtig, dass Sie zusätzlich noch Vitamine zu sich nehmen, damit Sie keinen Vitaminmangel bekommen.
52947	Vitaminmangel	Vitamin	Mangel	4.500000	1.269300	5.000000	0.000000	Genauso wie ein mögliches Defizit im Nährstoffbereich, wie z.B. ein Vitaminmangel.
52948	Volksweise	Volk	Weise	1.800000	1.932180	1.000000	1.632990	Und auf dem Lager worauf der arme deutsche Tischlergesell gestorben, tat auch der Neffe des ehrlichen Pastors von Liebenau, der vielgereiste Virtuose und Musikdirektor Carino seinen letzten Atemzug, indem er mit brechender Stimme jene Volksweise sang, die Anton einst ihm vorgespielt.
52949	Volksweise	Volk	Weise	3.900000	1.663330	1.300000	1.636390	"In ihren "" Volksstimmen "" (einer Sammlung von Volksweisen in deutschen Übertragungen für eine Singstimme mit Pianofortebegleitung von Ludwig Prochatzka ) liefert sie Übersetzungen aus sechs verschiedenen Sprachen."
52950	Volksweise	Volk	Weise	3.700000	1.059350	2.200000	1.398410	Oder hat man damals in naiver Volksweise die gesamte heroische Dichtung verkörpert und sich unter der Figur Homers veranschaulicht?
52951	Volksweise	Volk	Weise	4.000000	1.154700	2.200000	1.751190	Sie spietlen Volksweisen und Lieder aus ihrer Heimat und wurden von einer Solistin und einer jungen Tänzerin begleitet.
52952	Volksweise	Volk	Weise	4.300000	0.674949	2.200000	1.873800	Dabei spannte sich der musikalische Bogen von Brahms über Mozart bis hin zu russischen Volksweisen - also quer durch Europa.
52953	Volksweise	Volk	Weise	4.000000	1.563470	2.400000	1.955050	Festliches Konzert der Maxim Kowalew Don Kosaken am Samstag, 13.11.2010, um 15.00 Uhr in der St. Thomas-Kirche, Wallensteinstr 32 / 34, Hannover-Oberricklingen Der Chor wird russisch-orthodoxe Kirchengesänge sowie russische Volksweisen und Balladen zu Gehör bringen.
52954	Volksweise	Volk	Weise	3.800000	1.316560	2.600000	1.776390	Soldatentreue (Volksweise ) Wohl dem, der geschworen Zur Fahne den Eid, Der sich zum Schmuck erkoren, Des Königs Waffenkleid.
52955	Volksweise	Volk	Weise	3.100000	2.024850	2.700000	1.567020	Die in unentstellter Anmut sich treu gebliebene Volksweise, das mit der Dichtung innig verwebte, einige und sicher begrenzte Lied, hob sich auf seinen elastischen Schwingen, freudige Erlösung kündend, in die Regionen der schönheitsbedürftigen, wissenschaftlich musikalischen Kunstwelt hinein.
52956	Volksweise	Volk	Weise	4.400000	0.843274	2.700000	1.888560	"Radegund Ebus setzte bei ihrem Männerchor Donrath mit "" Kad si bila mala mare "" auf kroatische und mit "" La Montanara, "" auf italienische Volksweisen, die beide beachtlich angestimmt wurden."
52957	Volksweise	Volk	Weise	3.800000	1.619330	3.200000	1.751190	Die Schlacht bei Hastings (Trsp. ), 1872. - Gedichte, Volksweisen, Legenden und Sagen, 1874. -
52958	Vorgangsweise	Vorgang	Weise	3.700000	1.418140	1.600000	2.170510	Die theoretische Volkswirtschaftslehre sei in ähnlicher Weise die theoretische Grundlage der praktischen Wissenschaften von der Volkswirtschaft, wie die Anatomie und die Physiologie die theoretische Grundlage jener Wissenschaften, welche uns die Grundsätze und Vorgangsweisen zum zweckmässigen Eingreifen in den menschlichen Organismus lehren.
52959	Vorgangsweise	Vorgang	Weise	4.100000	1.370320	2.200000	1.549190	In diesem Fall wird Ihr Arzt mit Ihnen die weitere Vorgangsweise besprechen.
52960	Vorgangsweise	Vorgang	Weise	4.000000	1.247220	2.400000	2.118700	Redner bringt sodann zahlreiche Wünsche und Beschwerden seiner Parteigenossen über die Verhältnisse der Landwirtschaftlichen Bevölkerung vor und schließt mit dem Wünsche, die Regierung möge die vorgebrachten Einwendungen gegen die bisherige Vorgangsweise bei der Notstandsaction beherzigen und ihr Vorgehen demgemäß in der Zukunft einrichten.
52961	Vorgangsweise	Vorgang	Weise	4.200000	1.135290	2.800000	1.751190	"Die Implementation von Verfahren zur vollautomatischen Abarbeitung der Vektorisierung "" beliebig "" großer Raster - mit adäquater Auflösung gescannte Karten erreichen rasch die Dimension von zehntausenden Pixeln je Achsenrichtung - erfordert eine Strukturierung und Lokalisierung der Vorgangsweise."
52962	Vorgangsweise	Vorgang	Weise	3.800000	1.398410	2.900000	1.791960	Abg. Günther bezeichnet gleichfalls die zu Unterstützungen der Landwirtschaft ansgeworfene Summe als zu gering und klagt über die Vorgangsweise der Behörden bei Steuerabschreibungen.
52963	Vorgangsweise	Vorgang	Weise	3.800000	1.398410	3.100000	1.728840	Wir werden, wie Ihnen bereits geschildert, so verfahren: Sollte einer der Gründe bei einer konkreten Frage schlagend werden, wenden Sie sich an den Verfahrensanwalt oder an mich, und wir besprechen dann die weitere Vorgangsweise.
52964	Vorgangsweise	Vorgang	Weise	4.400000	0.843274	3.500000	1.509230	Mit der Nutzung der Websites der derStandard.at GmbH wird der oben beschriebenen Vorgangsweise zur Analyse der Benutzung dieser Websites zugestimmt.
52965	Vorgangsweise	Vorgang	Weise	4.300000	1.636390	3.500000	1.900290	Auf die Idee, die Anzahl der Steine und der für die Bauernformation erforderlichen Schlagzüge nachzuzählen, wäre ich nie gekommen, da ich solche langweiligen mechanischen Vorgangsweisen schon unterbewußt ausblende.
52966	Wachstumsphase	Wachstum	Phase	4.900000	0.316228	4.200000	1.398410	Sie sind in der Schwangerschaft und bei Kindern in der Wachstumsphase kontraindiziert (12 ).
52967	Wachstumsphase	Wachstum	Phase	4.700000	0.483046	4.400000	0.843274	Bei mir hat sich der Umfang des Handgelenks auch sichtbar vergrößert, allerdings kann das bei mir auch daran liegen dass meine Wachstumsphase noch nicht komplett abgeschlossen ist.
52968	Wachstumsphase	Wachstum	Phase	4.300000	1.251670	4.400000	1.264910	Kalbsbries oder Kalbsmilch ist die sich im vorderen Teil der Brusthöhle bildende Thymusdrüse des heranwachsenden Rindes, die ausschließlich während der Wachstumsphase des Tieres tätig ist und sich später wieder zurückbildet.
52969	Wachstumsphase	Wachstum	Phase	4.800000	0.632456	4.500000	1.581140	Es muß hier der Hinweis genügen, daß die Sexualwissenschaft vor 1933 eine erstaunlich fruchtbare und auch international vielversprechende erste Wachstumsphase durchlief, daß Deutschland ihr Zentrum war und daß der Faschismus ihr nicht nur an ihrem Geburtsort, sondern in ganz Europa ein plötzliches Ende bereitete.
52970	Wachstumsphase	Wachstum	Phase	4.900000	0.316228	4.800000	0.632456	Gießen: in der Wachstumsphase brauchen sie viel Wasser, daher gießt man von März bis Oktober häufig.
52971	Wahlkommission	Wahl	Kommission	4.300000	1.337490	3.700000	1.828780	Auch wurde der Wahlakt von Seite der Wahlkommission bis 5 Uhr nachmittags verlängert.
52972	Wahlkommission	Wahl	Kommission	4.700000	0.948683	4.000000	1.247220	Die Kambodschanische Volkspartei (CPP ) gewann nach dem vorläufigen amtlichen Endergebnis beim Urnengang am 27.07.2003 rund 2,45 Millionen Stimmen, gefolgt von der Oppositionspartei von Sam Rainsy mit 1,13 Millionen Stimmen, wie die Wahlkommission in der Hauptstadt Phnom Penh mitteilte.
52973	Wahlkommission	Wahl	Kommission	4.200000	1.398410	4.200000	1.229270	- Australien: Familie soll bei Regionalwahl 159 Mal abgestimmt haben - 2010 - 03 -27 - 12:59:1 3 Die südaustralische Wahlkommission will Vorwürfe g...
52974	Wahlkommission	Wahl	Kommission	4.800000	0.632456	4.200000	1.619330	Zu ihrer Durchführung ist eine Wahlkommission zu bilden, die aus einem Vorsitzenden und mindestens 2 Beisitzern besteht.
52975	Wahlkommission	Wahl	Kommission	4.200000	1.316560	4.300000	1.059350	In die Wahlkommission wurden die Herren kais. Rat B. Terner, Advokaturskandidat Dr. Moses Rat, Sägebeamter Hincem und Moritz Flicker gewählt.
52976	Wahlkommission	Wahl	Kommission	4.300000	1.567020	4.400000	1.074970	Der Ent­wick­lungs­mi­nis­ter tauschte sich dazu auch mit dem Vorsitzenden der nationalen Wahlkommission aus.
52977	Wahlkommission	Wahl	Kommission	4.600000	0.699206	4.800000	0.632456	Die Beschwerdepunkte gegen diese Wahl laufen vorzüglich darauf hinaus, daß viele Weiße nicht in die Wahlkommission zugelassen und einige Unterschleife verübt wurden.
52978	Wahlkommission	Wahl	Kommission	4.700000	0.674949	4.900000	0.316228	Deshalb unterstützen wir unsere Partner dabei, demokratische Institutionen wie Parlamente, Gemeinderäte, Rechtshöfe und Wahlkommissionen zu stärken.
52979	Wahrnehmungsfähigkeit	Wahrnehmung	Fähigkeit	4.500000	0.707107	3.900000	1.449140	Kulturelle Bildung soll die Wahrnehmungsfähigkeit für komplexe soziale Zusammenhänge entwickeln, das Urteilsvermögen junger Menschen stärken und sie zur aktiven und verantwortlichen Mitgestaltung der Gesellschaft ermutigen.
52980	Wahrnehmungsfähigkeit	Wahrnehmung	Fähigkeit	4.400000	0.966092	4.300000	1.251670	Diese eine Differenz in der Wahrnehmungsfähigkeit einer Situation erscheint marginal, die Summe der Differenzen markiert weiterwirkende Spannungen, die das Buch sichtbar und unsichtbar durchziehen.
52981	Wahrnehmungsfähigkeit	Wahrnehmung	Fähigkeit	4.909090	0.301511	4.454550	1.293340	Die Arbeiter selbst sehen wir nicht, weil ihre Bewegungen viel zu schnell für unsere Wahrnehmungsfähigkeit verlaufen.
52982	Wahrnehmungsfähigkeit	Wahrnehmung	Fähigkeit	4.600000	0.699206	4.500000	0.707107	Alles rund um die Besonderheit der Wahrnehmungsfähigkeit und Gefühlswelt hochsensibler Menschen.
52983	Wahrnehmungsfähigkeit	Wahrnehmung	Fähigkeit	4.700000	0.674949	4.500000	0.849837	Den Einwänden gegen diese Vorstellung begegnen die Mutakallimun im allgemeinen durch Berufung auf die mangelhafte Wahrnehmungsfähigkeit unserer Sinne.
52984	Wahrnehmungsfähigkeit	Wahrnehmung	Fähigkeit	4.700000	0.674949	4.600000	0.699206	Sie sehen es, nur auf Grund unserer geringen Wahrnehmungsfähigkeit, von oben als Zweidimensional.
52985	Wahrnehmungsfähigkeit	Wahrnehmung	Fähigkeit	4.600000	0.699206	4.700000	0.674949	Na ja auf meinen geliebten Cappucino verzichte ich halt vorher, denn Koffein schränkt meine Wahrnehmungsfähigkeit ein.
52986	Waldarbeiter	Wald	Arbeiter	4.300000	1.251670	4.000000	1.763830	Die gesamten Tätigkeiten eines Waldarbeiters mit der Motorsäge sollen damit abgebildet werden.
52987	Waldarbeiter	Wald	Arbeiter	4.700000	0.483046	4.400000	1.577620	Der Herbst steht auf der Leiter und malt die Blätter an, ein lustiger Waldarbeiter, ein froher Malersmann.
52988	Waldarbeiter	Wald	Arbeiter	4.444440	1.333330	4.666670	0.707107	Der Wildheuer übt seinen halsbrechenden Beruf begreiflich nur während weniger Wochen im Jahre aus, gemeiniglich in den Monaten August und September; die übrige Zeit hindurch ist er Kleinbauer, Tagelöhner, im Herbst vielleicht Gemsenjäger, im Winter Weber, Holzschnitzler, Dorf-Handwerker oder Waldarbeiter.
52989	Waldarbeiter	Wald	Arbeiter	4.700000	0.483046	4.700000	0.483046	An freiwilligen Unterstützungen von Waldarbeitern und deren Hinterbliebenen wurden 16847,25 M. gewährt.
52990	Waldarbeiter	Wald	Arbeiter	4.100000	1.370320	4.700000	0.483046	Über den Waldarbeitern stehen Arbeitsaufseher, welche in Sachsen Zeichenschläger heißen und eine feste Dienststelle bekleiden.
52991	Waldarbeiter	Wald	Arbeiter	4.800000	0.421637	4.700000	0.674949	Der Motorsägenentschädigungssatz für die Waldarbeiter der Kommunen in Schleswig-Holstein, die unter den Geltungsbereich des TVöD-Wald Schleswig-Holstein fallen, beträgt ab 1. Juli pro Lastlaufstunde 9,53 Euro beziehungsweise 5,06 Euro pro Gesamtlaufstunde.
52992	Waldarbeiter	Wald	Arbeiter	4.500000	1.581140	4.900000	0.316228	Bevor ich mich tiefer in den Wald hineinwage, durchsuche ich noch das Haus des Waldarbeiters und finde einen Dagger, den ich an mich nehme.
52993	Waldarbeiter	Wald	Arbeiter	4.600000	0.843274	4.900000	0.316228	Die Wald-Erdbeeren lehnte er nicht ab, aß sie sogar, obschon sie nicht zu den besseren ihrer Gattung gehörten, verbarg aber nicht im Mindesten seine Verstimmung über dies wiedereingeleitete Stelldichein; denn der Graf hatte ja mit den Waldarbeitern zu tun und mußte sie allein lassen.
52994	Waldarbeiter	Wald	Arbeiter	4.800000	0.632456	4.900000	0.316228	Es kann nämlich u. a. die Erklärung des Beitrittes zur Bezirkskrankenkasse von Seiten der Waldarbeiter erst rechtsverbindlich erfolgen, wenn eine Vereinbarung mit der Bezirkskrankenkasse unter Mitwirkung der Aufsichtsbehörde erfolgt ist.
52995	Waldarbeiter	Wald	Arbeiter	4.900000	0.316228	5.000000	0.000000	Fazit: Ob Kinder die im Freien spielen, Wanderer, Jäger, Waldarbeiter, Angler, Jogger, Biker, Walker, Naturfreunde, Picknicker oder Sonnenanbeter - jeder sollte die Zeckenbox dabei haben, denn die Ausbreitung verseuchter Zecken nimmt sprunghaft zu.
52996	Waldrand	Wald	Rand	4.818180	0.603023	3.454550	2.018100	Nach einem kurzen Stück über freies Feld gehen wir in Richtung Hochsitz, dort links zum Waldrand und nach rechts am Waldrand entlang.
52997	Waldrand	Wald	Rand	5.000000	0.000000	3.800000	2.097620	Das Gras in den flachen Straßengräben und an den breiten Waldrändern war weiß von Erdbeerblüten, die Fichten hatten grüne Kerzchen aufgesteckt, die Blätter auf den Laubbäumen waren noch wenig entwickelt.
52998	Waldrand	Wald	Rand	4.666670	0.500000	4.000000	1.224740	Am Waldrand lag er, sah eine unbeschreibliche Verklärung über dem Tal; die erhöhte farbenbrennende Föhnstimmung über dem bronzenen Grün und dem türkisblauen See war ihm ein Spiegelbild seines Inneren.
52999	Waldrand	Wald	Rand	4.900000	0.316228	4.100000	1.286680	Eine der gemeinsten, überall an Grashalmen der Waldränder und Lichtungen, nicht der Wiesen und auf Feldern, geschäftig umherkriechenden Schildwanzen ist der Spitzlich (Aelia acuminata ).
53000	Waldrand	Wald	Rand	4.900000	0.316228	4.300000	0.948683	"Such doch mal um den Waldrand herum, ich will auch sehen, was da noch alles liegt ""!"
53001	Waldrand	Wald	Rand	4.900000	0.316228	4.300000	1.251670	Landhotel Fuchshof Feldberg Schwarzwald Das Landhotel Fuchshof im schönen Falkau im Feldberggebiet im Hochschwarzwald liegt ruhig am Waldrand, aber nicht abseits, in einer herrlichen Landschaft.
53002	Waldrand	Wald	Rand	4.909090	0.301511	4.363640	1.026910	Ihre Aufenthaltsorte sind Ackerfelder, Waldränder, lichte Gebüsche und im Winter die Getreidefeime oder die Scheuern und Ställe; auch lebt sie in Erdlöchern.
53003	Waldrand	Wald	Rand	5.000000	0.000000	4.500000	1.581140	- Sie verkündigt, sie ist gegen die Tötung jeglicher Kreatur, benutzt aber immer wieder Ameisengift in ihrem Wochenendhaus am Waldrand.
53004	Waldrand	Wald	Rand	4.800000	0.421637	4.600000	0.699206	Diese, völlig überrascht und unkundig des Weges, wurde von den Husaren immer am Waldrande hin, auf Groß-Beeren zu getrieben.
53005	Waldrand	Wald	Rand	4.700000	0.674949	4.800000	0.421637	Innerhalb des Waldbestandes wurden am südexponierten Hang die äußeren und inneren Waldränder untersucht.
53006	Wandfläche	Wand	Fläche	4.900000	0.316228	3.900000	1.449140	Es macht indessen einen viel älteren Eindruck, zum Teil wohl weil ganze Wandflächen mit Efeu überwachsen sind.
53007	Wandfläche	Wand	Fläche	4.600000	0.516398	4.200000	1.229270	Der k-Wert gibt an, wie groß die in Watt gemessene Wärmemenge ist, die durch einen Quadratmeter Wandfläche innerhalb einer Stunde tritt, wenn die Lufttemperatur zu beiden Seiten der Wand sich um ein Grad Celsius unterscheidet.
53008	Wandfläche	Wand	Fläche	4.700000	0.674949	4.300000	0.948683	Weißgescheuert sind die Planken und die Wandflächen der hohen Reling, aus welchen die zusammengeschnürten Hängematten hervorragen.
53009	Wandfläche	Wand	Fläche	4.700000	0.674949	4.400000	1.074970	Asphaltisolierschichten breiten sich über die Betonschicht aus und reichen durch das Fundament und an den äußeren Wandflächen hinauf.
53010	Wandfläche	Wand	Fläche	4.800000	0.632456	4.400000	1.349900	Zudem ist der Platz um so besser aufteilbar je weniger Wandfläche vorhanden ist.
53011	Wandfläche	Wand	Fläche	4.800000	0.632456	4.500000	1.581140	Grundlage der Prüfungen war die europäische Norm DIN EN 1522. Sie verlangt, dass eine Wand zwanzig Schüsse aus 10 Meter Entfer-nung, konzentriert auf einen Quadratmeter Wandfläche aushält.
53012	Wandfläche	Wand	Fläche	4.800000	0.421637	4.700000	0.674949	(uriblank ) Nebenbei habe ich mal die Wandfläche ausgerechnet und bin incl. der noch fehlenden Trennwände auf rund 200 qm gekommen.
53013	Wandfläche	Wand	Fläche	4.400000	1.577620	4.800000	0.632456	Die Uhr über dem Portal an der anderen Schmalseite ist durch phantastische Symbole der irdischen Vergänglichkeit ausgestattet, und zwei heraldisch stilisierte aufrechte Löwen in der bemalten Wandfläche flankieren bedeutungsvoll den Zeitmesser.
53014	Wandfläche	Wand	Fläche	5.000000	0.000000	4.800000	0.632456	zweitens: alle Stoßfugen stehen senkrecht zur Wandfläche und vermeidet man an der Außenfläche alle spitzen Winkel;
53015	Wandfläche	Wand	Fläche	5.000000	0.000000	5.000000	0.000000	Der Giebel ist die obere abschließende Wandfläche eines Gebäudes im Bereich des Daches.
53016	Wandlungsfähigkeit	Wandlung	Fähigkeit	3.700000	1.251670	4.100000	1.449140	Vorzüglich war der gewandte Heiratsagent Leubuscher, den Herr Bei, ein Künstler von staunenswerter Wandlungsfähigkeit, auf die Bühne stellte und ebenso muß man Herrn Juhn für seine prächtige Darstellung des familienseligen Oberleutnants Planitz beloben.
53017	Wandlungsfähigkeit	Wandlung	Fähigkeit	4.200000	0.788811	4.200000	1.398410	MAchen Sie einen Tagesausflugen und befahren Sie den Tradouw Pass zwischen Swellendam und Barrydale auf dem Weg zur Route 62 in die Kleine Karoo und erleben Sie den unglaubliche Wandlungsfähigkeit der Landschaft.
53018	Wandlungsfähigkeit	Wandlung	Fähigkeit	3.900000	1.595130	4.400000	0.843274	Registriert seit 21.03.2009 Ort In einem Land politisch ungeahnter Wandlungsfähigkeit!
53019	Wandlungsfähigkeit	Wandlung	Fähigkeit	4.500000	0.707107	4.400000	0.966092	Seine Wandlungsfähigkeit stellte der Künstler auch als singender Admiral und mit mexikanischem Sombrero unter Beweis.
53020	Wandlungsfähigkeit	Wandlung	Fähigkeit	4.700000	0.483046	4.400000	1.074970	In Heraklit entwickelt die Spekulation diese Anschauung einer inneren Wandlungsfähigkeit als der allgemeinen Eigenschaft jedes Zustandes im Weltall; in Parmenides stellt sie diesem endlosen Wechsel die Anforderungen des Gedankens gegenüber.
53021	Wandlungsfähigkeit	Wandlung	Fähigkeit	4.700000	0.674949	4.600000	0.516398	In seinen rund 200 Filmrollen mußte Kinski oft Bösewichte, Schizophrene und Außenseiter verkörpern, wobei er seine große Wandlungsfähigkeit bewies.
53022	Wandlungsfähigkeit	Wandlung	Fähigkeit	4.600000	0.699206	4.600000	1.264910	In Kombination mit hellen Zitrustönen oder auch warmen und neutralen Farben zeigt sich seine starke Wandlungsfähigkeit - so entstehen rasch spannende und individuelle Kompositionen.
53023	Wassermangel	Wasser	Mangel	4.400000	1.074970	4.000000	1.490710	In der Stadt herrscht zuweilen Wassermangel, da die Bewohner auf ihre Zisternen angewiesen sind; außerhalb der Stadt befinden sich jedoch reichlich fließende Quellen.
53024	Wassermangel	Wasser	Mangel	4.600000	0.966092	4.200000	1.229270	Die Russen hatten den großen Jaghni-Hügel bereits genommen, als sie sich, angeblich wegen Wassermangels, wieder zurückzogen.
53025	Wassermangel	Wasser	Mangel	5.000000	0.000000	4.400000	0.966092	Selbst da, wo eine Wasserkraft zum Betriebe des Gebläses verfügbar ist, pflegt man deshalb neben derselben eine Reservedampfmaschine in Bereitschaft zu halten, um bei Wassermangel nicht genötigt zu sein, den Betrieb einzuschränken.
53026	Wassermangel	Wasser	Mangel	4.600000	0.966092	4.400000	1.264910	In diese Wasseransammlungen in den Blätterwinkeln der Pflanze legt gedachter Frosch seine Eier, wie wir zu unserer Überraschung fanden, als wir im Januar der großen, erschöpfenden Hitze und des Wassermangels halber jenes Wasser zusammensuchten und in Trinkschalen gossen.
53027	Wassermangel	Wasser	Mangel	5.000000	0.000000	4.500000	1.581140	""" Dies schlechte Ergebnis rühre daher, dass wegen Wassermangel nicht geschmiedet werden konnte und dass neue "" Äsekörbe "" und Schornstein, sowohl in der Hütte als auch im Hüttenhaus wegen Feuersgefahr gebaut werden mußte."
53028	Wassermangel	Wasser	Mangel	4.700000	0.674949	4.600000	0.699206	Osmolarität sich sehr verändern: zwischen ca. 1.400 mOsmol / l in Antidiurese (maximale Wasserkonservierung bei Wassermangel ) und 300 mOsmol / l in Diurese (Wasserüberschuß ).
53029	Wassermangel	Wasser	Mangel	4.800000	0.421637	4.700000	0.674949	Sieht aus wie ' ne Kaserne oberhalb einer Talsperre die an Wassermangel leidet.
53030	Wassermangel	Wasser	Mangel	4.200000	1.475730	4.800000	0.421637	Nachdem ich zwei weitere Tage Hirschpfaden durch steile Berge und tiefe Täler gefolgt war, hatte ich mich verlaufen und litt unter Wassermangel.
53031	Wassermangel	Wasser	Mangel	4.800000	0.421637	4.800000	0.632456	""" Unseren Berechnungen nach werden in Afrika bis 2020 zwischen 75 und 250 Millionen Menschen Opfer von Wassermangel, der dem Klimawandel zuzuschreiben ist "", betonte der Vorsitzende des Weltklimarats, Rajendra Pachauri."
53032	Wassermangel	Wasser	Mangel	4.909090	0.301511	4.818180	0.603023	Auf dem Weg nach Bharatpur, Stopp in Fatehpur Sikri 1571 von Kaiser Akbar erbaut, musste die Stadt wenig später wegen Wassermangels aufgegeben werden.
53033	Wasserquelle	Wasser	Quelle	5.000000	0.000000	4.300000	1.567020	sei es, daß diese bloß Schlacken oder, intermittierenden Wasserquellen gleich, flüssige geschmolzene Erde in Lavaströmen ergießen; haben allerdings einen gemeinschaftlichen alleinigen Causalzusammenhang in der hohen Temperatur des Inneren unseres Planeten: aber eine dieser Erscheinungen zeigt sich meist ganz unabhängig von der anderen.
53034	Wasserquelle	Wasser	Quelle	4.800000	0.421637	4.500000	0.971825	Die Tierwelt ergreift andere Schutzmaßregeln; Eingraben in Erdlöcher, periodisches Fortwandern bis zur Wiederkehr der günstigeren Jahreszeit, täglicher Besuch spärlicher Wasserquellen sind Dinge, welche der Pflanzenwelt versagt bleiben.
53035	Wasserquelle	Wasser	Quelle	4.800000	0.421637	4.500000	0.971825	Unzählige kryptogamische Gewächse, zumal Farne, bekleiden die Mauern, die von kleinen klaren Wasserquellen feucht erhalten werden.
53036	Wasserquelle	Wasser	Quelle	4.500000	1.581140	4.500000	1.269300	Wünschelrute, Zweig einer Haselstaude, entweder einfach im Bogen gekrümmt oder gabelförmig endend, soll in den Händen eines befähigten Menschen (Rutengänger ) verborgene Metalle, Erzlager u. Wasserquellen durch Krümmung nach unten anzeigen.
53037	Wasserquelle	Wasser	Quelle	5.000000	0.000000	4.500000	1.581140	Und betet an den, der gemacht hat Himmel und Erde und Meer und die Wasserquellen.
53038	Wasserquelle	Wasser	Quelle	5.000000	0.000000	4.600000	0.843274	"Name: Suiton: Suiryūdan no Jutsu ("" Wasserfreisetzung: Technik des Wasserdrachengeschosses "" ) Jutsuart: Ninjutsu Rang: B-Rang Chakraverbrauch: Mittel-Hoch Reichweite: Nah-Fern Voraussetzung: Ninjutsu 5, Wasserquelle Beschreibung: Dies ist ein Wasser-Jutsu."
53039	Wasserquelle	Wasser	Quelle	5.000000	0.000000	5.000000	0.000000	7 Er liess die Pässe erkunden, die zu ihrer Stadt hinaufführten, spürte ihre Wasserquellen auf und nahm sie in Besitz.
53040	Wasserquelle	Wasser	Quelle	5.000000	0.000000	5.000000	0.000000	Dort gibt es eine Wasserquelle welche angeblich für einige Wunderheilungen verantwortlich war.
53041	Wasserquelle	Wasser	Quelle	5.000000	0.000000	5.000000	0.000000	"Gesegnet mit dem Wasser des Lebens bist du "" wie ein Garten und eine Wasserquelle, der es nie an Wasser mangelt."
53042	Wasserspiel	Wasser	Spiel	4.200000	1.316560	1.800000	1.932180	In der Nähe der Stadt Mejiko, so erzählt der alte Hernandez, gibt es eine Art Seefische mit weicher Haut und vier Füßen, wie sie die Eidechsen haben, eine Spanne lang und einen Zoll dick, Arolotl oder Wasserspiel genannt.
53043	Wasserspiel	Wasser	Spiel	4.900000	0.316228	1.900000	1.523880	Brunnen und Wasserspiele sorgen für ein angenehmes Klima im Garten.
53044	Wasserspiel	Wasser	Spiel	4.222220	0.666667	2.000000	1.658310	Zuerst wurde der junge Kandidat der Hanse gänzlich entkleidet, an ein Seil gebunden und dreimal unter einem Schiffe durchs Wasser gezogen, wenn er zum dritten Mal hervorkam mit Ruten, oft bis aufs Blut gepeitscht, und das hieß das Wasserspiel.
53045	Wasserspiel	Wasser	Spiel	4.400000	1.577620	2.000000	1.885620	Auf den Spuren der Wasserspiele Folgen Sie dem Bauleiter Johann Georg Fünk und erfahren alles über die Wasserspiele von Wilhelmsthal.
53046	Wasserspiel	Wasser	Spiel	4.700000	0.948683	2.500000	1.649920	Das Bayerische Finanzministerium entschied sich unter den verschieden Rekonstruktionsmöglichkeiten für die umfangreichste, nämlich die Restaurierung der Kaskadenanlage mit fast vollständiger Rekonstruktion der verlorenen Bauteile der Wasserspiele.
53047	Wasserspiel	Wasser	Spiel	4.545450	0.687552	2.727270	1.737290	Wie nachdenklich sie, das Kinn in die Hand gelegt, dem schwatzenden Wasserspiel zuschaut!
53048	Wasserspiel	Wasser	Spiel	4.400000	1.577620	3.100000	2.024850	- Von 9 bis 11 Uhr treffen wir uns mit den israelischen Schülern am Strand, um verschiedene Strand - und Wasserspiele durchzuführen.
53049	Wasserspiel	Wasser	Spiel	4.900000	0.316228	3.500000	1.649920	Wir bieten Ihnen hier ein breites Sortiment diverser Gartenbrunnen und Wasserspiele in verschiedenen Größen an.
53050	Wasserstand	Wasser	Stand	4.600000	0.699206	2.700000	1.828780	6 ) nur bis zu einem Wasserstande von + 10 ' am hiesigen Regierungs-Pegel kann die Brücke für die Talfahrt geöffnet werden; dagegen für die Bergfahrt bis + 14 ' a. M.;
53051	Wasserstand	Wasser	Stand	4.800000	0.421637	2.700000	2.002780	Da die Arkona beim höchsten Wasserstande der Springflut auflief, so war der Fall bedenklich.
53052	Wasserstand	Wasser	Stand	5.000000	0.000000	2.800000	1.686550	Sie tarnen sich gerne unter dem Gummiring und wenn man den bei ein zu wenig Wasserstand hoch hebt schnellen sie hervor.
53053	Wasserstand	Wasser	Stand	4.800000	0.632456	2.800000	1.751190	Um die oben befindliche Kammer zu senken, wird der Wasserstand in derselben um 15 Centimeter höher gehalten als in der unteren.
53054	Wasserstand	Wasser	Stand	4.900000	0.316228	3.100000	1.911950	Nach 2,4 Kilometern folgt dann im Verlauf einer Linkskurve eine wuchtige, schwer verblockte, steile Passage mit Schwierigkeiten bei mittleren Wasserständen von bis zu WW V (siehe insbesondere übernächstes Bild ).
53055	Wasserstand	Wasser	Stand	4.400000	1.074970	3.200000	1.475730	Mit den Ausmaßen von ca. 132 mal 67 Metern bei einer Gesamthöhe von ca. 4,10 Metern faßte der komplette Behälter 25 444 Kubikmeter Wasser, wozu ein mittlerer Wasserstand von 3,84 Metern über Behältersohle bzw. eine Wasserspiegelhöhe von + 144,74 Metern NN notwendig war.
53056	Wasserstand	Wasser	Stand	4.700000	0.483046	3.200000	1.813530	Das größte Gefälle gibt bei dem mittleren Wasserstand 226 rohe Pferdekräfte (zu 75 Kilogramm 1 Meter hoch ), und das daran grenzende, nötigenfalls damit zu verbindende, Gefälle gibt weitere 153 solcher Pferdekräfte.
53057	Wasserstand	Wasser	Stand	4.400000	1.577620	3.400000	1.349900	naja gut Ding will Weile haben ich weiß, aber darüber habe ich ewig nichts mehr gehört ) lese WoW-Szene nicht mehr vll deshalb (wie ist da so der Wasserstand?
53058	Wasserstand	Wasser	Stand	4.900000	0.316228	3.400000	1.776390	Die Wasserkraft, welche bei normalem Wasserstande zum Treiben der Maschinen ausreicht, wird in besonderen Fällen auf ein so niedriges Maß herabsinken, daß sie unbrauchbar wird.
53059	Wasserstand	Wasser	Stand	4.900000	0.316228	3.500000	1.840890	Das Wasser wo dann fehlt kannst ja dann mit dem Natriumhydrogenkarbonat von den Ballingsalzen wieder zuführen das dein Wasserstand im Becken wieder passt.
53060	Wasserwerk	Wasser	Werk	4.909090	0.301511	2.545450	2.252270	Sie befinden sich hier: Bauen und Versorgung -- Wasserwerk -- Neben - bz.
53061	Wasserwerk	Wasser	Werk	4.900000	0.316228	2.900000	2.330950	Die Veranlassung zu dieser Erfindung gab Ludwig XIV. durch die Anlage der großartigen Wasserwerke bei Marly und der Wasserkünste in Versailles in den achtziger Jahren des 17. Jahrhunderts.
53062	Wasserwerk	Wasser	Werk	4.600000	0.966092	3.100000	1.791960	Die Wasserkraft von dem sogenannten Mühlgraben, samt dem Wasserwerk, mit hölzernem Schaufelrad, eisernem Wellbaum etc.
53063	Wasserwerk	Wasser	Werk	4.818180	0.404520	3.181820	1.721520	1788 bestellte die Stadt Paris bei Wilkinson gusseiserne Wasserleitungsröhren für ihr Wasserwerk von 40 engl. Meilen Länge.
53064	Wasserwerk	Wasser	Werk	4.800000	0.421637	3.200000	1.686550	Nicht zu übersehen ist jedoch, daß bei den Teichsämmerungen durch das Trockenstehen der Rechen und der hölzernen Ablaßvorrichtungen die Abnutzung dieser Wasserwerke eine bedeutendere wird und die Anlage der Schutz- und Entwässerungsgräben erhebliche Kosten verursacht.
53065	Wasserwerk	Wasser	Werk	4.500000	0.849837	3.600000	2.065590	"28.12.2004 17:33 Mein Wasser ist von der Marke "" Wasserwerke aus der Leitung ""."
53066	Wasserwerk	Wasser	Werk	4.900000	0.316228	3.700000	1.567020	Es gelang uns den Weltcup B- Nordische Kombination unter großen Schwierigkeiten durchzuführen 73 Stunden war die Schneekanone im Einsatz, und es wurden viele tausend Liter Wasser eingesetzt In diesem Zusammenhang ein großes Dankeschön an die Firma Krause und Nosovsky und an die Kollegen vom Wasserwerk.
53067	Wasserwerk	Wasser	Werk	4.100000	1.449140	3.700000	1.567020	Besondere Lieblingsorte von ihm sind die Huertas oder Fruchtebenen, jene paradiesischen Gefilde Spaniens, welche noch heutzutage durch die von den Mauren angelegten Wasserwerke regelmäßig bewässert werden und in einer Fruchtbarkeit schwelgen, von der wir uns kaum eine Vorstellung machen können.
53068	Wasserwerk	Wasser	Werk	4.800000	0.632456	4.000000	1.414210	Bodengrund: Sand Wasser: Laut Wasserwerk 4,7 ° dH und 2,8 ° KH Deko: Ein paar Wurzeln und Steine, wobei ich da noch nicht genau weiß, wie ich es gestalte.
53069	Wasserwerk	Wasser	Werk	5.000000	0.000000	4.000000	1.414210	Wie berichtet, sanieren die Kommunalen Wasserwerke dort eine Trinkwasser-Transportleitung.
53070	Wegrand	Weg	Rand	4.700000	0.948683	3.400000	2.221110	Es kam ein Radfahrer, er fuhr vorbei, ich dreht mich um und sah Kimba wie erstarrt am Wegrand stehen.
53071	Wegrand	Weg	Rand	4.200000	1.316560	3.600000	1.712700	Ein Vogel fliegt vorüber, im Schnäbelchen eine weiße Flocke tragend, die er emsig zum Nestchen bringt -- am sandigen Wegrand grünen freudig spärliche Gräser -- dort an den Gebüschen sprengten winzige Blättchen die braunen Hülsen und lugen nun rundlich und keck in die Welt hinein.
53072	Wegrand	Weg	Rand	5.000000	0.000000	3.900000	1.911950	""" Eines Nachmittags fuhr ein reicher Anwalt in seiner blinkenden Limousine durch die Gegend, als er am Wegrand zwei Männer entdeckte, die Gras aßen."
53073	Wegrand	Weg	Rand	4.555560	0.726483	4.000000	1.322880	Läßt man ihm freie Wahl, so findet es selbst, ohne unzeitiges Leiten und Lenken, die rechten, ihm passenden Tritte und vermeidet den äußersten, am Abgrunde hinführenden Wegrand, wo es denselben zu fürchten hat.
53074	Wegrand	Weg	Rand	4.100000	1.523880	4.000000	1.333330	An den Wegrändern scheint es vorzüglich gern sein gemütliches und anmutiges Wesen zu treiben.
53075	Wegrand	Weg	Rand	5.000000	0.000000	4.400000	0.843274	Sie wächst an trockenen Plätzen, wie an Wegrändern oder auf Schuttplätzen.
53076	Wegrand	Weg	Rand	4.700000	0.674949	4.400000	0.843274	""" Wie wenig braucht es doch, "" dachte er im Stillen, um sich selber einen Hauptspaß zu bereiten, und was für schöne Gelegenheiten liegen immer am Wegrande bereit, wenn man sie nur zu sehen wüßte! """
53077	Wegrand	Weg	Rand	4.200000	1.751190	4.400000	1.349900	Gebückt, am Wegrand, sitzt du und starrst auf deine welken Hände.
53078	Wegrand	Weg	Rand	4.700000	0.483046	4.600000	0.699206	Die Glühwürmchen leben vor allem an Wald - und Wegrändern und in ähnlichen Übergangsräumen.
53079	Wegrand	Weg	Rand	4.800000	0.632456	4.800000	0.421637	Am Wegrand ne ältere Dame mit einem sehr sportlich wirkendem Dögchen (kenne mich in Rassenfragen nicht aus ).
53080	Wehrführer	Wehr	Führer	3.300000	1.636390	3.600000	1.776390	Schon ein Jahr später wurde das Interesse an einer Beziehung zwischen beiden Feuerwehren durch einen Gegenbesuch des ungarischen Wehrführers und seiner städtischen Feuerwehrdezernenten bekräftigt.
53081	Wehrführer	Wehr	Führer	3.100000	1.523880	4.200000	0.632456	""" Es hat alles wunderbar funktioniert "" berichtete auch der stellvertretende Wehrführer Marcus Paschke."
53082	Wehrführer	Wehr	Führer	3.600000	0.843274	4.200000	0.918937	Aufmerksam geworden auf den Brand in der Fahrzeughalle ist der frührere Worfelder Wehrführer Martin Schlappner, der gerade mit Vorbereitungsarbeiten für das Hüttenfest beschäftigt ist.
53083	Wehrführer	Wehr	Führer	4.300000	0.674949	4.400000	0.843274	März 1962 Willi Friedrich legt sein Amt nieder neuer Wehrführer wird Adolf Schmidt welcher schon nach knapp 3 Jahren aus gesundheitlichen Gründen wieder sein Amt abgibt.
53084	Wehrführer	Wehr	Führer	4.400000	0.699206	4.700000	0.674949	Wehrführer Quirin dankte Rat und Verwaltung der Stadt Saarlouis und des Landkreises für die Finanzierung dieses Fahrzeuges.
53085	Wesenszug	Wesen	Zug	3.600000	1.955050	0.400000	0.699206	Ihr Wesenszug ist die Zusammenfassung von freien und unfreien Personen, von Weib, Kindern und Sklaven, oder Leibeigenen, Hörigen im Mittelalter zu einer wirtschaftlichen Einheit, zu einer Familie unter der väterlichen Gewalt des Familienhauptes.
53086	Wesenszug	Wesen	Zug	3.000000	2.108190	0.500000	1.080120	Ein sehr menschlicher Wesenszug der jedoch denke ich sehr verständlich ist wenn jemand das zerstört was mir heilig ist.
53087	Wesenszug	Wesen	Zug	2.900000	2.079000	0.600000	1.074970	Der charakteristische Wesenszug des Kapitalismus, die Höchsteinschätzung und Heilighaltung des Privateigentums, bildet zur Erreichung jenes Zieles ein unübersteigliches Hindernis.
53088	Wesenszug	Wesen	Zug	4.400000	1.577620	0.700000	0.823273	"Sowohl Carreau als auch Monty haben - so wie erhofft - ihre netten Wesenszüge an ihre Babys weitergegeben... und natürlich sollten es auch schöne Briardkinder werden... und es sind "" vielversprechende "" geworden."
53089	Wesenszug	Wesen	Zug	3.000000	2.260780	0.700000	1.494430	Bewertet mal die Liste bitte: Wesenszüge: Steh deinen Brüdern bei.
53090	Wesenszug	Wesen	Zug	3.100000	2.024850	0.800000	1.475730	Seit Menschen entdeckt haben, es gibt auch Tiere mit guten Wesenszügen, gibt es Haustiere.
53091	Wesenszug	Wesen	Zug	4.200000	1.229270	1.100000	1.286680	"Diese Wesenszüge sind auch einem der frühesten Denkmäler der Susdaler Kollektion, der Ikone "" Gottesmutter Eleusa "" ("" Die Barmherzigkeit Schenkende "" ) eigen."
53092	Westrand	West	Rand	4.500000	1.581140	3.800000	1.619330	Sie ist umschlossen vom Landkreis Südwestpfalz und liegt am Westrand des Pfälzer Waldes.
53093	Westrand	West	Rand	4.100000	1.370320	3.800000	1.686550	Am Westrand wurde ein baufälliger Schuppen durch einen Steinschuppen mit Vordach ersetzt.
53094	Westrand	West	Rand	4.500000	0.707107	3.900000	1.728840	Das Abbaugebiet befindet sich am Westrand des Witwatersrand - Beckens, ca. 300 km südwestlich von Johannesburg.
53095	Westrand	West	Rand	4.300000	1.636390	4.300000	1.636390	Das Forstamt liegt am Westrand des mitteldeutschen Trockengebietes, und ist mit einer mittleren Jahrestemperatur von 8 ° C und ca. 550 mm Niederschlag als trocken-warm zu bezeichnen.
53096	Westrand	West	Rand	5.000000	0.000000	4.400000	1.264910	"Weinliebhaber und Gourmets haben in dieser Jahreszeit in "" Deutschlands schönster Genießerecke "" eigentlich nur ein Ziel: die Wein - und Winzerorte am Westrand des Schwarzwaldes."
53097	Wetterverhältnis	Wetter	Verhältnis	4.700000	0.674949	2.000000	2.000000	Die Wetterverhältnisse waren gut und so begann ab 15.00 Uhr das Anlanden.
53098	Wetterverhältnis	Wetter	Verhältnis	5.000000	0.000000	2.100000	1.595130	Sie erzählen uns, daß sie schon in Thorung Pedi waren und wegen der schlechten Wetterverhältnisse wieder zurück nach Manang gegangen sind.
53099	Wetterverhältnis	Wetter	Verhältnis	5.000000	0.000000	2.500000	1.433720	Die Geschwindigkeit muss an die Straßen -, Verkehrs -, Sicht - und Wetterverhältnisse sowie an die persönlichen Fähigkeiten und die Eigenschaften von Fahrzeug und Ladung angepasst werden 2.
53100	Wetterverhältnis	Wetter	Verhältnis	4.700000	0.483046	2.500000	1.900290	Bei der stets zunehmenden Bedeutung von Madras als Seehandelsplatz und unter den eingangs geschilderten ungünstigen Wetterverhältnissen auf der Reede erscheint es einigermaßen befremdlich, dass erst 1860 eine Landungsbrücke (Pier ) gebaut und 1875 der Grundstein zu weiteren Hafenbauten gelegt worden ist.
53101	Wetterverhältnis	Wetter	Verhältnis	4.800000	0.632456	2.700000	1.636390	"Bisher hieß es nur, dass die Ausrüstung von Fahrzeugen "" an die Wetterverhältnisse anzupassen "" ist."
53102	Wetterverhältnis	Wetter	Verhältnis	4.900000	0.316228	3.300000	1.494430	Mit steigendem Meeresspiegel und veränderten Wetterverhältnissen muss für die Zukunft mit einer Verschlimmerung dieses Problems gerechnet werden.
53103	Widerstandsfähigkeit	Widerstand	Fähigkeit	3.600000	1.776390	3.700000	1.828780	Modernes Design, gute Qualität, lange Nutzungsdauer, Belastbarkeit und Widerstandsfähigkeit - welche der Fußbodenbeläge eignet sich zum Verlegen am Besten im Büro?
53104	Widerstandsfähigkeit	Widerstand	Fähigkeit	3.900000	1.100500	3.800000	1.229270	Was aber die Martier bisher verhindert hatte, sich mit ihren Raumschiffen in die Atmosphäre zu wagen, war die mangelhafte Widerstandsfähigkeit des Stellits.
53105	Widerstandsfähigkeit	Widerstand	Fähigkeit	4.400000	0.843274	3.800000	1.475730	-- Die Anlage und Ausbildung der Charaktereigentümlichkeiten, das Maß psychischer Widerstandsfähigkeit, die leichtere oder schwierigere Hingabe an die Krankheit wie an die heilenden Einflüsse gehören zu den bedeutendsten Momenten für die Prognose.
53106	Widerstandsfähigkeit	Widerstand	Fähigkeit	3.700000	1.636390	3.900000	1.595130	"Sie sind deshalb nicht geeignet, einen "" normalen "" konjunkturellen Einbruch zeitgerecht zu bekämpfen, auch wenn sie dazu beitragen, die Widerstandsfähigkeit der Wirtschaft zu erhöhen."
53107	Widerstandsfähigkeit	Widerstand	Fähigkeit	4.200000	1.549190	4.000000	1.563470	Alle Bauteile sind feuerverzinkt und garantieren hierdurch eine hohe Widerstandsfähigkeit.
53108	Widerstandsfähigkeit	Widerstand	Fähigkeit	4.700000	0.483046	4.100000	1.523880	Die erste Angabe, daß bestimmte Varietäten für gewisse Lebensbedingungen die passenderen seien und daher vor anderen erhalten werden, also einen Hinweis auf die von Darwin so genannte natürliche Zuchtwahl, machte Wells 1818 in Bezug auf die verschiedene Widerstandsfähigkeit einzelner Menschenrassen gegen bestimmte Krankheiten.
53109	Widerstandsfähigkeit	Widerstand	Fähigkeit	4.100000	0.994429	4.200000	1.229270	Back, C., Versuche über die Widerstandsfähigkeit ebener Platten. 1890.
53110	Widerstandsfähigkeit	Widerstand	Fähigkeit	4.600000	0.699206	4.400000	0.843274	Das Wesen des Hundes zeichnet sich durch seine Widerstandsfähigkeit und seine Furchtlosigkeit aus.
53111	Widerstandsfähigkeit	Widerstand	Fähigkeit	4.600000	0.699206	4.400000	1.577620	Parmigiani Fleurier: Damen Flyback Chronograph ) 18.01.2010 (Für die neue Millenary Carbon One wurde erstemals ein Material eingesetzt - es wurden Karbon-Nanofasern in einem Hochdruck und Hochtemperaturverfahren verdichtet - um die Widerstandsfähigkeit zu erhöhen.
53112	Widerstandsfähigkeit	Widerstand	Fähigkeit	4.300000	1.159500	4.500000	0.849837	Die Kabel zeichnen sich durch ihre hohe Isolation, ihre Widerstandsfähigkeit gegen mechanische und Temperatur- Einflüsse und auch durch ihre Billigkeit aus.
53113	Wiesenfläche	Wiese	Fläche	4.600000	0.699206	3.700000	1.636390	Berthelmy ging zwischen dem Dorf und dem Bach, welcher sich rasch und rauschend ergoß, auf die Wiesenfläche -- augenscheinlich um sich zu sammeln und in seiner kritischen Lage irgend einen Plan zu fassen.
53114	Wiesenfläche	Wiese	Fläche	4.800000	0.632456	4.400000	1.264910	11. Zwischen beiden unter 9. und 10. skizzierten Vegetationsregionen schaltet sich endlich der subtropische Gran Chaco am Unterlauf der genannten Flüsse ein, ein Parkland mit wechselnden Gehölzen und Wiesenflächen, Schilfdickichten und gelegentlich Copernicia-Hainen.
53115	Wiesenfläche	Wiese	Fläche	4.700000	0.483046	4.500000	0.527046	In dem großen, in einem Parke Londons auf weiter Wiesenfläche ruhenden Luftschiffe empfing Jll die Minister Englands und die Gesandten der fremden Staaten.
53116	Wiesenfläche	Wiese	Fläche	4.800000	0.632456	4.500000	1.080120	Bedenkt man die großen Weiden - und Wiesenflächen, die für die Viehhaltung nötig sind, ist der tatsächliche Flächenbedarf für tierische Produkte sogar noch größer.
53117	Wiesenfläche	Wiese	Fläche	5.000000	0.000000	4.600000	0.699206	Da es sich in diesem Bereich um sensible Wiesenflächen handelt, waren umfangreiche Gutachten und Ausgleichsmaßnahmen notwendig, bei denen sich der Landkreis mit ca. 50% (6.850,71 € ) beteiligte.
53118	Wiesenfläche	Wiese	Fläche	4.700000	0.674949	4.600000	0.699206	Die Drainbewässerung eignet sich für alle jene Wiesenflächen, welche einer Drainierung bedürftig wären.
53119	Wiesenfläche	Wiese	Fläche	4.700000	0.674949	4.600000	0.966092	Unser Hotel bei Berchtesgaden ist umgeben von großzügigen Wiesenflächen in ruhiger, unverbauter Aussichtslage und bietet Ihnen dadurch Erholung vom Alltagsstress inmitten der unberührten Natur.
53120	Wiesenfläche	Wiese	Fläche	4.700000	0.674949	4.700000	0.674949	Der Hangbau eignet sich vornehmlich für solche Wiesenflächen, die nach einer Richtung hin geneigt sind und mindestens ein Gefälle von 3--5 Meter auf 100 Meter aufzuweisen haben.
53121	Wiesenfläche	Wiese	Fläche	4.900000	0.316228	4.800000	0.632456	Die Bauern aus Millich hatten über viele Generationen hinweg, entlang der Rur auf der Hilfarther Seite, etwa 10 ha Wiesenflächen in gemeinsamen Besitz.
53122	Wiesenfläche	Wiese	Fläche	5.000000	0.000000	5.000000	0.000000	Bald wendet sich unser Weg nach links und vor uns liegt der kleine Schlosspark von Haus Dellwig, dessen überschaubare Wiesenfläche zum Picknick einladen.
53123	Windspiel	Wind	Spiel	3.100000	2.079000	1.200000	1.032800	""" Hinweise auf das Mittelmeer, Donjons, Falkenjagd, Zelter, Windspiele und König Renes Minnehöfe kannst Du Dir sparen, Krumhardt, "" sagte Velten."
53124	Windspiel	Wind	Spiel	2.700000	2.002780	1.400000	1.505550	"Geht_es aber recht ans Auslesen, so unterscheidet man bald den schnellen vom langsamen, den dummen vom schlauen, den Haushüter vom Jäger "" - vgl in Schiller's Übertragung: Ihr lauft so auf der Liste mit, \ wie Dachs und Windspiel alle Hunde beißen."
53125	Windspiel	Wind	Spiel	4.200000	1.549190	1.700000	1.494430	Toll fand ich die mit Blumen und Windspielen geschmückten Bäume.
53126	Windspiel	Wind	Spiel	4.200000	1.475730	2.000000	1.563470	"Sie hat ihr Windspiel "" Jambe "" mitgenommen; aber die Freude an diesem Schoßhündchen sollte ihr nicht lange bleiben."
53127	Windspiel	Wind	Spiel	3.700000	1.828780	2.000000	1.885620	Bei dem letzten Worte blickte er auf das Windspiel, welches neben meinem Pferde hertrabte; ich war so vorsichtig gewesen, es mittels einer Leine an meinen Steigbügel zu binden.
53128	Windspiel	Wind	Spiel	2.700000	2.110820	2.000000	2.054800	Hunderasse: Windspiel Das kleine Italienische Windspiel stammt von den kleinwüchsigen Windhunden ab, die es bereits am Hofe der Pharaonen im alten Ägypten gab.
53129	Windspiel	Wind	Spiel	3.800000	1.873800	2.400000	1.505550	"Das Windspiel "" Koshi "" wird in 4 verschiedenen Stimmungen angeboten: "" terra "", "" aqua "", "" aria "" und "" ignis ""."
53130	Windspiel	Wind	Spiel	3.700000	1.888560	2.400000	1.955050	"Das Windspiel, das zwei Hasen jagt, fängt - keinen. "" (Witzfunken, Va, 85. )"
53131	Windspiel	Wind	Spiel	4.200000	1.549190	2.400000	2.118700	Sie ist kein zitterndes Windspiel, aber sie ist auch keine Dampfwalze, die alles in Grund und Boden rennt, drückt oder haut.
53132	Windspiel	Wind	Spiel	4.600000	0.699206	2.500000	1.581140	Hier bieten sich viel Platz zum Toben und alle Möglichkeiten, die Welpen an eine möglichst bunte und unterschiedliche Umwelt zu gewöhnen: Bällebad, verschiedene Spielzeuge, Windspiele, Spieltunnel, verschiedene Untergründe und was mir sonst noch alles einfällt.
53133	Windverhältnis	Wind	Verhältnis	4.700000	0.483046	1.900000	1.523880	Nicht einzuleuchten vermöge, wieso die Abtrift in einem Gewächshaus, das gerade nicht den Windverhältnissen im Freiluftbereich ausgesetzt sei, besonders groß sein solle.
53134	Windverhältnis	Wind	Verhältnis	4.300000	1.567020	2.200000	1.751190	Daraus hatte er entnommen, daß während des Novembers regelmäßig andauernd nach Europa hinwehende Winde einzutreten pflegten, daß er aber früher keine Aussicht hatte, günstige Windverhältnisse zu erwarten.
53135	Windverhältnis	Wind	Verhältnis	4.800000	0.421637	2.300000	1.702940	Schon am Morgen ist er in St-Étienne-de-Tinée gestartet, hat trotz widriger Windverhältnisse volles Risiko genommen.
53136	Windverhältnis	Wind	Verhältnis	4.600000	0.843274	2.300000	1.946510	Das Schweizer Messnetz für Lawinenwarnung umfasst heute rund 100 automatische Stationen, welche u.a. Schneehöhe, Windverhältnisse und Temperatur messen.
53137	Windverhältnis	Wind	Verhältnis	4.700000	0.483046	2.400000	1.429840	Die hohe Sonneneinstrahlung und günstige Windverhältnisse können oder werden schon zur Erzeugung von Strom genutzt.
53138	Windverhältnis	Wind	Verhältnis	4.900000	0.316228	2.900000	1.728840	Dadurch wurden die Windverhältnisse südlich von der Eiskappe beeinflußt und erhielten das wechselnde unstetige Gepräge, welches dem temperierten Klima eigentümlich ist, so daß die Roßbreiten, welche das Wüstenklima bedingen, nach dem Süden verschoben wurden.
53139	Windverhältnis	Wind	Verhältnis	4.800000	0.421637	3.100000	1.969210	Auf dem Rad arrangierte sie mit den Windverhältnisse gut und schob sich einige Platzierungen nach vorne.
53140	Winterspiel	Winter	Spiel	4.200000	0.918937	2.200000	1.549190	Seit Michaelis vorigen Jahres ist ein Versuch mit der Einführung des obligatorischen Winterspiels gemacht, der bisher im Ganzen günstig ausgefallen ist.
53141	Winterspiel	Winter	Spiel	4.800000	0.421637	2.900000	1.791960	Gregor Schlierenzauer Bronzemedaille, (13.02.2010 ) (Sportliches ) Gregor Schlierenzauer holt Bronzemedaille bei Olympischen Winterspielen 2010. Gregor Schlierenzauer setzt seine großartige Erfolgsserie im Skispringen fort.
53142	Winterspiel	Winter	Spiel	4.700000	0.483046	3.100000	1.969210	Dort finden vom 7. bis 16. März die Paralympischen Winterspiele statt und Kärnten hat mit den beiden Skirennläufern...
53143	Winterspiel	Winter	Spiel	4.800000	0.632456	3.600000	1.429840	ABENDBLATT: Tendieren Sie mehr zu Sommer - oder Winterspielen?
53144	Winterspiel	Winter	Spiel	4.300000	1.636390	4.400000	0.843274	Zum Start des HDTV-Regelbetriebes bei den öffentlich rechtlichen Sendern ARD und ZDF zu den olympischen Winterspielen in Vancouver 2010 sollen insgesamt 4 HDTV-Kanäle gestartet werden, das wurde im Rahmen der in Saarbrücken stattfindenden Tagung der ARD-Intendaten bekannt.
53145	Winterspiel	Winter	Spiel	4.900000	0.316228	4.600000	0.699206	Was hat sowohl bei den Olympischen Sommerspielen 1936 in Berlin als auch bei den Winterspielen im gleichen Jahr in Garmisch-Partenkirchen einen negativen Beigeschmack hinterlassen?
53146	Wissensstand	Wissen	Stand	4.700000	0.483046	1.600000	1.646550	Seinen Wissensstand, seine Meinungen u. s. w. auszuforschen suchen, auf die Probe setzen.
53147	Wissensstand	Wissen	Stand	4.600000	0.843274	1.800000	1.686550	Schon Gustav Freitag bemerkt sehr richtig, daß der Dichter in dieser Hinsicht von dem Wissensstande seines Publikums abhängt.
53148	Wissensstand	Wissen	Stand	4.900000	0.316228	2.200000	1.988860	Auch wenn Sie Einzelunterricht wünschen, lernen Sie immer entsprechend Ihrem Wissensstand.
53149	Wissensstand	Wissen	Stand	4.900000	0.316228	2.300000	1.766980	Dazu mal ein paar ganz lapidare Fragen, die meinen geringen Wissensstand dokumentieren: 1. Wann würde ich denn dann mein Geld bekommen?
53150	Wissensstand	Wissen	Stand	4.900000	0.316228	2.600000	1.897370	Nach derzeitigem Wissensstand habe es zwar eine Verschmutzung, aber keine größeren Schäden gegeben.
53151	Wissensstand	Wissen	Stand	4.900000	0.316228	2.700000	2.057510	Deine MS-Office-Version: 2007 Suite Deines Office Pakets: Basic / Standard / Professional AddIn installiert: Nein Dein Wissensstand: Profi Welches Virenschutz-Programm hast Du installiert?
53152	Wissensstand	Wissen	Stand	4.900000	0.316228	2.900000	1.791960	) Wils Punkt 2 war unser Wissensstand von Anfang 2001. Inzwischen haben wir dazugelernt, siehe eine ähnliche Diskussion von Anfang 2005. - Ed (Petra fragte am 25.4.2002: Da der PSA unter DHB: Trenatone Monatsspr. + 1 x tgl.
53153	Witterungsverhältnis	Witterung	Verhältnis	4.900000	0.316228	1.300000	1.636390	Diese Einflüsse des Waldes reichen jedoch keineswegs aus, um die schädlichen Einflüsse von extremen Witterungsverhältnissen zu verhüten.
53154	Witterungsverhältnis	Witterung	Verhältnis	3.900000	1.728840	1.600000	1.173790	Dazu waren die Witterungsverhältnisse nicht einmal günstige; denn nach Norden und Osten lag das Land offen da, vom Süden und Westen her aber wirkten Höhenzüge ein, Kälte und Feuchtigkeit befördernd, und die warme Jahreszeit abkürzend.
53155	Witterungsverhältnis	Witterung	Verhältnis	4.200000	1.475730	1.700000	2.110820	Gleichartige Witterungsverhältnisse finden sich häufiger von Süden nach Norden als von Westen nach Osten.
53156	Witterungsverhältnis	Witterung	Verhältnis	4.600000	0.699206	2.300000	1.494430	Besonders auffallend wird sich ein Unterschied zwischen großen und kleinen Knollen unter ungünstigen Boden- und Witterungsverhältnissen zeigen, während bei günstigen Vegetationsbedingungen der Unterschied nicht so beträchtlich ausfällt.
53157	Witterungsverhältnis	Witterung	Verhältnis	4.700000	0.483046	2.700000	1.888560	Sommerbiathlon ist bei allen Witterungsverhältnissen in der Nähe eines Schießstandes möglich.
53158	Witterungsverhältnis	Witterung	Verhältnis	4.500000	1.581140	3.000000	1.632990	Notieren Sie sich Ort, Zeit und Beschaffenheit der Unfallstelle sowie die Witterungsverhältnisse zum Unfallzeitpunkt.
53159	Witterungsverhältnis	Witterung	Verhältnis	4.100000	1.663330	3.000000	2.108190	(Vgl. darüber H. W. Dove, Die Witterungsverhältnisse von Berlin, Berlin 1842. )
53160	Witterungsverhältnis	Witterung	Verhältnis	4.600000	0.699206	3.200000	1.619330	Auch die Tatsache dass meine Laufeinheiten in den letzten Wochen aufgrund der Witterungsverhältnisse auf ein Minimum reduziert wurden, habe ich mittlerweile akzeptiert.
53161	Witterungsverhältnis	Witterung	Verhältnis	4.500000	1.080120	3.200000	1.751190	Nach Ansicht der meisten Kaskoversicherer lag bislang schon in der Verwendung von Sommerreifen bei winterlichen Verhältnissen ein solches grob fahrlässiges Verhalten, insbesondere wenn (den Witterungsverhältnissen ) nicht angepasste Geschwindigkeit hinzutritt.
53162	Witterungsverhältnis	Witterung	Verhältnis	4.400000	1.074970	3.300000	1.636390	Ich vermutete schon etwas in der Art, die Geduld, die Muße, die Zeit, die Witterungsverhältnisse denen es zu trotzem gilt, der innere Schweinehund bei Kälte, Nässe.
53163	Wortführer	Wort	Führer	3.200000	1.988860	2.400000	1.577620	Die modernistische Seite stellt daher die Forderung, die religiöse Entwicklung mit der moralischen und der intellektuellen zu verbinden, oder, nach den Worten eines ihrer Wortführer, sie ihnen unterzuordnen.
53164	Wortführer	Wort	Führer	3.500000	1.779510	2.600000	1.646550	Seit mehreren Tagen weilt dort auch der bekannte Wortführer der Panslavistenpartei, General Fadejew.
53165	Wortführer	Wort	Führer	3.700000	1.567020	2.700000	1.702940	"Ich habe gleich zu Anfangs "" nicht mit Kamera "" gesagt, woraufhin mich der Wortführer der Polizisten nur belehrte, dass eine Drehgenemigung vorläge."
53166	Wortführer	Wort	Führer	3.333330	2.179450	2.777780	1.986060	Der Wortführer dieser Ansicht war Oß, während El an der Spitze der Menschenfreunde stand.
53167	Wortführer	Wort	Führer	4.000000	0.942809	2.800000	1.988860	Im Gegensatz zu den Ackerbau treibenden und daher freihändlerischen Südstaaten waren die Industriestaaten des Nordens und ihre republikanischen Wortführer stramme Schutzzöllner.
53168	Wortführer	Wort	Führer	3.300000	1.946510	3.000000	1.563470	Man muss überhaupt nicht vergessen, dass erst in seiner letzten Schrift, dem Nouveau Christianisme, St. Simon direkt als Wortführer der arbeitenden Klasse auftritt und ihre Emanzipation als Endzweck seines Strebens erklärt.
53169	Wortführer	Wort	Führer	4.200000	1.135290	3.400000	2.065590	Schon während 1856 bis 1860 hatten die politischen Wortführer, Juristen, Moralisten und Theologen der Sklavenhalterpartei nicht so sehr zu beweisen gesucht, daß die Negersklaverei berechtigt sei, als vielmehr, daß die Farbe gleichgültig zur Sache und die arbeitende Klasse überall zur Sklaverei geschaffen sei.
53170	Wortführer	Wort	Führer	3.900000	1.197220	3.700000	0.948683	"Der Ausgang ist ungewiß -- vielleicht geschieht ein Wunder -- erfahrungsgemäß eher nicht, und dann werden alle, die die Lehren der Wortführer nicht mittragen können über kurz oder lang "" heimatlos ""."
53171	Wortführer	Wort	Führer	3.300000	1.636390	3.800000	1.398410	Er befand sich allerdings in bedrängter Lage, da die Staatsdiener durch die neue Dienstpragmatik sehr unabhängig gestellt waren und die Wortführer der liberalen Opposition fast sämtlich dem Beamtentum angehörten.
53172	Wortführer	Wort	Führer	3.600000	1.712700	3.900000	1.595130	Die Wortführer der Antideutschen gehen im Niveau weit zurück und landen bei der Umerziehungsphraseologie der Alliierten von 1945: American way of antifa...
53173	Wortspiel	Wort	Spiel	4.800000	0.421637	1.400000	1.074970	Züge eigentümlicher Ritterlichkeit machten sich geltend, die an den Hof Franz I. erinnert haben würden, wenn nicht an Stelle galanten Minnedienstes jene kurbrandenburgische Derbheit vorgeherrscht hätte, der zu allen Zeiten ein Kraftwort weit über das beste Wortspiel ging.
53174	Wortspiel	Wort	Spiel	4.800000	0.421637	1.900000	1.523880	Reinhart nannte später seine schöne Frau, wie der Oheim, nur Lux, und, indem er das Wortspiel fortsetzte, die Zeit, da er sie noch nicht gekannt hatte -- ante lucem, vor Tagesanbruch.
53175	Wortspiel	Wort	Spiel	3.600000	1.646550	1.900000	1.969210	Über Pfeifer's Wortspiel hat er mitgelächelt, nun tritt er an ihn und redet ihm zu wie das erste Mal ).
53176	Wortspiel	Wort	Spiel	4.500000	0.707107	2.000000	1.632990	Sprichwörtliches Wortspiel mit dem Worte Gallus, das a ) einen Abt, b ) einen Hahn und c ) einen Franzosen bezeichnet.
53177	Wortspiel	Wort	Spiel	4.900000	0.316228	2.500000	1.269300	War nur ein Wortspiel, an dem ich einfach nicht vorbei konnte.
53178	Wortspiel	Wort	Spiel	4.900000	0.316228	2.500000	1.900290	Es handelt sich um ein Wortspiel, eigentlich werden Flugschulen als Flightschool bezeichnet, aber da wir für unsere Darts bekanntlich ebenfalls Flights benötigen und es sich um eine Schule handelt, kam dieses Wort zustande.
53179	Wortspiel	Wort	Spiel	4.600000	0.699206	2.500000	2.273030	Es ist vielleicht nicht zu kühn vermutet, daß wir hier die Anfänge der Situationskomik vor uns haben, wie dort den Keim zum Wortspiel und zum Gedankenwitz.
53180	Wortspiel	Wort	Spiel	4.700000	0.483046	2.700000	1.418140	") Das Wortspiel funktioniert in englischer Sprache ("" the surgeon said ""; geschlechtsunabhängig ) auch besser als ("" jemand löst sich aus dem Chirurgenteam "" )."
53181	Wortspiel	Wort	Spiel	4.500000	1.581140	2.800000	1.813530	"Sie nehmen zum ersten Mal beim Literaturfestival "" Wortspiele "" teil."
53182	Wortspiel	Wort	Spiel	4.600000	0.699206	3.000000	1.414210	"Beim fünften Konzert der Reihe "" Klassik in der Romanfabrik "" trug Schauspieler Stefko Hanushevsky ebendort Mozart-Briefe vor, die von kuriosen Wortspielen nur so wimmelten..."
53183	Wrackteil	Wrack	Teil	4.700000	0.948683	4.500000	1.269300	Von der Maschine, die auf dem Weg von Rio de Janeiro nach Paris 2009 in den Atlantik stürzte, wurden innerhalb einer Woche Wrackteile entdeckt.
53184	Wrackteil	Wrack	Teil	4.900000	0.316228	4.600000	0.699206	Da man nun die Wrackfische regelmäßig in der Nähe solcher Wrackteile findet, welche mit Entenmuscheln besetzt sind, muß man annehmen, daß ihre Nahrung vorzugsweise in Weichtieren und Muscheln besteht.
53185	Wrackteil	Wrack	Teil	4.800000	0.632456	4.700000	0.483046	Nun hoffe ich, dass mir ein Fachmann bei der Identifizierung anhand der Wrackteile helfen kann.
53186	Wrackteil	Wrack	Teil	4.700000	0.674949	4.700000	0.948683	""" "" Sind Sie eventuell an der Bergung der Wrackteile interessiert?"
53187	Wrackteil	Wrack	Teil	4.800000	0.632456	4.800000	0.421637	Draußen mussten Trümmer und Wrackteile geborgen werden, damit die Außenhülle der Station durch die umherfliegenden Teile nicht beschädigt würden.
53188	Wrackteil	Wrack	Teil	5.000000	0.000000	4.900000	0.316228	13:43 Die heutige Suche nach möglichen Wrackteilen des verschwundenen Flugzeugs in der extrem abgelegenen Region des Indischen Ozeans ist ohne Ergebnis zu Ende gegangen.
53189	Wunderwerk	Wunder	Werk	3.600000	1.173790	1.000000	1.247220	Für welches Wunderwerk galt Friedrichs Kontrolle, sein großes Auge sah ja Alles, es zählte die Groschen; schlagen Sie aber die großen Baurechnungen nach, und sehen, wie grob er doch betrogen wurde!
53190	Wunderwerk	Wunder	Werk	3.900000	1.286680	2.000000	1.414210	Die Kreuzabnahme, ebenda, vor Allem ein Wunderwerk der äußeren Harmonie.
53191	Wunderwerk	Wunder	Werk	3.200000	1.932180	2.000000	1.825740	Aber sie haben allerdings einen Grund der Möglichkeit in dem nexu rerum, das heißt: die Wunderwerke streiten nicht mit dem Wesen und der Verknüpfung der Dinge.
53192	Wunderwerk	Wunder	Werk	3.300000	1.766980	2.100000	1.663330	Hast das komplizierte Wunderwerk des Menschen auf das Einfachste, nicht weiter Diskutierbare zurückgeführt mit dem Wortlein Staub?
53193	Wunderwerk	Wunder	Werk	2.500000	2.013840	2.200000	2.201010	"Als ein "" Wunderwerk aus Musikalität "" und "" leiser Ironie "" wurde Twyla Tharps Choreografie auf Johannes Brahms "" Variations On A Theme by Haydn "" von Kritikern und Publikum umjubelt."
53194	Wunderwerk	Wunder	Werk	4.000000	1.414210	2.500000	2.223610	Die Erzeugnisse der letzteren, oft wahre Wunderwerke, wandern sämtlich als Tribut des Vizekönigs in den kaiserlichen Palast nach Peking.
53195	Wunderwerk	Wunder	Werk	3.100000	1.663330	3.000000	1.054090	Der Kanoniker Schiassi war gefällig genug mich in unbesuchte Kapellen zu führen, wo Wunderwerke des Francia vergessen sind, aber er belächelte doch die transalpinische Torheit.
53196	Wunderwerk	Wunder	Werk	4.000000	0.942809	3.000000	1.563470	Mit diesem kleinen Wunderwerk hat John Boyne mir einmal mehr bewiesen, dass er es versteht, mich mit seinen Worten zu bewegen.
53197	Wunderwerk	Wunder	Werk	3.000000	1.763830	3.600000	1.646550	and in thy name done many durch deinen Namen viele Wunderwerke wonderful works?
53198	Wunderwerk	Wunder	Werk	3.000000	1.699670	3.700000	1.251670	Das Drehbuch basiert auf doppeldeutigen Dialogen - ein Wunderwerk, das nur schreiben kann, wer genau beobachtet und analysiert hat.
53199	Wurzelwerk	Wurzel	Werk	4.600000	0.966092	0.400000	0.699206	Wo uns gerade Licht scheint und ein Stück Wurzelwerk erhellt.
53200	Wurzelwerk	Wurzel	Werk	3.900000	1.595130	0.900000	0.737865	Nein, indem wir sie mit ihrem ganzen Wurzelwerk vorsichtig ausheben und in einen besseren Boden übersetzen.
53201	Wurzelwerk	Wurzel	Werk	5.000000	0.000000	1.300000	0.823273	Selbst Jesus sagt an einer Stelle der Bibel zu seinen Jüngern: wenn euer Glauben nur so groß wie ein Senfkorn wäre, dann könntet ihr diesen Baum ins Meer versetzen Gemeint war ein in der Wüste wachsender Baum, der wegen seines enormen Wurzelwerkes als unfällbar galt.
53202	Wurzelwerk	Wurzel	Werk	4.636360	1.206050	1.363640	1.629280	Rüben, Wurzelwerk, Heuhäcksel werden die Futterpassierung des Jungviehes zusammensetzen.
53203	Wurzelwerk	Wurzel	Werk	5.000000	0.000000	1.500000	0.849837	Entfernen Sie größere Steine, Gras und Wurzelwerk und lockern Sie den Boden innerhalb des Hochbeetes auf.
53204	Wurzelwerk	Wurzel	Werk	4.800000	0.421637	1.500000	1.779510	Wenn z. B. sich ein Mangel an Heu herausstellen sollte, so lässt sich dieser durch Wurzelwerk mit Strohzusatz decken.
53205	Wurzelwerk	Wurzel	Werk	4.400000	1.577620	1.600000	1.577620	In der Biogärtnerei Wurzelwerk in Escherode bei Kassel wird mit Pferden das Feld bestellt.
53206	Wurzelwerk	Wurzel	Werk	4.454550	0.934199	1.727270	1.555050	Die Gans wird nebst 4 Kalbsfüßen in einem weiß kochenden Topf mit Wasser bedeckt und dem nötigen Salz rein abgeschäumt, mit den in No. 2 bemerkten Gewürzen, dem Wurzelwerk und Essig, bei Abnehmen des Fettes gar gekocht und die Brühe nach No. 1 geklärt.
53207	Wurzelwerk	Wurzel	Werk	4.400000	0.843274	1.800000	1.549190	Es geht weiter: Da mir die Base zwar selbst sehr gut gefällt, aber noch zu wenig Feinheiten am Wurzelwerk fehlen habe ich mit einigen Handgriffen das Wurzelwerk durch selbstgenbautes Wurzelwerk ergänzt.
53208	Wurzelwerk	Wurzel	Werk	4.300000	1.636390	2.000000	1.699670	Während wir uns, durch reiches Wurzelwerk behindert, mühsam in den Boden gruben, hielt einer der beiden Offiziere uns auf seinem Rücken eine geöffnete Zigarettenschachtel hin.
53209	Wärmelampe	Wärme	Lampe	4.900000	0.316228	4.600000	0.699206	Waschen unter der Wärmelampe, dabei wird das Wiedererkennen des bunten Papageis geübt, genauso wie unser Hand / Fuß Spiel und Lied jedesmal wiederholt wird.
53210	Wärmelampe	Wärme	Lampe	4.900000	0.316228	4.800000	0.632456	Lüneburg: POL-LG: ++ Wärmelampe verursacht Schwelbrand - Kaninchen gerettet ++ Mehrere Pkw-Aufbrüche im Lüneburger Stadtgebiet ++ Polizei sucht Zeugen nach 20 Beiträge - 11 Autoren - Letzter Eintrag: 13. März 2010 Hat jemand von euch eine Wärmelampe im Außengehege?.
53211	Wärmelampe	Wärme	Lampe	4.900000	0.316228	4.900000	0.316228	Aber vergessen Sie nicht, dass eine Wärmelampe Ihnen nicht das natürliche Licht der Sonne ersetzt.
53212	Wärmelampe	Wärme	Lampe	4.700000	0.483046	4.900000	0.316228	Er kommt doch da in die Praxis für ein paar Stunden wo es warm ist, evtl liegt er unter einer Wärmelampe.
53213	Wärmelampe	Wärme	Lampe	5.000000	0.000000	5.000000	0.000000	' finden Sie in unserem Ratgeber ' Babynahrung + Babypflege ' - Hier im Forum 6 Angebote zu Wärmelampe Baby Regelbar im Elektroheizungen Preisvergleich.
53214	Wärmequelle	Wärme	Quelle	4.700000	0.674949	2.500000	1.715940	Zwischen dieser Wölbung und den einzelnen Menschenkörpern aber lag noch eine besondere positive Wärmequelle, die den Luftzwischenraum von sich aus heizte: eben die Herdflamme.
53215	Wärmequelle	Wärme	Quelle	4.700000	0.674949	2.600000	2.118700	Von dir aus -- von der eigenen Wärmequelle deines Leibes.
53216	Wärmequelle	Wärme	Quelle	4.800000	0.421637	3.200000	1.398410	In der Nähe von brennenden Kerzen sollte sich keine Wärmequelle befinden.
53217	Wärmequelle	Wärme	Quelle	4.700000	0.483046	3.300000	1.494430	Zur Nachweisung der Gesetze der Brechung wird vor die Wärmequelle ein Prisma aus der betreffenden Substanz gebracht.
53218	Wärmequelle	Wärme	Quelle	4.700000	0.674949	3.400000	1.429840	Durch die immerwährende Tätigkeit seiner Wärmequellen wird jedoch dem tierischen Körper die Wärme, die er durch Erkalten verliert, stets wieder zugeführt.
53219	Wärmequelle	Wärme	Quelle	4.700000	0.483046	3.600000	1.897370	Die Heiznennleistung ist dabei für Heizungswärmepumpen je nach Wärmequelle z. B. mit + 2 ° C bei Außenluft, + 10 °C bei Grund - oder Oberflächenwasser und 0 °C bei Sole aus Erdkollektoren oder - sonden sowie für eine Heizwasser-Vorlauftemperatur von 35 °C auszuweisen.
53220	Wärmequelle	Wärme	Quelle	4.800000	0.632456	3.700000	1.636390	Während die Wärmequelle Außenluft in unbegrenzter Menge zur Verfügung steht und einfach zugänglich ist, ist für den Zugang zu den Wärmequellen Erdreich oder Grundwasser wesentlich mehr Aufwand erforderlich.
53221	Wärmequelle	Wärme	Quelle	4.800000	0.421637	3.700000	1.636390	Auf die wichtigste Form der chemischen Verbindungswärmen, auf die bei der Oxydation der Körper frei werdende s. g. Verbrennungswärme müssen wir, da dieselbe die wichtigste Wärmequelle ist, in dem 5. Cap., wo wir von dem Ursprung der Wärme handeln, zurückkommen.
53222	Wärmequelle	Wärme	Quelle	4.900000	0.316228	3.800000	1.686550	Außerdem kann die SI 22 TU auch zur Kühlung eingesetzt werden, wenn sie mit Erdsonden als Wärmequelle betrieben wird.
53223	Wärmequelle	Wärme	Quelle	4.900000	0.316228	3.900000	1.663330	Die Wärmequelle in diesem Modell ist die im Gebirge enthaltene Wärmeenergie; das heißt die um das Wärmetauscherrohr liegenden Gebirgsschichten werden ausgekühlt und die entnommene Wärme dem WTF zugeführt.
53224	Zahlenspiel	Zahl	Spiel	3.800000	1.813530	1.500000	0.971825	Zahlenspiel, um zu bezeichnen, dass man zu einer Gasterei nicht zu viel Personen laden müsse, wenn es nicht lärmend und ungestüm zugehen solle.
53225	Zahlenspiel	Zahl	Spiel	4.200000	1.619330	1.700000	2.162820	Sie ist in der Lage, außerhalb jeglicher Kontrolle ein weltweites Angstfeld aufzubauen und gleichzeitig ein Wirtschaft - und damit Kostenprogramm auf die Länder dieser Welt zu legen, das Größenordnungen erreicht, die wir aus den Zahlenspielen rund um die Not leidende Weltwirtschaft kennen.
53226	Zahlenspiel	Zahl	Spiel	4.800000	0.421637	1.900000	1.523880	Interessant wäre es zu wissen, wie die Zahlenspiele bei unseren problematischen Kulturbereicherern aus dem Orient und Nordafrika aussehen!
53227	Zahlenspiel	Zahl	Spiel	4.500000	0.971825	2.400000	1.577620	Ich schließe diese Betrachtungen über die Abstände und räumliche Reihung der Planeten mit einem Gesetz, welches eben nicht diesen Namen verdient, und das Lalande und Delambre ein Zahlenspiel, Andere ein Mnemonische Hilfsmittel nennen.
53228	Zahlenspiel	Zahl	Spiel	4.400000	1.264910	2.500000	1.957890	Er brütete über den Bilder- und Zahlenspielen einer traumhaften Psychologie und über einer politischen Doktrin, die den Staat, nach der alten Unart der Naturphilosophen, als den vergrößerten menschlichen Körper betrachtete.
53229	Zahlenspiel	Zahl	Spiel	4.800000	0.632456	2.600000	1.429840	Es herrscht in ihnen eine düstere und dennoch langweilige Mystik, Zahlenspiel und Zeichendeuterei und jene feierliche Inthronisierung des reinen Aberwitzes, die zu allen Zeiten ihr Publikum findet.
53230	Zahlenspiel	Zahl	Spiel	4.500000	1.080120	2.600000	1.955050	Allerdings ist das ein reines Zahlenspiel, denn auch am 12.08.1971 war Mars nur 56,20 Millionen km entfernt, im Gegensatz zum 27.08.2003 mit 55,75 Millionen km.
53231	Zahlenspiel	Zahl	Spiel	4.800000	0.421637	2.700000	1.702940	Nach den Pythagoreern ist τὸ δίκαιον nichts anderes als τὸ ἀντιπε- πονϑός, d. h. ἅ τις ἐποίησε taut ἀντιπαϑεῖν. Aristot. Eth. Nic. 1132 b, 21 ff. Magn. Moral. 1194 a, 29 ff. (dasselbe in phantastischem Zahlenspiel:
53232	Zahlenspiel	Zahl	Spiel	4.700000	0.674949	2.800000	1.686550	Interessant sind auch einige der Ergebnisse der Umfrage von Pittroff, wobei die Autorin sich manchmal etwas zu sehr in statistische Anlaysen und Zahlenspiele ergeht, deren Aufführung in einem Anhang auch ausgereicht und die Arbeit für Nichtstatistiker leichter lesbar gemacht hätte.
53233	Zahlenspiel	Zahl	Spiel	4.100000	0.994429	2.800000	1.988860	DRK Jugendladen Esatside 2000 - tritt mit zwei Projekten an: Mit Jugend schafft Noteingänge und mit dem Zahlenspiel Die Welt als Dorf.
53234	Zahlenwerk	Zahl	Werk	4.300000	0.823273	1.000000	1.247220	Mit Hilfe ahnungsloser und oft ueberforderter Medien wird so regelmaessig in der breiten Oeffentlichkeit ein geschoentes Zahlenwerk praesentiert um Image und Aktienkurs der Marktplattformbetreiber hochzuhalten.
53235	Zahlenwerk	Zahl	Werk	3.900000	1.728840	1.400000	1.505550	Laut Zahlenwerk war das eh nicht seine Baustelle und vielleicht gönne ich mir mal den Spass, und schicke da einen seriösen Mann oder Frau vorbei und kaufe mir mal so ne schicke Firma mit allem drum und dran, ausser halt Herrn Hoppe:-) Schaun wir mal...
53236	Zahlenwerk	Zahl	Werk	4.000000	1.763830	1.600000	1.776390	Frisches Zahlenwerk für diejenigen, die es interessiert: Die Stiftung Kulturregion Hannover gab im Geschäftsjahr 2010 insgesamt 570.500, - Euro für die Erfüllung ihres Stiftungszweckes aus.
53237	Zahlenwerk	Zahl	Werk	3.800000	1.813530	2.700000	1.888560	Vor dem eigentlichen Zahlenwerk sollten Sie die Eckdaten und Prämissen darlegen, die den Berechnungen zugrunde liegen.
53238	Zahlenwerk	Zahl	Werk	3.777780	1.481370	2.888890	1.763830	Zwischen dem 20. und 24. November erhalten dann alle 70 Stadträte den Entwurf für 2007. Anschließend wird das Zahlenwerk bis 4. Dezember öffentlich ausgelegt.
53239	Zeichenkette	Zeichen	Kette	4.300000	1.059350	1.200000	1.135290	Beispiel: ) 4 - (liefert aus Testn ame.dat die Zeichenkette tname.
53240	Zeichenkette	Zeichen	Kette	4.400000	1.264910	1.600000	0.966092	Es ist nicht verwunderlich, dass die Zeichenkette um ein Zeichen kleiner als die Deklaration sein muss, denn im letzen Byte wird das Endezeichen eingefügt.
53241	Zeichenkette	Zeichen	Kette	3.800000	1.475730	1.600000	1.577620	Die Anzahl der Zeichen in der Zeichenkette, die die Instanz repräsentiert, ist zugleich die Länge des Inputs für den Lösungsalgorithmus.
53242	Zeichenkette	Zeichen	Kette	4.800000	0.421637	1.700000	1.059350	"Zunächst wird die Zeichenkette "" Anz_Schiffe: "" in die Datei geschrieben bzw. aus der Datei herausgelesen."
53243	Zeichenkette	Zeichen	Kette	4.800000	0.421637	1.700000	1.251670	Wenn Sie anschließend in die Datenblattansicht wechseln, erscheinen statt des Kontrollkästchens jeweils die Zeichenketten Auslaufartikel und Kein Auslaufartikel (siehe Abbildung 2 ).
53244	Zeitarbeiter	Zeit	Arbeiter	3.700000	1.567020	4.500000	1.080120	Während früher Zeitarbeiter deutlich weniger Gehalt als vergleichbare Angestellte erhalten haben müssen sie seit Januar 2004 genauso bezahlt werden.
53245	Zeitarbeiter	Zeit	Arbeiter	3.000000	1.563470	4.700000	0.674949	Sollte der Austausch des Arbeitnehmers in den verschiedenen Konzernen nicht ständig eintreten, wird der Zeitarbeiter auch zumeist nicht rausgeworfen.
53246	Zeitarbeiter	Zeit	Arbeiter	3.500000	1.779510	4.800000	0.632456	"Zeitarbeiter, die von einer Zeitarbeitsfirma bei einem anderen Unternehmen zur Arbeit "" ausgeliehen "" werden, müssen grundsätzlich denselben Lohn erhalten, wie die Stammbelegschaft."
53247	Zeitarbeiter	Zeit	Arbeiter	3.400000	1.074970	4.900000	0.316228	""" Die Zahl der offenen Stellen sank auf 451, der niedrigste Stand seit 1962. Betroffen von Arbeitslosigkeit und Kurzarbeit seien vor allem geringfügig Beschäftigte und Zeitarbeiter."
53248	Zeitarbeiter	Zeit	Arbeiter	3.300000	1.888560	5.000000	0.000000	Ich bin froh das ich kein zeitarbeiter bin:) aber ich weiß wie hart sie es haben.
53249	Zementwerk	Zement	Werk	4.500000	1.581140	2.300000	2.110820	Auf dem Rv 543 wird es weniger Verkehr, wobei es in Ölsenvåg noch ein Zementwerk inkl. Fahrzeuge gibt.
53250	Zementwerk	Zement	Werk	4.700000	0.674949	3.600000	1.505550	Es bestehen hier drei große Zuckerfabriken, von denen eine Rum erzeugt, eine Eisfabrik, eine Seilfabrik, Sägewerke, Maschinenwerkstätten, Ziegel- und Zementwerke, eine Papiermühle, eine Gasanstalt und Elektrizitätswerke.
53251	Zementwerk	Zement	Werk	5.000000	0.000000	3.700000	1.636390	Den größten Teil des Ortes nimmt aber das Zementwerk (oder sowas ähnliches ) ein, welches nicht mehr in Betrieb ist.
53252	Zementwerk	Zement	Werk	4.500000	1.269300	3.800000	1.686550	"Die Petroleumwerke der französischen Compagnie "" Standard "", die großartigen Zementwerke, welche ihr Produkt bis Sewastopol und Odessa verschicken, im Vereine mit dem blühenden Handel werden bald die Bevölkerung dieser modernen Hafenstadt, welche jetzt 4000 Einwohner zählt, verdoppeln."
53253	Zementwerk	Zement	Werk	4.800000	0.632456	4.300000	1.059350	Mit dem in Düsseldorf ansässigen Verein Deutscher Zementwerke (VDZ ), der technisch-wissenschaftlichen Vereinigung der Zementindustrie, besteht eine enge Zusammenarbeit, die sich in gemeinsamen Strukturen widerspiegelt.
53254	Zementwerk	Zement	Werk	4.800000	0.421637	4.300000	1.567020	Sie werden in der Sortieranlage aufbereitet und im Zementwerk Rüdersdorf als Ersatzbrennstoff eingesetzt.
53255	Zementwerk	Zement	Werk	4.900000	0.316228	4.400000	1.577620	Von 1849 an begann der Bauunternehmer Christian Lothary eine Backsteinfabrik sowie eine Zementfabrik, das heutige Zementwerk Weisenau, aufzubauen.
53256	Zeugenstand	Zeuge	Stand	4.900000	0.316228	1.300000	0.823273	Die Richterin entließ Frau Schlosser aus dem Zeugenstand, und als nächstes wurde mein Bruder aufgerufen.
53257	Zeugenstand	Zeuge	Stand	4.500000	0.849837	1.500000	1.649920	- Für Schwester Stephana und Schwester Dominica wird der Weg in den weltlichen Zeugenstand sicher schwer.
53258	Zeugenstand	Zeuge	Stand	4.600000	0.516398	1.800000	1.873800	* * * * * * * * In einem Gericht einer kleinen Stadt in den Südstaaten der USA rief der Anwalt des Klägers die erste Zeugin in den Zeugenstand.
53259	Zeugenstand	Zeuge	Stand	4.200000	1.398410	2.100000	1.370320	Daß Sie dafür ausgerechnet den Springer-Verlag in den Zeugenstand rufen, den Sie nebenan als Teil der Gehirnwäscheindustrie ausmachten, gibt dem Ganzen noch eine besonders infantile Note.
53260	Zeugenstand	Zeuge	Stand	4.800000	0.632456	2.300000	1.251670	Sogar der seinerzeitige Staatspräsident von Guatemala, Oscar Berger, trat in den Zeugenstand - und entlastete den per internationalem Haftbefehl Ausgeforschten.
53261	Zimtstange	Zimt	Stange	4.900000	0.316228	4.000000	1.490710	Bringt eure Beute jetzt zurück in die Küche und werft nacheinander folgende Gegenstände in den Kochtopf: Plastikhuhn, Wein, Zimtstangen, Stans Visitenkarte, verstaubtes Buch, Schießpulver, die beiden T-Shirts, Tinte, Schreibfeder, Flagge, Pfefferminzbonbons, Frühstücksflocken.
53262	Zimtstange	Zimt	Stange	5.000000	0.000000	4.200000	1.032800	Zwetschgenhonig (Quoatschehenk ) 2 1 / 2 kg Zwetschgen 1 Zimtstange 500 g Gelierzucker Zwetschgen entkernen, mit Gelierzucker und Zimtstange in einen großen Topf schichten und 24 Std. durchziehen lassen.
53263	Zimtstange	Zimt	Stange	5.000000	0.000000	4.300000	0.823273	Die Kombination mit den Trockenfrüchten und den Gewürzen (Sternanis, Zimtstange, Vanille ) sowie Orange und Zitrone ist einfach unschlagbar, habe ich auch nochmal einfach mit Vanilleeis serviert, harmonierte wunderbar.
53264	Zimtstange	Zimt	Stange	4.900000	0.316228	4.300000	0.823273	In einem fernen Land, so hieß es, bauten Zimtvögel große Nester aus Zimtstangen, und tollkühne Bogenschützen würden diese von hohen Bäumen herunterschießen.
53265	Zimtstange	Zimt	Stange	4.444440	1.130390	4.333330	0.707107	Geben Sie die Pflaumen in einen Topf und kochen sie mit Wasser, Zucker und Zimtstange.
53266	Zugführer	Zug	Führer	4.100000	1.523880	3.200000	1.873800	Ich erkundige mich dann bei dem Zugführer und höre: Ja, der Herr Bezirksinstruktor ist ein Stück mitgefahren.
53267	Zugführer	Zug	Führer	4.300000	1.636390	3.400000	1.955050	Hallo miteinander, sonst hab ich mich ja in letzter Zeit schon fast regelmäßig mit TT in München getroffen, aber (leider ) kann ich am 4.8. nicht, da man uns in Dresden erklären will, was ein Zugführer in Holland wissen muß...
53268	Zugführer	Zug	Führer	3.200000	2.149940	3.500000	1.581140	Jeder Beitretende ist verpflichtet, den Gesetzen des Jnstistutes, so wie allen Anordnungen der Direktoren und Zugführer während der Übungen, insbesondere der Anweisung des jederzeit bei den Übungen gegenwärtigen Arztes ohne Widerrede Folge zu leisten.
53269	Zugführer	Zug	Führer	4.500000	0.971825	3.500000	1.779510	Der Zugführer trillert abermals -- ein Pfiff -- die Maschine stößt weiße, zischende Dämpfe aus ihren Zylindern und streckt ihre eisernen Sehnen; einige Sekunden und der Kurierzug braust mit wehender Rauchfahne in doppelter Geschwindigkeit durch den Forst.
53270	Zugführer	Zug	Führer	4.600000	0.966092	3.600000	1.712700	Der Vorfall wurde einem Weichenwärter, einem Wagenwärter, dem Zugführer, einem Rangierer und dem Rangiermeister angelastet, weil sie darauf hätten achten müssen.
53271	Zugführer	Zug	Führer	5.000000	0.000000	3.800000	1.619330	1 Drei Nationen charakterisieren sich durch die Rufe der Zugführer ihrer Eisenbahnen (Eisenbahnschirrmeister ): die Deutschen: Hinten fertig; die Engländer:
53272	Zugführer	Zug	Führer	3.700000	2.002780	4.000000	1.563470	Zugführer wurde Herbert Wittemeyer 1976 rückte Nordhemmern für Südhemmern in den ersten Zug.
53273	Zugführer	Zug	Führer	2.900000	2.183270	4.300000	0.674949	Am 23.04.1942 erneut schwer verwundet und ab dem 10.05.1942 wieder bei der Genesenden-Kompanie der Panzer-Jäger-Ersatz-Abteilung 2, übernimmt er dort am 21.10.1942 den Posten eines Zugführers in der 3. Kompanie und wechselt am 26.10.1942 als Zugführer in die 1. Kompanie der Panzer-Jäger-Abteilung 23 an die Wolchowfront.
53274	Zugführer	Zug	Führer	3.800000	1.619330	4.700000	0.483046	Das vorbezeichnete Musik-Chor erlaubt sich, sämtliche Bürgerwehrmänner, deren Angehörige, und Musikfreunde zur Beteiligung an diesem Konzerte ergebenst einzuladen, und bittet die betreffenden Bürgerhauptleute und Zugführer in ihren Kompanien die Subskriptionslisten zirkulieren zu lassen.
53275	Zugführer	Zug	Führer	3.600000	1.776390	4.800000	0.421637	Die Zugführer haben die Mannschaften einzuexerciren und auf Anordnung des Hauptmanns auch bei Uebungen oder sonstigen dienstlichen Angelegenheiten das Commando zu übernehmen.
53276	Zukunftsfähigkeit	Zukunft	Fähigkeit	3.777780	1.641480	3.444440	1.130390	Die ökonomische Zukunftsfähigkeit unseres Landes hängt vom existentiellen Ja der Eltern zu Kindern ab.
53277	Zukunftsfähigkeit	Zukunft	Fähigkeit	4.700000	0.483046	3.700000	1.567020	Zur Zukunftsfähigkeit von Wirtschaft, Politik und Gesellschaft, Nothelle-Wildfeuer, Ursula - Glatzel, Norbert, Hg., Grafschaft 2000, 45 - 54. - Die Ausnahme von der Regel.
53278	Zukunftsfähigkeit	Zukunft	Fähigkeit	4.000000	1.885620	3.800000	1.686550	""" Die Entscheidung ist ein Meilenstein für die Zukunftsfähigkeit unseres Landes!"
53279	Zukunftsfähigkeit	Zukunft	Fähigkeit	4.600000	0.699206	3.900000	1.286680	"Es soll um die Zukunftsfähigkeit gehen "", sagte sie."
53280	Zukunftsfähigkeit	Zukunft	Fähigkeit	4.200000	1.549190	4.000000	1.632990	Sie eröffnet damit einen Dialog über die möglichen Funktionen und Chancen der Anthroposophie im Kontext der Hochschulbildung und fragt zugleich nach den Kriterien, an denen die Zukunftsfähigkeit und Weiterentwicklung der Anthroposophie in öffentlichen wissenschaftlichen und künstlerischen Diskursen zu messen ist.
53281	Ölquelle	Öl	Quelle	4.800000	0.421637	3.800000	1.398410	Die USA hingegen richten ihr Augenmerk auf die Staaten des Nahen Ostens, was die Besorgnis der USA um die Sicherheit der Ölquellen und um den Schutz Israels widerspiegelt, das seit etwa einem halben Jahrhundert als Eckpfeiler amerikanischer Politik ) in der Region (gilt.
53282	Ölquelle	Öl	Quelle	4.300000	1.567020	4.000000	1.333330	- Sacharja 4:6. Geradeso, wie der Olivenbaum von Jehova Gott erschaffen worden war und Jehova somit seine Ölquelle ist, ist er der Quell des Geistes oder der unsichtbaren wirksamen Kraft, die die Flamme der wahren Anbetung Jehovas entfacht.
53283	Ölquelle	Öl	Quelle	4.900000	0.316228	4.400000	1.264910	Etwa 7.200 eingetragene Mitglieder der Seneca leben in drei Reservaten in New York: die Allegany in der Gegend um die Stadt Salamanca, die Cattaraugus um Gowanda und die Seneca von den Ölquellen in der Nähe von Cuba, ebenfalls im Bundesstaat New York.
53284	Ölquelle	Öl	Quelle	5.000000	0.000000	4.500000	1.269300	:oberl: Dann habe ich brennende Ölquellen im Irak gesehen und für mich beschlossen, auch Spaßtouren ohne jeden Sinn und Zweck (außer zu meinem persönlichen Wohlbefinden ) für mich zuzulassen.
53285	Ölquelle	Öl	Quelle	4.500000	0.849837	4.700000	0.674949	Wenn Sie jedoch nach Öl bohren, investieren Sie Abermillionen Dollar in eine Ölquelle, und am Ende finden Sie überhaupt nichts.
53286	Ölstand	Öl	Stand	3.800000	1.135290	2.200000	1.398410	"Vor der Ladentür, weil gerade "" Ölstand "" war, war ein reger Verkehr, so daß die Pfeife beständig Pendelbewegungen nach links oder rechts machen mußte, um den Eingang für die Kunden, die kamen, frei zu geben."
53287	Ölstand	Öl	Stand	5.000000	0.000000	2.700000	1.636390	Wenn kein externer Verlust festzustellen ist, definierten Ölstand herstellen und beobachten.
53288	Ölstand	Öl	Stand	4.900000	0.316228	3.300000	1.418140	der letzte Wechsel war außerdem bei ca 139500 km im August letzten Jahres, jetzt habe ich ca 163500 km auf der Uhr und beim letzten Öl Check vor ca. 2 Monaten hatte ich ca. halben Ölstand.
53289	Ölstand	Öl	Stand	4.500000	1.581140	3.400000	1.776390	Füllen sie frisches Öl auf, bis Sie den richtigen Ölstand wieder erreicht haben.
53290	Ölstand	Öl	Stand	5.000000	0.000000	3.500000	1.178510	SAE 20 W 50 Öl H-D und Ölfilter H-D Buell Ölstand ist auch O.k. Könnte Natürlich, wie du schon Schreibst ein neues-altes Geräusch sein!!
53291	Ölstand	Öl	Stand	5.000000	0.000000	3.500000	1.269300	Nach dem Letzten Ölwechsel und regerneration, war der Ölstand schon nach einer Woche ca. 1 cm höher als max..
53292	Übungssache	Übung	Sache	4.500000	0.971825	1.500000	1.433720	Bin damit zwischenzeitlich genau so schnell wie früher mit Tampons, alles Übungssache.
53293	Übungssache	Übung	Sache	4.800000	0.421637	1.900000	1.449140	Du würdest Dir das Hobby schnell vermiesen, wenn Du gleich mit einem sauteuren 1 / 32 er von Tamyia o.ä. anfängst, und der dann trotz Superqualität nicht so toll wird, ist schliesslich meist doch auch ne Übungssache.
53294	Übungssache	Übung	Sache	4.900000	0.316228	2.000000	1.490710	Auch Zivilcourage ist Übungssache und jedes Mal werden Sie besser.
53295	Übungssache	Übung	Sache	4.900000	0.316228	2.100000	1.852930	Ist alles Übungssache, konnte zuerst auch nicht über 100 Meter springen, mittlerweile hatte ich in Lillehammer schon einige Hillsize-Sprünge gehabt...
53296	Übungssache	Übung	Sache	4.500000	0.849837	2.400000	1.264910	Das Klopfen macht die große Zehe im Stiefel, -- es ist das auch eine Übungssache sehr billiger Art.
53297	Übungssache	Übung	Sache	4.700000	0.483046	2.500000	1.509230	Das Schreiben in dieser Form ist eine Übungssache und glückt leicht.
53298	Übungssache	Übung	Sache	4.600000	0.966092	3.300000	1.418140	Wie gesagt, das mit den 40 ist schon möglich, reine Übungssache.
