ContextID	ParticleVerb	Base	Particle	Avg	Std	Context
70001	abhauen	hauen	ab	0.200000	0.421637	Wir waren zusammen, aber dann habe ich die High School abgebrochen und Luke hat mich rausgeworfen, also bin ich nach L.A. abgehauen, ohne ihr etwas zu sagen.
70002	abhauen	hauen	ab	0.333333	0.500000	Ab der zeit, begann der &quot; Krieg &quot; Wenn ich meiner tochter hausarrest gegeben habe, hat &quot; Sie &quot; mitten in der Nacht meinem kind eine sms geschrieben, das sie doch einfach, nach der Schule abhauen sollte und nicht mehr nach hause kommen sollte.
70003	abstatten	statten	ab	0.500000	0.707107	Ich werde Zeven mal einen Kurzbesuch abstatten - bei dem Treffen reicht mir dat...
70004	ablehnen	lehnen	ab	0.600000	0.516398	Das Landgericht hat einen Unterlassungsanspruch aus § 14, 15 Markengesetz abgelehnt, da die Domain nicht zu Kennzeichnung eines eigenen Geschäftsbetriebes dient.
70005	abdrücken	drücken	ab	0.600000	0.843274	Als der Westerwald noch nicht befahrbar war, kamen schon Tausende zum Oberwerth, um den Sportgroschen für die Infrastruktur in die Region von Waldbewohnern abzudrücken.
70006	abbringen	bringen	ab	0.600000	1.074970	Da ist Einiges in deiner Kindheit schief gelaufen, lass dich nicht von deinen Eltern abbringen zu der Psychiaterin zu gehen.
70007	abneigen	neigen	ab	0.600000	1.074970	Um die nächsten Zeilen für den gemeinen Radioakquisiteur etwas schmackhafter zumachen, ich meine hiermit den Provisionsleckerbissen, gebe ich Ihnen auf Anfrage die Telefonnummer von ein paar Akquise-Kollegen, die dem &quot; Sekunden-Zockermilieu &quot; strikt abgeneigt sind.
70008	abwickeln	wickeln	ab	0.600000	1.074970	Rechtsgeschäfte zwischen solchen Gesellschaften sind deshalb zu den gleichen Bedingungen abzuwickeln, wie sie auch mit aussenstehenden Dritten vereinbart würden.
70009	abhauen	hauen	ab	0.600000	1.264910	Der PO gibt zu, dass er bei den Delfinen im Wasser war und, dass er sie durch laute Geräusche und schlagen auf das Wasser erschrecken wollte, so dass sie in die Freiheit abhauen.
70010	abkommen	kommen	ab	0.700000	0.823273	Weil es zu wenig Handlung hat u. Deklamation zur Musik nie ganz passend wird, ist das M. wieder fast ganz abgekommen.
70011	abbringen	bringen	ab	0.700000	0.948683	Lorelai gab schließlich auf, sie wusste wenn sich Rory etwas in den Kopf gesetzt hatte, war sie schwer davon abzubringen.
70012	absegnen	segnen	ab	0.700000	1.059350	Gestern hat die große Tarifkommission von Verdi den Kompromiss abgesegnet, wonach rund 28.000 Karstadt-Mitarbeiter auf rund 150 Millionen Euro verzichten sollen.
70013	abwickeln	wickeln	ab	0.700000	1.059350	Ich halte es für bedenklich wie naiv wir doch noch immer einen Teil unserer Kommunikation über Facebook abwickeln, ohne überhaupt zu wissen, welche Wege unsere Nachrichten gehen.
70014	ablehnen	lehnen	ab	0.700000	1.251670	Die Linken lehnen sie ab, und die Grünen wollen sie schrittweise abschaffen, indem sie für eine einseitige Abrüstung der NATO plädieren.
70015	abschließen	schließen	ab	0.700000	1.251670	Thorben Marx will &quot; den Abwärtstrend schnellstmöglich stoppen, sonst könnte es richtig ungemütlich werden &quot;, schloss der defensive Mittelfeldspieler ab.
70016	ablehnen	lehnen	ab	0.800000	0.788811	Das habe ich dann abgelehnt und wollte auch echte Schauspieler im Film haben.
70017	absegnen	segnen	ab	0.800000	1.032800	Sobald die Vorschläge von Ihnen abgesegnet wurden, beginnen wir mit der Umsetzung.
70018	abneigen	neigen	ab	0.800000	1.135290	Wir haben uns mit allen Parteien kritisch und ausgewogen auseinander gesetzt und waren auch - siehe die Kommentare im Blog hier - Kritik gegenüber nicht abgeneigt.
70019	abstatten	statten	ab	0.800000	1.229270	Einst wurde hier nach Erz geschürft und bis heute können Gäste mit einem Ferienhaus oder einer Ferienwohnung in Breitenbrunn dem Besucherbergwerk St. Christopherus einen Besuch abstatten.
70020	abklingen	klingen	ab	0.800000	1.316560	Die Haurötungen klingen nach 2 - 5 Tagen wieder ab.
70021	ablehnen	lehnen	ab	0.900000	1.100500	Wie wir vorgestern angeführt, hat die Kammer der Abgeordneten unterm 3 April den Art. I auch in obiger Fassung abgelehnt, dagegen allen anderen Beschlüssen der Kammer der Reichsräte zugestimmt.
70022	abklingen	klingen	ab	0.900000	1.197220	Während noch im Kunstschöpferischen die körperliche Miterregung beim Geistesschaffen als ein belangloses Nebenher ohne weiteres abklingt, verhält es sich im Erotischen, im Leibesschöpferischen deshalb nicht mehr ebenso.
70023	abstatten	statten	ab	0.900000	1.197220	Die Minister des Äußeren und des Krieges anzuhalten, über Ausgabe ihrer Geheimen Fonds Rechenschaft abzustatten.
70024	absegnen	segnen	ab	0.900000	1.370320	Die Berechungsmethode ist nicht wissenschaftlich untermauert und auch nicht politisch abgesegnet.
70025	ablehnen	lehnen	ab	0.900000	1.523880	Hierbei verweist sie auch auf die Tatsache, dass der Ausschuss in seiner Sitzung am 21.11.2006 zwar den Antrag der BWG-Fraktion abgelehnt habe, die Ernsthaftigkeit des Arbeitsauftrages jedoch nochmals bekräftigte.
70026	abwickeln	wickeln	ab	0.900000	1.523880	Nach dem Studium des Rechtswesens in Erlangen und Göttingen, nahm er sich in seiner Heimatstadt Heilbronn eine vermögende Apothekertochter zur Frau und arbeite als Anwalt 1796 rief er das Schwäbische Industriekontor ins Leben, welches die Rekonstruktion von Malereien und anderen Kunstwerken abwickelte.
70027	abzeichnen	zeichnen	ab	1.000000	1.054090	Erst nach 1525 / 30 scheint sich ein Trendwechsel mit deutlich steigender Kurve abzuzeichnen.
70028	abschütteln	schütteln	ab	1.000000	1.247220	Dann würde ich sofort nach links ausscheren und dann von hinten angreifen bis ich dann alle &quot; Mitläufer &quot;, abgeschüttelt habe und somit als einsame Spitze über den ersten Hügel fahre...
70029	abwickeln	wickeln	ab	1.000000	1.247220	Bei Fragen zum Thema Scheidungsrecht im Kreis Teltow-Fläming können Ratsuchende sich an Anwälte wenden, damit das Scheidungsverfahren rechtlich korrekt abgewickelt wird und keiner der Ehepartner das Nachsehen hat.
70030	abstatten	statten	ab	1.000000	1.247220	Das große Ereignis des Jahres vom sportlichen Standpunkte aus war der Besuch, den eine vom Hauptverbande der englischen Fußballspieler entsandte Mannschaft in Berlin, Karlsruhe und Prag abstattete.
70031	abschütteln	schütteln	ab	1.000000	1.414210	Um die Cops abzuhängen zerstört Ihr entweder sämtliche Fahrzeuge der Verfolger oder schüttelt sie ab.
70032	abwickeln	wickeln	ab	1.000000	1.414210	"""Was wird mein Vater sagen?"" kam es darauf langsam und unheimlich abgewickelt deutlich von ihren Lippen."
70033	abstatten	statten	ab	1.000000	1.490710	Dem amerikanischen Nord-Süd-Gipfel des Duos N.A.S.A. hat sie zusammen mit Reggae-Redner Sizzla und CSS-Frontfrau Lovefoxxx einen kurzen Besuch abgestattet.
70034	abklingen	klingen	ab	1.000000	1.632990	Erst als ich aus dem Laden war konnte das wieder einigermaßen abklingen.
70035	absegnen	segnen	ab	1.000000	1.632990	Die Geschäftsordnung ist inzwischen positiv verabschiedet; die Jugendordnung wird in Kürze bei einem Vereinsjugendtag &quot; abgesegnet &quot;.
70036	abbringen	bringen	ab	1.100000	0.994429	Wir hoffen natürlich, daß Sie diese Bemerkungen nicht davon abbringen, sich für das A -100 zu entscheiden.
70037	abklingen	klingen	ab	1.100000	1.370320	Aber den Hype um die herbe Bella und ihre freundlichen Vampire hat auch diese Maßnahme nicht abklingen lassen, wie die Nachrichten von erneut weltweit vor den Lichtspieltheatern campierenden Anhängern belegen.
70038	abneigen	neigen	ab	1.100000	1.370320	Ließe Autor das Wort &apos; gleichwertig &apos; weg, wäre ich dem Satze weit weniger abgeneigt.
70039	abstatten	statten	ab	1.100000	1.370320	"Indem allen Vorbenannten auf diesem Wege für das dem Vereine bewiesene Wohlwollen der verbindlichste Dank abgestattet wird, wird um weitere gütige Unterstützung des ""Czernowitzer Asylverein"" ergebenst gebeten."
70040	abklingen	klingen	ab	1.100000	1.523880	Der Tag klingt ab, allen Dingen kommt nun der Abend, auch den besten Dingen; hört nun und seht, ihr höheren Menschen, welcher Teufel, ob Mann, ob Weib, dieser Geist der Abend-Schwermut ist!
70041	abbringen	bringen	ab	1.100000	1.663330	Wenn es anfangs nicht immer so toll klingt, möchte ich mich jetzt nicht davon abbringen lassen.
70042	abzeichnen	zeichnen	ab	1.100000	1.852930	Als dann immer mehr Texte und Bruchstücke gefunden wurden, zeichnete es sich ab, daß dieses Epos nicht nur ein literarisches Werk war, sondern bei den babylonischen Neujahrsriten als heiligste historisch-religiöse Schrift verlesen wurde.
70043	abneigen	neigen	ab	1.200000	1.032800	Als ich mein Anliegen erklärte und einen verhältnismäßig hohen Preis anbot, schien der Mann nicht abgeneigt, ein vorteilhaftes Geschäft zu machen.
70044	abstatten	statten	ab	1.200000	1.032800	"Als wir unseren Dank abstatteten, und ich mein Befremden ausdrückte, sagte der Vater: "" du kannst darüber ganz ruhig sein; ich tue mir und Klotilden keinen Abbruch."
70045	abstatten	statten	ab	1.200000	1.135290	Wenn man schon in Holland ist würde ich dem derzeitigen Staatsfeind Nr. 1 Carlos einen besuch abstatten.
70046	abhauen	hauen	ab	1.200000	1.398410	Danach nahmen sie ihm während einem Trainingscamp in Finnland den Pass ab, weil sie Angst hatten, er würde in die USA abhauen...
70047	ablehnen	lehnen	ab	1.200000	1.398410	Einen Frieden ohne Grenzverschiebungen lehnt Heuss ab, befürwortet er doch im Sinne des Naumannschen Mittel - europakonzepts eine Zurückdrängung Russlands und eine Einbeziehung der östlichen &quot; Zwischenvölker &quot; in eine mitteleuropäische Staatsgruppe unter deutscher Vorherrschaft.
70048	absehen	sehen	ab	1.200000	1.398410	Denn es scheint so, als hätte es jemand auf diesen abgesehen - und nur die SC stehen zwischen Leben und Tod des Händlers.
70049	abhaken	haken	ab	1.200000	1.619330	Ihm ist die Brach abgehakt. - Frischbier, II, 406.
70050	absehen	sehen	ab	1.222220	1.394430	Im Forumdeluxx wird auf 640x480 gebencht und PCGH mit 1024x768, mal abgesehen davon dass sich Systeme nicht nur durch eine CPU unterscheiden...
70051	abbringen	bringen	ab	1.300000	0.823273	Auch zeigt sich die Fortentwicklung der alten Gewohnheit noch darin, daß man noch heute einen Jungen, der Deutsch lernen will, nur mit Mühe davon abbringen kann, Schillers Gedichte oder Lessings sehr beliebte Minna von Barnhelm als erstes Unterrichtsbuch in die Hand zu nehmen.
70052	abstecken	stecken	ab	1.300000	1.251670	Es liegt in der Natur dieser Reise (und es ist ihr Reiz ), daß die Tagesetappen nicht genau abgesteckt werden und sich leichte Änderungen ergeben können.
70053	abtragen	tragen	ab	1.300000	1.337490	Habe mir mit einer Stecknadel die obere Schicht der Fingernägel abgetragen, habe mit einer Nagelschere kleine Stücke Haut rausgeschnitten, etc.
70054	abnehmen	nehmen	ab	1.300000	1.337490	Wrangel sah den Glanz abnehmen, so wie er sich um Nischne-Kolymsk vom Litoral des Eismeers entfernte.
70055	abstatten	statten	ab	1.300000	1.418140	Ich stattete außerdem wenige Tage später der Abteilung Waldtrudering einen Besuch bei deren Tag der offenen Tür ab.
70056	abschütteln	schütteln	ab	1.300000	1.636390	Wir fühlten uns heute sehr stark und fuhren den Passo Fedaia und Passo Falzarego von vorne in der Gruppe mit hohem Tempo, um weitere Teams abzuschütteln.
70057	abklingen	klingen	ab	1.300000	1.828780	Sie sind leicht zu begeistern, aber diese Begeisterung klingt ebenso schnell wieder ab.
70058	abschließen	schließen	ab	1.300000	1.828780	Es kann passieren, dass ich ~ 4 h spiele, bis ich die mir vorgenommene Anzahl Treffer eines Feldes abgeschlossen habe (in dem Falle 50 * Bullseye ), aber eher gehe ich nicht vom Board.
70059	abnehmen	nehmen	ab	1.300000	1.946510	Immobilienkaufleute verfolgen den Bauprozess von Anfang bis Ende, überwachen dabei die Bauausführung, kontrollieren die Baurechnungen und nehmen den fertigen Bau ab.
70060	abneigen	neigen	ab	1.400000	1.264910	Das wäre selbst Gravenreuth unter Niveau gewesen, der sonst &quot; nicht netten &quot; Sprüchen nur selten abgeneigt war.
70061	abklingen	klingen	ab	1.400000	1.349900	habe sie in allen fällen benutzt und der zeitpunkt des &quot; einfrierens &quot; könnte in etwa übereinstimmen mit dem abklingen der trance.
70062	abschauen	schauen	ab	1.400000	1.349900	Der die bolzen fiedert, und der sie abschaust, sind beide in gleicher schuld.
70063	abzeichnen	zeichnen	ab	1.400000	1.349900	Sie sind der einzig wahre Hintergrund, auf dem sich die bedeutenden Arbeiten abzeichnen, welche die Literaturgeschichte der Verwaltungslehre bilden.
70064	absegnen	segnen	ab	1.400000	1.505550	Es war vor Jahren eine solche im Gespräch, wurde nicht abgesegnet.
70065	ablehnen	lehnen	ab	1.400000	1.577620	Die spezielle Beratung des vorgelegten Gesetzentwurfs -- abzulehnen; 2) den Budgetausschuß zu beauftragen, den Bericht über den Entwurf eines Finanzgesetzes für die Jahre 1850 und 1851 und über den damit vorgelegten Staatsgrundetat bald möglichst zu erstatten.
70066	abschließen	schließen	ab	1.400000	1.776390	Würde ein dritter Staat ohne Ermächtigung für einen anderen Staat einen Vertrag abschließen, so würde er sich allerdings als Staat verpflichten können, für die Genehmigung zu sorgen.
70067	abwickeln	wickeln	ab	1.400000	1.897370	Die Agentur &quot; Euler Hermes &quot;, die im staatlichen Auftrag die Exportförderungen abwickelt, signalisierte im Laufe des Prozesses ihr Interesse an einem verstärktem Dialog zum Thema Klimaschutz.
70068	abtasten	tasten	ab	1.500000	1.178510	In der zweiten Hälfte tasteten sich beide Mannschaften weiterhin ab.
70069	abkommen	kommen	ab	1.500000	1.354010	Nachdem nun hier, sowohl an der Börse als an anderen einflußreichen Kreisen der Vertagungsplan keinen Beifall gefunden, ist man in einem gestern gehaltenen Ministerrat von demselben abgekommen.
70070	abkommen	kommen	ab	1.500000	1.509230	Das Fahrzeug soll in einer Kurve von der Strasse abgekommen sein.
70071	abkommen	kommen	ab	1.500000	1.581140	Inzwischen lebt er wieder in Amerika, kommt aber - zum Glück - für einzelne Vorstellungen ab und zu wieder an den Rhein.
70072	abbiegen	biegen	ab	1.500000	1.649920	Eine uns aufgezwungene Arbeit würden wir nicht als Unfreiheit empfinden, wenn sie uns nicht an anderweitigem Tun oder Geniessen hinderte; eine uns auferlegte Entbehrung niemals als Unfreiheit, wenn sie nicht andere, normale oder erwünschte Empfindungs- Energien abböge oder unterdrückte.
70073	abbrennen	brennen	ab	1.500000	1.779510	Er schlug vor: &quot; Dire Straits &quot; - übersetzt etwa &quot; Ernste Notlage &quot; oder &quot; Vollkommen abgebrannt &quot;.1977 hatten sie ihren ersten Auftritt bei einem Festival und durften sich u.a. mit &apos; Sultans of Swing &apos; in einer Radiosendung vorstellen.
70074	absehen	sehen	ab	1.500000	1.779510	Auf das &quot; Innenleben &quot; eines Pkw VW hatten es unbekannte Diebe am Donnerstagvormittag in Bautzen abgesehen.
70075	abwickeln	wickeln	ab	1.500000	1.840890	Da sich die Haupttätigkeit der Delegation bekanntermaßen in den Ausschüssen abwickle, erscheine es nur gerecht und notwendig, daß jedes Kronland, namentlich in den vornehmsten Ausschüssen, seine Vertretung finde.
70076	abzeichnen	zeichnen	ab	1.500000	1.957890	Und es ist daher zur richtigen Beurteilung dieses wichtigen Gebietes der europäischen Rechtsgeschichte von entscheidender Wichtigkeit, die allgemeinen Elemente und Stadien seiner Entwicklung festzustellen, als den großen Hintergrund, auf welchem sich die Individualität der einzelnen Staaten dann mit voller Klarheit abzeichnet.
70077	abnutzen	nutzen	ab	1.600000	1.429840	Die USA wurde von Idealisten gegruendet (wie auch das &quot; neue Europa &quot; ), nach 200 Jahren hat sich das aber langsam abgenutzt.
70078	abkommen	kommen	ab	1.600000	1.429840	Das Prinzip der Expansion hatte Watt bereits 1769 seinem Freunde Dr. Small erläutert; er hatte es angewendet bei der Sohomaschine und bei der Shadwellmaschine, war aber von der allgemeinen Anwendung infolge seiner schlechten Erfahrungen bei den Maschinisten abgekommen.
70079	abstecken	stecken	ab	1.600000	1.646550	Ich stecke im Folgenden wichtige &quot; Orte &quot; ab, an denen Sozialisation stattfindet.
70080	absehen	sehen	ab	1.600000	1.646550	Der Kaiser glaubte wohl, als die Sache ernster wurde, es sei auf nichts anders abgesehen als eben auf die Befreiung des Landgrafen.
70081	abwickeln	wickeln	ab	1.600000	1.646550	Alle höheren geistigen Prozesse wickeln sich wahrscheinlich im Grosshirnmarke ab.
70082	abneigen	neigen	ab	1.600000	1.955050	&gt; Gehen wir in den Pool &lt; das war keine Frage die er mir stellte, aber ich war auch nicht abgeneigt.
70083	abbringen	bringen	ab	1.666670	2.061550	Das sind die Ansätze, die ich versucht habe, um meinen Rüden (kastriert, drei Jahre alt ) vom andere Hunde anpöbeln und &quot; Über-den-Haufen-rennen &quot; abzubringen.
70084	abschweifen	schweifen	ab	1.700000	1.059350	Doch ich schweife ab; der warme Tag öffnet Einem so angenehm alle Poren des Leibes und der Seele!
70085	abhaken	haken	ab	1.700000	1.702940	Freu dich über das zusätzliche Segment und hake den Fall ab.
70086	absehen	sehen	ab	1.700000	1.702940	So war es nur die Frage: Fällt das 2:2 oder das 1:3. Im Gegensatz zu den meisten Schreiberlingen hier und auch im Pressethread &quot; Neururer &quot; habe ich die Zebras - von den ersten 20 Minuten abgesehen - nicht so schlecht gesehen!
70087	abzeichnen	zeichnen	ab	1.700000	1.702940	"Er lachte hell auf und sagte, ich hätte ganz Recht, nur mit dem Unterschied, daß die "" Fliegenden Blätter "" diese Sachen von ihm abzeichneten!"
70088	abbiegen	biegen	ab	1.700000	1.828780	Vor langen Jahren, als das Blut noch heiß und das Knie nur in eine Richtung abzubiegen war, verärgerte mich eine Schwedin so arg, dass sie einem Menschenhändler zu Pentling übergeben wurde.
70089	abschieben	schieben	ab	1.700000	1.828780	Er hat dann Hähnchen geholt, und den Rest des Tages hab ich ihn auf den Sportplatz und aufs Kirchweih-Fest abgeschoben.
70090	abwickeln	wickeln	ab	1.700000	1.946510	Doch wie sollten die Polen diese Warnungen beherzigen, da sie alle wußten, daß der gefürchtete Oberpräsident schon zu Neujahr nach Magdeburg versetzt war und nur noch die Geschäfte des gegenwärtigen Landtags abwickeln sollte?
70091	abschweifen	schweifen	ab	1.700000	2.002780	Natürlich schweift sie ab, aber sie kommt immer wieder zurück auf Erzählstränge, die sie einmal begonnen hat.
70092	absehen	sehen	ab	1.777780	1.986060	Der Begriff der Länge einer geraden Linie läßt sich durch das Verhältnis derselben zur Einheit definieren; was es aber heißen soll, daß eine krumme Linie ein Verhältnis zu einer geradlinigen Maßeinheit besitze, kann man nicht absehen, denn letztere ist auf der ersteren nicht abtragbar.
70093	abschauen	schauen	ab	1.800000	1.549190	Sicherlich werde ich ab und zu hier im Forum vorbei schauen aber ich möchte mich auf jeden fall bei den Forumsmitglieder hier bedanken für die Zahlreichen Tips und Hilfen.
70094	abschweifen	schweifen	ab	1.800000	1.813530	Aber ich schweife schon wieder ab: Was mich etwas stört, sind die Aufnahmen vom Garten hinterm Haus.
70095	abneigen	neigen	ab	1.800000	1.813530	Hart, zäh, fleißig, sparsam, abgeschlossen, allem Fremden und Neuen abgeneigt, das Irdische über das Überirdische setzend -- das gibt zwar kein Idealbild, aber doch das Bild eines tüchtigen Stammes, und das sind sie auch durchaus und unverändert bis diesen Tag.
70096	abbringen	bringen	ab	1.800000	1.932180	Übrigens aber hielt er persönlich an dem alten Ritus fest: und Einer seiner Hofleute ruft wohl den Herzog von Preußen auf, ihn davon abzubringen.
70097	abschieben	schieben	ab	1.800000	1.932180	Nach 41/2--5 Jahren ist der Zahnwechsel vollendet, das Tier hat abgezahnt, abgeschoben, ist vollzahnig geworden.
70098	abstatten	statten	ab	1.800000	1.988860	"Ihrer Pflegemutter beweisen sie eine große Anhänglichkeit und fliegen, wenn sie von ihr getrennt sind, über die Mauer, um ihr einen Besuch abzustatten. """
70099	absehen	sehen	ab	1.900000	1.100500	Die Verbindung, welche ihr beide geschlossen habt, ist ohne Ziel, wenigstens ist jetzt ein Ziel nicht abzusehen.
70100	absprechen	sprechen	ab	1.900000	1.286680	Wir waren uns einig, dass das Hörspiel gut war, aber wir alle konnten uns ein gewisses Bauchkribbeln nicht absprechen.
70101	abschauen	schauen	ab	1.900000	1.370320	Liberté fordert, als Organ des Pierre Bonaparte, sofortige Entlassung des Ministeriums Barrot-Thiers-Falloux und Kriegserklärung zu Gunsten Italiens und Polens; auf republikanische Formen gibt sie nicht viel, aber sie abschaut den Legitimismus und Cavaignacismus.
70102	abzeichnen	zeichnen	ab	1.900000	1.595130	Wenn sich die beeindruckende Lofotenwand am Horizont abzeichnet, haben Sie schon den Landegodefjord, Helligvaer und Vestfjofd hinter sich gelassen.
70103	abtöten	töten	ab	1.900000	1.728840	Am Beispiel Schule: Früh würden Kinder auf Konkurrenz getrimmt, Neugier und Interesse würden abgetötet - &quot; Enthusiasmus interruptus &quot; sei das Ergebnis.
70104	abtöten	töten	ab	1.900000	1.791960	Grade die erotischen Geruchsempfindungen sind überdies durch Jahrtausende des Gebrauchs barbarisch starker, alles Individuelle übertäubender künstlicher Parfums noch besonders abgetötet worden.
70105	abstecken	stecken	ab	1.900000	1.852930	Zuerst kamen im Abstand 16 zu 15 immer eine Markierung auf den Boden, so dass ich 16 Felder Breite und 15 Felder hohe Bereiche abgesteckt hatte.
70106	abneigen	neigen	ab	1.900000	1.852930	Der König war auch nicht abgeneigt und antwortete freundlich; doch eine feste Zusage konnte er nicht geben, weil die in der Bundesakte verheißenen Kuriatstimme den Mediatisierten nur durch einstimmigen Beschluß gewährt werden durften.
70107	abbiegen	biegen	ab	2.000000	1.333330	An der Kreuzung Remmighauser Straße bemerkte er, als er sich bereits in der Geradeausspur befand, dass er nach rechts abbiegen mußte.
70108	abdrehen	drehen	ab	2.000000	1.333330	Als ob es nur das eine Thema gäbe auf dem einige Sender mittlerweile eine billige Serie nach der anderen abdrehen und sich der ein oder andere Durchschnittsverbraucher auch noch auf sowas einlässt.
70109	abneigen	neigen	ab	2.000000	1.490710	"Dem "" pseudo-liberalen Getriebe "" des Beamtentums ebenso gründlich abgeneigt wie sein königlicher Herr, behauptete er stolz "" den höheren Standpunkt, der sich erhebt über die Ansicht vom absoluten Staate. """
70110	ablesen	lesen	ab	2.000000	1.699670	Den Herdentieren erweisen sie, wie die Madenhacker oder unsere Staren, Dienste, indem sie ihnen Zecken und anderes Ungeziefer ablesen.
70111	abwandern	wandern	ab	2.000000	1.699670	Geboren am 20. Januar 1868 zu Ottrau (Kreis Ziegenhain) als Sohn eines Landwirts, der, einer alteingesessenen Bauernfamilie entstammend, durch Unglück seinen Hof verlor und an den Niederrhein abwanderte, als der Sohn ein halbes Jahr alt war.
70112	abkommen	kommen	ab	2.000000	1.763830	Obwohl wir brav den Hinweisschildern für Radfahrer Richtung Schönwalde folgten, kamen wir kurz hinter Eutin vom richtigen Weg ab und fanden uns zu weit südlich in Röbel wieder.
70113	abwandern	wandern	ab	2.000000	1.825740	Doch vor 50 Jahren noch war die Provinz südlich des Brenners bitterarm, die Menschen wanderten aus der Landwirtschaft ab.
70114	abwenden	wenden	ab	2.000000	1.825740	Jetzt ist es höchste Zeit das Experiment Lindholm zu beenden um Schaden von unserem &quot; Tatort &quot; abzuwenden!
70115	abstecken	stecken	ab	2.000000	1.825740	Überall finden wir so mit einer engeren oder weiteren Grenzziehung für das Gebiet unserer Wissenschaft auch die Untersuchung der eingreifenden Ursachen ganz anders abgesteckt.
70116	abwandern	wandern	ab	2.000000	1.885620	Zählt man ab 1983 bei der SPD die Grünen hinzu, die zu einem guten Teil von der SPD &quot; abgewandert &quot; sind, dann reduziert sich der Bereich der SPD auf 39,3% bis 45,8%.
70117	abwerten	werten	ab	2.000000	1.885620	● keine Footerlinks, denn Google wertet die verlinkten Webseiten eher ab - statt auf.
70118	abschweifen	schweifen	ab	2.000000	2.000000	Die Reflexion hat dabei nicht nötig, auf das Subjektive der Triebe und Motive irgend abzuschweifen.
70119	abschweifen	schweifen	ab	2.000000	2.054800	Wie wir sehen, war man von der algierschen Frage ungemein abgeschweift.
70120	abneigen	neigen	ab	2.000000	2.211080	Und wie erst, wenn es sogar merken müßte, daß der Vater dagegen nicht bloß gleichgültig, sondern gradzu eingenommen, abgeneigt wäre?
70121	abschweifen	schweifen	ab	2.100000	1.449140	Da währen Pokémon ja zumbeispiel auch hilfreich, das man zum Drogen nehmen oder zum Rauchen aufhört, aber ich schweife ab:shy: Es würde so einige Probleme geben und wie soll das alles verhindert werden?
70122	abweisen	weisen	ab	2.100000	1.523880	Im ersten Falle hatte das Kreisgericht Eger als Rekursgericht einen Erlaße des Bezirksgerichtes Marienbad bestätigt, durch welchen ein Gesuch eines Advokaten abgewiesen wurde, weil es in tschechischer Sprache abgefaßt war.
70123	abtöten	töten	ab	2.100000	1.595130	Schließlich werden Getreidehähnchenlarven auch durch insektenpathogene Pilze der Gattung Entomophthora abgetötet.
70124	ablehnen	lehnen	ab	2.100000	1.663330	Es erübrigt zu sagen, daß der sozialdemokratische Antrag gegen die Stimmen der Sozialdemokraten, die Abänderungsamendements mit großer Mehrheit abgelehnt wurden.
70125	absehen	sehen	ab	2.100000	1.728840	Mal abgesehen, dass es reinste Heuchelei ist, wenn man den Auftraggeber FAS völlig ausspart.
70126	abschweifen	schweifen	ab	2.100000	1.791960	Herr Bemperlein fing mit der ihm eigentümlichen Redseligkeit abermals zu erzählen an, aber wenn Oswald schon vorher nur mit halbem Ohr zugehört hatte, so schweiften seine Gedanken jetzt noch viel weiter ab
70127	abschweifen	schweifen	ab	2.100000	1.852930	wir schweifen hier zwar ab, aber solang keiner meckert geht das mal.
70128	abtöten	töten	ab	2.100000	1.852930	Ihr Schulwissen hat sie geistig fast abgetötet, und so sicher sie sich durchs Examen winden werden, so gewiß sind sie flache, nüchterne, wenn schon gutmütige Gesellen.
70129	abkommen	kommen	ab	2.100000	1.911950	Vielleicht kommt auch ein Auto oder ein Jogger des Weges: Weichen Sie vom gewohnten Pfad ab und treten so weit zur Seite, dass der Hund zwar gereizt werden kann, aber nicht in Kontakt mit der &quot; Beute &quot; kommt.
70130	abschließen	schließen	ab	2.100000	1.911950	Aus diesem Grund ist es wichtig, einen Vertrag zur privaten Rentenversicherung so früh wie möglich abzuschließen.
70131	abzeichnen	zeichnen	ab	2.100000	2.079000	&quot; American Saturday Night &quot; weißt eine erschreckende Belanglosigkeit auf, ein Trend der sich leider schon auf &quot; Play &quot; abzeichnete.
70132	abdrücken	drücken	ab	2.100000	2.131770	Zufällig erwischte er das meinige, diesen schon so oft begrüßten und wieder verabschiedeten Gast - der Roman gefiel ihm und er drückte ihn ab.
70133	abnehmen	nehmen	ab	2.200000	1.398410	Das ist zwar auch noch mehr als normal, jedoch nimmt mein erhöhtes Schlafbedürfnis stetig ab.
70134	abtöten	töten	ab	2.200000	1.475730	Aber auch an Melf Molinas verzweifelten die Gäste, der mit bravourösen Paraden alle Büdelsdorfer Versuche abtötete, im Friesenstadion wenigstens einen Treffer zu erzielen.
70135	abdrücken	drücken	ab	2.200000	1.475730	Der Indian-Trader hatte mir gleich beim Einsteigen seinen dickbenagelten Stiefelabsatz in die Herzgrube gedrückt und mir das Herz fast abgedrückt.
70136	abwenden	wenden	ab	2.200000	1.475730	Sehet Euch wohl vor, je mehr Ihr an Einzelinteressen haftet, je mehr Ihr Eure Blicke von dem höheren Ziel abwendet, um so mehr werden jene Vorspiegelungen Eure Augen verblenden.
70137	ablehnen	lehnen	ab	2.200000	1.619330	Bei der Abstimmung wird der Antrag Oberndorfer abgelehnt, die Ausschußanträge werden angenommen, alle übrigen im Laufe der Debatte gestellten Anträge dem Landesausschusse zugewiesen.
70138	abschütteln	schütteln	ab	2.200000	1.686550	-- Weil ich noch trinken will, entgegnete Dieser, und schüttelte sie ab.
70139	abhaken	haken	ab	2.200000	1.751190	Wenn eine Aufgabe als erledigt abgehakt ist, wird sie automatisch an die nächste Instanz weitergeleitet.
70140	abschieben	schieben	ab	2.200000	1.751190	&quot; Du Idiot, und wenn du weiter Scheiße baust, dann werden sie dich abschieben.
70141	abkommen	kommen	ab	2.200000	1.751190	Auch diese Einrichtung wurde später unhaltbar, und wahrscheinlich kam sie einfach dadurch ab, daß das Volk aus Mangel an Interesse wegblieb.
70142	abstecken	stecken	ab	2.200000	1.751190	Das Lager bei Kalisch ist zwar abgesteckt, aber bis heute noch nicht bezogen; in Kalisch selbst sind nicht viel Truppen.
70143	abdrücken	drücken	ab	2.200000	1.813530	Auf der rechten Seite sechs Mal abgedrückt, dann loslaufen, Magazin raus, neues rein und bei der zweiten Barrikade in Anschlag gehen.
70144	abnehmen	nehmen	ab	2.200000	1.873800	Während die Zahl der Hochöfen also abgenommen hatte, war ihre durchschnittliche Jahresleistung in der Zeit von 1871 bis 1880 von 5110 Tonnen auf 11094 Tonnen gestiegen.
70145	abschieben	schieben	ab	2.200000	1.988860	Ich bin ziemlich sicher, dass sie die so wollte und jetzt bloss ihre Schuld auf den Tatöwier-Sündenbock abschieben will.
70146	abschließen	schließen	ab	2.200000	1.988860	Die Baumfällarbeiten müssen aufgrund des naturschutzgesetzlichen Verbotszeitraumes bis zum 1. März abgeschlossen sein und werden daher Ende dieser Woche erfolgen.
70147	absehen	sehen	ab	2.200000	1.988860	Die Homopolen Stauraxonien mit ungleichen Kreuzaxen, welche wir kurz Allostauren nennen wollen, haben als bestimmte Grundform die amphithecte Doppelpyramide, oder, wenn man bloß die beiden idealen Kreuzaxen berücksichtigt und von den realen absieht, das Rhomben-Oktaeder.
70148	abwenden	wenden	ab	2.200000	2.097620	Wenn ferner Epikur in seinen ersten Jünglingsjahren ein Zuhörer des Pamphilos war, so ließe sich darauf die Vermutung bauen, dass dieser in seinem höheren Alter vielleicht wegen Abnahme der sinnlichen Kräfte sich ganz von der Malerei ab und zu rein theoretischen und philosophischen Studien gewendet habe.
70149	abwandern	wandern	ab	2.200000	2.149940	Es ändert jedoch für die Tiere meist nicht viel, denn diese Züchter &quot; wandern &quot; dann einfach zu einem der unzähligen kleinen &quot; Rassehundvereine &quot; ab.
70150	abhaken	haken	ab	2.300000	1.251670	Ich könnte das gleiche von mir sagen, selbst schuld, dass ich es 4 Jahre ausgehalten habe, aber ich habe es heute als Erfahrung abgehakt.
70151	abtragen	tragen	ab	2.300000	1.251670	Die Idee ein geordneten Insolvenz wäre, dass Griechenland sich gemeinsam mit der Euro-Zone zusammensetzt und sagt: &quot; Gut, wir sind überschuldet, wir wissen, dass der Schuldenberg nicht abgetragen werden kann, und deshalb müssen wir eine Lösung finden.
70152	abschließen	schließen	ab	2.300000	1.494430	Und so kam es, dass das Jahr 1899 bloß mit einem Saldo von fl. 246·76 abschloss, was gegen das Jahr 1898 ein kleines Minus bedeutet.
70153	abweisen	weisen	ab	2.300000	1.567020	Während der Entscheid des Gesundheits - und Sozialdepartementes in der Hauptsache noch aussteht, wies das Departement das Gesuch um Wiederherstellung der aufschiebenden Wirkung der Verwaltungsbeschwerde ab.
70154	abbringen	bringen	ab	2.300000	1.567020	Er ließ sich von seinem Vorhaben endlich abbringen, und wir gingen in das Kaktushaus.
70155	abweisen	weisen	ab	2.300000	1.636390	Wie können wir sicher gehen, dass Ihr Aíturs Allmacht nicht ebenso schnell abweist, wie Euren heidnischen Glauben an Arceus?
70156	abbringen	bringen	ab	2.300000	1.636390	Darum wollte er jetzt den Streitfall, unter Österreichs Vermittlung, dem Bundestage zur Entscheidung vorlegen, und erst durch die dringenden Vorstellungen des Auswärtigen Amts ließ er sich von diesem unglücklichen Gedanken, der unfehlbar Alles verdorben hätte, wieder abbringen.
70157	abschweifen	schweifen	ab	2.300000	1.636390	Dabei benahm er sich äußerlich so ruhig und besonnen und schweifte so wenig von der Rede ab, dass über sein Irresein mehrmals die größten Zweifel entstanden.
70158	abklingen	klingen	ab	2.300000	1.702940	Deutlicher erkennt man die Perioden, in welchen die Krankheit sich zurückzieht und abklingt, und im selben Maße tritt auch das Licht des Geistes wieder hervor.
70159	abschütteln	schütteln	ab	2.300000	1.766980	Ich weiß aber nicht, ob es möglich sein wird, die Unvermeidbarkeit des Übergangs zu einem &quot; postfordistischen &quot; Paradigma abzuschütteln, in dem die Arbeitskraft ein weiteres Mal nur als reines Objekt oder träge Masse vorkommt.
70160	absprechen	sprechen	ab	2.300000	1.766980	Die ersten Materialien trudelten früher als abgesprochen ein und wir mussten eine Nachtwache organisieren.
70161	abtasten	tasten	ab	2.300000	1.766980	Die Brustregion wird über eine Länge von etwa 40 cm &quot; gescannt &quot;, also vom Kameraring abgetastet, so dass die Verteilung des markierten Traubenzuckers im Herzmuskel dreidimensional dargestellt werden kann.
70162	ablehnen	lehnen	ab	2.300000	1.888560	Dass Sie aus loyaler Rücksicht auf das Lyzeum eine Mitwirkung an einer vom Letteverein im größeren Stil zu errichtenden Frauenbildungsanstalt abgelehnt, verdient meine volle Anerkennung; indes Victoria-Lyzeum und Letteverein bilden durchaus keine Gegensätze, ergänzen sich vielmehr.
70163	abtasten	tasten	ab	2.300000	1.946510	Spaetestens bei &quot; gesamplet &quot; wird es dann schon haesslich und ich koennte auch &quot; abgetastet &quot; sagen - aber schon auf dem Oszischirm steht dann wieder &quot; SR &quot;.
70164	abdrehen	drehen	ab	2.300000	2.002780	Brücken raus findet dann vermutlich auch durch ganz normales &apos; abdrehen &apos; der Terminals statt, oder?
70165	absprechen	sprechen	ab	2.300000	2.213590	Mit Hughes hast Du Recht und NIEMAND will hier BJ sein Talent absprechen, aber Florian ist viel vielseitiger, strategischer und cleverer als Hughes, bei Matt weißt Du was Dich erwartet, aber gegen Florian?!!
70166	abhauen	hauen	ab	2.300000	2.311810	Nichts half ihm mehr die Bitte, sein Haupt hieb Jener ab, So sank bei seinem Ohme der Neffe früh ins Grab.
70167	abtöten	töten	ab	2.400000	1.646550	Verleihe gnädig, daß ich alle Züchtigungen und Strafen, die du mir zur Sühne für meine Sünden auflegst, geduldig ertrage, meine Sinne aus Liebe zu dir beständig abtöte und dich nie mehr durch eine Sünde betrübe.
70168	abschließen	schließen	ab	2.400000	1.776390	Genug, der Oranier versagte seine Genehmigung einem Vertrage, den seine Bevollmächtigten genau nach seinen eigenen Weisungen abgeschlossen hatten.
70169	abbiegen	biegen	ab	2.400000	1.837870	Durch die Örtlichkeit sind hier der Faserung große Schwierigkeiten geboten; sie ist überhaupt nur an gut in Alkohol erhärteten Gehirnen mit Erfolg auszuführen, und gerade an solchen lassen sich die überhängenden Teile der Hemisphäre, welche die Insel selbst ja ganz verdecken, sehr schwer abbiegen.
70170	abweisen	weisen	ab	2.400000	1.837870	So sind z. B. in folgender Strophe die ersten Halbverse der ersten und zweiten Zeile jambisch, die sich ihnen anschließenden trochäisch, bis der Jambus, der sich nicht abweisen läßt, das Übergewicht gewinnt, und die beiden letzten Verse ganz jambisch gebildet sind:
70171	abkommen	kommen	ab	2.400000	1.897370	War er rechts oder links abgekommen und an dem Dorfe vorbei?
70172	abnehmen	nehmen	ab	2.400000	2.011080	der ernst guckende mann hinter ihm nimmt die nummer dir ab.
70173	abnutzen	nutzen	ab	2.400000	2.270580	&quot; Prosagedichte, die die Zwischenräume und - zeiten zwischen Imagination und Realität betreten, sprachliches Neuland erschließen, &apos; während die Landschaft sich unter dem täglichen Blick abnutzt &apos;.
70174	absprechen	sprechen	ab	2.500000	1.433720	Ich habe mit meiner TÄ abgesprochen und auch sie meinte das Bewegung sehr wichtig sei für den restlichen Muskelaufbau.
70175	abschieben	schieben	ab	2.500000	1.433720	-- In den letzten Tagen wurde in Konstantinopel eine größere Anzahl von Armeniern verhaftet, die zum Teile in ihre Heimat nach Kleinasien abgeschoben wurden.
70176	abbringen	bringen	ab	2.500000	1.581140	Sein ganzes Denken war darauf gerichtet, das Gespräch auf seinen Freund Jenatsch zu bringen, ohne durch die sichere Unterhaltungskunst des Provveditore von der Fährte abgebracht und spielend im Kreise herumgeführt zu werden.
70177	abgewöhnen	gewöhnen	ab	2.500000	1.649920	Muß ich mir jetzt für &quot; alles &quot; meine Mikrowelle abgewöhnen?
70178	abschweifen	schweifen	ab	2.500000	1.649920	Aber ich glaube, jetzt schweifen wir zu sehr ab...
70179	abtöten	töten	ab	2.500000	1.649920	Die Vorwürfe, welche seit der Reformation der Kunst durch Karstens, Schick, Wächter, Koch gegen die Akademien erhoben worden, sind bekannt und laufen alle auf den eines Mechanismus hinaus, der im Schüler die künstlerische Individualität und den Natursinn abtöte.
70180	abrutschen	rutschen	ab	2.500000	1.715940	Möglicherweise sogar Angst um die künftigen Ergüsse ihrer Helden haben, denn sollten unsere &quot; Working Man Heroes &quot; tatsächlich irgendwann in diese Bereiche abrutschen, ist good old Dixieland endgültig abgebrannt.
70181	abgewöhnen	gewöhnen	ab	2.500000	1.779510	Hallo, einem von uns vermitteltem Hund wurde das Katzenjagen in der Wohnung mit der Wasserpistole abgewöhnt.
70182	abwischen	wischen	ab	2.500000	1.840890	Jede Fliege, die daran geleckt hat, wird abgewischt, so bleibt ihm Alles verborgen!
70183	abnutzen	nutzen	ab	2.500000	1.900290	Zögern Sie damit nicht zu lange, denn durch das leichte Querstehen der Räder bei Geradeausfahrt nutzen sich die Reifen überdurchschnittlich stark ab und sind, je nachdem, wie groß die Abweichung ausfällt, mehr oder weniger schnell zerstört.
70184	abschieben	schieben	ab	2.500000	1.900290	Eher fühlen sich Senioren abgeschoben und entwurzelt, denen der Übertritt in ein Heim mit allerlei Argumenten versüßt wird, denn das gewohnte soziale Umfeld geht zwangsläufig verloren.
70185	abweisen	weisen	ab	2.500000	2.013840	Die Fliegen aber, die kein deutsch verstanden, ließen sich nicht abweisen, sondern kamen in immer größerer Gesellschaft wieder.
70186	abbiegen	biegen	ab	2.500000	2.068280	Auf dieser gelangen wir, rechts abbiegend, an der Karolastraße vorüber, nach der Albertstraße, an der sich die Drogistenschule befindet.
70187	abtragen	tragen	ab	2.500000	2.121320	In Guatemala kann die Firma Montana ungestört ganze Berge abtragen.
70188	abwandern	wandern	ab	2.500000	2.121320	Im März 1981 wanderte der Kevelaerer Bundestagsabgeordnete Helmut Esters nach Kleve ab.
70189	abschütteln	schütteln	ab	2.545450	1.694910	Arnim und D' Ester, Schwerin und Kirchmann suchen gegenseitig die persönlichen Angriffe abzuschütteln.
70190	abbiegen	biegen	ab	2.600000	1.349900	Letztlich sind ja die Unionsparteien dafür bekannt, dass sie zwar immer mal wieder &quot; rechts blinken &quot; aber stets &quot; links abbiegen &quot;.
70191	abschauen	schauen	ab	2.600000	1.429840	Die Grundlage für das Schaffen des charakteristisch Schönen ist neben dem gebildeten Geschmack die Phantasie, in welcher die Eindrücke, Spuren, Empfindungen zu geistigen Gestalten sich gruppieren, zu Bildern, die gewissermaßen unter Kontrolle des Geschmacks aus der Phantasie abgeschaut werden.
70192	abkommen	kommen	ab	2.600000	1.505550	Vorbei an einer Taucherplattform mit Telefonhäuschen, Autowracks die von der Straße abgekommen sind, vom Berg in den See gestürzte Bäume, eine interessante Felswand und der nicht zu vergessenen beeindruckenden Felsüberhang in 17 Metern Tiefe wird hier alles geboten, was zu einem Süsswassertauchgag gehört.
70193	absprechen	sprechen	ab	2.600000	1.505550	Diesen wird die Eigenschaft von Gesetzen, d. h. von staatlich aufgestellten Rechtssätzen abgesprochen.
70194	abwenden	wenden	ab	2.600000	1.577620	Das Team spielt gegen der Abstieg, alles andere wäre eine Entscheidung, doch man hat sich Erfahrung mit ins Boot geholt, mit der es eventuell möglich wäre, den sicher geglaubten Abstieg doch noch abzuwenden.
70195	abschließen	schließen	ab	2.600000	1.776390	Meine Landsleute haben ganz andere Ansichten, als eine kleine Partei in Wien, welche um jeden Preis Österreich von Deutschland abschließen, und die Metternichschen Zustände zurückführen wollen.
70196	absprechen	sprechen	ab	2.600000	1.776390	Es liegt schon an sich etwas die Menschheit Herabwürdigendes in dem Gedanken, irgend einem Menschen das Recht abzusprechen, ein Mensch zu sein.
70197	absenken	senken	ab	2.600000	1.897370	&quot; Wer sein eigenes Gehalt absenkt, ist verrückt geworden oder steht finanziell unter erheblichem Druck &quot;, denkt sich da der private Anteilseigner.
70198	abdrehen	drehen	ab	2.600000	1.955050	Und zwar &quot; Faster, harder, louder &quot; als es einige erwartet hatten - und nach einem Tag voller Heavy Metal noch vertragen konnten... und so wurde den sympathischen Londonern zum Schluss mit einem Augenzwinkern der Saft abgedreht.
70199	abrutschen	rutschen	ab	2.600000	2.366430	Er rutschte deshalb mit Ergebnissen von 594, 592 und für ihn selbst nicht zufrieden stellenden 587 Ringen vom dritten auf den siebten Rang ab.
70200	abschließen	schließen	ab	2.666670	1.658310	Ab 1884 studierte er in München und Leipzig Naturwissenschaften, insbesondere Geologie, und promovierte zum Dr. phil. Erst danach begann er mit dem Studium der Medizin, das er 1892 mit der Promotion abschloß.
70201	abkürzen	kürzen	ab	2.700000	1.337490	Neben der Autobahnbrücke verläuft eine sehenswerte Eisenbahnbrücke aus dem Jahr 1895. Kurz danach mündet der Donau-Schwarzmeer-Kanal, der für die Schiffe den Weg zum Schwarzen Meer um 380 km abkürzt, in die Donau.
70202	abweisen	weisen	ab	2.700000	1.494430	Das Finanzgericht Köln (FG ) wies die Klage ab.
70203	abhaken	haken	ab	2.700000	1.567020	Herr Deiss zeigte sich beeindruckt von den Präsentationen und meinte, die Lernenden könnten das Thema &quot; Sozialkompetenz &quot; aus seiner Sicht gleich abhaken in ihrer Lerndokumentation.
70204	absperren	sperren	ab	2.700000	1.567020	Hier sind alle Wege knallhart geschottert -- die unbefestigten in der Karte ausgewiesenen sind sämtlich vom Jagdpächter als &quot; Wildruhezonen &quot; abgesperrt.
70205	abfüllen	füllen	ab	2.700000	1.828780	&quot; Während des Gespräches füllte der Wirt ein Glas Bier ab und stellte es Rolf hin.
70206	absprechen	sprechen	ab	2.700000	1.828780	Ja man spricht dem Weibe auch heute noch schlankweg das Menschentum ab.
70207	abnutzen	nutzen	ab	2.700000	1.888560	Da die hölzernen Schienen zu bald abgenutzt wurden, so legte 1776 Curr eiserne auf hölzerne Grundlagen, 1797 Barns auf steinerne.
70208	abwandern	wandern	ab	2.700000	1.888560	Selbiger tat aber als wüßte er von Nichts, und berichtete nur, daß sein Mühlenknappe seit einer Stunden abgewandert sei.
70209	abschütteln	schütteln	ab	2.700000	2.002780	Um ihn abzuschütteln stellte sie sich vor, wie sie ihre Augen aufschlägt und jemand sie stürmisch umarmt oder zur Begrüßung mit einem Finger über ihre Wange fährt.
70210	abtragen	tragen	ab	2.700000	2.002780	127 Ein Berg kann man abtragen, worum sollt man nicht einen Schatz abtragen.
70211	absprechen	sprechen	ab	2.800000	1.398410	Das Thema und die Geschichten können Sie gerne mit mir absprechen.
70212	abstecken	stecken	ab	2.800000	1.475730	Ich muß ihn dann vom Computer abstecken, ausschalten und wieder anstecken um mit der Dateiübertragung weiterzumachen.
70213	abhaken	haken	ab	2.800000	1.549190	Drucken Sie die Liste aus, und haken Sie Punkt für Punkt ab.
70214	abstecken	stecken	ab	2.800000	1.751190	Sie, die Vertreter, beschlossen das Grundgesetz, das Gesetzt der Gesetze, das nebenbei eben jene geographische Grenze absteckte, welche ein Volk benannte, dessen Vertreter sie dadurch wurden, indem sie im Namen dieses noch nicht existenten Volkes das Gesetz unterschrieben.
70215	abwandern	wandern	ab	2.800000	1.751190	In meiner Freizeit fahre ich gerne Rad (im Sommer ), wandere ab und zu und beschäftige mich mit Fantasy-Rollenspielen.
70216	abbiegen	biegen	ab	2.800000	1.813530	Hier am Abzweig biegt er nach Süden ab, folgt dem Ruhrtal bis Hagen.
70217	abdrehen	drehen	ab	2.800000	1.813530	Als sie fertig waren - nach höchstens 2 min - haben sie abgedreht und sind wieder ganz knapp über den Bäumen fliegend verschwunden.
70218	abwählen	wählen	ab	2.800000	1.813530	Die MS-Exportkarte wird wieder aktiv, wenn auf der GE-Exportkarte die Option &quot; Einstellungen GoogleEarth-Dateien für Projekt-Ordner &quot; wieder abgewählt wird.
70219	abdrehen	drehen	ab	2.800000	1.813530	Was nun den angeblich früheren Lauf der Donau betrifft, so trägt das Terrain davon durchaus keine Spur, im Gegenteil zeigt der Höhenzug nirgend eine Unterbrechung oder beträchtliche Einsenkung, und überhaupt dreht sich die Donau schon zwei Stunden oberhalb Czernawada fast rechtwinklig von ihrer Normal-Direktion ab.
70220	abgewöhnen	gewöhnen	ab	2.800000	1.813530	1260 Wer kann den Hunden das bellen verbieten (abgewöhnen ).
70221	absenken	senken	ab	2.800000	2.043960	Aus dem Bewilligungsbescheid ist (noch ) hinreichend deutlich ersichtlich, dass nur ihr Individualanspruch abgesenkt wurde.
70222	abdrücken	drücken	ab	2.800000	2.097620	Ich konnte mich nicht gleich entschließen, abzudrücken, sondern beobachtete ihn erst ungefähr anderthalb Minuten lang, wobei seine Blicke jeden Bis verrieten, den ihm die Hunde von hinten gaben.
70223	abkürzen	kürzen	ab	2.888890	1.833330	Joachimsthaler, abgekürzt Taler, 2 Lot schwere Silbermünzen. seit 1517 aus dem Silberertrag des neu entdeckten Bergwerks zu Joachimsthal in Böhmen geprägt; Schlickenthaler hießen sie wohl auch von dem Besitzer des Bergwerks, dem Grafen Schlick, Löwentaler von dem böhm. Wappen.
70224	ablesen	lesen	ab	2.900000	1.370320	die temp kann mit der software nun an dem sensor und an dem a-d-u abgelesen werden.
70225	abschauen	schauen	ab	2.900000	1.523880	Man merkt trotz, dass sie viel von ihren &quot; Kollegen &quot; abgeschaut haben bsp Titel und Emblen Sachen.
70226	abweisen	weisen	ab	2.900000	1.523880	Zwar ist mir eine leichte Fehlsichtigkeit geblieben, aber damit kann ich leben, da die Ausgangssituation so schlecht war, das sogar Dr. Maus mich abgewiesen hat!
70227	abnutzen	nutzen	ab	2.900000	1.595130	Sie ersetzen das Gold in den Kreisen der Warenzirkulation, worin die Münze am schnellsten zirkuliert und sich daher am schnellsten abnutzt, d.h., wo Käufe und Verkäufe unaufhörlich im kleinsten Maßstab erneuert werden.
70228	abschieben	schieben	ab	2.900000	1.595130	Soll das linke Vorderbein nun die Last richtig stützen, so muss es eben so weit links von der Mittellinie fußen, als das Hinterbein rechts von derselben die Last abschob.
70229	abtragen	tragen	ab	2.900000	1.663330	Wenn es nicht den Wald darauf gäbe, der den Boden zusammenhält, wär der ganze Berg vielleicht schon &quot; abgeschmolzen &quot;, abgetragen.
70230	abfahren	fahren	ab	2.900000	1.663330	Ja, sie kann nicht mehr zurück und ich kann nicht mehr vor; an dem Punkt bleiben wir alle zwei stehen und mein ehemaliger Herr kann abfahren.
70231	abschicken	schicken	ab	2.900000	1.791960	Insgesamt trauten sich &quot; nur &quot; 388 Teilnehmer ihre Tipps online abzuschicken.
70232	abschieben	schieben	ab	2.900000	1.852930	Weil sie als schwer vermittelbar gelten, werden sie in Behindertenwerkstätten abgeschoben.
70233	absenken	senken	ab	2.900000	1.969210	Als problematisch wird von vielen angesehen, dass durch den Einfluss von Unternehmen und Lobbygruppen deutsche Regelungen vor allem bei Umwelt - und Gesundheitsstandards aufgeweicht oder abgesenkt werden könnten.
70234	abbiegen	biegen	ab	2.900000	2.079000	Wir biegen rechts ab nach El Barak, den sogenannten Teichen Salomo's; der Weg hierhin ist bisweilen unglaublich schlecht und ich bedauerte unsere armen Pferde.
70235	abdrücken	drücken	ab	3.000000	0.816497	Der Hintere konnte gerade noch seine Waffe hochziehen und abdrücken, aber seine Schüsse prasselten wirkungslos in den Asphalt.
70236	abfüllen	füllen	ab	3.000000	1.333330	Für 115 Dollar Förderkosten pro Tag würde der Konzern eine Wassermenge erstehen, die er abgefüllt für 5,5 Millionen Dollar losschlagen würde.
70237	abtöten	töten	ab	3.000000	1.333330	Und hier am Rhein ist heiliger Boden, es wäre Zeit, daß wir das sammeln was drauf gewachsen, ehe uns das leidige Trivium und Quadruvium den Sinn dafür abtötet.
70238	abschauen	schauen	ab	3.000000	1.414210	Da man das untergraben hat, hat man ein anderes &quot; Fest &quot; gebraucht und hat die Konfirmation eingeführt für die man sich dann bewusst entscheiden kann (ich glaube, man hat sich das vom Bar Mitzwa der Juden abgeschaut ).
70239	absprechen	sprechen	ab	3.000000	1.414210	""" Sie sind so talentvoll, fährt er fort, daß man ihnen nicht den Verstand absprechen kann."
70240	abstecken	stecken	ab	3.000000	1.414210	Die ältesten Rüsthaken besitzen eine hörnerartige Form und erscheinen anfänglich an die Brust genietet, später mittels Kloben befestigt, um sie abstecken zu können.
70241	abkaufen	kaufen	ab	3.000000	1.563470	Schreibt selber eure Meinung aber wenn ihr es nicht glaubt seid ihr dumm denn viele Musiker und Filmemacher wollen den Namen MUSE für Millarden von Geld abkaufen.
70242	abweisen	weisen	ab	3.000000	1.563470	Auch ist Groos feinfühlig genug, um diese Idee abzuweisen, aber sollten wir uns wirklich, wie er behauptet, wenn auch nur momentan, soweit mit diesen Gestalten identifizieren, daß wir schließlich über uns selbst lachten?
70243	abzeichnen	zeichnen	ab	3.000000	1.563470	Von dem historischen Roman, der in der Vergangenheit lebte, stürzte man plötzlich auf die nächste Gegenwart und zeichnete nach der Art englischer Ladies Alles ab, was man nur im Fluge von der Gegenwart mitnehmen konnte.
70244	absprechen	sprechen	ab	3.000000	1.632990	Auf keinen Fall werden wir das Verdienst der Zusammenstellung des Aias und der Medea dem Timomachos absprechen dürfen, und diese war bereits zu Cicero's Zeit berühmt.
70245	abschließen	schließen	ab	3.000000	1.699670	Diese Ausdrucksweise ist vielmehr nur mit der Auffassung vereinbar, daß die Regierung den Vertrag bereits mit völkerrechtlicher Kraft und Wirksamkeit abgeschlossen habe und hierauf zur Vollziehung desselben im Inlande die Genehmigung des Reichstages einholt.
70246	abrutschen	rutschen	ab	3.000000	1.763830	D. h. ich rutsche ab, die Mittel und Kräfte gehen zu Ende.
70247	abklingen	klingen	ab	3.000000	1.943650	Er begann mit einem heiteren behaglichen Thema, breitete es nach mehreren Seiten hin aus, steigerte die Wirkung bis zur rauschenden Höhe, und ließ die sanftesten Modulationen im weichen Decrescendo abklingen.
70248	abtragen	tragen	ab	3.000000	1.943650	Frontispize und Kuppeln existieren in diesem Augenblick nicht mehr; sie drohten Einsturz und man hat beides abgetragen.
70249	abdrehen	drehen	ab	3.000000	2.000000	Sie werden hierauf mehrere Tage hindurch dem Trockenen an der Luft ausgesetzt, dann ähnlich den Vasenstücken, aber allenthalben weiter abgedreht und schließlich in Kapseln gebrannt.
70250	abschicken	schicken	ab	3.000000	2.160250	Sie erhalten dann Vorschläge zu Aktionen wie z.B. fertige Appellbriefe, die Sie direkt abschicken können.
70251	ablesen	lesen	ab	3.000000	2.160250	Der kleinere dieser Hohlzylinder (A ), das eigentliche Gasometer, ist kalibriert und trägt eine Skala, an der man die Größe des Hohlraums von Null bis zu einer beliebigen ins Auge gefassten Zahl ablesen kann.
70252	abhauen	hauen	ab	3.000000	2.309400	"Zehnmal lieber haue ich einem Kerl wie dem Märzfeld mit meinem Säbel den Kopf ab bei einem Duell! """
70253	abschauen	schauen	ab	3.100000	0.737865	&quot; Was &quot;, so ist man versucht zu fragen &quot; haben sie dabei den Haien abgeschaut, um so schnell schwimmen zu können?
70254	abkürzen	kürzen	ab	3.100000	1.197220	Es erwies sich als ganz untunlich, die Sache abzukürzen, indem man direkt die erste Veranlassung der Symptome in ihre Erinnerung zu evozieren suchte.
70255	abtragen	tragen	ab	3.100000	1.370320	Es wurden nämlich in Einer Woche, Ende Nov. 1839, im Ganzen 1,585,973, und in dem nämlichen Zeitraum 1848 nicht weniger als 6,382,941 Briefe abgetragen.
70256	ablesen	lesen	ab	3.100000	1.449140	Wie viel Arbeitsspeicher noch frei ist, lässt sich in der Textauflistung darunter bei &quot; verfügbar &quot; ablesen, der Wert summiert sich in etwa aus &quot; Im Cache &quot; + &quot; Frei &quot;.
70257	abwerten	werten	ab	3.100000	1.449140	Ohne die gute und vor allem disziplinierte Leistung der Stockumer abwerten zu wollen - aber hier haben wir uns selber um ein Erfolgserlebnis gebracht und eine ärgerliche Niederlage kassiert.
70258	abwerten	werten	ab	3.100000	1.523880	Aber wenn manN nach der Optik sondiert, zum Teil Frauen das Frausein abspricht und sie abwertet, dann ist das völlig in Ordnung.
70259	abfüllen	füllen	ab	3.100000	1.595130	Nachdem ich die Dose bereits hatte, habe ich erfahren dass Ralle den 2 K Füller von Lesonal vertreibt und wohl auch kleinere Mengen abfüllt.
70260	abzeichnen	zeichnen	ab	3.100000	1.663330	Sie hatte ihren Mantel abgeworfen: in tadelloser Linie zeichnete sich ihre leicht gewölbte Büste unter einem dünnen schwarzweißen Batistkleid ab.
70261	abstecken	stecken	ab	3.100000	1.728840	Dem Kiamil Pascha sagte er bei seiner Abschiedsaudienz, er gebe der Pforte den Rat, die Grenzen so bald als möglich abzustecken, denn er sei des langen Wartens überdrüssig.
70262	abfüllen	füllen	ab	3.100000	1.791960	Sie waschen sich nach alter Tradition die Augen mit dem Quellwasser aus und nehmen es - in Flaschen abgefüllt - mit.
70263	abwenden	wenden	ab	3.100000	1.911950	Wir werden alle von unserem Schöpfer geprüft und um dies zu bestehen dürfen wir uns NIEMALS von ihm abwenden.
70264	abbrennen	brennen	ab	3.100000	1.911950	Die Farbe soll dunkelgrau bis dunkelbraun, vollkommen gleichförmig sein; die Körner dürfen nicht durch weiße Fleck ein Ausblühen des Salpeters verraten, dürfen nicht abfärben, sollen sich schwierig und unter Knirschen zerdrücken lassen und leicht abbrennen.
70265	abwählen	wählen	ab	3.100000	1.969210	Rot-Grün ist gestern abgewählt worden, Gerhard Schröder ist politisch am Ende.
70266	abkaufen	kaufen	ab	3.100000	1.969210	103 Wer der wahren selbst bedarf, dem ist bös abkaufen.
70267	absperren	sperren	ab	3.100000	1.969210	Tausend andere von den ärmeren Volksklassen bewohnte Boote bilden Straßen und Gassen; die der Aussätzigen liegen gesondert und abgesperrt.
70268	abtragen	tragen	ab	3.100000	1.969210	Von dem eigentlichen jüdischen Gedanken blieb, nachdem Jesus gelebt hatte, nichts mehr übrig; wie nach vollendetem Tempelbau, konnte das Gerüst abgetragen werden.
70269	abkürzen	kürzen	ab	3.200000	1.316560	des Bundesgesetzes über die berufliche Alters -, Hinterlassenen - und Invalidenvorsorge (SR 831.20, abgekürzt: BVG ) sei eine bei einem Kapitalbezug während der dreijährigen Sperrfrist erfolgte Einkaufsleistung vom Steuerabzug ausgeschlossen.
70270	abgeben	geben	ab	3.200000	1.398410	Die Seminararbeiten sind in zweifacher Ausfertigung zzgl. CD spätestens am 15.08.2014, 12:00 Uhr, im Sekretariat abzugeben.
70271	abweisen	weisen	ab	3.200000	1.398410	Mit Vernehmlassung vom 11. März 2010 beantragt der Stadtrat V, der Rekurs sei unter Kosten - und Entschädigungsfolge zulasten der Rekurrentin abzuweisen.
70272	abfahren	fahren	ab	3.200000	1.398410	Endlich waren die leeren Wagen abgefahren, die Herden in den weitläufigen, an das Haus angebauten Ställen untergebracht, es war Abend, und Diethelm fühlte sich so wohl daheim, daß ihm die vergangenen Tage und das Hinaussehnen wie ein Traum erschien.
70273	abwählen	wählen	ab	3.200000	1.475730	ich hatte das fünf jahre lang bevor ich es nach der 11. abgewählt hab.
70274	abzeichnen	zeichnen	ab	3.200000	1.549190	Dass Erwachsene damit oft Schwierigkeiten haben, stelle ich oft in meinen Kursen fest, wenn ich Landschaften oder Stillleben abzeichnen lasse.
70275	abrutschen	rutschen	ab	3.200000	1.619330	Das beliebte Heidelberg rutschte von Rang 14 auf 18 ab, Münster ging um zwei Plätze nach vorn (15 ).
70276	abtragen	tragen	ab	3.200000	1.619330	Und im Herbst 1793 wurden auf Befehl des vom Konvent eingesetzten Bürgermeisters Monet binnen 3 Tagen 235 Statuen, wie das amtliche Protokoll mit Genugtuung feststellt, in Stücke geschlagen; der Münsterturm selbst sollte abgetragen werden.
70277	abwenden	wenden	ab	3.200000	1.813530	Er will sprechen, aber er sagt nur drei Worte: &quot; Ich bedanke mich &quot;, er hat Tränen in den Augen, mehr reden kann er nicht, er wendet sich ab, alle schweigen betreten.
70278	abwenden	wenden	ab	3.200000	1.813530	Grund der Verpflichtung wäre die dem Berechtigten entzogene Möglichkeit die streitige Sache vorher zu verkaufen, und dadurch jeden Schaden von seinem Vermögen abzuwenden.
70279	abtasten	tasten	ab	3.200000	1.873800	Die Kameraführung war konfrontativ und ausweichend zugleich: Sie tastet ihre Objekte förmlich ab, um sich dann wieder zurückzuziehen und sie in unendlich langen Einstellungen zu erfassen und zu umkreisen.
70280	abhauen	hauen	ab	3.200000	2.097620	Alle die Frauen, welche zugesehen hatten, wie ich tausend Streiche mit dem Ochsenziemer bekam, hatten Mitleid mit mir, als sie davon hörten, dass mir die Hand abgehauen werden sollte.
70281	abhauen	hauen	ab	3.200000	2.097620	Das Wild ist freiherrlich, macht sich seine Wege nach seiner Bequemlichkeit, nachdem das Holz aufwächst oder abgehauen wird, je nachdem das Unterholz sich ändert oder rundum die Kultur, denn es ist eben auch sehr empfänglich für die Kultur.
70282	absenken	senken	ab	3.200000	2.097620	Endlich versteht sich der Reis der kleineren Barke, unser Gebot anzunehmen, was auf 1500 Piaster pro Monat lautet; der Andere, dem Katschak von Assuan gehörig senkt ab.
70283	absenken	senken	ab	3.300000	1.059350	5: Lautstärke absenken - Button Die Lautstärke wird jedesmal abgesenkt, wenn Sie auf diesen Button klicken.
70284	abwählen	wählen	ab	3.300000	1.251670	War da nicht vor ein paar Tagen die Rede von &quot; Schiedsrichter abwählen &quot;?
70285	abgewöhnen	gewöhnen	ab	3.300000	1.337490	Wenn du dir das Rauchen abgewöhnen willst, wirst du es mit Sicherheit können.
70286	abfüllen	füllen	ab	3.300000	1.337490	Wo man genötigt ist, schlechtere Butter zu nehmen, da reicht jedoch das Auswaschen nicht hin, sie muß nach langsamem Schmelzen vom käsigen Bodensätze, welcher dem Gelingen des zu Backenden hinderlich ist, abgefüllt werden.
70287	abkürzen	kürzen	ab	3.300000	1.494430	Mit dem Prozentzeichen % können Sie Suchbegriffe abkürzen: zum Beispiel bei Eingabe von Umwelt % werden alle Suchbegriffe gefunden, die mit &quot; Umwelt &quot; anfangen (Umweltschutz, Umweltverschmutzung, etc ).
70288	abschauen	schauen	ab	3.300000	1.494430	Sie schauen sich das immer recht schnell von den Eltern ab.
70289	abschütteln	schütteln	ab	3.300000	1.567020	In diese Welt fiel das Wort Christi; von diesen fieberkranken Menschen wurde das sichtbare Gebäude der christlichen Religion zunächst aufgeführt; die Spuren des Deliriums vermochte es nie ganz abzuschütteln.
70290	absehen	sehen	ab	3.300000	1.567020	Er erlag seinen Gegnern, welche schon glaubten daß er es auf eine allgemeine Umwandlung der Verfassung abgesehen habe.
70291	absenken	senken	ab	3.300000	1.636390	Jetzt kommt das komische, mir ist aufgefallen dass, wenn man ihn zuerst auf Höchststellung bringt und dann auf Normalstellung absenken lässt, funktiniert die Federung wie sie soll (lässt sich mit 70 kg fast bis zum Boden durchdrücken ).
70292	abtrennen	trennen	ab	3.300000	1.702940	Wie ich bereits gezeigt habe, ist Agassiz von dieser Spezieseinteilung später wieder abgewichen, indem er von dem Seelachs (S. lacustris ) eine zweite Art abtrennte.
70293	abkaufen	kaufen	ab	3.300000	1.766980	Bei wiederholtem Befragen erklärte der edle Pole dem Kaiser seine eigene Verblüffung, dass das rote Zeug von irgendwelchem Werte sein könnte, das er scherzeshalber auf einem Jahrmarkt zu Krakau einem Marktschreier für geringes Geld abgekauft habe.
70294	abschicken	schicken	ab	3.300000	1.766980	Dem König gefiel der Rat und er schickte einen von seinen Hofleuten an das Schneiderlein ab, der sollte ihm, wenn es aufgewacht wäre, Kriegsdienste anbieten.
70295	abtasten	tasten	ab	3.300000	1.888560	"Aber damit, dass man die Zählkunst bis auf die niedrigste Stufe zurückführen kann, wo man noch die "" 2 "" oder ""3 "" an den Fingern mühsam abtasten muss, ist für das eigentliche Verständnis des Zählens nicht das Geringste gewonnen."
70296	abschicken	schicken	ab	3.300000	2.057510	Dieser Brief war in einem so beleidigenden Tone geschrieben, daß der Prinz keine Antwort darauf gab, sondern den Obersten Parquin an den Grafen Leon abschickte, um ihm die Gründe auseinander zu setzen, welche die Familie zu dieser Handlungsweise bestimmten.
70297	abschieben	schieben	ab	3.300000	2.057510	Man pflegt, um die Rückenfläche mit dem Kastenrande abschneiden zu lassen, den überflüssigen Sand mittels eines Richtscheits abzuschieben.
70298	abwandern	wandern	ab	3.400000	1.074970	Sie gab es zu, nötigte mich aber nicht zum Sitzen, eine innere heftige Bewegung schien sie, daß ich mich des Ausdrucks bediene, vergehen zu wollen, denn sie wanderte mit mir im Zimmer auf und ab.
70299	abdrücken	drücken	ab	3.400000	1.173790	Man gießt über die in einen Rahmen gelegte Druckform einen dünnflüssigen Gipsbrei, der in wenigen Minuten erstarrt, worauf er abgehoben werden kann und die Typen als Vertiefungen genau abgedrückt enthält.
70300	absenken	senken	ab	3.400000	1.349900	Man leitet das Wort von einer bekannten Schlußform ab, welche den Namen barocco hat; nach Anderen soll es so viel als schief bedeuten und von den vertieften Rahmen gebraucht sein, die mit schräger Fläche zum Bild oder Spiegel sich absenken und noch jetzt Barockrahmen heißen.
70301	abfahren	fahren	ab	3.400000	1.429840	Die &quot; Alte Rader Schule &quot; ist eigentlich gut zu finden: Im Prinzip fährt man von der A 7 ab, biegt nach ca. 3 km einmal ab und fährt dann bis kurz vor dem Ziel immer gerade aus.
70302	abtragen	tragen	ab	3.400000	1.429840	Sieben Hydraulikbagger, ein Radlader, Grader, Lastwagen, Werkstattfahrzeuge und eingespielte Geräteführer, die genau wissen, wie eine Brücke abzutragen ist, sind nun gefragt.
70303	abgewöhnen	gewöhnen	ab	3.400000	1.505550	mir versucht meine Trainerin gerade das &quot; unter dem Körper &quot; abzugewöhnen.
70304	abfahren	fahren	ab	3.400000	1.505550	"Darob großer Jubel vor dem Mast; Vormittags machten wir uns "" landfein, "" nach dem Mittagsessen fuhren wir ab."
70305	abkürzen	kürzen	ab	3.400000	1.577620	Die Lücke wird nun gefüllt mit einem &quot; Sports Activity Coupé &quot;, ein Name, der bei der allgemeinen Euphorie für dreibuchstabige Abkürzungen sicherlich bald zu SAC abgekürzt werden wird, was in den USA für &quot; Strategic Air Command &quot; steht.
70306	abgeben	geben	ab	3.400000	1.577620	Die Deklarationen über die Niederlegung und die Abfolgebriefchen über den Bezug der Waren sind an den mit der Ermittelung der letzteren beauftragten Verwalter im Mühlengassenlager Herrn Bannes abzugeben.
70307	abgewöhnen	gewöhnen	ab	3.400000	1.577620	O, das schadet nichts; Sie werden sich das Biertrinken und Zigarrenrauchen abgewöhnen, nachher wird es schon reichen!
70308	abkürzen	kürzen	ab	3.400000	1.776390	Schwieriger, und zugleich praktisch wichtiger, ist die Frage bei einem neuen Gesetz, welches den Zeitraum abkürzt.
70309	abtrennen	trennen	ab	3.400000	1.837870	Der Laderaum muss von dem Fahrerraum abgetrennt sein, keine hinteren Seitenscheiben.
70310	abkürzen	kürzen	ab	3.400000	1.897370	Die Methoden, welche die Arbeitsperiode abkürzen, sind in verschiedenen Industriezweigen nur in sehr verschiedenem Grad anwendbar und gleichen nicht die Unterschiede in der Zeitlänge der verschiedenen Arbeitsperioden aus.
70311	abhauen	hauen	ab	3.400000	2.011080	Deine Stiefschwester hat längst den Tod verdient, heute Nacht wenn sie schläft, so komme ich und haue ihr den Kopf ab.
70312	abschütteln	schütteln	ab	3.400000	2.011080	Die Bourgeois-Republikaner glauben kaum festzustehn, als sie den lästigen Kameraden abschütteln und sich selbst auf die Schultern der Ordnungspartei stützen.
70313	abwenden	wenden	ab	3.500000	1.080120	Davon muß ich mich jedoch abwenden, denn ich bin Musiker und habe mit Atonalem nichts zu tun.
70314	abnehmen	nehmen	ab	3.500000	1.269300	""" Den Pfaffen, der ruchlosesten Räuberbande "", sollten "" zur Förderung der Frömmigkeit "" die Last des Reichtumes abgenommen, alles Gold und Silber in der Kirche sollte eingeschmolzen, die Edelsteine verkauft und mit dem Gesamterlös Kriegsheere unterhalten werden."
70315	abreißen	reißen	ab	3.500000	1.354010	wir werden alles abreißen und neue unglaubliche städte des lichtes errichten, die sein werden wie wolken, feuer und ozean in einem!
70316	ablesen	lesen	ab	3.500000	1.354010	[Formel]. Es sind auf der Röhre 0,5 mm noch deutlich abzulesen, also mit vorliegender Wasserwage ein Abstand [Formel], bezw. größere Abstände auf 0,0025 mm genau zu bestimmen.
70317	abstecken	stecken	ab	3.500000	1.354010	Der Platz ist gedrängt voll Menschen; von allen Seiten rückt Nationalgarde heran, das Volk empfängt sie mit Hochs, sie steckt die Bajonette ab und entfernt sich bald wieder unter dem Beifalljauchzen des Volkes.
70318	abtransportieren	transportieren	ab	3.500000	1.433720	Die Arbeiter der nahegelegenen Fabrik für Fischereibedarf stellen die Produktion von Netzen auf Fischgeschirre um, und bald transportieren die mutierten Viecher ihre unmutierten, im Schlamm sterbenden Exartgenossen ab.
70319	abbiegen	biegen	ab	3.500000	1.581140	Doch wenn Sie die Einsamkeit vorziehen, müssen Sie auch hier nur auf eine der schönen Nebenstraßen abbiegen.
70320	abfüllen	füllen	ab	3.500000	1.649920	Auch heute noch ist neben Gemüseanbau und Tourismus der Weinbau ein sehr wichtiger Wirtschaftszweig; die Gebiets-Winzergenossenschaft Franken (GWF ) mit Sitz in Repperndorf erzeugt pro Jahr rund 12 Millionen Liter Frankenwein, der überwiegend in Bocksbeutel abgefüllt wird.
70321	abwischen	wischen	ab	3.500000	1.649920	Sie werden klar aufgefordert, die Tränen abzuwischen und möglichst schnell zur Tagesordnung überzugehen.
70322	abbiegen	biegen	ab	3.500000	1.649920	Im Tale bogen wir links ab nach der Quelle Ein Sultan, an Wasserleitungsruinen vorbei, die wahrscheinlich früher aus dieser Quelle gespeist wurden; auch soll dabei eine Zuckermühle gelegen haben, wie Robinson sagt, deren Ruinen Abeken besah.
70323	abwerten	werten	ab	3.500000	1.779510	Leider wird dieser schöne Zustand der Freundschaft sehr abgewertet durch den Begriff der Geschäftsfreundschaft.
70324	abschütteln	schütteln	ab	3.500000	1.779510	Die Buben einmal rittlings auf das Knie gesetzt, mich zwei Minuten mit ihnen durchs Zimmer gejagt, und damit basta, wieder abgeschüttelt!
70325	abgewöhnen	gewöhnen	ab	3.500000	1.840890	"Riehl (Die bürgerliche Gesellschaft, S. 88) sagt: ""Bauern kann man das Murren ebenso wenig abgewöhnen, als den Wölfen das Heulen."""
70326	abschieben	schieben	ab	3.500000	1.957890	Im Trabe schiebt das Pferd z. B. mit dem rechten Hinterbeine die Last ab.
70327	abwerten	werten	ab	3.555560	1.878240	Der US-Dollar wertet annahmegemäß gegenüber dem Euro bis Ende 2012 um 16,7% ab.
70328	abdrücken	drücken	ab	3.600000	0.966092	Dann nahm er erneut das Ziel auf und drückte ab.
70329	abfahren	fahren	ab	3.600000	0.966092	Ich bin neu hier, und habe vorgesehen, im kommenden Monat einige Tage mit der Bahn durch Kroatien zu fahren, zu einem um die Strecken mal abzufahren (bin Eisenbahnfan ), zudem auch Stadtaufenthalte zu machen, u.a. Zagreb, Rijeka.
70330	abgewöhnen	gewöhnen	ab	3.600000	0.966092	Allerdings sei dazu erwähnt, dass die Akkus damals noch recht neu waren und deshalb nur einen Teil ihrer optimalen Leistung bringen konnten, andererseits benutzte ich das Display noch extensiv und zum Teil im Dauerbetrieb, was ich mir inzwischen abgewöhnt habe.
70331	abtöten	töten	ab	3.600000	0.966092	Der Konservierungseffekt tritt ein, da die Mikroorganismen, die an natürlichen Nahrungsmitteln zwangsläufig siedeln, ihre Aktivität einstellen und zum Teil sogar abgetötet werden.
70332	abdrehen	drehen	ab	3.600000	1.173790	Zum Glück scheinst du ja wenigstens die Mutter nicht abgedreht zu haben, dass ist nämlich ein ziemlich windiges Stiftchen.
70333	abgeben	geben	ab	3.600000	1.505550	Der Traber den ich ritt sollte abgegeben werden und mein Mann meinte lapidar, willste den haben?
70334	abtransportieren	transportieren	ab	3.600000	1.505550	Als er aus dem Fenster seiner Wohnung schaut, sieht er gerade noch, wie die tote Cynthia abtransportiert wird.
70335	abrutschen	rutschen	ab	3.600000	1.505550	Nachdem ich meine Hände an seine Knie gelegt hatte, so daß er nicht abrutschen konnte, kniete er auf meinen Achseln so sicher wie zur ebenen Erde.
70336	abwischen	wischen	ab	3.600000	1.646550	Es ging mir nicht darum, mir mit Deinem Text den Allerwertesten abzuwischen.
70337	absenken	senken	ab	3.600000	1.646550	Rückwärts, auf dem östlichen Abhange des Kirchhügels, senkte der Friedhof sich ab, während die Schule der Pfarrwohnung gegenüber am Eingang der Dorfstraße errichtet war: neu, reinlich und räumlich wie diese gesamte Anlage.
70338	abdrücken	drücken	ab	3.600000	1.776390	&quot; Das ist fast so, als würde man einem Taucher unter Wasser die Luft abdrücken &quot;, sagt Schmidt.
70339	abnehmen	nehmen	ab	3.600000	1.776390	Ihre &quot; Tatwaffen &quot;, die ihr nach der Tat von den Religionswächtern abgenommen würden, blieben übrigens konfisziert, um Wiederholungstaten zu vermeiden.
70340	abtrennen	trennen	ab	3.600000	1.776390	Wenn die Grundform des Namens betont werden soll, kann man den Namen zwar groß schreiben, muß dann jedoch die Endung mit einem &quot; &apos; &quot; abtrennen.
70341	ablesen	lesen	ab	3.600000	1.837870	Pillersdorff endete seinen langen Vortrag, welchen er vielfach von einem Blatte ablas, unter großem Beifall.
70342	abgewöhnen	gewöhnen	ab	3.700000	0.948683	Doch muß das Tier fortwährend an Stricken gehalten werden, da ihm keine Abrichtung seine Raubgelüste abgewöhnen kann.
70343	abnutzen	nutzen	ab	3.700000	1.159500	Sieht eigentlich alles in Ordnung aus und kann auch nix abgenutzt sein da sie nur die Einlaufrunde hinter sich hat.
70344	abbrennen	brennen	ab	3.700000	1.337490	Die Besitzerin Anna Martschitsch in Seldorf ist vor kurzer Zeit abgebrannt.
70345	abbrennen	brennen	ab	3.700000	1.337490	Wenn man von Jemanden, dessen Haus abgebrannt ist, mit Rücksicht auf seinen Verlust sagt, er sei abgebrannt, so ist dies eine Metonymie.
70346	abdrücken	drücken	ab	3.700000	1.418140	In dem Steine sieht man zwei lange Tritte, die sich von den Füßen des heiligen Mannes abgedrückt haben.
70347	abfüllen	füllen	ab	3.700000	1.418140	Oder es wird ein Stück magerer Speck gekocht, das Fett abgefüllt, in einem anderen Topf kochend heiß gemacht, etwas Mehl darin geschwitzt, Speckbrühe dazu gerührt, die Bohnen wie oben darin gestovt und mit dem Speck angerichtet.
70348	abnehmen	nehmen	ab	3.700000	1.418140	Dabei erzählt man sich, daß in demselben Augenblicke, als an der Neuenkircher Brücke der Sarg von der Bahre abgenommen ist, die Stralsunder noch die ganze Bahre mit blanken Gulden haben bedecken müssen, so viele deren aufgehäuft darauf haben liegen können.
70349	abweisen	weisen	ab	3.700000	1.418140	Dagegen bezweifle ich nicht, daß der Beklagte auch in diesem Fall mit der contravindic. seines Teils zugelassen wurde, da es doch immer einen Unterschied machte, ob bloß der Kläger ihm gegenüber abgewiesen oder er umgekehrt ihm als Teilberechtigter anerkannt wurde.
70350	abtrennen	trennen	ab	3.700000	1.567020	Habe schon gesehen, dass der Besitzer eines Vergaser-Coopers diesen Schild abgetrennt und nur noch den oberen Teil mit Gas - und Choke-Zug Halterung erhalten hat.
70351	abwandern	wandern	ab	3.700000	1.567020	Nur die Schutzmannsposten, die langsam vor dem Fabrikthor auf und abwanderten, und das laute Leben in den Schankwirtschaften deuteten auf die Ereignisse des Tages hin.
70352	abtransportieren	transportieren	ab	3.700000	1.636390	Im ersten Obergeschoss brachen sie einen etwa 100 kg schweren Tresor aus der Wand und transportierten ihn offensichtlich mit einem Fahrzeug ab.
70353	abtasten	tasten	ab	3.700000	1.636390	Endlich streckte Reynell die Hand aus und sich tief bückend, tastete er die Dielen innen rundherum ab, so weit sein Arm nur reichte.
70354	abwischen	wischen	ab	3.700000	2.110820	Auch in Ägypten ist man der Ansicht, man soll, wenn einem die Mittel beschieden seien, erst die Seinigen genießen lassen, indem man sagt: Klebt Fett an deiner Hand, so wische sie an deinem nächsten Freunde ab.
70355	abgewöhnen	gewöhnen	ab	3.800000	0.632456	Sie müssen sich abgewöhnen, jedesmal wieder von neuem darüber zu staunen.
70356	absperren	sperren	ab	3.800000	0.632456	Plötzlich stand er neben ihr, das Tor fiel hinter ihm zu, sie sperrte ab, zündete ein Wachskerzchen an und leuchtete ihm vor.
70357	abgeben	geben	ab	3.800000	0.788811	Inserate müssen bis jeweilen spätestens Dienstag und Freitag vormittags 10 Uhr abgegeben werden.
70358	abtransportieren	transportieren	ab	3.800000	0.918937	An deren Stelle setzte man eine allerdings kostspielige Oberflächendrainage für Niederschlags- und Abfallwässer mit Ausschluss der Fäkalstoffe, die selbständig abtransportiert werden müssen.
70359	abgeben	geben	ab	3.800000	1.032800	Eigentlich sollte Susu &quot; ganz normal &quot; bei uns abgegeben werden, denn ihre Menschen wollten sie nicht mehr.
70360	abtasten	tasten	ab	3.800000	1.032800	Ein anderer Arzt untersucht mich nochmal, tastet vor allen Dingen die Lymphknoten genau ab.
70361	abnutzen	nutzen	ab	3.800000	1.032800	Da sie besonders dazu bestimmt sind, härtere Teile, wie z. B. Muschel- und Krebsschalen zu zermalmen, so bilden sie meist flache Scheiben oder mehr oder minder gewölbte Massen, welche gewöhnlich durch gegenseitige Reibung sich mehr oder minder abnutzen.
70362	abreißen	reißen	ab	3.800000	1.316560	Sie könnte dann etwa verpflichtet werden, heruntergekommene und verlassene Häuser abreißen zu lassen.
70363	abschicken	schicken	ab	3.800000	1.316560	Er machte seiner Tochter erst Mitteilung davon, als der Brief abgeschickt war.
70364	abrutschen	rutschen	ab	3.800000	1.398410	Auch ick hab ma gerade in die Hand geschnitten, als ich beim Brötchenaufschneiden abgerutscht bin.
70365	abgeben	geben	ab	3.800000	1.398410	Obwohl der Arni zu den selteneren Tieren gezählt werden muß, wird derselbe doch manchmal jung von den Gebirgsbewohnern in Schlingen gefangen und dann gewöhnlich gegen eine geringe Summe an die Befehlshaber der zunächstliegenden Kriegsposten abgegeben.
70366	abkaufen	kaufen	ab	3.800000	1.398410	Der entgegengesetzte Erfolg tritt nun für ihn ein, sobald die Umsetzung des Verhältnisses in Geldform von der anderen Seite her geschieht, d. h. sobald der Grundherr ihm das Stück Land abkauft, das er bisher zu besseren oder schlechteren Rechten besessen hat.
70367	abbrennen	brennen	ab	3.800000	1.619330	Als du sagtest das es besser abbrennen soll, dachte ich du willst Rauchzeichen machen, also schon fast kokeln.
70368	abreißen	reißen	ab	3.800000	1.686550	So nennt man ein Abbruchwerkzeug, das dann verwendet wird, wenn Stahlbetonbauteile ohne Sprengungen abgerissen werden müssen.
70369	abgeben	geben	ab	3.900000	0.737865	Hierdurch wird der Wasserabfluss überhaupt verlangsamt, durchlässiger Boden wird durch die Streudecke teilweise undurchlässig und gibt etwas mehr Wasser seitlich an die Flüsse ab, als beim Fehlen des Waldes.
70370	abkaufen	kaufen	ab	3.900000	0.875595	Wenn du dir überlegst das du vieleich, wenn überhaubt 500 Euro bezahlst und hast dann welpen mit Papieren die dir für 1500 Euro abgekauft werden dann lohnt das schon und du bist auf der sicheren Seite mit denn Welpen.
70371	ablesen	lesen	ab	3.900000	0.875595	Auf diese Werte schaut man an normalen Tagen schon sehr interessiert, um die Aktienentwicklung ablesen zu können.
70372	abkaufen	kaufen	ab	3.900000	0.875595	Er sagte zu Baruch, er beabsichtige, ihm Einiges von den soeben eingehandelten Zeugstoffen, etwa einen Schal oder Ähnliches, abzukaufen.
70373	abnehmen	nehmen	ab	3.900000	0.875595	Fremden, welche bewaffnet ankommen, sind von den Wachen die Waffen abzunehmen
70374	absperren	sperren	ab	3.900000	1.100500	Sie sind dafür verantwortlich, dass Produktströme in Leitungen und Anlagen zuverlässig abgesperrt werden.
70375	absperren	sperren	ab	3.900000	1.100500	Das Recht der Kriegsstaaten, einen Hafen oder eine Küste des feindlichen Gebiets für den Handel abzusperren, zu blockieren, wird in Kriegszeiten von Alters her geübt und völkerrechtlich anerkannt.
70376	absperren	sperren	ab	3.900000	1.197220	Die Anlagen stehen in D bis zu 80 m an Autobahnen, Landstraßen und Wegen heran und sind im Gefärdungsradius von 400 - 600 m nicht abgesperrt!
70377	abtöten	töten	ab	3.900000	1.197220	Ich habe dieses problem auch mal gehabt, Frontline half da gernichts bis der Tierarzt mir das Advantage gab und die katzen eine sprize was die aktriven tiere abgetötet.
70378	abnutzen	nutzen	ab	3.900000	1.197220	Dagegen geht er wohl zu weit, wenn er das Plasma stets in demselben Grade, als es äußerlich durch Bildung anderer Stoffe abgenutzt, aufgebraucht wird, von innen her, durch Auflösung der äußeren Kernschichten, ersetzt werden lässt.
70379	abbrennen	brennen	ab	3.900000	1.286680	Die Kathedrale wurde, nachdem sie 1174 vollständig abgebrannt war, neu aufgebaut.
70380	abkaufen	kaufen	ab	3.900000	1.286680	Dieser kauft beispielsweise dem Lieferanten einer Ware dessen Forderung gegen den Käufer (gegen Zahlung eines Teilbetrags der Forderung ) ab und trägt das Risiko der Insolvenz des Käufers.
70381	abdrehen	drehen	ab	3.900000	1.286680	Das Ende des einen Rohres ist abgedreht und schiebt sich in dem mit Stopfbuchse versehenen Ende des anderen.
70382	abkaufen	kaufen	ab	3.900000	1.370320	Der Herr verzieh ein kleine Zeit, So wollen mir brengen solche Leute, Denen mir ihn abgekauft haben.
70383	ablesen	lesen	ab	3.900000	1.370320	Die Umdrehungen der Schraube lassen sich an einem über dem Bügel sichtbaren Maßstab ablesen.
70384	abschicken	schicken	ab	3.900000	1.370320	Man hat es in der Gewalt, von der Stelle aus, von der das Torpedo abgeschickt ist, fortwährend seine Richtung und Geschwindigkeit zu ändern, und zwar durch eine Dynamomaschine und eine einfache Batterie.
70385	abgeben	geben	ab	3.900000	1.523880	Sie können auch einen rosa Fernleihschein (erhältlich an Serviceplatz 2 ) selbst ausfüllen (nur mit Schreibmaschine ) und am Serviceplatz 2 wieder abgeben.
70386	abdrehen	drehen	ab	3.900000	1.523880	Zu solchen großen Stücken richtete unser erfindungsreicher Mechanikus seine Hammer- und Stosswerke so vorteilhaft ein, dass er ein Stück Eisen von 40 bis 50 Ztr. leicht heben. schmieden, abdrehen und bohren konnte.
70387	abgeben	geben	ab	3.900000	1.595130	Jain welchem Zeitfenster kann ich raussuchen wann ich den Führerschein abgeben muss?
70388	ablesen	lesen	ab	3.900000	1.595130	Und wie man hier an den Kommentaren mal wieder hervorragend ablesen kann, ist das Feiern nun mal nicht der Remscheider ihr Ding und wenn dann mal doch, dann geht man dafür lieber in den Keller.
70389	abkürzen	kürzen	ab	3.900000	1.595130	Von Meppen bis Herbrum wurde die Ems kanalisiert, die größeren Krümmungen wurden abgekürzt und, um die für die Schiffahrt nötige Tiefe zu erlangen, fünf Wehre erbaut, deren Gefälle durch ebenso viele in den Durchstichen angebrachte Schleusen überwunden wurde.
70390	abgeben	geben	ab	3.900000	1.663330	Franco Offerten sub A. L. wolle man in der Exped. abgeben.
70391	abkaufen	kaufen	ab	3.900000	1.663330	Da sprach das Mädchen “das muß die Königstochter sehen, die hat so große Freude an den Goldsachen, daß sie euch alles abkauft.” Es nahm ihn bei der Hand und führte ihn hinauf, denn es war die Kammerjungfer.
70392	abbrennen	brennen	ab	3.900000	1.728840	Der neue Herr besaß die Stadt erst zwei Jahre, als sie vollständig abbrannte.
70393	abkürzen	kürzen	ab	4.000000	0.942809	Den kompletten Satz kann man, wie im Japanischen üblich, ziemlich stark abkürzen, wenn klar ist, daß das Subjekt &quot; watashi &quot; und das Dativ-Objekt der Angesprochene ist; dann bleibt nur noch... te morau /... te moraimasu übrig.
70394	abwählen	wählen	ab	4.000000	0.942809	Vielleicht sind die kommenden Wahlen, u.a. auch von Stadträten und Landtagsabgeordneten, eine Möglichkeit, die zu diesem Thema schweigenden Etablierten abzuwählen.
70395	absperren	sperren	ab	4.000000	1.054090	So wenn die Straße, in welcher die Feuersbrunst ausgebrochen ist, abgesperrt wird, um der Löschmannschaft freie Bewegung zu lassen.
70396	abwischen	wischen	ab	4.000000	1.247220	Die Wachsschicht soll das schnelle Eindringen von Feuchtigkeit in die Wandfläche verhindern, wodurch Spritzwasser abgewischt werden kann, schreibt Lesando.
70397	abkaufen	kaufen	ab	4.000000	1.563470	Dafür haben sie die Kamera nicht an mich, sondern fälschlicherweise an den Gewinner dieser, dem ich sie abkaufte gesendet.
70398	abschicken	schicken	ab	4.000000	1.658310	Auch nach Algier hat die Briefbeförderung sehr zugenommen - vor der allgemeinen Taxe hatte man vier Felleisen nötig - jetzt schon werden elf Felleisen abgeschickt.
70399	abfahren	fahren	ab	4.100000	0.567646	An der nächsten Kreuzung fahren Sie rechts ab (geradeaus kämen Sie wieder auf die B 27 Richtung Karlstadt ).
70400	absperren	sperren	ab	4.100000	0.737865	Er sperrte die Waldlichtung mit einer Schnur ab, in dem er die umstehenden Baumstämme miteinander verband.
70401	abfahren	fahren	ab	4.100000	0.875595	Ist ein Nachen besetzt, so muß sofort abgefahren werden; sonst können die Fährleute bei Tage 10 Minuten und bei Nacht 30 Minuten, von der ersten Anmeldung zum übersetzen an gerechnet, warten.
70402	absperren	sperren	ab	4.100000	0.994429	&quot; So haben wir die umliegenden Straßen abgesperrt und beratschlagt, wie der zu 80 Prozent mit Flüssiggas gefüllte Waggon wieder auf die Schienen zu bekommen ist.
70403	absaugen	saugen	ab	4.100000	0.994429	Beansprucht die erforderliche Arbeit längere Zeit, so ist es empfehlenswert, durch einen oder mehrere auf der Gicht aufgestellte Exhaustoren die Gase aus dem Schachte unmittelbar über der Beschickungsoberfläche abzusaugen.
70404	absperren	sperren	ab	4.100000	0.994429	Viele Häuser sind völlig abgesperrt, um die Gräuelscene zu verbergen und die Spuren zu vernichten.
70405	abfahren	fahren	ab	4.100000	1.100500	Hätte mir gedacht abfahrt 8.30. Dann sind wir ca. 10.00 in Freistadt.
70406	abnutzen	nutzen	ab	4.100000	1.100500	"Man musste die Kräfte der Menschen und Tiere im Übermasse aufwenden und abnutzen, um verhältnismässig geringfügige Resultate zu erzielen. "" (Flegler, S. 10.)"
70407	abwickeln	wickeln	ab	4.100000	1.100500	Das ist das Garn, das eben abgewickelt (oder gewebt) wird.
70408	abreißen	reißen	ab	4.100000	1.286680	Reisse ich die Minen dann nicht gleich ab, sondern lasse mir etwas Zeit, dann bekomme ich für eine zeitlang immer noch die Meldung wegen der Mine, obwohl diese schon längst abgerissen ist.
70409	abwischen	wischen	ab	4.100000	1.286680	Sie hatte nach der ersten Panikattacke festgestellt, das sie auch ein wenig durch das Klebeband hindurch atmen konnte und so hatte sie sich die Nase wieder und wieder an ihrer Bettdecke abgewischt.
70410	abrutschen	rutschen	ab	4.100000	1.370320	Der Bahndamm wurde ferner erheblich unterspült, so daß ein Schienenstrang abrutschte, eine Lok den Bahndamm herabstürzte und unten umgegekippt liegenblieb - bisher hat man sie lediglich provisorisch mit einer Plane abdecken können.
70411	abnehmen	nehmen	ab	4.100000	1.449140	Man könnte meinen, die Verschalungen wurden eben erst abgenommen.
70412	abwischen	wischen	ab	4.100000	1.523880	Der Kutscher wird deshalb stets alle abgeschwammten und abgespülten Teile auf das sorgfältigste mit einem feuchten Rehleder abwischen.
70413	abschicken	schicken	ab	4.200000	0.421637	Es ist aber noch nichtmal abgeschickt worden, also wird das mit dem Anspielen noch eine Weile dauern.
70414	abtrennen	trennen	ab	4.200000	0.918937	Das erlaubt es erst ein System zu nutzen, dann pyrotechnisch abzutrennen und dann das zweite.
70415	abbrennen	brennen	ab	4.200000	0.918937	Keine Rechtsvorschrift hinderte das Heer, die Häuser der Feinde abzubrennen und ihre Pflanzungen zu verwüsten.
70416	abbrennen	brennen	ab	4.200000	1.032800	In Höhlen finden ganze Festivals statt, Feuer werden abgebrannt, es wird dort übernachtet; selbst Schulen animieren dazu, die entlegensten Winkel einer Höhle zu erforschen (so ein Presseartikel ).
70417	absaugen	saugen	ab	4.200000	1.316560	dann könntest du auch versuchen den eiter abzusaugen (mit spritzkanüle ) aber nicht zuviel herumdrücken!
70418	absaugen	saugen	ab	4.300000	0.674949	Dank eines ausgeklügelten Belüftungssystems wird hier viel Energie gespart: Frische Luft strömt durch ein kleines Gitter an der Außenwand ins Innere des Raums und wird im Bad wieder abgesaugt, ohne dass der Gast durch Zugluft beeinträchtigt wird.
70419	absaugen	saugen	ab	4.300000	0.674949	Neben französischen, niederländischen und britischen Schiffen wird ab heute, Dienstag, auch das deutsche Spezialschiff &quot; Neuwerk &quot; ausgelaufenes Öl auf See absaugen.
70420	absaugen	saugen	ab	4.300000	0.674949	Das aus dem Generator kommende Gas strömte unmittelbar oberhalb des Kühlraumes in den Ofenschacht und ein Exhaustor diente dazu, die verbrauchten Gase aus der Gicht abzusaugen, um solcherart die für den Betrieb erforderliche Zuggeschwindigkeit aufrecht zu erhalten.
70421	ablesen	lesen	ab	4.300000	0.823273	im Computer ablesen: 5,8 Liter / pro 100 km.
70422	abtransportieren	transportieren	ab	4.300000	0.823273	Diese Kiste und viele andere mit den wertvollsten Gegenständen wurden in den Kalischacht &quot; Solvayhall &quot; bei Staßfurt zur Sicherung abtransportiert.
70423	abnutzen	nutzen	ab	4.300000	0.823273	Verwendet man die Flächen, auf welchen der Schlitten gleitet und welche durch ihn abgenutzt werden, als Stützflächen für den Reitstock, so ist eine genaue Lage desselben nicht zu erwarten.
70424	abschicken	schicken	ab	4.300000	0.948683	Dann hast du das Papier gefaltet, in den Briefumschlag gesteckt, du bist zur Post gegangen und hast den Brief abgeschickt.
70425	abbrennen	brennen	ab	4.300000	0.948683	Wer in gefährlicher Nähe von Gebäuden oder feuerfangenden Sachen mit Feuergewehr schießt oder Feuerwerke abbrennt
70426	abreißen	reißen	ab	4.300000	1.059350	Schnell stürmt er in die gegnerische Zone, reißt die Flagge dort ab und bringt sie in die eigene Base.
70427	absaugen	saugen	ab	4.300000	1.059350	Hierbei fallen die Unreinigkeiten heraus und saugt ein Exhaustor zu kurze Fäserchen ab.
70428	abwenden	wenden	ab	4.300000	1.059350	Piet konnte den Blick des schalkhaften Mädchens länger nicht aushalten; sich den Mund wischend, wendete er sich brummend ab.
70429	abwischen	wischen	ab	4.300000	1.337490	Dennoch lässt sich der Mascara leicht und schnell mit einem sanften Augen-Make-Up-Entferner abwischen, so dass auch für sensible Augenpartien und Trägerinnen von Kontaktlinsen ein vollerer Augenaufschlag möglich wird!
70430	abfahren	fahren	ab	4.400000	0.699206	Unter der Radarberatung durch die Schwimmeisterstation Duhnen und des Rettungskreuzers Hermann Helms der im Duhner Loch vor Anker gegangen war, fuhr unser Boot unter Einsatz der beiden starken Suchscheinwerfer den Wattweg nach Neuwerk ab.
70431	absaugen	saugen	ab	4.400000	0.699206	Mit dem Leviathan ist gleich ein Trockenapparat verbunden, welcher die Wolle beim Trockenen stets auflockert, wobei die feuchten Dämpfe abgesaugt werden.
70432	abwischen	wischen	ab	4.400000	0.699206	Beide waren von Schweiß und Staub bedeckt, sie sperrten den Mund auf und lechzten nach Atem, sahen und hörten nichts, was um sie her vorging und dicke Tränen rollten den armen Männern über die Gesichter, welche sie nicht abzuwischen Zeit hatten.
70433	abrutschen	rutschen	ab	4.400000	0.843274	Das Auflager der Balken spielt eine bedeutende Rolle; stets muß es groß genug sein, damit erstens die Balkenköpfe nicht abrutschen, zweitens der Druck auf eine möglichst große Mauerfläche übertragen werde und drittens die etwa beschädigten Balkenköpfe noch einen genügenden Halt finden.
70434	abwischen	wischen	ab	4.400000	0.843274	Ich will die Kinder tragen, die Windeln waschen, die Bänke, darauf sie gespielt haben, säubern und abwischen, und ihre zerrissenen Kleider flicken.
70435	absaugen	saugen	ab	4.400000	0.966092	Dazu habe ich einen Luftschlauch benutzt, damit ich möglichst viel &quot; Müll &quot; absaugen konnte ohne zu viel Wasser mit abzusaugen.
70436	abdrehen	drehen	ab	4.400000	0.966092	Aus dem Hammerwerk oder der Schmiedpresse wandern diese Stücke in die mechanische Werkstätte, wo sie zunächst annähernd auf das richtige Maß abgedreht und ausgebohrt und der Härtung unterworfen werden.
70437	abtrennen	trennen	ab	4.400000	1.074970	&quot;, zog sie beide auf seinen Schoß und trennte ihnen mit dem Diskus die Köpfe ab.
70438	abrutschen	rutschen	ab	4.400000	1.074970	Ebenso hat derselbe ausgedehnte Vermurungen und Rutschungen gesehen, welche dadurch entstanden sind, dass die Thonschieferschichten teilweise verwittert und mit Wasser vollgesogen auf den unterliegenden, steil geneigten Sandsteinschichten abrutschten und so mit dem darauf stockenden Waldbestand in die Tiefe kamen.
70439	abtransportieren	transportieren	ab	4.500000	0.527046	Denn ohne Wasser kann der Körper die Zellen nicht mit Nährstoffen versorgen, Stoffwechselendprodukte können nicht abtransportiert werden.
70440	abfahren	fahren	ab	4.500000	0.527046	Die Kähne fahren ab von der Trankgasse, Sonntag Morgens Punkt 8 Uhr.
70441	abhauen	hauen	ab	4.500000	0.707107	ihr eigenes Kind, das in seinem Blute schwamm, und dem sie selbst den Kopf abgehauen hatte.
70442	abwenden	wenden	ab	4.500000	0.707107	"""Nun sind wir froh, gelt Alfred?"" fragte sie, sich abwendend."
70443	abschicken	schicken	ab	4.500000	0.849837	Am 9. Mai 2003 habe ich ein Einschreiben an Dieter Rampl abgeschickt!
70444	abtrennen	trennen	ab	4.500000	0.849837	Verbindet man daher die Drahtenden eines Telefons mit den freigelegten Hüftnerven eines Frosches, so daß man jedoch den dazugehörigen Muskel nicht abtrennt, so wird letzterer beim Ansprechen des Telefons jedesmal zucken, so oft den Schallwellen steil verlaufende Kurven entsprechen.
70445	abrutschen	rutschen	ab	4.500000	1.080120	Das tief eindringende Wurzelwerk, welches durch die meist dünnen Schichten der aufgelagerten Dammerde in die Felsenritzen sich einkeilt, verhindert, daß bei heftigen und andauernden Regengüssen die aufgeweichte Erde abrutscht.
70446	abtrennen	trennen	ab	4.545450	0.820200	Wenn dies der Fall ist, wie können das noch Atome sein, von denen andere Körper sich abtrennen?
70447	abtrennen	trennen	ab	4.600000	0.699206	Von den beiden Seiten des Blattes trennen sich zwei Teile ab, welche, unterhalb in Scharnieren befestigt, durch einen Druck auf einen am Griffe befindlichen Knopf, von Federkraft getrieben, nach auswärts schnellen.
70448	absaugen	saugen	ab	4.700000	0.483046	Umgekehrt wird die Querschnittsfläche der Gehäusekanäle nach außen hin verringert, weil einerseits daraus Fluid fortwährend in die Rotorkanäle abgesaugt wird, andererseits damit die verbliebene Restmenge mit möglichst hoher Geschwindigkeit durch diese &apos; Düse &apos; abfließt.
70449	abtrennen	trennen	ab	4.700000	0.483046	Werden daher irgendwo durch die Senkung von Ländermassen große Stücke von Festlanden abgetrennt, so entstehen aus den Bruchstücken Inselgesellschaften auf seichten Meeren.
70450	anfangen	fangen	an	0.200000	0.421637	Jetzt kann man natürlich anfangen zu diskutieren, ob da die Sicherheitsvorkehrungen genügend sind, oder ob man da ned noch ein Netz installieren müsste, bei einer solchen Höhe.
70451	anfangen	fangen	an	0.300000	0.674949	&quot; Das war nach 20 Jahren in Stuttgart für mich die letzte Möglichkeit, noch etwas Neues anzufangen &quot;, sagt die 48 - Jährige, die in ihrer Freizeit seit vielen Jahren in Ditzingen Tischtennis spielt.
70452	anmuten	muten	an	0.300000	0.674949	Auf den ersten Blick mag das tatsächlich merkwürdig anmuten: Spezial-Hardware war bislang eher auf der Client-Seite (bei den PCs der Anwender ) in Form leistungsfähiger 3 D-Chips zu finden.
70453	angehen	gehen	an	0.400000	0.843274	Man wollte wissen, um seine Stimme angegangen habe er gesagt, er sei dem Sohne so ergeben wie dem Vater.
70454	anschneiden	schneiden	an	0.500000	1.581140	Ich habe glücklicherweise Günters Rat befolgt und habe mit meinem Partner geredet und als mir dier Antwort dann nach einer Zeit doch nicht so gelangt hat (er ist irgendwie beim ersten Mal ausgewichen ), da habe ich das Thema nochmal angeschnitten.
70455	ankündigen	kündigen	an	0.600000	0.699206	Wie die Erfahrung lehrt, ist es ziemlich unbehaglich, auch nur eine halbe Minute lang mit gespannter Aufmerksamkeit den Ablauf einer inhaltlosen Zeitstrecke zu verfolgen und auf das Signal zu warten, welches den Beginn der aktiven Schätzung ankündigt.
70456	anfangen	fangen	an	0.600000	0.966092	Ich habe 1986 mit meinem Bruder und einem Freund zusammen Judo angefangen.
70457	angehen	gehen	an	0.600000	0.966092	Bei dem was in der USA so angeht zwischen den beiden.
70458	ankündigen	kündigen	an	0.600000	1.264910	Ich erzählte ihr das mit der lauwarmen Wurst und Sie kam kurz danach wieder an den Tisch und kündigte Ersatz an.
70459	anfeuern	feuern	an	0.600000	1.577620	Ich mach mich jedenfalls frei von der alten * * *, und feuere auch weiter an, wenn es 0:3 steht.
70460	anmuten	muten	an	0.600000	1.577620	Wie kann man nur solche Songs schreiben wie auch &quot; My Twin &quot;, die fast schon kommerziell eingängig anmuten und doch so düster, tief und schwermütig daherkommen.
70461	anfeuern	feuern	an	0.700000	0.948683	Wir hoffen auf viele Zuschauer, die uns kräftig anfeuern.
70462	ankündigen	kündigen	an	0.700000	0.948683	&quot; angekündigt wurde... aber die Filipinos sich nicht so sicher waren, ob diese Arbeit wirklich notwendig war...
70463	antreten	treten	an	0.700000	1.159500	&quot; Ich hatte eben meinen Dienst angetreten, war nicht mal umgezogen.
70464	anfeuern	feuern	an	0.700000	1.567020	Die Russen: Lohn feuert mehr an als Strafe abschreckt.
70465	ankommen	kommen	an	0.800000	0.788811	Es kommt alles auf den Mann, auf die Wirtschaft, auf die Behandlung der Sache an.
70466	anfeuern	feuern	an	0.800000	1.135290	Ich erläuterte ihm daraufhin, ob dem Verein denn es egal wäre, wenn das eigene Team kaum noch angefeuert werden könne, weil rein mathematisch gesehen die Süd zu zwei Drittel aus Schalkern besetzt werden könne.
70467	anschließen	schließen	an	0.800000	1.229270	Da es auch für mich mein erster erster April auf IdS ist, bin ich natürlich auch darauf hineingeflogen ^^ Ich muss mich deshalb meinen Vorschreibern anschließen, und allen Beteiligten zu diesem Meisterstück gratulieren.
70468	anfeuern	feuern	an	0.800000	1.475730	Die Arminenfans feuerten ihr Team wie immer vom Lahmannhügel und von vor der Haupttribüne aus an.
70469	anmuten	muten	an	0.900000	0.875595	Wie ein Stück Wiedergutmachung mutete das programmgemäß abgeschossene Feuerwerk von der nahen Schanze an.
70470	antreten	treten	an	0.900000	1.100500	Sie beschloß, ihr Erbe anzutreten und die Verwaltung des Gutes selbst in die Hand zu nehmen.
70471	anwenden	wenden	an	0.900000	1.100500	"Tatsächlich haben wir vielmehr die Vorstellung aufgegeben - oder sollten sie aufgegeben haben - die in früheren Zeiten die vorherrschende war, daß eine Frau, wenn ich die Phrase anwenden darf, auf diesem Gebiet als "" Ausländer durch Prädestination "" zu gelten hat."
70472	ankündigen	kündigen	an	0.900000	1.286680	Die ersten Fotos habe ich heute erhalten und eingestellt, die nächsten wurden schon angekündigt.
70473	anwenden	wenden	an	0.900000	1.286680	Da der Verkauf nach dem 31. Dezember 1998 erfolgt, ist § 23 Abs. 1 Nr. 1 EStG in der neuen Fassung anzuwenden.
70474	angehen	gehen	an	0.900000	1.370320	Ich gehe das nun an und versuche einem solchen Beirat beizutreten.
70475	angehen	gehen	an	0.900000	1.449140	Was die Frequenzen angeht müssten Wasserpflanzen eigentlich evolutionär eher auf blau als rot stehen, wird deutlich weniger gebrochen.
70476	anfeuern	feuern	an	0.900000	1.449140	Inzwischen war die Haltung der Volkshaufen, die von mehreren Rednern angefeuert wurden, nicht zu weichen, bis ihren Forderungen genügt sei, immer bedrohlicher geworden.
70477	angeben	geben	an	0.900000	1.449140	Es gibt den Verlust der Österreicher in den verschiedenen Gefechten vom 30. Mai auf etwa 1500 Tote und Verwundete und den der Italiener auf etwa 600 an.
70478	antreten	treten	an	0.900000	1.595130	Oberlandesgerichtsrat Josef Kristel in Czernowitz hat einen mehrwöchentlichen Urlaub angetreten.
70479	anschaffen	schaffen	an	1.000000	0.942809	Jaa Zakashi wir brauchen dich auf jeden fall, was würden wir ohne dich tun (eine neue putze anschaffen ) awas spaß, du bist wirlich ein wichtiger Bestandteil des Teams!
70480	ankündigen	kündigen	an	1.000000	1.054090	Eloquent kündigte eine Sprecherin in Business-Englisch an, wie stolz man sei, &quot; seine Exzellenz Mr Seif al-Islam al-Gaddafi &quot; als Redner gewonnen zu haben.
70481	anwenden	wenden	an	1.000000	1.333330	Um angewendet werden zu können, muß das Recht (in abstracto ) gesetzt; um erzwungen werden zu können, muß der Rechtssatz angewendet werden.
70482	angehen	gehen	an	1.000000	1.490710	Die Leute, fiel Tobias mit einer Art von Geringschätzung ein, was gehen mich die Leute an?
70483	anheben	heben	an	1.000000	1.632990	Da hob er an, sich zu verfluchen und zu schwören: Ich kenne den Menschen nicht.
70484	anwenden	wenden	an	1.100000	1.197220	Um auf dem Weg nicht von bösen Wesen bedroht zu werden, sollte man den &quot; Melbor &quot; - Zauberspruch erneut auf sich anwenden.
70485	anmuten	muten	an	1.100000	1.197220	-- Die Tante, der Geist und die Grazie und hinreißend -- die Nichte ein hilfloses, bleichsüchtiges Ding, dessen Naivität kindisch und langweilig anmutet und das mit seinen linkischen Bewegungen kläglich absticht von ihrer anmutigen Partnerin.
70486	anfangen	fangen	an	1.100000	1.523880	&quot; Am besten habe ihr gefallen, dass nicht nur das Gespräch mit ihr selbst gesucht wurde, sondern dass auch um ihren Schreibtisch herum die Leute anfingen, sich untereinander über europäische Themen zu unterhalten.
70487	anfeuern	feuern	an	1.100000	1.663330	Für die großartigsten Schöpfungen fand er die Mittel bereit; ja die gebotenen Mittel mussten den Künstler zu großartigen Schöpfungen sogar anfeuern.
70488	angeben	geben	an	1.111110	1.166670	Es würde doch genügen, zu den Zahlen die jeweilige Quelle anzugeben und ggf. über (oder unter ) dem Abschnitt auf die Problematik hinzuweisen.
70489	antreten	treten	an	1.111110	1.269300	Sie tritt sie allemal zur Nachtzeit an, in einer einfachen Arba (Bauerwagen ) mit einem Pferde bespannt, mit dem zu einer anderen Zeit Dünger geführt wird.
70490	anrücken	rücken	an	1.111110	1.691480	Vorhin war ein Polizist in zivil hier, der vor einigen Tagen dienstlich hier anrücken musste, um einen Ladendiebstahl aufzunehmen.
70491	anschließen	schließen	an	1.200000	1.032800	Die Augen verbleiben selbstverständlich unausgesetzt den Pferden zugerichtet; die Oberarme sind leicht anzuschließen; die linke, zügelführende Hand wird mitten vor den Leib gestellt und die Rechte stützt die etwas nach vorwärts gerichtete Peitsche auf den rechten Oberschenkel.
70492	antreten	treten	an	1.200000	1.229270	Nach entsprechender Stärkung treten wir den Rückweg über die Auringer Mühlen an.
70493	angeben	geben	an	1.200000	1.316560	jar-Lib für den Client benötigt, geben Sie diese an.
70494	annehmen	nehmen	an	1.200000	1.398410	&quot; Der Bedarf an ergänzender Vorsorge ist höher als bisher von der Fachwelt angenommen &quot;, fasst Klaus Mössle von Fidelity Worldwide Investment zusammen.
70495	anfangen	fangen	an	1.200000	1.475730	Ich würde mich freuen ab Januar 2009 eine zusätzliche Einstiegsqualifizierung bei Ihnen anzufangen.
70496	angeben	geben	an	1.200000	1.549190	Du solltest (musst aber nicht ) angeben wie man dich bei Fragen erreichen kann.
70497	anschaffen	schaffen	an	1.200000	1.549190	Küster Janke konnte in diesem Jahr bereits acht Figuren und einiges an Zubehör neu anschaffen.
70498	anfeuern	feuern	an	1.200000	1.619330	Zwar feuerten sie die Ihren brav an, hatten die Gäste den Ball, schwiegen die rund 3000 Zuschauer andächtig.
70499	anschaffen	schaffen	an	1.200000	1.619330	Das Ministerium tut gut, daß es sich einen Rosenkranz anschafft, denn einen Lorbeerkranz - würde es doch nie bekommen.
70500	anbrennen	brennen	an	1.200000	1.686550	In Runde sechs und sieben vollführen die TMSler noch allerlei Kunststückchen mit den ihnen anvertrauten 16 Figuren und lassen nichts mehr anbrennen.
70501	anweisen	weisen	an	1.200000	1.751190	Tja, alles gut und schön, aber als Dörfler biste halt oft noch auf die Telekom angewiesen.
70502	anmuten	muten	an	1.200000	1.813530	Plötzlich zeigten sich, von der Stadtseite kommend, zwei hohe vornehme Gestalten in Reisekleidern; ein Herr und eine Dame, die Arm in Arm einher gingen und, da sie mich bekannt anmuteten, meine Aufmerksamkeit fesselten.
70503	anmuten	muten	an	1.300000	1.251670	als mittel zum zweck verstehe ich ehre nicht, ich versuche, meine ehre zu erhalten, zu ihrem selbstwillen, aber ich schrieb ja schon im eingangspost, dass meine gedanken und überlegungen einigen fremd anmuten werden.
70504	anwenden	wenden	an	1.300000	1.418140	Dort können Sie Ihr Foto auch vor und nach der Filteranwendung ansehen und direkt vergleichen, bevor Sie den Filter auf das Original anwenden.
70505	ankündigen	kündigen	an	1.300000	1.567020	So kündigt der verdi Fachbereich Handel eine Studie vom Januar 2004 an, die das A.B.E. - Institut (Wirtschafts - und Arbeitsmarktforschung, Beratung, Evaluation ) in Berlin im Auftrag von verdi Handel durchführte.
70506	anmuten	muten	an	1.300000	1.567020	Es mutet seltsam an, wenn man etwa Kilogramm in Mark umrechnet, aber der Ursprung war das normierte und durch die jeweilige Münze garantierte Gegengewicht in Edelmetall.
70507	anschließen	schließen	an	1.300000	1.766980	Diese Schüler, deren eigene Werke mit den Formen und Motiven L. es noch ganz erfüllt sind, hatten sich ihm in Mailand angeschlossen; hier kommen vorerst Bernardino Luini und Andrea Salaino am meisten in Betracht.
70508	angeben	geben	an	1.300000	1.828780	Für das Jahr 1889 wird der Schiffsverkehr mit 1.3 Millionen Tons angegeben.
70509	angehen	gehen	an	1.300000	1.828780	Man weiß auch, zu welchen Intellektkonstruktionen sich Schiller von Kant verleiten ließ, und wie Goethe gegen Kant anging.
70510	anschaffen	schaffen	an	1.400000	1.264910	Also werde ich mir wohl früher oder später, aber vemutlich dann doch innerhalb der nächsten Woche, eine neue anschaffen dürfen.
70511	angeben	geben	an	1.400000	1.349900	Als Preis kann nur ein Endpreis angegeben werden, die Option &quot; Verhandlungsbasis &quot; wird nicht angeboten.
70512	anmuten	muten	an	1.400000	1.349900	Die Erinnerung an ein begeistertes Tun in der Brust, sie mutet uns wie ein Hauch der Jugend an, wie der leise Nachhall eines Siegesgeläutes!
70513	angehen	gehen	an	1.400000	1.429840	Sie muß nur bewusst angegangen und &quot; kultiviert &quot; werden.
70514	anknüpfen	knüpfen	an	1.400000	1.505550	Seine Defensiv-Abteilung will natürlich an die zuletzt gezeigte Leistung gegen Magdeburg anknüpfen und alle Versuche der Gegner Punkte zu erzielen vereiteln.
70515	anschneiden	schneiden	an	1.400000	1.505550	Sie haben nicht nur die psychologischen Mechanismen angeschnitten, sondern darüber hinaus auch einige wirtschaftliche Hintergründe ausgeleuchtet, die man verstehen sollte, wenn man sich mit der Materie Altersvorsoge befasst.
70516	ankündigen	kündigen	an	1.400000	1.646550	Alle Blätter haben die Entdeckung des Dr. Moriz Mene aus Paris über die Heilung der Taubheit und der Migräne (nicht aber der Taubheit von Geburt) angekündigt.
70517	ankündigen	kündigen	an	1.400000	1.646550	Raspail kündigte im Klub an, daß eine Manifestation stattfinden werde; er kündigte uns auch an, daß wir nach einem Dekret der Nationalversammlung die Petition nicht an die Barre bringen könnten.
70518	anfangen	fangen	an	1.400000	1.837870	da fing sie an zu heulen, ganz grauslich; aber Grethel lief fort, und die gottlose Hexe mußte elendiglich verbrennen.
70519	anknüpfen	knüpfen	an	1.500000	1.354010	Mit der Reihe &quot; Junge Künstler spielen Liszt &quot;, die im Vierwochenabstand jeweils samstags um 17 Uhr bis Ende November fortgesetzt wird, knüpft das Robert-Schumann-Haus an die im Schumann-Jahr 2010 begonnene erfolgreiche Kooperation mit der Hochschule für Musik Franz Liszt in Weimar an.
70520	antreten	treten	an	1.500000	1.433720	Obwohl Delbrück nur zu sechst antrat, hatten unsere Jugendlichen keine Chance, wenngleich einige Lichtblicke zu entdecken waren.
70521	anmuten	muten	an	1.500000	1.509230	Es ist auch nicht einzusehen, warum eine rein willkürliche Reihenfolge dem christlichen Leser besser anmuten sollte, als eine nach den Erfahrungen der Wissenschaft aufgestellte.
70522	anweisen	weisen	an	1.500000	1.581140	Abraham verheimlichte ihm den Zweck der gemeinsamen Bergbesteigung, und auch den sie begleitenden Knechten sagte er nicht die Wahrheit, indem er sie anwies, so lange zu warten, bis sie beide wieder zurückkämen (1. Mos 22,5 ).
70523	annehmen	nehmen	an	1.500000	1.715940	"Man braucht nicht anzunehmen, daß das Betragen der Spanier ihm auch sonst Verdacht erweckt habe; er war ohnedies entschlossen, wie er sich ausdrückt, "" seine Gerechtigkeiten in Deutschland nicht zu verlassen."
70524	anheben	heben	an	1.500000	1.840890	“Ich frage dich abermals, wohin du uns führst?” Hob ich an.
70525	anfeuern	feuern	an	1.500000	1.900290	Der Wunsch, den ihm unangenehmen Fremden aus seinem Zimmer los zu werden, feuerte seine Dienstwilligkeit an, die kleine Doktorin legte eine schwärmerische Dankbarkeit deshalb an den Tag, dazwischen aber lachte auch sie mit einem schalkhaften unwillkürlichen Lächeln, das sie merkwürdig verjüngte.
70526	anschließen	schließen	an	1.600000	1.349900	Sodann nahm der Präsident des Mühlheimer Arbeitervereins, Bengel, das Wort, erklärte, daß dieser Verein sich mit Freude unserem Vereine als Filialvereine angeschlossen habe, und daß durch den Zentralverein das Band zwischen Stadt und Land angeknüpft sei, welches die wohltätigsten Folgen haben werde.
70527	anweisen	weisen	an	1.600000	1.349900	denn mein Denken will ich erklären; nicht das der anderen Leute; auf meine Eingebungen bin ich angewiesen, nicht auf die meiner Nebenmenschen.
70528	anbauen	bauen	an	1.600000	1.429840	Im &quot; Bon Pays &quot; zwischen Arbois, Salins und Poligny wurde schon im 10. Jahrhundert Wein angebaut.
70529	angehen	gehen	an	1.600000	1.429840	Als nun die Zeit kam, wo der Krieg angehen sollte, da schickte der Zaunkönig Kundschafter aus, wer der kommandierende General des Feindes wäre.
70530	angehen	gehen	an	1.600000	1.505550	Was das Thema &quot; präzise Langzeitaufzeichnung von Tracks &quot; angeht, möchte ich Dir noch das Thema &quot; Logger &quot; ans Herz legen.
70531	anfangen	fangen	an	1.600000	1.646550	Fängst du den Tag mit Gott an, so wirst du ihn gewöhnlich auch mit Gott beenden; fängst du ihn aber ohne Gott an, so ist sehr zu fürchten, daß du ihn auch ohne Gott mit der Sünde im Herzen beschließen wirst.
70532	anschließen	schließen	an	1.600000	1.712700	Unter den verschiedenen Übersetzungen verdient die englische als die vollständigste, und weil die verwandte Sprache sich am genausten anschließt, den Vorzug.
70533	anwenden	wenden	an	1.600000	1.712700	Sabadilla, Sabadillsamen, die Samenkörner des mexikan. Veratrum sabadilla, wirken als drastisches anthelminthisches Mittel, äußerlich gegen Ungeziefer, müssen aber sehr vorsichtig angewendet werden.
70534	anschneiden	schneiden	an	1.600000	1.776390	Die deutsche Frauenbewegung hat sich lange gescheut, die Frage des politischen Frauenstimmrechts anzuschneiden.
70535	anheben	heben	an	1.600000	1.837870	Die Abwassergebühr setzt sich aus zwei Elementen zusammen: Die Abgabe für den Kubikmeter Schmutzwasser wird von 1,32 Euro auf 1,36 Euro angehoben, die fürs Niederschlagswasser von 1,18 Euro auf 1,21 Euro pro Quadratmeter befestigter Grundstücksfläche.
70536	annehmen	nehmen	an	1.600000	1.837870	Der interkulturelle Dialog nimmt zunehmend die Form eines interreligiösen Dialogs an.
70537	anfangen	fangen	an	1.600000	1.897370	Die ganze Entwicklung müsste ja schon abgeschlossen sein, wo unsere Kenntnis erst anfängt
70538	anmuten	muten	an	1.700000	1.494430	Sie hatte so schöne weiße Haare und um den Kopf ging eine schöne Spitzenkrause, und zwei breite Bänder flatterten von der Haube weg und bewegten sich immer irgendwie, so als ob stets ein leichter Wind um die Großmama wehe, was das Heidi ganz besonders anmutete.
70539	angeben	geben	an	1.700000	1.702940	Die Erzausfuhr wird für 1872 sogar zu 168462 Tonnen angegeben.
70540	anschaffen	schaffen	an	1.700000	1.828780	Sie haben eine Verordnung, dass jeder, der ein Hund sich anschaffen will, dies Begründen muss (Eignungsprüfung für die Hundehaltung ).
70541	ankommen	kommen	an	1.700000	2.162820	Schon bei den beiden ersten gelang es ihm, das religiöse und reichsoberhauptliche Interesse, worauf es ihm vor allem ankam, bestens wahrzunehmen.
70542	anlegen	legen	an	1.800000	1.229270	Alles ist berechenbar, planmäßig angelegt, &quot; reine Mathematik &quot;!
70543	anlasten	lasten	an	1.800000	1.475730	Diese Fehler kann man schon zum Teil auch Sdunek anlasten, der schließlich für die taktische Einstellung mit verantwortlich ist (und für die gute taktische Einstellung seiner Boxer meist Lob bekommt - hier ist es mal umgekehrt ).
70544	anschließen	schließen	an	1.800000	1.475730	Nach einer kurze Einführung in das Thema schließt sich der ausführliche Bestimmungsteil an, in dem die häufigsten und auffälligsten Blumenarten Mitteleuropas dargestellt werden.
70545	anweisen	weisen	an	1.800000	1.475730	Fürstentum zur Landdrostei Hildesheim gehörig, 131/5 □ M. groß mit 87000 E., ist von Zweigen des Harzes durchschnitten u. besonders auf Bergbau und Viehzucht angewiesen.
70546	anwenden	wenden	an	1.800000	1.475730	Sie mag wohl auch als Schimpf auf Priester angewandt worden sein, weil diese mit geweihtem Öl salbten und gesalbt wurden. (S. Dasitzen 9.)
70547	anlegen	legen	an	1.800000	1.619330	Deshalb ist das keine sichere Geldanlage, hier sollte man nur nicht benötigtes Geld anlegen.
70548	anrücken	rücken	an	1.800000	1.619330	&quot; Das FBI und die lokalen Polizeieinheiten, die im Morgengrauen mit Hundertschaften, Panzerspähwagen und schwerer Bewaffnung anrückten, um die Milizionäre festzunehmen, mussten mit bewaffnetem Widerstand rechnen.
70549	anrücken	rücken	an	1.800000	1.619330	Die Polizei und die Feuerwehren aus Traunstein und Haßlach rückten an und evakuierten zur Sicherheit die umliegenden Gebäude.
70550	anlegen	legen	an	1.800000	1.686550	Das aus Wasserpflanzen und deren Blättern sehr unkünstlich zusammengebaute Nest wird oft dicht neben dem der Eiderente angelegt und von dieser sehr häufig beraubt.
70551	anrücken	rücken	an	1.800000	1.686550	Man sah aus einer Seitenstraße eine neue Löschcompagnie anrücken und die ganze Szene veränderte sich im Nun.
70552	angeben	geben	an	1.800000	1.873800	Ja die Worte, die einen Gegenstand sinnlich vorstellbar bezeichneten, waren mir weit lieber als die, welche ihn nur allgemein angaben.
70553	antreten	treten	an	1.800000	1.932180	Der Bote trat seinen Rundgang an, und die Weisen freuten sich nicht wenig über die Einladung.
70554	anzeigen	zeigen	an	1.800000	1.932180	Ich hielt um so mehr für angezeigt, den Frieden anzubahnen, wenn die Schule gedeckt, die Verfassung von den aufgehobenen Artikeln und der Staat von der katholischen Abteilung befreit blieb.
70555	ankommen	kommen	an	1.800000	1.988860	Jeder Behauptungssatz, in dem es auf die Bedeutung der Wörter ankommt, ist also als Eigenname aufzufassen, und zwar ist seine Bedeutung, falls sie vorhanden ist, entweder das Wahre oder das Falsche.
70556	ankommen	kommen	an	1.888890	2.088330	Im Asteroidenfeld kommt es nich unbedingt auf Geschwindigkeit an, da zählt Geschick, Ortskenntnis und Taktik.
70557	antreten	treten	an	1.900000	1.286680	Vier ausgewählte Ensembles hatten einen Meisterkurs bei dem renommierten Dozenten Prof. Jesper Christensen absolviert und traten im Konzertfinale gegeneinander an.
70558	anrücken	rücken	an	1.900000	1.370320	Bei Wolfsburg gehen ich davon aus, das mindestens 3000 Fußballbegeisterte Bremer kämen und die Wolfsburger werde auch zhlreich anrücken, schaut mal in deren Forum.
70559	anlegen	legen	an	1.900000	1.523880	Im Jahr 1710 wird an der Nethe eine Mühle erbaut, außerdem werden die Felsenkeller angelegt, die noch heute der Brauerei als Gär - und Lagerkeller dienen.
70560	anlasten	lasten	an	1.900000	1.663330	Die Kosten der Zusendung der Ware dürfen dem Verbraucher also nicht angelastet werden, er muss im Falle eines Widerrufs lediglich die Kosten der Rücksendung tragen (so die europäische Mindestanforderung - in Deutschland gilt dies allerdings nur bei einem Warenwert unter 40 EUR ).
70561	anschaffen	schaffen	an	1.900000	1.728840	Im Sommer schafft sich der Kluge den Schlitten, im Winter den Wagen an.
70562	anprangern	prangern	an	1.900000	1.791960	Das hat Greenpeace veröffentlicht, oder soll man sagen: angeprangert.
70563	anschaffen	schaffen	an	1.900000	1.791960	Wir schaffen uns nen Beichtstuhl an, weil Mandarin gut beichten kann.
70564	anheben	heben	an	1.900000	2.131770	Du bist heute ganz besonders niedergeschlagen, mein teures Schätzchen, hob Feodora an, indem sie mit ihren großen, blitzenden Kinderaugen zur Schwester emporsah.
70565	antreten	treten	an	1.900000	2.330950	Morgen Land, umgeben von Holzung, welche gleichfalls benutzt werden kann, ist auf 6 Jahre zu verpachten und kann im März 1850 angetreten werden.
70566	antreffen	treffen	an	2.000000	1.054090	Strumpfbänder, abgeschnittene Uhrschnüre, Waschleinen, Handtücher, Pferdehalfter u. dgl. werden bei dem unvermutet gefundenen Widerstand meistens im Hause selbst angetroffen und benutzt.
70567	anschließen	schließen	an	2.000000	1.414210	Der deutsche Verein für Frauenstimmrecht schloß sich bei seiner Gründung dem Verbande fortschrittlicher Frauenvereine und dem Bunde deutscher Frauenvereine an.
70568	anschaffen	schaffen	an	2.000000	1.563470	Sage, Friederike, da muß ich am Ende doch auch wohl was anschaffen, die alte Frau glaubt sonst, ich denke bloß immer an mich.
70569	anweisen	weisen	an	2.000000	1.632990	Sie war insoweit, um aus ihrer eigenen Arbeit einen auskömmlichen Verdienst zu erzielen, darauf angewiesen, weitere Beschäftigungen zu übernehmen.
70570	anweisen	weisen	an	2.000000	1.632990	Und so wies der Richter den Feldwebel der Wüstenwacht an, M &apos; eschar zu holen, während Mohammad ben Ahmad Hinti seine Augen schloß, als hätte jener lächerliche Moment seine Kräfte verzehrt und ihn wieder in seine Ohnmacht zurückgetrieben.
70571	anrücken	rücken	an	2.000000	1.699670	Im April 2001 rückte dann der Bagger an und bereits am 23. September 2001 konnten wir Eröffnung feiern.
70572	anschließen	schließen	an	2.000000	1.699670	Und falls Sie den T -4355 an einen ONKYO Verstärker mit RI (Remote Interactive ) Fernbedienung anschließen, können Sie bequem die gespeicherten Radiosender über die Fernbedienung des Verstärkers steuern.
70573	anbrennen	brennen	an	2.000000	1.763830	Meine Handflächen brannten, beim rennen schaute ich sie mir an, sie waren rot und fingen leicht an zu bluten.
70574	anwenden	wenden	an	2.000000	1.763830	Im Grunde sind die Online Regeln recht simpel und unterscheiden sich nicht von den Regeln die wir bis jetzt angewandt haben Fair und vorrausschauend fahren.
70575	angehen	gehen	an	2.000000	1.825740	Wenn man aber nur am Tage einen Pfennig wegwirft und mit Licht einen Taler gewinnt, so geht die Torheit schon an.
70576	anknüpfen	knüpfen	an	2.000000	1.885620	Auf den Kegelbahnen konnte Denis Krämer (A-Jugend ) 379 Holz, Hans Krüger 385 Holz und Harri Freitag 383 Holz nicht an die guten Ergebnisse der letzten Woche anknüpfen.
70577	anschließen	schließen	an	2.000000	2.061550	Dem gefälschten Zeitungsartikel schloß sich bald ein anderer an, von dem man (unrichtigerweise ) behauptete, er sei in The Daily Telegraph erschienen.
70578	anzeigen	zeigen	an	2.100000	1.449140	Wie in &quot; Petri-Heil &quot; Nr. 2 / 2010 bereits dargelegt, wurde er nach der Publikation eines Fangberichts angezeigt und auf Betreiben des Zürcher Tierschutzanwalts Antoine Goetschel wegen Verstoss gegen Tierschutzgesetz und - verordnung angeklagt.
70579	anpeilen	peilen	an	2.100000	1.595130	Neuling beachboymalle und sein Team sind zwar erst aufgestiegen, peilen aber bereits einen Platz im Mittelfeld der Tabelle an, man will mit dem Abstieg nichts zu tun haben.
70580	anknüpfen	knüpfen	an	2.100000	1.663330	Dem Verfasser gelingt es nicht, architektonische Bilder zu entwickeln, die an die Qualität der ersten Bauphase im Bestand (1905 ) anknüpfen können.
70581	anwenden	wenden	an	2.100000	1.728840	Hier war es aber Wasser und Dunst von Wasser, wie Pausanias berichtet, welches zur Erhaltung des Elfenbeines angewendet wurde.
70582	andenken	denken	an	2.100000	1.791960	30.12.2003 | És tut sich was im Wiener Rathaus: Bürgermeister Michael Häupl hat eine Umbildung seiner Regierungsmannschaft im Radio laut angedacht - Pittermann, Kossina, Rieder, Laska und Mailath-Pokorny auf der Abschussliste.
70583	anfeuern	feuern	an	2.181820	2.088930	Nicht eine Verdrängung des männlichen Geistes, der männlichen Arbeit soll eintreten, sondern im Gegenteil eine Ergänzung - und dadurch vielleicht mehr als eine Verdoppelung, wie es oft im Leben bei gemeinsamem Wirken geschieht, wenn einer den anderen anfeuert und anregt.
70584	anlegen	legen	an	2.200000	1.229270	Jetzt legte er an und verwundete das Männchen, welches im Augenblick des Schusses einen fürchterlichen Schrei ausstieß und mit dem Weibchen wütend auf ihn zukam.
70585	anschaffen	schaffen	an	2.200000	1.398410	Wie der Sohn den in die Hand nahm, brach er gleich oben ein Stück davon ab und sagte 'Vater, ich sehe er kann mir keinen Stab anschaffen wie ich ihn brauche, ich will nicht länger bei ihm bleiben.'
70586	anschreiben	schreiben	an	2.200000	1.475730	"- Der Eselsjunge, od.: "" Freuet Euch, dass Euer Name im Himmel angeschrieben ist. """
70587	anlasten	lasten	an	2.200000	1.549190	Nachdem ich diesen Thread überflogen habe, denke ich, dass diejenigen, die Sigma 6 eine &quot; Schuld &quot; oder &quot; Mitschuld &quot; am &quot; Verschwinden &quot; des Schirms anlasten, eher Fälle für Psychologen sind.
70588	anhören	hören	an	2.200000	1.619330	Das mag sich zunächst wie Science-Fiction anhören, aber noch vor 30 Jahren konnte sich niemand die deutsche Wiedervereinigung vorstellen.
70589	anzeigen	zeigen	an	2.200000	1.619330	Das neue Verfahren erschien um so vorteilhafter, als die Arbeitslöhne damals einen sehr hohen Stand erreicht hatten, weshalb ein Ersatz durch Maschinenarbeit angezeigt war.
70590	anbieten	bieten	an	2.200000	1.686550	Da der Letztere sich überzeugte, daß er hier einen der Hilfe so bedürftigen wie würdigen Landsmann vor sich habe, sagte er Stuart alle Unterstützung zu und bot ihm unverzüglich das eigene Haus zur Wohnung an.
70591	anheben	heben	an	2.200000	1.813530	Er hebt an: &quot; Nun geht mein Wunsch in Erfüllung, das Eichsfeld zu besuchen und hier in Etzelsbach mit euch zusammen Maria zu danken.
70592	anfangen	fangen	an	2.200000	1.813530	“Ich bin ein größerer Königssohn als du eine Königstochter, und will dich heiraten.” Da erschrak sie, und dachte “lieber Gott, was soll ich mit dem Eisenofen anfangen!”
70593	andenken	denken	an	2.200000	1.873800	Wir haben so viel Arbeit darein investiert, wohl an die 75 Songs geschrieben, umgeschrieben, verworfen, neu angedacht.
70594	anlasten	lasten	an	2.200000	1.873800	Deshalb könnte ihm in diesem Zusammenhang allenfalls angelastet werden, dass er seinerzeit eine unsachgemäße Anleitung gab.
70595	anfangen	fangen	an	2.200000	2.394440	""" Um einen guten Liebesbrief zu schreiben "", sagt Rousseau, "" musst du anfangen, ohne zu wissen, was du sagen willst, und endigen, ohne zu wissen, was du gesagt hast. """
70596	anpeilen	peilen	an	2.300000	1.337490	Kann mich da noch an ein &quot; Assi-Finish &quot; erinnern: 118 Rest, Triple 18 angepeilt, Triple 13 getroffen... naja... 79 Rest, grad nochmal Triple 13 und Tops... sah gut aus, aber das nächste Leg ging dann wieder in die Hose...
70597	anschaffen	schaffen	an	2.300000	1.418140	Madame Roland stand das Recht zu, sich für ihr Geld alle möglichen Erleichterungen und Verbesserungen anzuschaffen, aber sie machte von diesem Rechte keinen Gebrauch und wollte ihre Kraft im Entbehren üben und erproben.
70598	andenken	denken	an	2.300000	1.636390	Denke doch Mal an, was es heißt, Grund und Boden für einen Musterstaat mit leeren Händen erwerben zu wollen:
70599	angeben	geben	an	2.300000	1.702940	Zunachst carport dachaufbau mittels des Parameters RangeABC fur jeden der Farbkanale gultige Bereiche angegeben.
70600	anpassen	passen	an	2.333330	2.291290	Stadt aber, wie es dem Überlegenen wohl ziemte, den vermeintlich Schwächeren mit Großmut und Rücksicht zu behandeln und sich seinem niedrigen Standpunkte anzupassen, zeigt er ihm oft nur Übermut, Geringschätzung und Hohn, und fordert von allen Eingeborenen Unterwürfigkeit und Ehrfurcht.
70601	anweisen	weisen	an	2.400000	1.505550	Für die weitere Verwendung wird man ihnen die passende Gestalt anweisen.
70602	anschreiben	schreiben	an	2.400000	1.577620	Man sagt von jemand, der hat es beim dicken Ende, wenn er bei jemand so gut angeschrieben ist, dass er viel und mehr Gutes als irgendein anderer von ihm erhält.
70603	anpassen	passen	an	2.400000	1.712700	Aber ich hab mir mittlerweile ein Blankotheme selber erstellt und das passe ich dann immer an den jeweiligen Blog an.
70604	anzeigen	zeigen	an	2.400000	1.712700	Ich habe das Problem allerdings woanders gefunden, und zwar hat das von mir verwendete Theme (das dusk-theme ) nirgendwo einen Trackback-Link angezeigt.
70605	anlasten	lasten	an	2.400000	1.776390	Denn er vereinigt uns mit Christus, der für unsere Sünde schon gestorben ist, so dass sie uns aufgrund dieses &quot; fröhlichen Wechsels &quot; nicht mehr angelastet werden kann.
70606	anknüpfen	knüpfen	an	2.400000	1.837870	Nach ihrem Sturz beim Schüler-Vergleichskampf knüpfte sie wieder an ihre gute Form an.
70607	anheben	heben	an	2.400000	1.837870	Ein braver Kapitän, ein alter Freiersmann, Hob seinen Mängelmuß mit diesen Worten an:
70608	anknüpfen	knüpfen	an	2.400000	1.837870	Platon geht auf die Keime zurück, aus denen in der Tiefe der Seele Liebe und Freundschaft mit Naturnotwendigkeit entstehen; er knüpft an den im Volke weit verbreiteten Erosdienst an, um die Liebe als die Grundkraft des sittlichen Lebens zu verherrlichen.
70609	ankommen	kommen	an	2.400000	1.897370	Das es genau auf diese Unterscheidung ankommt, hat auch die EU in ihrer Versicherungsvermittler-Richtlinie erkannt.
70610	anheben	heben	an	2.400000	1.897370	Da ging sie hinauf, und glich einer Königstochter: und der König trat ihr entgegen und freute sich daß er sie wiedersah, und weil eben der Tanz anhob, so tanzten sie zusammen.
70611	anfordern	fordern	an	2.400000	2.221110	Wer dies machen möchte, muss bis 15. Dezember des betreffenden Jahres eine Verlustbescheinigung bei Bank 1 angefordert haben.
70612	antreiben	treiben	an	2.444440	2.068280	Immer mehr treibt der Kapitalist die Arbeiter an, immer hastiger müssen sie arbeiten; immer mehr sucht er ihre Feiertage zu verkümmern, immer mehr den Arbeitstag zu verlängern.
70613	anmelden	melden	an	2.444440	2.242270	Für den morgigen düswöchentlichen Hauptmarkt sind bis nun angemeldet ungefähr 7000 Stück Fleischschweine und beiläufig 8000 Stück Fettschweine.
70614	anlegen	legen	an	2.500000	1.178510	Und dies hängt wieder davon ab, wie viel Kapital in den Sphären angelegt ist, wo das variable Kapital relativ zum Gesamtkapital groß oder klein ist.
70615	ankündigen	kündigen	an	2.500000	1.354010	"- Von Lamartine kündigt das "" Bien public "" zwei interessante Broschüren als Lockspeise für seine Abonnenten an: 1 )"
70616	antreiben	treiben	an	2.500000	1.433720	Es bedient aber das Gefühl der sozialen Überlegenheit, das die Kampagne antreibt.
70617	anrücken	rücken	an	2.500000	1.433720	Die Brigade Cuebillas rückte an und nahm den Grafen Negri gefangen.
70618	anweisen	weisen	an	2.500000	1.509230	Dieser Verkaufe geschieht in Partien, wie sie durch die Notizen angewiesen werden sollen, und mit Stillstand bis Mitte Februar 1849.
70619	anrufen	rufen	an	2.500000	1.649920	Wird man nicht die öffentliche Meinung in Österreich selbst anrufen, um Gebetenden Ansprüchen mehr Geltung zu verschaffen?
70620	anhäufen	häufen	an	2.500000	1.715940	Vielleicht liebe ich sogar meinen Verstand und meine Gefühle, glaube an sie, lerne, verstehe und häufe mit jedem Tag immer mehr Wissen und Empfindungen an?
70621	andenken	denken	an	2.500000	1.715940	Denke Mal an: ich hatte Dich wirklich eine Zeit lang ernstlich im Verdacht
70622	anhäufen	häufen	an	2.500000	1.779510	Diese Spekulationen wiederum seien in einem Rechtsstreit gegen ihn verwendet worden; so habe er sich dem Vorwurf ausgesetzt gesehen, er mache Waffengeschäfte, handele mit Drogen und hätte Kapital bei Schweizer Banken angehäuft.
70623	ankommen	kommen	an	2.500000	1.779510	Es kommt für einen Märkischen nur darauf an, überhaupt mit dabei gewesen zu sein; das andere steht in Gottes Hand.
70624	antreten	treten	an	2.500000	1.779510	Der Prinz Leopold, Graf v. Syrakus, Bruder des Königs, wird in einigen Tagen eine Reise durch die Schweiz und Deutschland nach Berlin antreten, und seinen Rückweg über München und Wien nehmen.
70625	anwenden	wenden	an	2.500000	1.900290	Ich habe Naturlocken und wenn ich Henna ohne Öl angewendet habe, dann waren meine Haare immer trocken.
70626	angeben	geben	an	2.500000	1.900290	Gajus I. § 29. 31. 66. 68. 70. 71. 80. Ulpian. VII. § 4. Daher scheint es, daß die einzige Stelle, worin die L. Junia als Quelle angegeben wird (Ulpian. III. § 3 ), emendiert werden muß.
70627	antreiben	treiben	an	2.500000	1.900290	Wenn man die Gäule antreibt, treibt man auch den Wagen an.
70628	anrücken	rücken	an	2.600000	1.074970	Nur so viel, als die Straußberger mit Sack und Pack anrückten, sprach er ziemlich laut (und jedenfalls so, daß es einen genieren konnte ) von Mühlendamm und Trödelmarkt.
70629	anzeigen	zeigen	an	2.600000	1.264910	Die Eröffnung meiner Gastwirtschaft zeige ich hiermit ergebenst an, und bitte zugleich um geneigten Zuspruch.
70630	anpassen	passen	an	2.600000	1.349900	Auch die Zivilprozeßordnung soll aufgrund der neuen Vorschriften angepaßt werden.
70631	antreiben	treiben	an	2.600000	1.349900	Sie trieb die Menschen zu Höchstleistungen an, spendet(e) Trost und Hoffnung, Menschen lehnten sich gegen das System auf, wegen Glauben an ihre Religion.
70632	anfordern	fordern	an	2.600000	1.646550	Manche Pferde dehnen, den Kiefer vorschiebend, nur mit einer Lade gegen die Hand, dann wird auch der Gegendruck einseitig sein und auch die ursprüngliche Anlehnung dann erst wieder gewonnen werden müssen, ehe man aktiv anfordernd verfährt.
70633	anpassen	passen	an	2.600000	1.776390	Es wird von DFB / DFL empfohlen und wir passen unsere Strukturen der neuen Zeit an.
70634	anschneiden	schneiden	an	2.600000	1.837870	Interessant ist beispielsweise auch, was man alles mit einem Punkt machen kann - eine Mischung zwischen Zirkus - und Fleischerhandwerk: ihn sehen, aufwerfen, anschneiden, anreißen, festlegen, auf ihm stehen bzw. fest auf ihm stehen, eine durchaus bewundernswerte akrobatische Leistung.
70635	anzeigen	zeigen	an	2.600000	1.837870	Nichtframefähige Browser können zwar mit dem NOFRAMES-Befehl auch nichts anfangen, zeigen aber den Text dazwischen ganz normal an.
70636	anpeilen	peilen	an	2.600000	1.955050	Schauen Sie sich die verschiedenen Presseverteiler vorab genau an, denn was nützt Ihnen ein spottbilliger Verteiler, der vorwiegend indische und japanische Zeitungen anpeilt, wenn Sie sich doch im deutschsprachigen Raum zur Schau stellen möchten.
70637	ankündigen	kündigen	an	2.600000	1.955050	Die Thronrede hat bereits in Vorbereitung befindliche Reform der Pädagogin angekündigt und Dr. Hirn ist zum zeitweiligen Dienst nach Wien berufen worden, um vermöge seiner Erfahrungen bei dieser Reform mitzuwirken.
70638	anheben	heben	an	2.600000	2.118700	Und trotzdem werden die ohnehin schon weit überhöhten Preise weiter angehoben, weil man nicht genug bekommen kann.
70639	anhören	hören	an	2.600000	2.118700	Liegt ein solcher besonderer Grund nicht vor, so ist es für die Rechtspflege ganz gleichgültig, welchem Wissensgebiete die Tatsache angehört.
70640	annehmen	nehmen	an	2.600000	2.170510	Sie nahm Haltung an und sah ihm fest in die Augen: &quot; Ich erwarte nun die Konsequenzen für mein Versagen!
70641	anlegen	legen	an	2.636360	2.110580	Sie liebte es, wenn die Condottiere ihr Geld in Venedig anlegten, ibid. p. 351.
70642	anmelden	melden	an	2.700000	1.059350	@Susanne Wie hast du das geschafft: Dich anmelden und jetzt schon über 500 Beiträge *überraschtschaut*.
70643	anbauen	bauen	an	2.700000	1.337490	Freunde, Bekannte oder auch meine Wenigkeit geben ihm dann immer ein wenig Rauchware der eigenen Ernte als Gegenleistung für die Stecklinge und so hat er immer etwas zu rauchen, ohne kommerziell oder im großen Stil anzubauen.
70644	anmelden	melden	an	2.700000	1.337490	Seit ich hier angemeldet bin, schwebt schon das schwarze Ungeheuer &quot; Informationsdefizit &quot; und sein kleiner buckliger Verwandter &quot; Informatinsverweigerung &quot; über uns.
70645	andenken	denken	an	2.700000	1.418140	Wenn in Graubünden zwei Männer in offenbaren Zwiespalt miteinander geraten, und sich Rache angedacht haben, so suchen ihre gemeinschaftlichen Freunde sie unter Ein Dach und beim Mahle an Einen Tisch miteinander zu bringen.
70646	anhäufen	häufen	an	2.700000	1.494430	Die zehn Jahre in der &quot; Fremde &quot; nutzt er um Wissen und Können anzuhäufen.
70647	anknüpfen	knüpfen	an	2.700000	1.567020	7 ) mit einer auswärtigen Macht oder einer auswärtigen Faktion Verbindungen anknüpften oder anknüpfen suchten.
70648	anschließen	schließen	an	2.700000	2.002780	Die hatten noch nie das Bedürfnis, &quot; hundert andere &quot; USB-Geräte anzuschließen - eben weil ein Tablet kein PC-Ersatz ist.
70649	anpassen	passen	an	2.700000	2.002780	Im warmen Indien dagegen kann sich die Kulturperiode des Reis und anderer Feldfrüchte vielmehr der Regenzeit anpassen; sie fällt aus diesem Grunde an der Küste Coromandel z. B. in den Winter.
70650	andenken	denken	an	2.800000	1.316560	&quot; Inka &quot; haben wir schon angedacht, wie gesagt.
70651	anfordern	fordern	an	2.800000	1.316560	Sie sagt ihm aber zuvor, er solle in der Drogerie das was er für sie holen müsse anständig anfordern und nicht irgendwelche blöden Sprüche machen.
70652	antreffen	treffen	an	2.800000	1.316560	An diesem Fenster hätte man manche Herren, von denen man es am wenigsten erwarten würde, antreffen können wie sie geradezu trostlos auf die Gasse hinaussahen, während der Advokat an seinem Tisch die Akten studierte, um ihnen einen guten Rat geben zu können.
70653	anrufen	rufen	an	2.800000	1.398410	Wenn Sie Ihn gesehen haben, rufen Sie uns bitte, bitte unter 022 24 / 81 444 oder 0178 - 668 51 35 an.
70654	anfordern	fordern	an	2.800000	1.549190	Derselbe Faktor, der seinem Herrn tausend Gulden schuldig gewesen, diese jedoch wieder bezahlt hatte, wurde nach dem Tode des ersteren noch einmal darum angefordert, weil der Verstorbene vergessen hatte die Heimzahlung im Handlungsbuche zu bemerken.
70655	anhäufen	häufen	an	2.800000	1.619330	mit wenig Bewegung ) Lebensweise dazu geführt hat dass sich Schlacken angehäuft haben und ich die notwendigen Nährstoffe nicht verwerten kann?
70656	anweisen	weisen	an	2.800000	1.619330	Von Zedlitz wies die königliche Ritterakademie in Liegnitz an, den &quot; Lehrvortrag &quot; durch die &quot; sokratische Methode &quot; zu ersetzen; vgl. u. a. Schütz in seinem Lehrbuch zur Bildung des Verstandes und des Geschmacks (1776 - 1778 ), Vorrede.
70657	anpassen	passen	an	2.800000	1.686550	Hieraus folgt dann unmittelbar, dass der Kristall nur durch Apposition von außen wachsen, und also auch nur äußerlich sich anpassen und verändern kann, während das Moner durch Intussusception nach innen hinein wachsen, und also auch innerlich sich anpassen und verändern kann.
70658	anrücken	rücken	an	2.800000	1.686550	"“Muß ja doch dran vorüber""-- und dabei schob er ihm voll Sorglichkeit eine Decke zu, während die Pferde schon anrückten."
70659	anrufen	rufen	an	2.800000	1.813530	Wenn Sie Fragen haben, rufen Sie uns einfach an: 031 370 75 75. Wir geben Ihnen gerne Auskunft.
70660	anknüpfen	knüpfen	an	2.800000	1.813530	Dass Vitruv zuerst von den perspektivischen Studien des Agatharch, Demokrit und Anaxagoras spricht und an sie die architektonischen Schriftsteller im engeren Sinne durch postea anknüpft, scheint mir nicht in der Absicht geschehen, eine chronologische Bestimmung zu geben.
70661	antreiben	treiben	an	2.900000	1.370320	Wichtig ist mir auch, bei jeder Figur für mich zu klären, was sie antreibt, oder Möglichkeiten aufzuzeigen, die ihre Entwicklung erklären.
70662	anweisen	weisen	an	2.900000	1.370320	Die Muskatnusse, Muskatblüte und Nelken werden in Partien von zwei Fässern verkauft, der Java-Zimmet und Pfeffer aber in Partien, wie sie durch die Notizen angewiesen werden sollen.
70663	anrufen	rufen	an	2.900000	1.523880	Zitat: Original geschrieben von heFF Brauch man eigentlich nur bei der Stinknormalen Hotline anrufen und die können einem das auch sagen ob in der Nähe was ausgebaut wird?
70664	anknüpfen	knüpfen	an	2.900000	1.523880	Aber nur ein Jahr blieb er dort; denn er hatte durch seine während der Nachtzeit geschriebenen Arbeiten so zahlreiche Verbindungen angeknüpft, daß er sich glaubte auf eigene Füße stellen zu können.
70665	antreiben	treiben	an	2.900000	1.523880	Der letztere befindet sich vor dem Dampfzylinder unterhalb des Oberdeckes; hinter dem Dampfzylinder befindet sich die Ventilatorpumpe, welche mittels Transmission durch die Radwelle angetrieben wird.
70666	anfordern	fordern	an	2.900000	1.595130	&quot; Er setzte sich kurz mit der Aurora in Verbindung und forderte eine Botanikerteam an.
70667	anmelden	melden	an	2.900000	1.663330	Anschließend können sich Filmteams anmelden und sich Ideen für ihren Film machen.
70668	annehmen	nehmen	an	2.900000	1.663330	Wird der Antrag vom geschäftsführenden Vorstand einstimmig angenommen, darf die Auszahlung erfolgen 4. Die / Der Finanzreferentin darf, zuvor schriftlich beantragte Geldbeträge, bis zu 50, - DM 30 Euro eigenständig auszahlen, ohne die Zustimmung des Vorstandes einzuholen.
70669	anschneiden	schneiden	an	2.900000	1.663330	Ehe er ihn anschnitt, küßte er vor Freude diesen Brief seiner Walburg.
70670	anhören	hören	an	2.900000	1.728840	Hab ja läuten gehört, dass wir ab nächsten ja 0,5 gb up und 1,5 gb down haben sollen, das hört sich zwar gut an, aber glauben tue ich &apos;s ehrlich gesagt nicht.
70671	anpassen	passen	an	2.900000	1.791960	Sie übernähmen die Ideen jedoch nicht komplett, sondern passten sie den hiesigen Verhältnissen an.
70672	angewöhnen	gewöhnen	an	2.900000	1.969210	Ich habe mir jetzt angewöhnt, vor dem Duschen zu bürsten und danach zu cremen.
70673	anhören	hören	an	3.000000	1.490710	für mich hört sich das immer so an: &quot; DasHotel ist sehr Verkehrsgünstig gelegen.
70674	antreiben	treiben	an	3.000000	1.490710	Analoge Bemerkungen könnte man machen, wenn an Stelle der Schwerkraft die Flüssigkeitsteile von anderen Kräften, z. B. magnetischen angetrieben würden.
70675	anrufen	rufen	an	3.000000	1.500000	Sie hat sich die Telefonnummer der Frau notiert und mich dann angerufen und ich dann die Frau.
70676	anlächeln	lächeln	an	3.000000	1.632990	Das ihm gemachte Anerbieten zur Gründung einer deutschen Oper in Dresden lächelte ihn genug an, um von ihm angenommen zu werden, zumal da man ihm zugleich Hoffnung machte, die Stelle eines Hofkapellmeisters mit der eines Theaterdirektors zu vereinigen.
70677	annehmen	nehmen	an	3.000000	1.699670	Doch dazu brauche ich Deine Hilfe: Du kannst Dich und Deinen wahren Reichtum nur erkennen und genießen, wenn Du bereit bist, genau hinzusehen und auch anzunehmen, was Du findest.
70678	antreffen	treffen	an	3.000000	1.763830	In munificenter Weise entstanden dort Institute und Anstalten zur Pflege von Kunst und Wissenschaft sowie zur Verbreitung und Hebung des Wohltätigkeitssinnes in einer Zahl, wie sie anderwärts kaum anzutreffen ist.
70679	anpassen	passen	an	3.100000	0.875595	Es gibt ganz kurze Formeln, diese Tugenden zu erwecken, aber man sollte sich nicht auf sie beschränken, sondern bei einer Pflichterfüllung, Versuchung, Heimsuchung die Übung gerade dem Anlasse anpassen.
70680	anhören	hören	an	3.100000	0.994429	Schliesslich handelt es sich bei Grupo Latin Vibe nicht um ein Studioprojekt (wie die oben erwähnten Son Boricua ), sondern die Jungs stehen &apos; hart &apos; an der Front und das hört man der CD auch an.
70681	antreiben	treiben	an	3.100000	1.100500	Dann soll das Mischmodell aus SUV und Van als Hybrid 4 von einem Diesel - und einem Elektromotor angetrieben werden.
70682	anpassen	passen	an	3.100000	1.197220	Aus &quot; Abfall-Brettern &quot; wurde ein Lichtkasten zusammengezimmert und mit Möbelfolie dem Unterschrank optisch angepaßt.
70683	anrufen	rufen	an	3.100000	1.197220	Da rief ihn der Junge zum drittenmal an, und als das auch vergeblich war, nahm er einen Anlauf, und stieß das Gespenst die Treppe hinab, daß es zehn Stufen hinab fiel und in einer Ecke liegen blieb.
70684	angewöhnen	gewöhnen	an	3.100000	1.286680	Aber die Innovationsgeschwindigkeit, die wir uns in der Wohlstandsgesellschaft der letzten 20 Jahre angewöhnt haben, ist zu gering.
70685	anbieten	bieten	an	3.100000	1.286680	Unsere Reisegefährten boten uns unterwegs Fisch sicher nur an, wenn sie selbst satt waren, und es waren nicht die besten Beijús, die sie uns überließen.
70686	angewöhnen	gewöhnen	an	3.100000	1.449140	Wir haben uns angewöhnt den Abwassertank immer wenn ein Bodenablass da ist zu entsorgen.
70687	annehmen	nehmen	an	3.100000	1.523880	Die blutdürstigen Gesetze, die fast einstimmig angenommen worden, liefern den Beweis, wie weit die Mittelklassen zu gehen bereit sind, um jede Bewegung zu unterdrücken, die Verminderung ihrer Profite zum Ziel hat.
70688	andenken	denken	an	3.100000	1.595130	Ich bin auch ehrlich gesagt heilfroh, dass neben mir weiter oben schon Johnny Vegas dies schonmal zumindest angedacht hat.
70689	anzeigen	zeigen	an	3.100000	1.595130	Schließlich behielt er sich vor, den passenden Moment zu jener Manifestation anzuzeigen.
70690	anpeilen	peilen	an	3.100000	1.663330	Da ich nun gerade in der Leier war, habe ich natürlich auch Epsilon Lyrae angepeilt.
70691	anmelden	melden	an	3.100000	1.663330	"Aber wie dem auch sei, Freund Woldemar hat uns, glaube ich, für vier Uhr angemeldet, und so werden wir uns eilen müssen. """
70692	anbieten	bieten	an	3.100000	1.791960	So konnte etwa ein Kabelfernsehanbieter keine Telefongesellschaft übernehmen, und eine Telefongesellschaft, die im Markt für Ferngespräche tätig war, durfte nicht zugleich Ortsgespräche anbieten.
70693	ankommen	kommen	an	3.100000	1.791960	Wie ist das gesprochene Wort bei Ihnen angekommen und wie interpretieren Sie es?
70694	anprangern	prangern	an	3.100000	1.791960	In ihrer Unterrichtshilfe von 1995 &quot; Counselling Lesbian and Gay Youth &quot; (&quot; Beratung für lesbische und schwule Jugendliche &quot; ) erklären die Autoren, daß &quot; wir die verbreitete Meinung, Heterosexualit ät sei die richtige Orientierung, anprangern müssen &quot;.
70695	anprangern	prangern	an	3.100000	1.852930	Den Krieg hochzujubeln, die ermordeten Unschuldigen als unvermeidlichen &quot; Kollateralschaden &quot; zu ignorieren, und jetzt im Inbrunst der Humanität die Grausamkeit von Folterungen anzuprangern - diese groteske Haltung entspricht dem klassischen &quot; Wasch mir den Pelz, aber mach mich nicht nass!
70696	anprangern	prangern	an	3.100000	1.852930	Linke Regime werden kaum angeprangert, ebenso wenig wie islamische.
70697	anbieten	bieten	an	3.100000	1.911950	Bevor er sie angeboten und fotografiert hat haben wir das Teil nochmal an einem Motor angehalten um zu checken ob sie montierbar ist oder aber verzogen.
70698	anprangern	prangern	an	3.100000	1.911950	In meinen Augen ist Ihre Haltung - auf die sie natürlich ein Recht haben - genau so falsch, wie die welche sie anprangern.
70699	angewöhnen	gewöhnen	an	3.100000	1.911950	Wie mancher, der an hartnäckigen Kopfschmerzen leidet, wäre diesem Übel entgangen, wenn seine Eltern ihm frühzeitig das heilsame Kämmen der Haare angewöhnt hätten.
70700	anstarren	starren	an	3.100000	1.969210	Franz hatte die weinumnebelten Augen groß aufgerissen und seinen Chef angestarrt.
70701	andenken	denken	an	3.111110	2.027590	Präventivmaßnahmen zum Thema Alkohol, Drogen, Konfliktabwehr und Konfliktbereinigung sind angedacht.
70702	anpassen	passen	an	3.200000	0.918937	Zu ihrer Überwältigung mußten demnach das theoretische Wollen und das praktische Können auf das Äußerste angespannt, Ziel und Zweck den außergewöhnlichen Verhältnissen angepaßt und überhaupt diesem Zweige der Technik eine Aufmerksamkeit zugewandt werden, wie nirgend anderwärts.
70703	anbrennen	brennen	an	3.200000	1.135290	Darin wird Paprikapulver eingerührt (ja nicht anbrennen lassen, sonst wirds bitter ), dann abgelöscht.
70704	anknüpfen	knüpfen	an	3.200000	1.135290	An sie knüpfen sich aber regelmäßig hysterische Symptome an; bei Frau v. N. werden die Genickkrämpfe zu hysterischen Anfällen verwendet, während sie über die typischen Erscheinungsformen des hysterischen Anfalles nicht verfügte.
70705	anschneiden	schneiden	an	3.200000	1.316560	Die Seitenteile, Spanten und Leitwerksteile sind gefräst und verzapft, die Flächen fertig beplankt, V-Form schon angeschnitten.
70706	anschreiben	schreiben	an	3.200000	1.316560	Da die Ausdrücke für die nach der Zeit genommenen Differentialquotienten derjenigen Größen, welche wir mit [Formel] und [Formel] bezeichneten, ganz analog gebaut sind, sollen sie hier nicht weiter angeschrieben werden.
70707	anheben	heben	an	3.200000	1.398410	Ich wäre froh, wenn Sie das Schwierigkeitsniveau etwas anheben, dann ist man auch besser wenn man besser spielt, so kann das ja jeder...
70708	anzeigen	zeigen	an	3.200000	1.398410	Dies kann nützlich sein, wenn bestimmte Website nur mit einem speziellen Browser korrekt angezeigt werden und Sie diesem Browser nicht als Standard-Browser konfiguriert haben.
70709	anrufen	rufen	an	3.200000	1.475730	Aber ich schicke dir mal meine Telefonnummer mit Mail, dann kannst du mich auch jederzeit anrufen.
70710	antreffen	treffen	an	3.200000	1.475730	Es ist dieses das Stickgas, das in dem Maße und in der Verbindung in der Arminius-Quelle angetroffen wird, wie in keiner anderen Quelle Europa's.
70711	anlegen	legen	an	3.200000	1.549190	Dieser legte seinen kostbarsten Schmuck an, damit er vom Feinde erkannt wurde.
70712	anbauen	bauen	an	3.200000	1.619330	Der Oelrettig wird vereinzelt in Ägypten, Rumänien und Spanien angebaut.
70713	anmelden	melden	an	3.200000	1.686550	Ich weiss ich bin spät aber da e-huhn sich auch mal angemeldet hat: Mein Name ist Benedikt, ich bin 13 Jahre alt und komme aus Essen.
70714	anschneiden	schneiden	an	3.200000	1.686550	Was Du mit der &quot; wichtigsten Frage &quot; angeschnitten hast, können wir wohl nicht über Blogs lösen - dies ist imho eine menschliche Angelegenheit, die sich nur im langfristigen Verständnis der Welt und entsprechendem Umgang mit ihr zeigen kann.
70715	anzeigen	zeigen	an	3.200000	1.686550	Verschleissteile wie Einzugsrollen, Papierseparatoren etc. können vom Anwender selbst ausgewechselt werden (viele Scanner zeigen einen nötigen Wechsel automatisch an ).
70716	anreisen	reisen	an	3.200000	1.751190	Allerdings erkennt er Philippes Mutter Elisabeth Senn (Nathalie Baye ) wieder, die getrennt von ihrem Ehemann Thomas in Boston lebt und zur Hochzeit ihres Sohnes angereist ist.
70717	anrufen	rufen	an	3.200000	1.751190	Herr Krüge hat nötigenfalls das Recht, polizeiliche Hilfe anzurufen.
70718	annehmen	nehmen	an	3.200000	1.932180	Auf Treue und Glauben nahm man seine Auskunft an: seine Schriften habe er in der Gegend von Wertingen an dem Zusamfluß durch einen Trupp marodierender Franzosen von Tallard's Heer verloren.
70719	ankommen	kommen	an	3.200000	2.043960	&quot; Das Kochportal kommt bei allen Alterklassen super an - nicht nur bei den Kochfans unter 30 &quot;, wundert sich CMA-Produktmanager Tim Schäfer, der das Online-Projekt begleitet.
70720	anmelden	melden	an	3.300000	1.337490	Alle deutsche Segelschiffer, zunächst welche einem solchen Unternehmen beitreten wollen, werden aufgefordert sich am 20. Januar 1849, Morgens 9 Uhr, in Koblenz bei dem Unterzeichneten zu einer Versammlung anzumelden, und dabei ihre Patente, wie auch die letzten Gewerbsteuer-Quittungen mitzubringen.
70721	anbauen	bauen	an	3.300000	1.494430	Nach zu Grunde gegangener Winterung, Raps kann die kleine vierzeilige Gerste, welche in 70--80 Tagen ausreift, selbst noch im Mai und Anfang Juni mit Aussicht auf Erfolg angebaut werden.
70722	anhören	hören	an	3.300000	1.567020	Trommler, Trommler, höre mich an, hast du mich denn ganz vergessen? Hast du auf dem Glasberg nicht bei mir gesessen? Habe ich vor der Hexe nicht bewahrt dein Leben? Hast du mir auf Treue nicht die Hand gegeben?
70723	ankommen	kommen	an	3.300000	1.636390	Angekommen: H. Hüttner von Amsterdam mit 2370 Ctr. W. Damen von Rotterdam mit 3151 Ctr. A. Bender von Mainz.
70724	annähern	nähern	an	3.300000	1.702940	Wenn ich zB im Internet einen lehrreichen Artikel finde, nähere ich mich geistig-seelisch ein wenig dem Autor dieses Artikel an, ohne dass ich ihn persönlich kennen muss.
70725	angewöhnen	gewöhnen	an	3.400000	1.264910	""" Um das Blut zu verdünnen "", mögen sich solche Kranke angewöhnen, viel Wasser zu trinken."
70726	anbieten	bieten	an	3.400000	1.429840	Das Sport Paket mit Carbon-Heckflügel, Bilstein-Stoßdämpfer und 17 - Zoll-BBS-Leichtmetallräder wird für einen Aufpreis von 2.500 Euro angeboten.
70727	anfordern	fordern	an	3.400000	1.577620	Ich werde PMs welche eine Lesebestätigung anfordern genau wie e-mails mit dieser Anforderung behandeln: Unbesehen löschen.
70728	anbrennen	brennen	an	3.400000	1.577620	Schließe die Türe schnell zu, und brenne Licht an.
70729	annähern	nähern	an	3.400000	1.577620	Es liegt im Wesen der Zwischenform, daß sie sich bald der einen, bald der anderen Gattung entschiedener anzunähern vermag.
70730	anlegen	legen	an	3.400000	1.712700	Barbie hat die Zügel in der Hand und legt schon einmal Hand an Ken an.
70731	antreffen	treffen	an	3.400000	1.712700	Ist sicher komisch für euch etwas über mich zu lesen und mich dann irgendwann mal z.B. im Rind anzutreffen.
70732	annähern	nähern	an	3.400000	1.776390	Es sollen jedoch im Folgenden zuerst die aus den Gleichungen a ) und b ) und den übrigen streng richtigen Relationen abzuleitenden Folgerungen gezogen und die erhaltenen Formeln dann später durch Einführung der für kleinere Werte von [Formel] angenähert richtigen Gleichung tg [Formel] vereinfacht werden.
70733	anbieten	bieten	an	3.400000	1.837870	Wir greifen auf Funktionen zu, die zentral &quot; gehostet &quot; und angeboten werden.
70734	anschreiben	schreiben	an	3.444440	1.509230	Ich habe die 20 &quot; suchenden &quot; Ärzte bei der Agentur angeschrieben, mit der bitte, sich bei uns zu bewerben.
70735	anmelden	melden	an	3.500000	1.178510	Wenn Sie sich für eine unserer Reisen anmelden möchten, drucken Sie bitte das Dokument aus und senden es uns ausgefüllt zu.
70736	anhäufen	häufen	an	3.500000	1.178510	Schon allein der enorme Reichtum an Tatsachen der Vererbung, welcher in diesem Buche angehäuft ist, zeigt, wie sein genialer Verfasser bestrebt war, von allen Seiten her in das zu bewältigende, verwickelte Problem einzudringen.
70737	anhören	hören	an	3.500000	1.178510	Der arme Hund, der nicht weit davon in der Sonne ausgestreckt lag, hatte alles mit angehört und war traurig daß morgen sein letzter Tag sein sollte.
70738	anpeilen	peilen	an	3.500000	1.269300	Ein paar Mal auch wieder Besuch von &quot; streunenden &quot; Jungstörchen, die den Schlosshorst anpeilen.
70739	antreiben	treiben	an	3.500000	1.354010	Angetrieben wird der mobile Augenschmaus von einem alten Bekannten: Unter der endlos langen Motorhaube grollt der 4,2 Liter große Achtzylinder, der bereits die Maserati Markenpalette befeuert.
70740	anbrennen	brennen	an	3.500000	1.354010	Auch kann man den Saft einer Zitrone darüber träufeln und dann mit Zucker bestreuen, auch Rum darüber gießen und solchen anbrennen.
70741	anschneiden	schneiden	an	3.500000	1.354010	""" Soviel man von Melonen hält, halte ich von Leuten in der Welt; man schneidet ihrer Fünfzig an, ehe man was gutes treffen kann. "" (M. Opitz. )"
70742	anschauen	schauen	an	3.500000	1.433720	Auch das Schicksal ist Vorsehung, aber im Realen angeschaut, so wie die Vorsehung das Schicksal ist, aber im Idealen angeschaut.
70743	anrücken	rücken	an	3.500000	1.509230	Sie eröffneten mir alsdann, daß Sie den Befehl hätten, mich zu delogieren, und als nun am 8. Ihre Truppen ohne Rücksicht auf meine Stellung dicht anrückten, fielen von preußischer Seite die ersten Schüsse und hatten den höchst beklagenswerten Erfolg.
70744	anstarren	starren	an	3.500000	1.581140	Schon eine ganze Weile hatte er mich angestarrt, mit hellen, etwas hervortretenden Augen, deren Botschaft zwingend einfach war: Sie ließen einem keine andere Wahl als die der Nacktheit.
70745	anhäufen	häufen	an	3.500000	1.649920	Schon bei Untersuchung ganz frischer Thromben findet man an manchen Stellen die Körperchen in großen Massen angehäuft, so dass, wenn der Faserstoff zerfällt, dieselben in solcher Zahl frei werden, dass der Detritus fast so zellenreich wie Eiter ist.
70746	angewöhnen	gewöhnen	an	3.500000	1.715940	Die Tschechen haben sich angewöhnt, das Deutschtum als eine Art Leiche auf dem Schlachtfelde anzusehen, der man, ohne daß sie was dagegen haben kann, die Stiefel ausziehen oder sonst wegnehmen kann, was man gerade braucht.
70747	anlegen	legen	an	3.500000	1.715940	Die Blöcke für die Drahtbereitung goss man von möglichst kleinem Querschnitt oder legte noch Vorwalzen für die Drahtwalzen an.
70748	anzeigen	zeigen	an	3.500000	1.715940	Die zweite Kammer zeigt ihre Konstituierung und die Wahl ihrer Präsidenten und Schriftführer an.
70749	anbrennen	brennen	an	3.500000	2.068280	Nun denken die Leute wirklich, das Haus muß anbrennen und drängen sich zur Tür.
70750	anbrennen	brennen	an	3.555560	1.878240	11 Angebrannt Holz geht bald wieder an. - Storch, Der Freiknecht (Gotha 1830 ), I, 340.
70751	anbieten	bieten	an	3.600000	1.074970	Wenn dieses Buch sich namentlich den Besuchern des herrlichen Hohenstaufen zum freundlichen Begleiter anbietet, so werden dieselben gerade auf jener begeisternden und doch so tiefe Wehmut erregenden Höhe die mit dem Lichte des Christentums beleuchtete Natur und Geschichte wohl um so weniger verschmähen.
70752	anbauen	bauen	an	3.600000	1.264910	Auch mit dieser Fruchtsorte sind zufolge des Aufackerns der Roggenpflanze größere Flächen, als die Statistik des Vorjahres ausweist, angebaut worden.
70753	anhören	hören	an	3.600000	1.264910	Ein anderes Mal kam das Männchen allein, lockte Tag und Nacht ohne Unterlaß, mischte oft so klägliche Töne unter sein Gelock, daß man es ohne Mitleid nicht anhören konnte, bis endlich in der fünften Nacht die ersehnte Gattin eintraf.
70754	anliefern	liefern	an	3.600000	1.349900	Jenes der Theecultur 1881 gewidmete Areal von 42224 cho oder 41874 Ha lieferte an:
70755	anmelden	melden	an	3.600000	1.429840	Die Straße ist voll von einzelnen Negertrupps, die vorüberziehen und uns anmelden, daß sich der General Dessalines mit seinem Heere in diese Gegend wenden werde.
70756	anbauen	bauen	an	3.600000	1.505550	Doch bevor nach - wachsende Rohstoffe angebaut wer - den, müssen sie in ihren Vor - und Nach - teilen für den einheimischen Anbau von Experten beurteilt werden.
70757	anreisen	reisen	an	3.600000	1.505550	Allerdings bildeten sich bereits ab 8 Uhr Staus auf den Anfahrtswegen zum Stadion, so daß es sich empfiehlt, wenn man nicht wie ich ewig im Stau stehen will, entweder sehr früh anzureisen oder öffentliche Verkehrsmittel zu benutzen.
70758	anschreiben	schreiben	an	3.600000	1.577620	"Murner sagt a. a. O.: ""Wer Jets den anderen bescheissen kann u. s. w., den schreibe ich für ein Meister an.”"
70759	annähern	nähern	an	3.600000	1.646550	D.h. zum einen soll das Bild von Zusammenhängen in der Welt stetig komplexer werden und zum anderen soll sich der Stellenwert des Experiments immer öfter auch dem der Bedeutung in der Forschung annähern.
70760	anbauen	bauen	an	3.600000	1.646550	Diesen kleinen, immergrünen Baum trifft man im südlichen Japan wildwachsend und in vielen Gärten, vornehmlich aber in der Nähe buddhistischer Tempel angebaut.
70761	andenken	denken	an	3.600000	1.646550	Und ich habe sogar welche gekannt, die sahen sich, wenn sie so fragten, immer schon die Möbel und Bilder an und dachten an nichts wie an Auktion.
70762	antreffen	treffen	an	3.600000	1.776390	Unfern aber findet es einen Hund am Weg, der das arme Bratwürstlein als freie Beute angetroffen, angepackt und niedergemacht.
70763	anliefern	liefern	an	3.600000	1.897370	Alle jene Erze und Zuschläge, welche in übermäßig grobstückigem Zustande von der Grube angeliefert werden, bedürfen also einer mechanischen Zerkleinerung auf der Hütte.
70764	anbrennen	brennen	an	3.600000	1.955050	Es ist fast so, als ob Mashima jedes bekannten Shonen-Helden-Klischee rausgesucht hat, in einem Topf warf und das zusammengekochte Ergebnis schließlich anbrennen ließ.
70765	anbauen	bauen	an	3.600000	2.065590	Der Hochaltar mit dem Allerheiligsten steht im Osten, eine typische Bauart 1918 wurde eine Heizung angebaut und damit die Kirche wieder symmetrisch 1970 und 1980 / 81 wurde die Kirche renoviert, wobei dank des Einsatzes von Pfarrer Hellweg die Originalausstattung der Kirche erhalten blieb.
70766	anhäufen	häufen	an	3.700000	0.823273	Die älteren Theoretiker erschlossen aus den Tatsachen, dass die Erregung die Erregbarkeit vernichte, während sie in der darauffolgenden Ruhe sich wieder herstelle, auf die Gegenwart eines Nervenäthers, welcher in der Ruhe im Nerven in einem gespannten Zustand angehäuft und in der Erregung frei werde.
70767	anliefern	liefern	an	3.700000	0.948683	Veranlassung hierzu gab einesteils der Umstand, dass die Blankenburger Sandsteine öfters schlecht angeliefert worden waren, andererseits die günstigen Erfahrungen, die man mit der Massenzustellung auf der Königl. Hannoverschen Hütte zu Altenau gemacht hatte.
70768	antreiben	treiben	an	3.700000	0.948683	Rechts steht der Dampfzylinder, links der Gebläsezylinder, durch Vermittlung des auf eisernen Säulen gelagerten Balanciers von jenem aus angetrieben.
70769	anhäufen	häufen	an	3.700000	1.059350	Sie darf sich im Körper nicht anhäufen, da es sonst zu Überreaktionen und zu Vergiftungserscheinungen kommt.
70770	anbieten	bieten	an	3.700000	1.159500	Die Firma bietet an: Fenster - und Gebäudereinigung Sinn eines Namens: Ein potentieller Kunde soll den Namen lesen und ihn mit Fenster oder Gebäudereiningung oder am besten gleich mit beidem Verbinden.
70771	antreffen	treffen	an	3.700000	1.159500	Wir waren darauf eingestimmt, uns in schmutzigen, dunklen Hohlräumen auf steilen Stiegen zu bewegen - ein richtiges kleines Abenteuer, deshalb die Taschenlampe Um so erstaunter waren wir über das, was wir antrafen.
70772	anhören	hören	an	3.700000	1.159500	Heimlich gingen sie dorthin, wo er neuerdings sein Quartier aufgeschlagen hatte, um sich seine Worte doch noch einmal mit anzuhören.
70773	anmelden	melden	an	3.700000	1.337490	“Aber ich bin noch am Leben, und will euch bald erretten.” Nun stieg er herab und ging zu seinem Herr Vater, und ließ sich anmelden als ein fremder Jäger, ob er könnte Dienste bei ihm haben.
70774	angewöhnen	gewöhnen	an	3.700000	1.418140	&quot; - Ja klasse, das hatte ich mir bei Windows XP doch angewöhnt: Den Index auszuschalten, um das System durch Hintergrundindizierung nicht auszubremsen.
70775	anbauen	bauen	an	3.700000	1.418140	Seit 1883 hat sie mit Erfolg das Feld des Romans angebaut.
70776	anreisen	reisen	an	3.700000	1.494430	Noch konnte sich kein Schneider rühmen, einen Batzen an ihm verdient zu haben, denn noch war der Sonntagsrock, mit dem er angereist, im gleichen Zustande wie damals.
70777	angewöhnen	gewöhnen	an	3.700000	2.002780	@METAL / FREAK kannst du dir mal bitte angewöhnen ordentlich zu schreiben und auch die tasten zu treffen?
70778	anlächeln	lächeln	an	3.777780	1.092910	Über die Schulter des alten Cäsarenfreundes, der in Pompeji mitverunglückt ist, aber lächelt dich verschmitzt ein ganz modernes Gesicht an: ein Bauerndoktor von Reichenhall in Bayern.
70779	antreffen	treffen	an	3.800000	1.032800	Sie arbeiten beim Kunden und sind dabei fast überall anzutreffen: z.B. in Büro -, Schulungs - und Praxisräumen, in Schwimmbädern, in Wasch - und Umkleideräumen von Sportvereinen, in Wohnungen, Werkstätten, Fabrikhallen oder Krankenhauszimmern.
70780	anschneiden	schneiden	an	3.800000	1.032800	Arthur hatte schon vorher den Schinken ins Auge gefaßt; er war angeschnitten oder vielmehr angemeißelt, was wir ja bereits kennen; man sah deutlich die rohen einzelnen Eingriffe des unzureichenden Werkzeugs und zum Überfluß lag ein solches daneben.
70781	antreffen	treffen	an	3.800000	1.135290	Die 1759 vom französischen Aufklärer Voltaire (1694 bis 1778 ) entworfene Romanfigur wird in den nächsten elf Wochen noch an elf weiteren Orten anzutreffen sein.
70782	anrufen	rufen	an	3.800000	1.135290	Er kam zu den beiden Wirtshäusern, wo sein Bruder am Fenster dessen stand, aus dem der Jubel erschallte, und ihn anrief.
70783	anfordern	fordern	an	3.800000	1.316560	Der in Anspruch genommene Gesamtkredit beträgt 18 Millionen, für das letzte Quartal des laufenden Jahres werden 41/2 Millionen angefordert.
70784	anfordern	fordern	an	3.800000	1.398410	Diese wurden von Riefenstahl als Statisten für die Dreharbeiten zu ihrem erst 1954 fertiggestellten Film &quot; Tiefland &quot; von der Naziregierung angefordert.
70785	anliefern	liefern	an	3.800000	1.398410	In 14 Monaten wurden (1777/78 ) in Schuber 2924 Ctr. Erz angeliefert, welches nach dem Rösten 28241/2 Ctr. wog.
70786	anschauen	schauen	an	3.800000	1.475730	Klicken sie auf das Bild von Blaze und sie können sich ein neues Video von den Rackern anschauen!
70787	anrufen	rufen	an	3.800000	1.619330	Ehe, lieber Freund! Rief er mich an, da er mich auf die Treppe zugehen sah, sind Sie in dem Hause bekannt?
70788	anbieten	bieten	an	3.818180	1.887760	Auch Ägypten hielt fest am römischen Bündnis und bot Unterstützung an Zufuhr und Mannschaft an, welche man indes römischer Seits nicht annahm. --
70789	anlächeln	lächeln	an	3.900000	1.100500	Dann plötzlich lächelte sie ihn an; nach einem heftigen Händedruck lief sie hinaus und holte sich ihr Kind aus der Kammer der alten Tri Jans, und nahm es auf ihren Schoß und hätschelte und küßte es, bis es stammelnd sagte:
70790	anlächeln	lächeln	an	3.900000	1.286680	Vater und Sohn lächelten sich von Weitem an, wie ein Mond den anderen anlächeln würde, und der Sohn glich auch dem Vater, wie ein Ei dem anderen.
70791	anlächeln	lächeln	an	3.900000	1.449140	&quot; Ja, Ama-le, ich lächelte sie an, aber innerlich dachte ich mir, verdammt, ich kann meinen Tee auch alleine trinken, lasst mich endlich in Ruhe!
70792	anreisen	reisen	an	3.900000	1.523880	Sollten Sie mit der Bahn anreisen dann fahren Sie bis NeudorfErzgebirge.
70793	anschreiben	schreiben	an	3.900000	1.523880	Inzwischen wurden viele mögliche Sponsoren von der Klasse angeschrieben und um Unterstützung gebeten, erste Zusagen, etwa vom SPD-Ortsverein Hemmoor, liegen vor.
70794	anhäufen	häufen	an	3.900000	1.523880	Alle Manuskripte von unbekannten Autoren legte er in einen Winkel seines Büros, wo sie sich zu einem ganze Berge anhäuften.
70795	annähern	nähern	an	3.900000	1.595130	Ich denke, daß wir uns im großen und ganzen ziemlich weit in der Position angenähert haben.
70796	anstarren	starren	an	3.900000	1.663330	Panisch starrte ich Coin an, bekam kein Wort raus, lies Robert auch ziemlich willenlos machen was er wollte.
70797	anschreiben	schreiben	an	3.900000	1.852930	Mit den Daten kannst Du nochmals die WASt anschreiben, bezugnehmend auf Deine vergangene Anfrage (und Antwort ).
70798	anschauen	schauen	an	4.000000	1.054090	Nachdem ich mir das Replay nochmal angeschaut habe, muss ich leider feststellen das du Fuji KEINEN anderen hinter dir hattest, der dich angeschoben hat.
70799	antreffen	treffen	an	4.000000	1.054090	Obwohl die Art Flachland bevorzugt, wird sie auch im Hochgebirge bis 2500 m (Rila-Gebirge, Bulgarien ) angetroffen.
70800	anschauen	schauen	an	4.000000	1.054090	Beate sah den Brief mit Widerwillen an, wie wir ein unangenehmes Insekt anschauen, und schloß dann wieder die Augen.
70801	anlächeln	lächeln	an	4.000000	1.118030	Ein Ratsherr von Buchhorn wurde zu Constanz bei den Metzgern ganz unten an den Tisch gesetzt, wo er beständig ihm gegenüber den Zunftmeister anlächelte.
70802	anreisen	reisen	an	4.000000	1.154700	Während Ulla Hönig noch mit ihrem Freund Enno ihren Urlaub in Italien genießt, bekommt ihre Freundin Julia neben ihrem 19jährigen Neffen Ludwig, der aus Berlin anreist, auch Besuch von einem alten Bekannten.
70803	anstarren	starren	an	4.000000	1.154700	Sie endigte mit einem Schrei, denn der Meister hatte, unbekümmert um die letzten Worte, den Unteroffizier angestarrt und versetzte ihm nun plötzlich einen tückischen Faustschlag unter die Nase.
70804	annähern	nähern	an	4.000000	1.247220	Da nun s nahezu das Volumen eines Moleküls gasförmiger Kohlensäure darstellt, so kann man nach (16) angenähert setzen
70805	anhören	hören	an	4.000000	1.333330	Ich finde man sollte sich Zeit nehmen und die Menschen anhören, was Sie zu sagen haben und nicht einfach voreilig urteilen.
70806	annähern	nähern	an	4.000000	1.333330	&quot; Der Spiegel im Spiegel &quot; bezieht den Leser als Mitschöpfer bewusst mit ein, wie Steiert nachweist, indem er sich seinem Thema kritisch unter von Wolfgang Iser im &quot; Akt des Lesens &quot; (1976 ) entwickelten wirkungsästhetischen Fragestellungen annähert.
70807	anschneiden	schneiden	an	4.000000	1.632990	Bei der Ausschneidung der Narben fand sich in ihnen ein feiner Glassplitter, von der Gestalt einer feinen Fischschuppe, welcher einen Nerven angeschnitten hatte.
70808	anbauen	bauen	an	4.100000	0.737865	Ich baue die Bremstrommel wieder an, nun dreht sie sich.
70809	anstarren	starren	an	4.100000	0.875595	wir werden zwar immer wieder angestarrt, ganz kurz wird überlegt, ob man uns kennen müsste, aber nach ein paar hundertstel sekunden scheint klar zu sein &quot; nein, kein küßchen.
70810	ankommen	kommen	an	4.100000	0.994429	Nach einigen Stunden traf Olaf wieder zu der absteigenden Gruppe und per Funk wurden auch Horst und der 4. Sachse zu Hilfe gerufen 6 Stunden später, genau 48 Stunden nach seinem Unfall, kam Heinrich am Hubschrauberlandeplatz an.
70811	anbrennen	brennen	an	4.100000	0.994429	Wo die Küche nicht raucht, da brennt auch das Venusfeuer nicht an. - Parömiakon, 1441.
70812	annehmen	nehmen	an	4.100000	0.994429	Der Preis des Vierteljahrs ist 1 Thlr., und nehmen alle Postämter Bestellung darauf an.
70813	anschreiben	schreiben	an	4.100000	1.100500	Wenn Sie nach Aserbaidschan einen maßgeschneiderten Individualurlaub machen wollen, können Sie uns hier anschreiben, damit wir Sie entsprechend beraten können.
70814	anschauen	schauen	an	4.100000	1.286680	Wenn man sich die Quoten so anschaut, dann scheint die Sendung auch eine &quot; Wackelkandidatin &quot; in der Gunst der Zuschauer zu sein...
70815	anliefern	liefern	an	4.100000	1.523880	Arme trocken gepochte Dürrerze mit weniger als 10 Pfdthl. Silber im Zentner dürfen gröblicher Klient angeliefert werden.
70816	anhäufen	häufen	an	4.200000	0.632456	Währenddem wurden große Truppenmassen in Lothringen, dicht an der Grenze, angehäuft, und am 28. Januar meldete der Kommandierende des rheinischen Armeecorps, General Borstell, er müsse jederzeit einen plötzlichen Einfall in die Mosel- und Saarlande erwarten.
70817	anlächeln	lächeln	an	4.200000	0.788811	&quot; Komm mit mir, &quot; sagte er und lächelte sie an.
70818	anbrennen	brennen	an	4.200000	1.032800	Nach 25 Minuten den Ofen auf &quot; Grill &quot; einstellen und ca. 5 Minuten bei Maximaltemperatur fertig garen (unter Beobachtung, damit nichts anbrennt ).
70819	anlächeln	lächeln	an	4.200000	1.032800	@Vatras Jetzt wo du &apos;s sagst, klar haben wir uns gesehen, haben uns ja angelächelt, bei deinem berühmten nachbar...
70820	anschauen	schauen	an	4.200000	1.032800	Aber eines Tages war ein neues da, blaue Kinderaugen schauten dich an, in denen etwas von dir war, ein rätselhaftes Neuleben, ein neuer Mensch, der doch einen Teil von dir umschloß..... das große Mysterium.
70821	anstarren	starren	an	4.200000	1.229270	Nachdem er in der Frühe die Briefe nach der Stadt getragen, hatte er rasch den Weg zurückgemacht, um hierher nach Urballa zu eilen und aus einem Versteck hinter einem Zaune die Wohnung der Geliebten anzustarren.
70822	anreisen	reisen	an	4.200000	1.316560	Mit seinem Buch &quot; Meine Wasserkur &quot; wurden seine Lehren in die ganz Welt hinaus getragen und viele Leidende reisten aus der ganzen Welt in Wörishofen an.
70823	annähern	nähern	an	4.200000	1.316560	Ferner werden an diesen Punkten durch Begriffsbestimmungen das ursächliche Wirken Gottes in den Handlungen der Menschen und die freie Wahl einander inhaltlich so sehr als es irgend geschehen kann angenähert.
70824	anliefern	liefern	an	4.300000	0.823273	Beim Gemüsehändler wurde zufällig gerade frisches Gemüse angeliefert und im blitzsauberen Speiseraum servierten weißbeschürzte Kellnerinnen ein ausgezeichnetes Mittagessen.
70825	anstarren	starren	an	4.300000	0.823273	Ich stand neben dem Bett und starrte ihn fassungslos an.
70826	anstarren	starren	an	4.300000	0.823273	Sie stand auf und ging den Eintretenden entgegen; aber auf halbem Wege blieb sie wie eingewurzelt stehen, und starrte den Fremden unbeweglich an.
70827	anliefern	liefern	an	4.300000	0.948683	Dann bereiten wir die Speisen in unseren Küchen aus weitgehend frischen Produkten zu und liefern sie in Sammelbehältern bei Ihnen an.
70828	anliefern	liefern	an	4.300000	0.948683	Ebenso ist es natürlich auch möglich, die Getränke von einem Getränkehändler anliefern zu lassen.
70829	anstarren	starren	an	4.300000	1.059350	Er sah dabei Emmy herausfordernd an und stellte sich, als bemerkte und fühlte er den Blick trostlosen Entsetzens nicht, mit dem Hedwig ihn anstarrte.
70830	anlächeln	lächeln	an	4.300000	1.567020	&quot; Julia lächelt ihn an, antwortet &quot; Ich dich auch.
70831	angewöhnen	gewöhnen	an	4.400000	0.699206	Man hatte sich angewöhnt, Dinge, die man anderswo nicht unterbringen konnte, in dieses Zimmer hineinzustellen, und solcher Dinge gab es nun viele, da man ein Zimmer der Wohnung an drei Zimmerherren vermietet hatte.
70832	angewöhnen	gewöhnen	an	4.400000	0.699206	Regelmäßigkeit in der Aufnahme der Speisen bedingt Regelmäßigkeit der Öffnung, die für die Gesundheit so wichtig ist und die man daher den Kindern frühzeitig angewöhnen muß.
70833	anschauen	schauen	an	4.400000	0.699206	Aber die Ideen, real angeschaut, sind Götter (§. 28 ), die Plastik bedarf also vorzüglich der göttlichen Naturen etc.
70834	anschreiben	schreiben	an	4.400000	1.074970	I Set bei Kodi gekauft habe wovon die Hälfte nicht richtig zündete und ich Weco angeschrieben habe.
70835	anreisen	reisen	an	4.400000	1.577620	Inzwischen kommt Miß Derry hier angereist -- allein natürlich, denn Mr. Armstrong ist viel zu schlau, sich hier herüberlocken zu lassen.
70836	anstarren	starren	an	4.500000	0.527046	achtzehn Jahre nachzuholen gab es, und sie saßen nur da und starrten sich an.
70837	anschauen	schauen	an	4.500000	0.707107	Mag diese Erzählung immerhin das Gepräge einer Anekdote tragen: für die Art und Weise, wie Phidias die Natur anschaute, legt sie uns ein gewichtiges Zeugnis ab.
70838	anliefern	liefern	an	4.500000	0.849837	So wie dort die Produktion geschieht, mit einem Plattformkonzept, bei dem ganze Komponenten angeliefert und just in time zusammengebaut werden - darin besteht das Prinzip &quot; Outsourcing &quot;.
70839	anschauen	schauen	an	4.500000	0.849837	Ich schaue meine Freundin an und sage: &quot; Da ging eben Peter Hein, der Teilzeitsänger der Fehlfarben.
70840	anschauen	schauen	an	4.500000	0.849837	aber wenn ich zufälligerweise in der woche zu h &amp; m komme, in der die sachen verkauft werden, dann schaue ich sie mir mal live an.
70841	anlächeln	lächeln	an	4.500000	0.971825	Sie lächelte die voller Erwartung versammelte Menschenmenge an und stoppte mit einer beruhigenden Geste den wilden Applaus, der gleichzeitig mit ihrem Auftreten ausbrach.
70842	anheben	heben	an	4.600000	0.516398	Aber sie hob an und suchte die Glieder zusammen und legte sie zurecht, Kopf, Leib, Arm und Beine.
70843	annähern	nähern	an	4.600000	0.699206	Wenn sie sich auf wenige Hundert Meter an ihre Beute angenähert hat, sieht sie jedoch auch nach vorne gestochen scharf.
70844	annähern	nähern	an	4.600000	0.699206	Die bezeichneten metaphysischen Systeme haben auf einfachere Weise Ergebnisse zusammengefaßt und erlernbar gemacht; sie haben dieselben möglichst den Angriffen der Skeptiker durch geringere Anforderungen an Strenge des Beweisverfahrens entzogen und dem anwachsenden empirischen Geiste angenähert.
70845	anschreiben	schreiben	an	4.600000	0.699206	"An der Tür einer Stube, in welcher Schneidergesellen gearbeitet, hätten sie das Wort ""Republik"" mit Kreide angeschrieben gefunden."
70846	anliefern	liefern	an	4.700000	0.483046	Der Fernseher wird angeliefert und findet gleich 20 Programme, vollautomatisch.. 1819: Sebastian &amp; Auto.
70847	annehmen	nehmen	an	4.700000	0.674949	Manuskripte werden in keinem Falle zurückgesendet unfrankierte Briefe nicht angenommen.
70848	aufhören	hören	auf	0.100000	0.316228	Aber nicht schlimm, da es nach wenigen Minuten aufhörte.
70849	aufhören	hören	auf	0.200000	0.421637	Daß der politische Gesichtspunkt mit dem Kriege ganz aufhören sollte, würde nur denkbar sein, wenn die Kriege aus bloßer Feindschaft Kämpfe auf Leben und Tod wären; wie sie sind, sind sie nichts als Äußerungen der Politik selbst, wie wir oben gezeigt haben.
70850	auftreiben	treiben	auf	0.200000	0.421637	Wo man die Tornado Raketen noch auftreiben kann wiess ich allerdings nicht.
70851	aufhören	hören	auf	0.300000	0.674949	Wenn sie nicht aufhören kann, sich zu kratzen, bluten sie.
70852	aufhängen	hängen	auf	0.300000	0.948683	Apps öffnen schnell und es hängt sich nicht mehr auf.
70853	aufhören	hören	auf	0.300000	0.948683	Für wen machst Du diese Aktionen, weil sein Alkohol Dich stört und DEin Leben beeinträchtigt und Du damit nicht leben kannst oder willst oder weil Du meinst, dass Dein Schwiegervater aufhören muss zu trinken?
70854	auftragen	tragen	auf	0.600000	1.264910	Einerseits tragen sie in der Tat zur Verschönerung der zumeist ruinösen Gegenden auf, andererseits stellen sie städtebaulich schon einen starken Kontrast zur gewachsenen Umgebung dar.
70855	aufhören	hören	auf	0.700000	1.059350	Es gibt kein &quot; reines &quot; Bewußtsein, weil dieses mit seiner Reinheit aufhören würde zu existieren.
70856	auftreiben	treiben	auf	0.700000	1.337490	Als die Rockband &quot; The High Speed Karmageddon &quot; davon erfährt, bleiben ihr noch knapp 3 Wochen, um Jack zu finden, und um 10.000 Euro aufzutreiben.
70857	aufbrauchen	brauchen	auf	0.800000	0.788811	Ist das Guthaben aufgebraucht, ist es zwar ärgerlich, aber es kommt wenigsten keine Rechnung mit 3.500 Euro.
70858	auftreiben	treiben	auf	0.800000	1.316560	Das billigste Giftgas das sich auftreiben läßt ist Ammoniaklösung, bei dem Geruch fehlt euch einfach die Luft zum Atmen.
70859	aufhören	hören	auf	0.800000	1.475730	Als wir in das Freie kamen, sah ich, daß, während ich aß, die Sonne auf das Haus zu scheinen aufgehört hatte, sie war von der Gewitterwand überholt worden.
70860	aufschlagen	schlagen	auf	0.900000	0.875595	Es hat niemand etwas zu verschenken und es kann nur soviel Rabatt gegeben werden, wie vorher auf den Preis aufgeschlagen wurde.
70861	aufschließen	schließen	auf	0.900000	1.197220	Auf diesem Abschnitt schließen wir zu den Hernern auf und wir plaudern ein wenig.
70862	aufschlagen	schlagen	auf	0.900000	1.449140	Der Bundesliga-Nachwuchs des HSV schlägt zur Vorbereitung auf die bevorstehende Regionalliga-Saison in der nächsten Woche seine Zelte zu einem mehrtägigen Trainingslager im Sporthotel Aselage auf.
70863	aufschlagen	schlagen	auf	0.900000	1.523880	Ich bin ich dann persönlich in Muc bei Richemont aufgeschlagen und habe dort die kulanteste Kundenbetreuung überhaupt erfahren.
70864	auffrischen	frischen	auf	1.000000	1.054090	Im Serien-Forum wurde vor allem über &quot; Surface - Unheimliche Tiefe &quot; geredet, aber natürlich auch über andere Serien und im &quot; Stargate &quot; - Forum wurden die alten Threads zu den für die deutsche Ausstrahlung neuen Folgen wieder aufgefrischt.
70865	aufschlagen	schlagen	auf	1.000000	1.054090	Ein neues Buch wurde aufgeschlagen und dazu gehören auch neue Lieder, neue Ziele und verdammt ja... ne Tour!!
70866	aufweisen	weisen	auf	1.000000	1.247220	Damit der interessierte Leser sich ein Bild von einem Schreibtisch online Kauf machen kann, wird nun kurz erklärt, welche Vorteile dieser aufweist und auf was man dabei achten sollte.
70867	aufhören	hören	auf	1.000000	1.333330	Da rief er abermals ' Gott sei mit euch! ' Sie hörten wieder auf, guckten sich um, weil sie aber niemand sahen, fuhren sie auch wieder fort sich zu schlagen.
70868	aufweisen	weisen	auf	1.000000	1.333330	Das Jahr 1890 weist eine Ausfuhrmenge auf, welche die des vorhergehenden um mehr als das Doppelte übersteigt.
70869	aufschlagen	schlagen	auf	1.000000	1.632990	Das waren dann die &quot; Sportfreunde &quot; welche hier mit Kühlanhängern und Gefriertruhen aufschlugen.
70870	auftauchen	tauchen	auf	1.000000	1.632990	Die Zwistigkeiten um den Arbeitslohn, aus welchen unsere blutigen Szenen hervorgingen, tauchen hier und da, bald in Frankreich bald in England, wieder auf.
70871	auffrischen	frischen	auf	1.100000	1.100500	Wozu beleben und auffrischen, was tot ist und tot bleiben muß?
70872	aufweichen	weichen	auf	1.100000	1.370320	Statt endlich einen Tarifvertrag &quot; Demografie &quot; abzuschließen, in dem u.a. Altersteilzeit und unbefristete Übernahme der Azubis geregelt sind, stellen die Arbeitgeber der Textilindustrie Gegenforderungen: Sie wollen den Schutz von älteren Arbeitnehmern aufweichen!
70873	aufweisen	weisen	auf	1.100000	1.449140	Es hält sich in seiner Bauart ziemlich streng an das herkömmliche Bicycle, indem es, wie dieses, mit den Füßen allein bewegt wird und eine Transmissionskette aufweist.
70874	aufhören	hören	auf	1.100000	2.079000	Aber erst durch den russisch-deutschen Handelsvertrag von 1894 hörte die ungleiche Behandlung auf, indem der Einfuhr zu Land die gleichen Zölle wie der Einfuhr zur See zugestanden wurden, während bis dahin letztere bevorzugt und erstere mehr belastet war.
70875	auffahren	fahren	auf	1.200000	1.398410	Als sie hereinstürzte so schrecklichen Angesichtes, da fuhr er auf, er wußte erst nicht, war es Christine in ihrer ursprünglichen Gestalt.
70876	aufbrauchen	brauchen	auf	1.200000	1.475730	Wir hatten den Impfstoff aber bereits angebrochen und konnten ihn nun nicht aufbrauchen.
70877	aufweichen	weichen	auf	1.200000	1.475730	Der Markt wächst: Fast fünf Millionen Menschen trainieren bundesweit in Fitness Studios, die Grenzen zwischen Sport und Gesundheit weichen immer mehr auf.
70878	aufweisen	weisen	auf	1.200000	1.619330	Die älteren Weinberge sind mit ca. 5.000 Reben / ha bestockt, während die Rebfläche Bellaria eine Pflanzdichte von ca. 7.000 Reben / ha aufweist.
70879	auftreiben	treiben	auf	1.200000	1.686550	Man wird nämlich an solchen, nahezu durchweg am äußeren Knöchel der Handwurzel, einen kleinen Buckel aufgetrieben finden.
70880	auftreiben	treiben	auf	1.200000	1.751190	hehe, wie gesagt ich kann da halt nichts versprechen, kann schon sein das ich an dem Tag dann noch einen weiteren Spieler auftreiben kann... aber versprechen kann ich nichts.
70881	aufhören	hören	auf	1.200000	1.813530	Iss erst, bis du hungrig, höre auf, bevor du satt bist!
70882	aufleben	leben	auf	1.300000	1.494430	Erst als ich in der Therapie darüber sprechen konnte, lebte ich auf.
70883	auftauchen	tauchen	auf	1.300000	1.494430	Ich finde, dass wenn man über Arterhaltung spricht, nicht das Wort &quot; Selbstung &quot; auftauchen sollte.
70884	auffahren	fahren	auf	1.300000	1.636390	"-- "" Sie ist ja eine Köchin! fuhr die jüngste auf."
70885	auffahren	fahren	auf	1.300000	1.702940	Elyssa fuhr empört auf: &quot; Das ist doch völlig unfair!
70886	aufschlagen	schlagen	auf	1.300000	1.702940	Diese graben sich Höhlen in der Erde oder in dem Sande, um dort ihr Lager aufzuschlagen, jene suchen in hohlen Bäumen oder in Felsklüften Schutz.
70887	aufbrauchen	brauchen	auf	1.400000	1.349900	Sie hätten es vielleicht viel eher verdient als der gewählte Begriff, denn &quot; (Human ) Ressourcen beutet man aus, bis sie aufgebraucht sind.
70888	auffrischen	frischen	auf	1.400000	1.349900	Dabei frischt der Wind im Norden und der Mitte Deutschlands merklich auf.
70889	auffahren	fahren	auf	1.400000	1.429840	&quot; - Der Ritter senkte voll Ernst den Blick; Hildegunde fuhr bebend auf, und lauschte bange und kaum atmend auf seine Worte.
70890	auftragen	tragen	auf	1.400000	1.429840	Wenn ich als Borg meine &quot; Uniform &quot; wechsle kann mir das ja von höherer ebene auch aufgetragen worden sein wie auch immer, nichts ist Pefekt.
70891	auftragen	tragen	auf	1.400000	1.429840	Als er gar war, trug sie ihn dem Goldschmied auf, der ihn ganz allein verzehrte, und nichts übrig ließ.
70892	auffahren	fahren	auf	1.400000	1.712700	Die Braut selbst blieb ruhig dabei, Elisabeth aber fuhr auf und trat mit einem Eifer, der ihr dann selbst unverständlich war, für den geraden Wuchs ihres zukünftigen Schwagers ein.
70893	aufnehmen	nehmen	auf	1.400000	2.270580	Es ist ja auch ein Instrumentalstück und ich glaube, ihr habt noch nie ein Instrumentalsong aufgenommen, oder besser gesagt veröffentlicht.
70894	auffrischen	frischen	auf	1.500000	0.849837	Da ich auf diese Weise zwei Gläser Wein aufgefrischt, mit Wasser vermischt, und eins auf seinen Platz gestellt hatte, lud ich ihn ein, mit mir zu speisen.
70895	aufweisen	weisen	auf	1.500000	1.779510	Die Unterschriftenaktion &quot; Wald, Wild und Mensch &quot; weist bereits weit über 13.000 Unterschriften von Jägern, Natur - und Tierfreunden auf und wird fortgesetzt.
70896	auffrischen	frischen	auf	1.555560	1.810460	Während des Verlaufs ging es anscheinend nicht gerade zimperlich zu: Während der Anhörung versuchte man durch Folterungen, wie z.B. Stockschläge, das Erinnerungsvermögen des Angeklagten ein wenig &quot; aufzufrischen &quot;.
70897	aufstellen	stellen	auf	1.555560	1.943650	Das Preussische Gesetz vom 11. Juni 1837 stellt in der Eingangsformel die beiden Hauptklassen von Werken der Wissenschaft und der Kunst auf.
70898	auffrischen	frischen	auf	1.600000	1.429840	Der Passat hatte wieder etwas aufgefrischt und wehte konstant aus Südost.
70899	auffrischen	frischen	auf	1.600000	1.505550	Wenn diese italienische Rachsucht sich irgendwie rechtfertigen wollte, so müßte dies geschehen durch den Nachweis einer entsprechenden nationalen Tugend, nämlich der Dankbarkeit; dieselbe Phantasie, welche das erlittene Unrecht auffrischt und vergrößert, müßte auch das empfangene Gute im Andenken erhalten.
70900	auftauchen	tauchen	auf	1.600000	1.505550	"Der ""Adeverul"" meldet, daß in den an der Donau liegenden Landstrichen Bulgariens riesige Heuschreckenschwärme aufgetaucht sind, welche an den Saaten große Verheerungen anrichten."
70901	aufweisen	weisen	auf	1.600000	1.577620	In Deutschland gedeiht er nur an wenigen, geschützten Orten, wie z. B. beim Heidelberger Schloss und in der Nähe von Bonn (Rosenburg ), wo ein Exemplar in 24 Jahren einen 20 m hohen Stamm gebildet hat, der in Brusthöhe 0,85 m Umfang aufweist.
70902	auftreiben	treiben	auf	1.600000	1.646550	Die Gestalt ist gestreckt, der Bauch vortretend, die Haut weich und schleimig, der Kopf dick, auf den Backen aufgetrieben, vorn abgestutzt, hier in der Nägel mit zwei häutigen Anhängseln versehen.
70903	aufhängen	hängen	auf	1.600000	1.776390	Das einzigste was man dort erntet sind haufenweise Fehlermeldungen die ich nicht wirklich nachvollziehen konnte bzw verstehen und im Endeffekt hat sich dann das ganze System aufgehängt.
70904	aufschneiden	schneiden	auf	1.600000	1.837870	Aber dann sagte ich mir, dass er bestimmt nicht aufschneidet.
70905	aufschneiden	schneiden	auf	1.600000	2.011080	"""Der Brünnlbauern-Peter gibt mehr scho gar koa Ruah net, er will d' Kathl haben um an niad 'n Preis!"" fuhr die Leitnein, etwas stark aufschneidend, nach einer kleinen Pause fort."
70906	aufdecken	decken	auf	1.700000	1.418140	Nachdem Sascha die Affäre ihrer Ersatzmutter mit einem Nachbarn aufdeckt, ist sie mit der Situation überfordert und möchte das Solitär verlassen.
70907	aufbrauchen	brauchen	auf	1.700000	1.494430	Man kalkulierte, ob es billiger sei, einen Negertrupp von achtzehnjährigen in 7 oder 14 Jahren aufzubrauchen, to use up.
70908	aufbrauchen	brauchen	auf	1.700000	1.567020	Was zum Teufel hatte der unbeachtete und unscheinbare junge Mensch betrieben die lange Jugend hindurch, ohne sich aufzubrauchen?
70909	aufdecken	decken	auf	1.700000	1.636390	Nachdem Bildungssenator Rudolf Lange (FDP ) den angebotenen &quot; Pakt für Kinder &quot; abgelehnt hat, will der SPD-Politiker Thomas Böwer weiter &quot; aufklären und aufdecken, wie es meine Aufgabe als Opposition ist &quot;.
70910	auftreiben	treiben	auf	1.700000	1.702940	Die meisten Zeugen sind gestorben; bis Sie die überlebenden auftreiben und nach Berlin schaffen, darüber können Jahre vergehen.
70911	aufstellen	stellen	auf	1.700000	1.766980	Sie stellte die These auf, dass es autistische und soziale Sprachen gibt, wobei sich letztere aus ersteren entwickelten 1923 hielt sie mehrere Vorträge in Zürich, Genf und Moskau zum Thema Aphasie.
70912	aufräumen	räumen	auf	1.700000	1.828780	Für seine Anhänger ist der einstige Präsident, der von 1990 bis 2000 amtierte, derjenige, der mit dem Terrorismus des Leuchtenden Pfades aufräumte und Peru zurück in die wirtschaftliche Stabilität führte.
70913	aufzwingen	zwingen	auf	1.700000	1.828780	Erst bei freier Fahrt, wenn der Pilot selbst Kurveneingangsgeschwindigkeit, Gang und Drehzahl aussucht und diese Parameter nicht von anderen aufgezwungen bekommt, erzeugt sie die Dynamik, die ihre Optik verheißt.
70914	aufdecken	decken	auf	1.700000	2.110820	Wohner aufdeckt, so heter anstatt Öpfel Froschebäi e dem Kratte, die no zapled Hände.
70915	aufweisen	weisen	auf	1.800000	1.229270	Als Investor in technologischen Wachstumsmärkten konzentriert sie sich auf Beteiligungen an Unternehmen in der Seed - bis zur frühen Expansions-Phase, die mit innovativen Technologien, Produkten und Geschäftsmodellen ein überdurchschnittliches Wachstumspotenzial aufweisen.
70916	auftreiben	treiben	auf	1.800000	1.316560	Die große Menge der im Morgenlande herrenlos herumschweifenden Hunde machte es uns ziemlich leicht, das nötige Futter für sie aufzutreiben; doch durften wir niemals lange an einem Orte verweilen, weil wir sehr bald von den Tieren bemerkt und von ihnen gemieden wurden.
70917	auftragen	tragen	auf	1.800000	1.398410	Uns ist aufgetragen, dass wir den Lebendigen und das Lebendige suchen, am richtigen Platz, nicht bei den Toten, nicht bei dem, was am Absterben ist in seiner Kirche und was wir - halsstarrig und festgefahren - nur nicht aufgeben wollen.
70918	aufschließen	schließen	auf	1.800000	1.398410	Anfangs wurden die Schlacken durch Salzsäure aufgeschlossen und die Phosphorsäure nach einem Verfahren von Scheibler löslich gemacht.
70919	aufweisen	weisen	auf	1.800000	1.549190	Diese Schrift, eine gründliche Untersuchung des Entstehens und des Ganges der Krankheit, weist zugleich die zweckmäßigsten Mittel auf, welche zur Vorbeugung oder bis zum Eintreffen des Arztes anzuwenden sind, und dürfte daher allgemeine Beachtung finden.
70920	auffahren	fahren	auf	1.800000	1.619330	Swoyschin fuhr auf: neben ihm stand der Oberst wohlwollend lächelnd, die Zigarette in der Hand, was bedeutete, daß er schon gefrühstückt hatte.
70921	aufdecken	decken	auf	1.800000	1.751190	Dabei decken sie einen viel größeren Skandal auf, der beinahe zu einem Mord führt.
70922	aufnehmen	nehmen	auf	1.800000	1.932180	Aus diesem Grund empfehlen wir Ihnen einfach direkt mit uns Kontakt aufzunehmen.
70923	auftauchen	tauchen	auf	1.800000	1.988860	Diese Namen sind manchmal schon in den dichten Hängungen aufgetaucht, und somit stehen die Räume durch ihre Kunst in Verbindung zueinander.
70924	aufsehen	sehen	auf	1.800000	2.043960	Das Eine wirkt nur ideal, wenn das andere vorhanden ist;-) Am Tag nimmst du die Aknecreme, das &quot; saugt &quot; die Entzündungen aus und am Abend gibst du ihr die fettige Coptissalbe, dann siehst du am nächsten Tag nicht wie ein Schlachtfeld auf.
70925	aufhören	hören	auf	1.800000	2.043960	Die Blätter werden vom 1. Oktober an in Köln erscheinen, wodurch etwa vorgekommene Unregelmäßigkeiten in der Versendung aufhören.
70926	auffahren	fahren	auf	1.800000	2.097620	Erst als die Dienerin ihr zur Beschau den Metallspiegel vorhielt, fuhr sie wie aus Träumen auf.
70927	aufbrauchen	brauchen	auf	1.900000	1.523880	Wenn das so weiter gehe, sei das gesamte Straßenvermögen in 27 Jahren bilanziell aufgebraucht.
70928	aufweichen	weichen	auf	1.900000	1.523880	Ebenso werden schollige Felder nach einem Regen leichter zu bearbeiten sein, indem die Schollen durch den Regen aufgeweicht und zerbröckelt werden.
70929	aufbrauchen	brauchen	auf	1.900000	1.595130	Enthielt daher, wie es doch wahrscheinlich ist, meine Lösung eine äußerst kleine Menge dieses Ferments, so wird dies durch die Auflösung der zuerst in die Lösung getanen Eiweißwürfel aufgebraucht worden und keines mehr übrig geblieben sein, als die Salzsäure zugesetzt wurde.
70930	aufbrauchen	brauchen	auf	1.900000	1.595130	Für nicht ganz 1700 Taler wurde die Orgel fertig aufgestellt, denn ich war stets darauf aus, zur Verfügung gestellte Summen nicht ganz aufzubrauchen, namentlich aber Geschenkgeber durch Ersparungen zu erfreuen und nicht durch Nachforderungen zu verstimmen.
70931	aufschlagen	schlagen	auf	1.900000	1.595130	sie schlug ihre Rätselbücher auf, aber es stand nicht darin; kurz, ihr Latein war zu Ende.
70932	auftreiben	treiben	auf	1.900000	1.663330	Oft stehen sie schon in den ersten Zeilen eines Textes, um die Stimmung zu setzen, aber sie sind so zahlreich, dass es keine Mühe macht, in einer Viertelstunde ein, zwei Dutzend aufzutreiben.
70933	aufweisen	weisen	auf	1.900000	1.728840	Vielmehr weisen sie verschiedene Berührungspunkte auf, sie können sich gar bedingen.
70934	aufleben	leben	auf	1.900000	1.728840	"Aus ihm entspringt der ""neue Dionysos"", des Zeus und der Semele Sohn, in dem Zagreus wieder auflebt."
70935	aufbewahren	bewahren	auf	1.900000	1.791960	Und ein Tip von ihm, alles hier bei mir aufbewahren auch die gesamten Bilderchen von meinem Inneren.
70936	aufnehmen	nehmen	auf	1.900000	1.911950	Sie nimmt Hunde in Not auf und betreut diese bis zu ihrer endgültigen Vermittlung.
70937	auftauchen	tauchen	auf	1.900000	1.911950	Das Lied taucht seid zig Jahren immer wieder zu Weihnachten auf und ich kann es nicht mehr hören.
70938	aufdecken	decken	auf	1.900000	1.969210	Ich träumte, warum ich gestern den Wunsch hatte, so lange zu schuften, bis ich alles aufgedeckt hätte, was an Unrecht in der Alten Welt vorliegt.
70939	aufleben	leben	auf	2.000000	1.414210	Dieser Gegentreffer ließ auf Nusslocher Seite die Lebensgeister wieder aufleben.
70940	aufstellen	stellen	auf	2.000000	1.763830	&quot; Oracle scheint derzeit, auch Dank seiner Akquisitionen, gut aufgestellt zu sein, um dieser Krise zu trotzen &quot;, glaubt Oracle Spezialist Xenofon Grigoriadis.
70941	aufdecken	decken	auf	2.000000	1.763830	(Name eines konservativen Abgeordneten) sagte mir, daß Sie einige Artikel, welche das schnöde Spiel von Bismarck und Genossen mit dem Kaiser aufdecken, für zeitgemäß hielten.
70942	auffrischen	frischen	auf	2.000000	1.763830	Denn in der Möglichkeit freierer Bewegung liegt für die berufstätige Frau auch die Möglichkeit sich zu ruhen oder ihren Geist aufzufrischen.
70943	auftauchen	tauchen	auf	2.000000	2.000000	Nach jahrelangen vergeblichen Unterhandlungen sah Deutschland plötzlich in einem Jahre drei handelspolitische Vereine auftauchen.
70944	aufbessern	bessern	auf	2.100000	1.370320	Ganz behutsam, mit einer am Dokumentarfilm geschulten Sensibilität, nähert sich Bastian Günther diesen vier Männern und ihren fragilen Beziehungen zu vernachlässigten Kindern, entnervten Frauen, unwirschen Arbeitgebern und unwilligen Kunden - und zu potenziellen Geliebten, bei denen sie ihr angeschlagenes Selbstbewusstsein gern aufbessern würden.
70945	aufleben	leben	auf	2.100000	1.523880	Zwar hat sie schon an so manchem Neubau mitgearbeitet, doch bei schwierigen Restaurierungsarbeiten an Altbauten lebt sie erst richtig auf.
70946	aufnehmen	nehmen	auf	2.100000	1.523880	Nach burkinischem Recht müssen auch Privatschulen Kinder unabhängig von Religion und Stammeszugehörigkeit aufnehmen.
70947	aufleben	leben	auf	2.100000	1.663330	Sie lebte mit ihm auf und verschwanden auch wieder mit ihm.
70948	aufräumen	räumen	auf	2.100000	1.791960	"Nettlau und Guillaume zerstörten das Märchen von Bakunins ""Utopie""; Brupbacher zerstörte die Marx-Legende; und es mag eine Philosophie eintreffen, die mit den Wirklichkeitsutopisten aufzuräumen gewillt ist."
70949	auftauchen	tauchen	auf	2.100000	1.969210	In jeder Legislaturperiode tauchte die gefürchtete Frauenstimmrechtspill von neuem auf.
70950	auftragen	tragen	auf	2.100000	2.024850	Wenn sie ihm eine Arbeit auftrug, sie mochte noch so schwer sein, so ging es unverdrossen daran und tat was in seinen Kräften stand.
70951	aufleben	leben	auf	2.100000	2.131770	Mit &quot; Twelve Stars And An Azure Gown &quot; wetzt die Band diese Scharte aber beinah wieder aus, da man es hier schafft, die Atmosphäre der getragenen Stücke der frühen FATES WARNING wieder aufleben zu lassen.
70952	aufweisen	weisen	auf	2.200000	1.135290	Ein junger Mann sucht eine Komptoir- oder Reise-Stelle und kann gute Zeugnisse aufweisen.
70953	aufnehmen	nehmen	auf	2.200000	1.475730	Endlich kam es ihm in den Sinn, er wollte zu seinem Vater zurückkehren, sein Zorn würde sich gelegt haben, und mit dem Tischchen deck dich würde er ihn gerne wieder aufnehmen.
70954	aufräumen	räumen	auf	2.200000	1.475730	Zuerst führte Prinz Wilhelm seine ostpreußischen Bataillone im Sturmschritt, bei rauschender Feldmusik, Alles niederschmetternd durch das Dorf und darüber hinaus; dann räumten die Litauer, Sohrs brandenburgische Husaren und die schwarzen Reiter mit den Totenköpfen unter den erschreckten Feinden auf.
70955	aufdecken	decken	auf	2.200000	1.619330	Er deckt die oberste Karte des Beutekartenstapels dieses Reviers auf und legt diese offen daneben.
70956	aufräumen	räumen	auf	2.200000	1.619330	Mit ihrem neustem Hit Skyline wollten sie nun wirklich aufräumen und etwas fantastisches auf die Leinwand zaubern.
70957	auftragen	tragen	auf	2.200000	1.751190	Ohne weiteres kann man auch in die Tiefe gehen, jedoch muß vorher immer aspiriert werden, um ein Anstechen größerer Gefäße zu verhindern (Periulcerös wird Venostasin Gel aufgetragen ).
70958	auftragen	tragen	auf	2.200000	1.751190	es sind die Helden, in deren Mitte Alexander seines endlichen Sieges gewiss sein konnte, welche er dem Lysipp vorzuführen auftrug.
70959	aufnehmen	nehmen	auf	2.200000	1.813530	Auf der Strecke Klagenfurt-- Aßling wurde der Personenzugsverkehr mit Ausnahme der Schnellzüge gestern aufgenommen.
70960	aufzwingen	zwingen	auf	2.200000	1.873800	Gemeindeleiter berichten, dass es gängige Praxis sei, Christen im Geschäftsleben zu benachteiligen, ihnen Wucherzinsen aufzuerlegen, sie durch Dokumentfälschungen zu enteignen oder ihnen mit Morddrohungen den Übertritt zum Islam aufzuzwingen.
70961	auftragen	tragen	auf	2.200000	1.988860	Der Priester trug Klaus auf, sobald es ihm die Umstände gestatteten, hier ein Kreuz zu errichten.
70962	aufbrauchen	brauchen	auf	2.300000	1.567020	OK:zufrieden: werde die jetzt aufbrauchen:zustimm: wegschmeißen wollte ich die nicht:nein: die hat doch auch Geld gekostet.
70963	aufrüsten	rüsten	auf	2.300000	1.702940	Ich habe die Ram-Speicher gekauft, obwohl ich nur mein MacBook 7,1 lt. Apple nur auf 4 GB aufrüsten kann.
70964	aufstellen	stellen	auf	2.300000	1.702940	Offen bleibt, wie sich die aus der PT ausgetretene Linke aufstellt.
70965	auffrischen	frischen	auf	2.300000	1.766980	Ich entspreche nur einem Wünsche vieler Jugendfreunde, wenn ich in Kürze einige Erinnerungen auffrische an ihn.
70966	aufstellen	stellen	auf	2.300000	2.263230	Eine solche Bestimmung fehlt in dem Strafgesetzbuch, welches nur über einzelne Gegenstände des allgemeinen Teils in Betreff ihres Verhältnisses zu den Übertretungen Vorschriften aufgestellt hat.
70967	aufräumen	räumen	auf	2.333330	1.581140	Die Dialoge sind einfach super: Locke: &quot; Ein echtes Schlammschwein dieser Schäwig, hier ist schon seit Monaten nicht mehr aufgeräumt worden &quot;.
70968	aufbessern	bessern	auf	2.400000	1.577620	Du solltest mal den Zarathustra lesen und deine Unbildung aufbessern.
70969	aufschlagen	schlagen	auf	2.500000	1.433720	Die Kraft, mit der der Wurfpfeil entsaust und aufschlägt, ist weit größer als man erwartet.
70970	aufweichen	weichen	auf	2.500000	1.581140	Wenn es regnet und dadurch der Acker aufweicht, ist es naheliegend, dass die Autos hoffnungslos ineinanderrutschen.
70971	aufweichen	weichen	auf	2.500000	1.779510	Doch es war wohl die Realität, denn ich spürte wie das Wasser durch meine Schuhe drang und meine Socken aufweichte.
70972	aufschlagen	schlagen	auf	2.500000	1.840890	Wie auch das Wetter sein mochte, wir aßen zu Mittag immer im Freien unter einem Zelte, das unter einer großen Linde aufgeschlagen war.
70973	auftragen	tragen	auf	2.500000	1.900290	Alsdann wurde der Mantel, der die eigentliche Form gab, in verschiedenen Lagen aus gut durchgearbeitetem Lehm aufgetragen.
70974	aufbewahren	bewahren	auf	2.500000	1.957890	Die so filtrierte Maße muß vollständig abkühlen und an einem kühlen, trockenen Orte aufbewahrt werden, wo sie sich drei bis vier Tage hält.
70975	auftreiben	treiben	auf	2.500000	2.013840	Der Durst trieb ihn auf, mühsam schleppte er sich zu einem der vielen Bäche, stärkte sich und wusch sich rein.
70976	auftauchen	tauchen	auf	2.500000	2.068280	Während des Interviews taucht auch noch Lee Perry auf, postiert sich hinter Horace und überrascht ihn als er seine eigenen Kommentare einwirft.
70977	auftauchen	tauchen	auf	2.500000	2.121320	&quot; Niemand sorgte zum Beispiel dafür, dass plötzlich Celebrities mit Campers an den Füßen auftauchten - und doch taten sie es gleich reihenweise.
70978	aufstellen	stellen	auf	2.600000	1.264910	Lorbeeren, wie in Ostindien, wird er in Irland nicht pflücken; denn die Repealer haben nicht, gleich den Sikhs, eine disziplinierte und wohlbewaffnete Armee aufzustellen.
70979	aufbessern	bessern	auf	2.600000	1.349900	Es konnten viele ihre Finanzen aufbessern, aber das wir dieses korrigieren mussten, weil sonst die Balance im Spiel zu stark beeinflusst wird, könnt ihr hoffentlich verstehen.
70980	aufzwingen	zwingen	auf	2.600000	1.349900	Einzig dank dem Zusammentreffen so ungewöhnlicher Umstände wurde jetzt etwas möglich, wovon die Weltgeschichte kein zweites Beispiel aufweist: dass von einzelnen zielbewussten Männern einem ganzen Volke eine durchaus erfundene, kunstgemäss erdachte, ungemein komplizierte Religions- und Kultusgeschichte als altgeheiligte Tradition aufgezwungen werden konnte!
70981	auftragen	tragen	auf	2.600000	1.429840	Pilze hab ich keine gekriegt, bei Verdacht hab ich gleich Canesten aufgetragen.
70982	aufräumen	räumen	auf	2.600000	1.505550	Muss das hier nochmal aufräumen: Eine Frage: Ich will eine schöne Base für eine 54 mm Miniatur von mir machen.
70983	aufbewahren	bewahren	auf	2.600000	1.577620	Jedoch scheint es auch Fälle gegeben zu haben, in denen der geständige, aber säumige Schuldner zur Strafe für seine Zögerung ein solches Plus zu entrichten hatte; in der lex Julia municipalis ist uns ein solcher Fall aufbewahrt.
70984	aufbessern	bessern	auf	2.600000	1.712700	Durch die neuen Bestimmungen wird das Geschäft mit steirischen Weinmosten unmöglich gemacht, da Weinmoste, die von Natur aus weniger als 15 Grad nach Klosterneuburgerwage zeigen sich überhaupt nicht als Süßmost eigenen, Weinmoste über 15 Grad aber in Hinkunft nicht aufgebessert werden dürfen.
70985	aufdecken	decken	auf	2.600000	1.712700	Wenn der Mensch aufdeckt, so deckt Gott zu; deckt er aber zu, so deckt Gott auf.
70986	aufweichen	weichen	auf	2.600000	2.011080	Madame Legros, Besitzerin eines kleinen Schnittwarengeschäftes, fand eines Tages auf der Straße ein Bündel Schriften; die Hülle war durch die Feuchtigkeit zerfasert, die Siegel aufgeweicht.
70987	aufschließen	schließen	auf	2.600000	2.221110	:) Herr Pfad lies mich an der GS ein und verwiess mich sofort an Sasa (hoffe ich schreibe das jetzt richtig ), der mit mir nochmal zum Fan-Shop gegangen ist (extra aufschliessen musste ) und mir meine Karte gegeben hat.
70988	aufschreien	schreien	auf	2.600000	2.221110	Ihr Kopf wusste es, aber ihr Herz schrie jedes Mal auf, sobald seine Hand auf sie hinunter sauste.
70989	aufschließen	schließen	auf	2.600000	2.221110	Wie sie den Schrank aufschloß, stand da Kuchen, Fleisch, Obst, Wein, und lachte einen ordentlich an.
70990	aufleben	leben	auf	2.600000	2.270580	Mit dem Gegenstande seines Hasses lebte der Haß und die Liebe wieder auf, und beide waren Höllenflammen.
70991	aufnehmen	nehmen	auf	2.700000	1.159500	Polizeipräsident Dr. Walter Büchsel hat dieses Thema, auch zum Schutz der eigenen Beamten, in den &quot; Terminplan Fortbildung &quot; aufgenommen: &quot; Wir werden uns dafür einsetzen, dass der Innenminister des Landes diese Erkenntnisse in die Ausbildung junger Beamten einfließen lässt.
70992	aufrüsten	rüsten	auf	2.700000	1.418140	Beim Drag-Modus ist es wichtig zu beachten, dass viel Leistung nur dann etwas bringt, wenn auch das Fahrwerk entsprechend aufgerüstet ist.
70993	auflisten	listen	auf	2.700000	1.494430	Trainer, Betreuer, Ausbilder, Lehrende und Dozenten, die davon profitieren, sind im Einzelnen hier aufgelistet.
70994	aufnehmen	nehmen	auf	2.700000	1.636390	Ich würde verzagen, wenn ich nicht schon lange wüßte, wie barmherzig Du alle Sünder aufnimmst, und auch mich nicht zurückweisest.
70995	aufhängen	hängen	auf	2.700000	1.702940	Oder Firefox hängt sich auf, auch wenn ich nur 2 oder 3 Tabs offen hab bzw. für ca. 30 - 60 Sekunden hat es den Status &quot; keine Rückmeldung &quot; (im Taskmanager ) und funktioniert danach wieder.
70996	aufbewahren	bewahren	auf	2.700000	1.828780	Über die Entwicklung und die Aktivitäten des damaligen Müttervereins ist leider nichts bekannt, da alle Aufzeichnungen, wie auch die der anderen Ortsvereine, im Gasthof &quot; Krug zum grünen Kranze &quot; aufbewahrt und im zweiten Weltkrieg vernichtet wurden.
70997	aufschließen	schließen	auf	2.700000	2.110820	Der Morgenstern aber stand auf, gab ihm ein Hinkelbeinchen und sprach ' wenn du das Beinchen nicht hast, kannst du den Glasberg nicht aufschließen, und in dem Glasberg da sind deine Brüder.'
70998	aufschreien	schreien	auf	2.700000	2.213590	Dann schrie ihr Inneres auf, sie biss sich ihre Lippen blutig um nicht zu rufen: &quot; Lauf!
70999	aufstellen	stellen	auf	2.777780	1.922090	Er legt in einem Gutachten fest, welche Aufwendungen für die Pflege erforderlich sind und stellt einen Pflegeplan auf.
71000	aufrüsten	rüsten	auf	2.800000	1.475730	Hinweis: Ihren Online-Speicher können Sie mit der Eingabe von Promotioncodes und zusätzlichen Codes bis auf 16 GB für ein Jahr aufrüsten.
71001	aufbewahren	bewahren	auf	2.800000	1.475730	Die Gebisse werden meistens in Räumen aufbewahrt, zu welchen die Kälte leicht Zutritt findet, und nehmen in Folge dessen bei kaltem Wetter einen bedeutenden Kältegrad an.
71002	aufbessern	bessern	auf	2.800000	1.751190	Sie bessern einfach nur die extrem niedrigen Löhne und Gehälter auf.
71003	auffrischen	frischen	auf	2.800000	1.751190	Sie frischte noch schnell ihr Make-up auf, dann griff sie sich Pflaster, Kamera und ihre Autoschlüssel und schon saß sie im Wagen und fuhr Richtung Hotel.
71004	aufbessern	bessern	auf	2.800000	1.751190	Das falsche Haar ist im Mittelalter nicht gerade etwas seltenes, und wir haben seiner im ersten Teil öfter zu gedenken gehabt, immer aber dient es nur die Blöße zu bedecken oder aufzubessern, was die Natur kärglich verliehen hat.
71005	aufschließen	schließen	auf	2.800000	2.149940	Der Zechsteinkalk ist als scherbig brechendes, mergeliges Karbonatgestein in der nördlichen Ecke der Grube aufgeschlossen.
71006	aufräumen	räumen	auf	2.900000	1.100500	Langsam verabschiedet sich der Sommer und für den Gärtner kommt die Zeit, den Garten aufzuräumen und &quot; winterfest &quot; zu machen.
71007	auflisten	listen	auf	2.900000	1.370320	Zunächst wollte ich einige davon auflisten, aber dann war mir die Arbeit zuviel.
71008	aufdecken	decken	auf	2.900000	1.370320	Auf welche andere Weise hätte ich wohl Aussicht gehabt, bei dieser widerspenstigen, gegen mich und jede weltliche Therapie eingenommenen Patientin einen solchen Zusammenhäng gegen ihre eigene Meinung und Behauptung aufzudecken?
71009	aufbessern	bessern	auf	2.900000	1.449140	Doch investiert die Witwe ihre Freizeit und Energie &quot; in die Aktion &quot; nicht, um die eigene Rente aufzubessern, sondern ist für den guten Zweck tätig.
71010	aufräumen	räumen	auf	2.900000	1.449140	Als das Mädchen erwachte, lagen große schneeweiße Haufen aufgetürmt, und alles war im Zimmer reinlich aufgeräumt, aber die Alte war verschwunden.
71011	aufzwingen	zwingen	auf	2.900000	1.595130	Je ungebildeter ein Volk, um so mehr erscheint ihm dieser, Vernünftigen unverständliche, Lehrsatz glaublich; um so mehr läßt es sich die Tage der Arbeit schmälern, um so öfter einen sogenannten Fasttag aufzwingen.
71012	aufbauen	bauen	auf	2.900000	2.183270	Wir sind ja alle &quot; böse Mitnehmer &quot; die hier eine &quot; Selbstbedienungskultur &quot; aufgebaut haben.
71013	auftauchen	tauchen	auf	2.900000	2.514400	So oft er an dem Teich vorbei kam, fürchtete er sie möchte auftauchen und ihn an seine Schuld mahnen.
71014	aufweichen	weichen	auf	3.000000	1.247220	Die Wege waren bodenlos aufgeweicht, und unsere Karawane gewährte den traurigsten Anblick, als wir endlich in Adrianopel einzogen.
71015	aufleben	leben	auf	3.000000	1.414210	Die Landsmannschaften, die seitdem wieder auflebten, bewachten eifersüchtig ihre geschlossenen Werbebezirke, pflegten einen kleinlichen partikularistischen Sinn, der alles Ausheimische dünkelhaft abwies, und ertöteten jedes kräftige Selbstgefühl durch einen brutalen Pennalismus.
71016	aufschlagen	schlagen	auf	3.000000	1.490710	Dieselbe wird Ebenfalle mit einem Schlagpinsel über den Stock, und zwar kurz und schnell, aufgeschlagen.
71017	aufbauen	bauen	auf	3.000000	1.632990	Aber ein vergebliches Streben wird es bleiben, die ganze Kulturgeschichte mit so gar wenig Faktoren aufzubauen.
71018	aufräumen	räumen	auf	3.000000	1.632990	Es laufen ohnedies auf den Straßen von Tokyo schon so viele Hunde umher, daß von Zeit zu Zeit Kuli ausgeschickt werden, um mit ihnen aufzuräumen.
71019	aufzwingen	zwingen	auf	3.000000	1.763830	Ich wollte ihm meine Meinung nicht aufzwingen und schwieg dann.
71020	auflisten	listen	auf	3.100000	1.100500	Die verfügbaren Optionen des Editors werden Ihnen durch Buttons angezeigt, welche in einer Leiste oberhalb der Layoutansicht aufgelistet sind.
71021	aufbewahren	bewahren	auf	3.100000	1.197220	Aus dieser Zeit hat er sich eine schöne Sammlung von Volksliedern aufbewahrt, die er den Grenadieren abgelauscht.
71022	aufweichen	weichen	auf	3.100000	1.370320	Sie weichen das Haar bis zu 2 Millimeter unter der Haut auf.
71023	auflisten	listen	auf	3.100000	1.523880	Unter &quot; Help / expression Evaluator &quot; sind weitere und vom Programm beherrschte mathematische Funktionen aufgelistet, mit denen sich die o.
71024	aufzwingen	zwingen	auf	3.100000	1.595130	In passenden Gaben eingegossen, wurde die Milch unter Anstrengung blasig und schaumig wieder ausgewürgt; und so oft ich die ganze Reihenfolge der Versuche wiederholte, nie stellte sich ein anderes Ergebnis heraus, nie vermochte ich einer Ringelnatter auch nur einen Tropfen Milch aufzuzwingen.
71025	aufschreien	schreien	auf	3.100000	1.791960	Er schreit auf, versucht sich zu wehren, schon klafft eine weitere Wunde an seinem Bein.
71026	aufrüsten	rüsten	auf	3.100000	1.911950	Dann könnte es ja so sein, dass o 2 dort auf 3 G aufrüstet und GSM 1800 nur noch über einen &quot; Stab &quot; abstrahlt (statt bisher über 2 ) und der andere &quot; Stab &quot; für 3 G genutzt wird?
71027	aufschreien	schreien	auf	3.100000	1.969210	Zuweilen ergriff ihn eine plötzliche Angst, daß er hätte aufschreien oder weit, weit fortlaufen mögen, dann wieder verfiel er in den tiefsten Trübsinn.
71028	aufbewahren	bewahren	auf	3.100000	2.079000	Unsere sämtlichen Bilder, jährlich wohl gegen ein Hundert an der Zahl nehmen sich herrlich unter Glas und Rahmen aus, und werden auch so aufbewahrt, wie man fast allenthalben bemerken kann.
71029	aufbauen	bauen	auf	3.100000	2.183270	... hm.. für mich war es auch ein traum... ein wagen so herzurichten wie er mir gefällt... also neu aufzubauen... daher... träume nicht dein leben... lebe deinen traum... passt schon ganz gut im moment..
71030	aufbauen	bauen	auf	3.200000	0.918937	Wenn du trainierst und der Kfa bleibt bei steigendem Körpergewicht gleich, kannst du davon ausgehen, dass du Muskelmasse aufgebaut hast.
71031	aufbewahren	bewahren	auf	3.200000	1.135290	Dabei haben schon die alten Römer aus der Antike das Wasser aus Niederschlägen gesammelt und in einem System aus Regenwassertanks aufbewahrt.
71032	aufleben	leben	auf	3.200000	1.619330	Dann lebten wir auf und atmeten leicht, Und schossen wie Kressen so grün.
71033	aufbrauchen	brauchen	auf	3.200000	1.813530	Ein schlechter Herbst wird für unser Hörnchen gewöhnlich verderblich, eben weil es die Wintervorräte aufbraucht.
71034	aufschreien	schreien	auf	3.200000	1.813530	"""Ja, Mama, ein Glück wie das deine”, schrie Manon mit einem tiefen Seufzer auf."
71035	aufbewahren	bewahren	auf	3.300000	1.059350	Die Servicemitarbeiter des Darmstadt Citymarketing e.V. bewahren Ihre Einkäufe sicher von 11 bis 19 Uhr für Sie auf.
71036	aufschreien	schreien	auf	3.300000	1.059350	Ich habe gegen die Unterdrückung, Einsperrung und Benachteiligung der unter Besatzung lebenden palästinensischen Bevölkerung unablässig aufgeschrien.
71037	aufbewahren	bewahren	auf	3.300000	1.494430	Auf getrennte Warenlager ist zu achten, denn die Waren des Prophylaxe-Shops dürfen nicht zusammen mit den Praxiswaren aufbewahrt werden.
71038	aufbessern	bessern	auf	3.300000	1.567020	Ein alter Horst wird gern wieder benutzt und dann nur ein wenig aufgebessert.
71039	aufleben	leben	auf	3.300000	1.567020	Ja, Effi lebte wieder auf, und die Mama, die, nach Frauenart, nicht ganz abgeneigt war, die ganze Sache, so schmerzlich sie blieb, als einen interessanten Fall anzusehen, wetteiferte mit ihrem Manne in Liebes- und Aufmerksamkeitsbezeugungen.
71040	aufrüsten	rüsten	auf	3.300000	1.766980	Endlich arbeiteten wir uns ans Gestade und lagen dort zwei Tage und Nächte vor Anker, bis wir die Masten wieder aufgerüstet und neue Segel aufgespannt hatten.
71041	aufschließen	schließen	auf	3.300000	2.162820	Caj ritt den Burgberg schnell hinauf, Und schlägt ans eiserne Tor: He, Pförtner, schließe die Riegel auf, Und laß mich beim Grafen vor.
71042	aufnehmen	nehmen	auf	3.363640	1.629280	Eine englische Familie, auf dem Lande lebend, sucht unter annehmbaren Bedingnissen eine Schweizerin aufzunehmen, welche die Wartung einiger schon etwas erwachsenen Kinder, die Besorgung deren Garderobe etc. etc. übernimmt.
71043	aufschreien	schreien	auf	3.400000	0.966092	Als sie es merkt, schreit sie auf und droht mir.
71044	aufräumen	räumen	auf	3.400000	1.429840	Um damit vor Empfang der neuen Frühjahrs-Waren aufzuräumen, habe ich eine große Auswahl Barege, Musseline de Leine, Batiste d'ecosse, gestickte Kleider, gestickte Möbel-Musseline etc. bedeutend im Preise herabgesetzt, welches ich meinen Kunden hiermit anzuzeigen mich beehre.
71045	aufbauen	bauen	auf	3.400000	1.505550	Die wirtschaftliche Freiheit des Bürgers und seines Eigentumes ist überall vorausgesetzt. nirgend wird der versuche gemacht, den Grundbesitz zu binden oder zu beschränken, noch auch das bürgerrecht auf ihm aufzubauen.
71046	aufschreien	schreien	auf	3.400000	1.505550	So fand ihn Elise und schrie auf, nahm ihn in ihre Hände, hauchte ihn an und suchte ihn zu erwärmen -- ach armes Kind: die Toten kommen nicht wieder! --
71047	aufdecken	decken	auf	3.400000	1.577620	Und siehe da, nicht lange, so war ein Toter aufgedeckt, der zu großem Teile noch in Kleiderresten steckte.
71048	aufbessern	bessern	auf	3.400000	1.646550	Verwerfung dieses Gesetzes kalt gegenüberstehen, eben weil ihnen dann auf ungesetzlichem Wege der Gehalt aufgebessert werde.
71049	aufsehen	sehen	auf	3.400000	2.011080	Und sie durfte zu ihm aufsehen, wie man zu seinen Engeln aufsieht.
71050	aufstellen	stellen	auf	3.500000	0.971825	Dann holte ich mir zwei Polizisten, welche sich vor der Türe des gedachten Hauses aufstellen sollten, während ich mich im Innern befand.
71051	aufrüsten	rüsten	auf	3.500000	1.178510	Die Datenschützer in der Schweiz müssen allerdings noch stark aufrüsten, damit sie ihre Schengen-Kontrollaufgaben wahrnehmen können.
71052	aufbessern	bessern	auf	3.500000	1.779510	Sollte der Hofmaler, dessen Gehalt damals noch bescheiden war und mehr als unregelmässig ausgezahlt, auch durch Nebenverdienst aus Honoraren für Private wenig aufgebessert wurde, im Stande gewesen sein, der Tochter des Malers Pacheco solche Perlenbänder und Goldketten zu verehren?
71053	aufbauen	bauen	auf	3.500000	1.957890	Man nahm nämlich an, daß die Stoffe, aus denen die Pflanze sich aufbaut, schon als solche in der Erde enthalten sind und nur einfach von den Wurzeln aufgenommen zu werden brauchen.
71054	aufhängen	hängen	auf	3.600000	1.505550	Wenn du mit dem Gedanken spielst dass deine Wellis mal Eier legen sollen (auch wenn es erst in 1 zwei Jahren passiert ) musst du dir bevor du einen Nistkasten aufhängst die Prüfung für eine Zuchtgenehmigung machen lassen.
71055	aufsehen	sehen	auf	3.600000	1.505550	Als ich von ungefähr aufsah, glaubte ich im Spiegel Gretchens Köpfchen, mit schalkhafter Neugierde durch die Tür horchend, wahrzunehmen.
71056	aufsehen	sehen	auf	3.600000	1.577620	Seidentopf, als er gelesen, faltete das Blatt wieder zusammen, und die Schorlemmer, ohne von ihrer Arbeit aufzusehen, murmelte vor sich hin: &quot; Da kommt selbst Faulstich wieder zu Ehren.
71057	aufweichen	weichen	auf	3.600000	1.776390	Wir sind jetzt im tiefsten Winter; Regen und Schnee wechseln von Tag zu Tag harmonisch mit einander ab, was die hiesigen Straßen bis zur Grundlosigkeit aufweicht.
71058	aufsehen	sehen	auf	3.600000	1.955050	Als Harkym die Kammer betrat, in der Seymas mit dem Tode rang, sah Micaal nur kurz auf.
71059	aufschließen	schließen	auf	3.600000	2.011080	Wir wandern die Stadtmauer entlang und finden am &quot; Puerto de Tierra &quot; einen städtischen Angestellten, der uns den Aufgang zur Stadtmauer aufschließt.
71060	aufbauen	bauen	auf	3.666670	0.707107	Sie hat in Deutschland die ersten Telesales-Teams und Callcenter aufgebaut.
71061	aufschreien	schreien	auf	3.700000	0.823273	Diethelm öffnete und schrie laut auf, daß der Hund bellte.
71062	aufzwingen	zwingen	auf	3.700000	1.159500	&quot; Die Gruppe befürchtet, dass Massachusetts Homo-Ehen in die ganze USA exportieren könne und somit anderen Bundesstaaten diese &quot; Perversion &quot; aufzwingt.
71063	aufzwingen	zwingen	auf	3.700000	1.418140	Georg mochte damit eine Pflicht zu erfüllen glauben, doch war er auch von Natur geneigt, der Welt seinen Sinn mit Gewalt aufzuzwingen.
71064	aufzwingen	zwingen	auf	3.700000	1.494430	Einen solchen Kampf werden wir, wie jeden anderen, der uns aufgezwungen wird, mit schonungsloser Härte führen.
71065	aufsehen	sehen	auf	3.700000	1.567020	er hatte ihr gezeigt, wie schön und lebendig Bella war -- wie geschmackvoll und prächtig Alles, was sie umgab, mit welchem feurigen Blick sie zu Jaromir aufsah, wie vertraulich ihre kleine weiße Hand auf seinem Arm ruhte.
71066	auflisten	listen	auf	3.800000	1.135290	In den nachfolgenden Tabellen sind die wichtigsten News-Groups zum Thema &apos; Schule &apos; und &apos; Geographie / Erdkunde &apos; aufgelistet.
71067	aufzwingen	zwingen	auf	3.800000	1.316560	&quot; Wir haben es immer wieder geschafft, dem Gegner unser Spiel aufzuzwingen, so hatte ich mir das insgeheim vorgestellt.
71068	aufschneiden	schneiden	auf	3.800000	1.398410	Meister Koth entscheidet, sich Grievous auf der Brücke zu stellen, als dieser schon deren Tür aufschneidet.
71069	aufschreien	schreien	auf	3.800000	1.686550	Aufschrie vor Furcht die Jungfrau; dann aus der Felsenspalte Lugt ' sie vorsichtig, ob Waltari noch sich halte.
71070	aufsehen	sehen	auf	3.800000	1.813530	&quot; Unmittelbar nach diesem Zitat fordert Jesus uns dann auf: &quot; Wenn aber dieses anfängt zu geschehen, dann seht auf und erhebt eure Häupter, weil sich eure Erlösung naht.
71071	aufsehen	sehen	auf	3.888890	1.763830	Als sie von meinem Computer aufsah und mich lächelnd anblickte, sah ich ihr lächelnd entgegen.
71072	auffahren	fahren	auf	4.000000	0.942809	Mit dem Bus oder eigenem Fahrzeug fahren Sie hinunter ins Tal nach Saas Grund, um mit der Seilbahn zur Mittelstation Chrizbode aufzufahren.
71073	aufkleben	kleben	auf	4.000000	0.942809	Allein sobald an unserem Instrument der Spiegel s genau senkrecht gegen den Stift m steht, so darf ich nur den Kristall mit einer seiner Flächen parallel demselben aufkleben, was bei herausgenommenem Stift durch Einspiegeln mit s sehr leicht bewerkstelligt werden kann.
71074	aufschneiden	schneiden	auf	4.000000	1.247220	Bei den Vögeln zum Beispiel ist der eine (der rechte) fast immer völlig verkümmert, so daß du in einem Huhn, das du aufschneidest, allemal scheinbar nur einen einzigen echten Eierstock vorfindest.
71075	aufkleben	kleben	auf	4.000000	1.490710	Namentlich erscheinen einige Adern, welche an die Oberfläche treten, aus diesem Grunde fast wie außer Zusammenhäng und äußerlich aufgeklebt.
71076	aufbauen	bauen	auf	4.000000	1.563470	Es lest sich ehe ein Ding niederreissen den aufbauen.
71077	aufbauen	bauen	auf	4.100000	1.100500	Außerdem bauen sich dadurch die inneren Strukturen, w.z.B. das Strahlpolster, auf, was dann hinterher, wenn man die Trachten ohne Polsterung unten hat, möglichst schon feste Bindegewebsfasern aufweisen wollten.
71078	aufweichen	weichen	auf	4.100000	1.286680	Es handelt sich nun zunächst darum, den am Wagen haftenden Kot aufzuweichen.
71079	aufhängen	hängen	auf	4.100000	1.523880	""" Sihdi befiehl es, und ich hänge ihn auf! """
71080	aufschneiden	schneiden	auf	4.200000	0.788811	Er würde sie zuhause aufschneiden... oder vielleicht braucht er das gar nicht tun.
71081	aufschließen	schließen	auf	4.200000	0.918937	Er trug die Schatulle auf den Tisch und schloß sie auf.
71082	aufnehmen	nehmen	auf	4.200000	1.032800	Das Mädchen nahm die Krone auf, sie glitzerte und war von zartem Goldgespinst.
71083	aufstellen	stellen	auf	4.200000	1.135290	In diesem Jahre wurde die große Maschine in dem Londoner Wasserwerke von York Buildings neben der Saverymaschine aufgestellt.
71084	aufhängen	hängen	auf	4.200000	1.316560	Plötzlich fesselten mich zwei Bilder, die unmittelbar nebeneinander aufgehängt waren.
71085	aufschneiden	schneiden	auf	4.300000	0.674949	Wir schnitten uns die Adern auf, Den Schergen der Knechtschaft trutzend.
71086	auffahren	fahren	auf	4.300000	0.948683	Der 79-jährige Fahrer eines Opel Meriva fuhr auf den Skoda auf und schob diesen noch gegen den linksabbiegenden VW.
71087	aufkleben	kleben	auf	4.300000	0.948683	Zu Hause sollten die Schüler dann die Bilder mit den Sicherheitshinweisen aus dem Arbeitsblatt 10 ausschneiden, dem jeweiligen Hinweis auf dem Arbeitsblatt 9 zuordnen und aufkleben.
71088	aufschließen	schließen	auf	4.300000	1.059350	Unbekümmert stellte er sich dann in den halben Meter tiefen Eingang und schloss sorglos die Tür auf.
71089	aufhängen	hängen	auf	4.400000	0.516398	Ich lief so schnell ich konnte den Berg herab nach dem Rauch zu, als ich unten ankam, sah ich drei tote Männer, die waren an dem Ast eines Baumes aufgehängt.
71090	auffahren	fahren	auf	4.400000	0.843274	Der nachfolgende Fahrer (18 ) eines Toyota Corolla fuhr auf den Audi auf, wobei Sachschaden in Höhe von ca. 8.000 Euro entstand.
71091	aufstellen	stellen	auf	4.400000	0.966092	"Wichtig vor allem Stf.G.B. § 366 Ziff. 9: ""wer auf öffentlichen Wegen […] Gegenstände, durch welche der freie Verkehr gehindert wird, aufstellt, hinlegt oder liegen läßt."""
71092	aufkleben	kleben	auf	4.400000	1.264910	@SiMos4ever Den Heckscheibenaufkleber klebst du ja von aussen auf und ich denke ma, da gibt &apos;s keine Probleme.
71093	aufsehen	sehen	auf	4.400000	1.264910	Sie ging auf ihn zu und stellte sich neben ihn, aber er sah nicht zu ihr auf.
71094	aufschneiden	schneiden	auf	4.500000	0.707107	Der unglücklich verliebte Wolfram drängt sie, ihn doch zu töten und reicht ihr das Messer, doch statt dessen schneidet sie sich selbst die Pulsadern auf.
71095	aufbauen	bauen	auf	4.500000	0.707107	Ebenso wurde das alte Hammerwerk zu Kollnau bei Waldkirch im Elzthal, welches im 30jährigen Kriege zu Grunde gegangen war, nach dem westfälischen Frieden wieder aufgebaut und ausgepachtet.
71096	aufschneiden	schneiden	auf	4.500000	0.707107	Einem Edelmann, den er in der berliner Domkirche in dieser Tracht sah, ließ er den Hosengurt aufschneiden; die Beinkleider fielen herunter, und der beschämte Ritter musste unter Spott und Gelächter nach Hause gehen.
71097	aufkleben	kleben	auf	4.500000	0.971825	Wenn Sie Ihre QSL-Karten nicht mehr von Hand ausfüllen, sondern lieber QSL-Label drucken und aufkleben, sollten Sie dabei einige Regeln beachten und es tunlichst vermeiden schwatzhaft zu sein!
71098	aufschneiden	schneiden	auf	4.500000	0.971825	Anschließend beging er Selbstmord: Er schnitt sich an beiden Handgelenken die Pulsadern auf.
71099	aufkleben	kleben	auf	4.500000	1.080120	Die Entrichtung der Gebühr erfolgt durch Erlag des Betrages von 50 kr. für die hierzu bestimmte Wertmarke, welche auf den Legitimationen aufgeklebt wird.
71100	aufschneiden	schneiden	auf	4.500000	1.080120	Hat man keinen Rost, so werden die Bückinge an der entgegengesetzten Seite aufgeschnitten und nach dem Herausnehmen des Eingeweides leicht in Butter gebraten.
71101	aufhängen	hängen	auf	4.600000	0.699206	Sie ging ins Haus, hing ihre Jacke auf und schaute danach die ganzen Zimmer durch.
71102	aufkleben	kleben	auf	4.600000	0.699206	&quot; Reine Markensammler gibt es immer weniger, die meisten sammeln jetzt Ansichtskarten, auf denen die Marken noch aufgeklebt sind &quot;, sagt Dieter Geyersberger.
71103	aufhängen	hängen	auf	4.600000	0.699206	Früh Morgens mußte Grethel heraus, den Kessel mit Wasser aufhängen und Feuer anzünden.
71104	aufkleben	kleben	auf	4.600000	0.966092	Bei der Kettenabdeckblechen kann man ruhig erstmal die Halterungsdreiecke aufkleben, was dank der Passmarken kein Problem darstellt.
71105	aufhängen	hängen	auf	4.700000	0.483046	Beide werden mittels eines Nedzuke (Näheres hierüber beim Kunstgewerbe), einer Art geschnitzten Knopfes, am Gürteltuch aufgehängt.
71106	aufkleben	kleben	auf	4.700000	0.483046	"Er trug nämlich eine sogenannte ""Tour"", die, wenn er sich für eine Gesellschaft zurecht machte, jedesmal abgelöst, dann sorglich in Stand gesetzt und mit einer Gummilösung neu aufgeklebt wurde."
71107	aufsehen	sehen	auf	4.700000	0.483046	Aber es war kaum noch ein halb Dutzend von ihnen und sie sahen kaum auf, wenn Einer über sie weg trat, weil sie ihm im Wege lagen.
71108	aufkleben	kleben	auf	4.900000	0.316228	Die Ornamente werden nach Mustern zusammen gestellt, auf Bastpapier mit Fu-nori oder einem anderen Kleister aufgeklebt und dann mit dem Papier durch dasselbe Bindemittel auf dem Holze befestigt.
71109	ausrasten	rasten	aus	0.300000	0.483046	Die holen sich da wieder einen zweiten Trapatoni, einen Trainer der gerne auch einmal ausrastet.
71110	ausrasten	rasten	aus	0.300000	0.674949	Jedenfalls hat es sehr genervt und ich bin fast ausgerastet.
71111	ausschlagen	schlagen	aus	0.400000	0.966092	Warum sollte er das Erbe ausschlagen, wenn denn etwas übrig bleibt?
71112	ausdrücken	drücken	aus	0.500000	0.707107	Dies drückt sich zusätzlich darin aus, dass die meisten zu den regelmäßigen Sonntagsgottesdienstbesuchern zählen, die zudem auch während der Woche immer wieder im Gottesdienst zu sehen sind.
71113	ausdrücken	drücken	aus	0.500000	1.269300	Aus Johannisburg schrieb Erwin Neu (71 ): &quot; Es gibt keine Worte, den Dank auszudrücken.
71114	ausreichen	reichen	aus	0.600000	0.699206	Das können sie aber nur mit den nötigen Rückmeldungen - und ein einfaches &quot; gut / schlecht &quot; reicht hier nicht aus.
71115	ausdrücken	drücken	aus	0.700000	0.823273	Oder anders ausgedrückt, die Anwesenheit von Krankheitsstrukturen schließt auf innere Unfreiheit.
71116	ausrasten	rasten	aus	0.700000	0.823273	Als ich dann noch das Pärchen sehe, dass vor dem Fluss steht, könnte ich ausrasten.
71117	ausrotten	rotten	aus	0.700000	0.823273	Das Problem dabei ist halt die kontrollierende Instanz, aber man könnte auf diese Weise in ein paar Generationen bestimmte unerwünschte Eigenshcaften des menschen, wie sein Aggressionspotential, ausrotten.
71118	ausschlagen	schlagen	aus	0.700000	0.823273	Ich möchte dir Gutes tun, wiederholte er nochmals mit größerer Lebhaftigkeit, darum schlage es nicht aus, du könntest es bereuen.
71119	ausschlagen	schlagen	aus	0.700000	1.251670	Schwenkers Angebot für einen Kontrakt über zwei Jahre schlug Hagen allerdings aus.
71120	auslösen	lösen	aus	0.700000	1.251670	In einem Punkte mögen Sie allerdings Recht haben: die Jugend, das heißt: unsere allerdings vielfach lädierte, durchbrochene, beeinträchtigte Kräftegruppe, läßt sich nicht verleugnen -- sie muß sich nach den natürlichen Gesetzen alles Geschehenen auslösen und in Handlungen umsetzen.
71121	ausbuchen	buchen	aus	0.700000	1.337490	Meist findet sich an einer oder an beiden Schalen vor dem Schlosse eine Ausbucht zum Durchtritt des Byssus.
71122	ausreichen	reichen	aus	0.800000	0.788811	Wir müssen also noch vorteilhaftere Wirkungsweisen herausfinden, wenn die physische Kraft des Menschen ausreichen soll, um ihn mit Flügeln in der Luft gehoben zu erhalten.
71123	ausschlagen	schlagen	aus	0.800000	1.032800	So habe er es bislang noch keine Sekunde bereut, das Angebot des TuS Dornberg ausgeschlagen zu haben.
71124	ausspielen	spielen	aus	0.800000	1.135290	Frau Zoerner warnte zudem davor, das Thema unqualifizierte gegen hochqualifizierte Einwanderer gegeneinander auszuspielen.
71125	ausschließen	schließen	aus	0.800000	1.229270	Aus diesem Prinzip heraus lehnt der WWF Deutschland gentechnisch veränderte Organismen in Landwirtschaft, Forstwirtschaft und Fischerei ab, solange Schäden für Natur und Mensch nicht ausgeschlossen werden können.
71126	ausführen	führen	aus	0.900000	0.994429	Er wird der Disziplinarkommission der Swiss Football League, die diesen Fall behandeln wird, als Grundlage für den Entscheid über die Spielwertung dienen &quot;, führte Schöttle aus und bat darum, auf Spekulationen zu verzichten.
71127	ausgehen	gehen	aus	0.900000	0.994429	Ich schwanke allerdings zwischen einen MSI H 57 mit I 5 -650, oder einen Intel DQ 67 mit einem Intel Core i 5 -2400 Der Vorteil beim MSI H 57 wären die Anzahl der Anschlüsse, nicht das mir irgendwann der Platz ausgeht;).
71128	ausgehen	gehen	aus	0.900000	1.100500	Da esaber bereits seit Jahren unter diesem Namen im Handel zu finden ist, gehe ich davon aus, dass zumindest alle &quot; Dennerlemoos &quot; - Besitzer das gleiche pflegen.
71129	ausführen	führen	aus	0.900000	1.197220	Mit Hilfe von Computer-Simulationen und Modellrechnungen konnte diese neue Plasmaquelle am INP Greifswald so ausgeführt werden, dass eine sehr gute Anregungseffizienz der Zielanalyten erfolgt.
71130	auslösen	lösen	aus	0.900000	1.197220	Weil ich wusste, dass tatsächlich ein Betrag offen ist, habe ich am 17.3. dennoch eine Überweisung mit der Referenznummer des Überweisungsscheins mit dem ge-x-ten Überweisungsschein ausgelöst.
71131	ausrasten	rasten	aus	0.900000	1.370320	Ich bin ausgerastet, hab sie mit SMS bombardiert, sie soll sich das nochmal überlegen, habe ihm SMS geschickt, er kämpfe mit unlauteren Methoden, dass er sie so schnell nach Venedig in die Stadt der Liebenden nimmt.
71132	ausdrücken	drücken	aus	0.900000	1.370320	Dieses Gesetz läßt sich auch so ausdrücken, daß man sagt:
71133	ausreichen	reichen	aus	0.900000	1.728840	Nur wenige Minuten waren seit dem Aufbruch vom Krug her vergangen, die trotz Kürze für Frau Kulicke (eine Lehrerswitwe, die Lorenzen die Wirtschaft führte) ausgereicht hatten, alles in Schick und Ordnung zu bringen.
71134	ausschauen	schauen	aus	1.000000	1.247220	&quot; &quot; Mia, aber Du schaust ja nicht so glücklich aus.
71135	auslasten	lasten	aus	1.000000	1.333330	Ich denke manchmal dieser ganze Hundesport dient nur dazu, innerhalb kürzester Zeit den Hund auszulasten, damit sich der Mensch ein reines Gewissen schafft oder eben um das eigene Ego aufzuwerten!
71136	ausreichen	reichen	aus	1.000000	1.414210	Zwar wurde in diesem Spiel nicht gerade die beste Leistung der Borbecker Mädels gezeigt, aber sie reichte aus um ATV Haltern mit 2: 0 zu besiegen (25:23, 25:22 ).
71137	ausrotten	rotten	aus	1.000000	1.490710	Angefangen vom Neantertaler, der den Höhlenbären eventuell auch ausgerottet hat, oder waren es gar die späteren Homo sapiens?
71138	ausstatten	statten	aus	1.000000	1.763830	Es kann sich nicht handeln um diejenigen juristischen Personen, welchen die Anstalt gehören würde, wenn sie nicht selbst mit juristischer Persönlichkeit ausgestattet wäre.
71139	ausgehen	gehen	aus	1.100000	1.286680	Ich bin mir nicht mehr sicher, wie das ausgegangen ist, aber alleine die ANklage war schon eine Sauerei.
71140	ausmalen	malen	aus	1.100000	1.523880	Das wir bereits nach nur 2 Starts zwei Klassen - und Gruppensiege oben auf dem Podium feiern durften, haben wir uns am Anfang der Saison nicht ausgemalt.
71141	ausschlagen	schlagen	aus	1.100000	1.523880	Sie ermöglicht anhand eines Pegelmessers, die Sprachqualität zu überprüfen: Schlägt der Pegel in den grünen Bereich aus, ist er für das Gegenüber gut zu verstehen.
71142	ausschließen	schließen	aus	1.100000	1.523880	Farbreste aus vergangenen Tagen schließe ich mal aus, denn dafür ist das Bild zu einheitlich.
71143	ausdrucken	drucken	aus	1.100000	1.523880	Es müßte ihrem Beschlusse zuwidergehandelt worden sein, um damit auszudrucken, daß man ihnen überhaupt prinzipiell den Gehorsam aufsage, ihnen das Recht nicht zugestehe, solche Beschlüsse zu fassen.
71144	ausschlagen	schlagen	aus	1.100000	1.523880	Ein klein Feuer ist leichter zu Leschen, als wann die flamm zum Tag ausschlägt.
71145	auslassen	lassen	aus	1.100000	1.595130	Die Stimmung ist gut, die Mitmenschen sind ausgelassen und der Vorsatz fürs neue Jahr kann gleich dem Flirt ins Ohr geflüstert werden.
71146	ausführen	führen	aus	1.200000	1.475730	Die Beschwerdeführerin hätte daher zumindest ausführen müssen, mit welchen konkreten Akten sie welche Tatsache zu beweisen beabsichtigte.
71147	auslasten	lasten	aus	1.200000	1.549190	Wenn du damit nicht ausgelastet bist, kannst ja zu uns kommen!
71148	ausbuchen	buchen	aus	1.200000	1.932180	Die meisten Gattungen dieser Familie sitzen auf der einen Schale oder mit Byssusfäden fest, welche bei einigen durch eine Ausbucht, oder selbst durch einen tiefen Einschnitt der einen Schale hervortreten.
71149	auslösen	lösen	aus	1.222220	1.986060	Das heißt: bei ihrem Aktuellwerden im Bewusstsein löst sie den Erregungszuwachs aus, der eigentlich einer anderen Quelle, den Geschlechtsdrüsen, entstammt.
71150	auslasten	lasten	aus	1.300000	0.948683	&quot; Unsere bisherigen Billardtische waren sehr gut ausgelastet &quot;, berichtet Udo Kieren, sportlicher und technischer Leiter des Seven Hills Bowling Center.
71151	ausstatten	statten	aus	1.300000	1.418140	Man kann diesen Satz in der Art ausdrücken, daß die Beobachtung der Gesetzesform einen staatlichen Willensact mit formeller Gesetzeskraft ausstattet.
71152	ausgehen	gehen	aus	1.300000	1.702940	ich gehe mal davon aus, dass du einen Ausbildungsplan bekommen hast...
71153	ausdrücken	drücken	aus	1.300000	2.110820	Dies Gesetz drückt somit eine Erweiterung des zweiten Teils der Definition (§ 134) aus, dass man, statt mit einem Produkt, welches in Form der Unterordnung erscheint, mit den Faktoren desselben fortschreitend multiplizieren darf.
71154	ausschlagen	schlagen	aus	1.333330	1.732050	4 Die zübele wachsen und Keim (keimen, schlagen aus ) auf einer dürren Bühnen.
71155	ausschlagen	schlagen	aus	1.400000	0.966092	Aber Miroslav Klose, dem der türkische Keeper den Ball direkt auf die Brust spielte, wollte diese Einladung nicht ausschlagen und schoss zum 3:0 ein (89. ).
71156	auslösen	lösen	aus	1.400000	1.074970	Auch hier gibt es natürlich wieder rigide Glaubensregime, ein böses, kinderraubendes Volk und viele Veränderungen, die durch die beiden Reisenden ausgelöst werden.
71157	ausschlagen	schlagen	aus	1.400000	1.173790	Lustig, kokett und amüsant war sie, die schöne Frau... aber wie dankbar mußte er ihr doch sein, daß sie damals seine Hand ausgeschlagen hatte.
71158	ausziehen	ziehen	aus	1.400000	1.349900	Wie nun der zweite Sohn ausblieb, sagte der jüngste er wollte ausziehen, und das Wasser holen, und der König mußte ihn endlich auch gehen lassen.
71159	ausmalen	malen	aus	1.400000	1.429840	Ich muß mir das Bespielen dieses Theaters in der Phantasie ausmalen, denn leider finden Vorstellungen nur im Sommer statt.
71160	ausloten	loten	aus	1.400000	1.505550	Hallo, bei einem evtl. Cabrio kauf in diesem Jahr muss ich noch ausloten, welches Auto mein Favorit ist.
71161	ausführen	führen	aus	1.400000	1.505550	Im Jahre 1842 wurde auf der Edinburgh-Glasgower Bahn ein Versuch mit einer elektromagnetischen Lokomotive von Davidson ausgeführt.
71162	ausrasten	rasten	aus	1.400000	1.505550	Leise schleiche ich durch das Haustor, daß ich die Leute nicht wecke, die haben nicht wochenlang so ausgerastet, wie ich; denen liegt noch der gestrige Tag auf den Augenlidern, die der heutige schon wieder wach begehrt.
71163	ausdrucken	drucken	aus	1.400000	1.646550	Um einen hohen Krankheitsgrad und nahe bevorstehendes Ableben auszudrucken, wofür a. a. O. sich noch folgende Schweizer Redensarten aufgeführt finden:
71164	ausbleiben	bleiben	aus	1.400000	1.776390	Schien, sagen wir; denn wie ein schlummernder Keim lag er in ihrer Seele und wartete des Anstoßes, der ihn zu neuem Leben wecken sollte, und dieser blieb nicht aus.
71165	ausstatten	statten	aus	1.500000	1.080120	Unser Ferienhaus ist ausgestattet mit einer Einbauküche mit großem Kühlschrank, Herd, Kaffeemaschine, Toaster und Heißwasserbereiter.
71166	ausstatten	statten	aus	1.500000	1.080120	Vier von fünf Rädern im Test waren bereits mit Reifenreflektoren ausgestattet.
71167	ausloten	loten	aus	1.500000	1.178510	Die ausgewählten Künstler integrieren und kombinieren unterschiedliche mediale Strategien und loten das Spannungsfeld zwischen künst-lerischen Medium und visueller Bildsprache aus.
71168	ausbleiben	bleiben	aus	1.500000	1.269300	Wirkt das MMS damit doch sehr viel effektiver, ist schonender für einen empfindlichen Körper,... und die möglichen Nebenwirkungen wie Übelkeit, Erbrechen oder Durchfall bleiben aus.
71169	auslassen	lassen	aus	1.500000	1.269300	Sie werden durch Holland und Belgien touren und sie hoffen, auch in Spanien ihre Musik live vorstellen zu können, aber auch Deutschland wollen AFTER FOREVER dieses Mal nicht auslassen.
71170	ausstatten	statten	aus	1.500000	1.269300	Das Continentale Gepräge der Insel manifestiert sich auch in ihrer Fauna und Flora, und die Natur hat sie mit solchen Schätzen an Schönheit und Reichtum ausgestattet, dass sie als das Paradies Westindiens bezeichnet wird.
71171	ausstatten	statten	aus	1.500000	1.433720	Während die ersten SEs noch mit den bisher üblichen 800 KB-Diskettenlaufwerken ausgestattet waren, wurde ab August 1989 das FDHD verbaut: SuperDrive im Apple-Jargon.
71172	ausmalen	malen	aus	1.500000	1.433720	"Glauben Sie mich ferner etwa dadurch widerlegen zu können, daß Sie mir bemerken: ""ich hätte dies und das weit kräftiger ausmalen können?"""
71173	ausreichen	reichen	aus	1.500000	1.509230	"Dieses Ausserkrafttreten des Kampfes ist eine Tatsache von absolut unvergleichlicher Grossartigkeit; Worte reichen nicht aus, um eine derartige Wendung zu preisen ""."
71174	ausführen	führen	aus	1.500000	1.581140	Danach leg ich mich wieder hin Sicherlich schaden alle Ratschläge nicht sofern man Sie auch fachgerecht ausführt.
71175	ausstatten	statten	aus	1.500000	1.581140	Durch die halb offen stehende Tür gewinnt man Einblick in das Innere derselben: auf vier hohen Pfosten ruht ein roh zusammengenagelter Kasten, groß genug für zwei oder drei Schläfer, und mit nichts ausgestattet, als mit etwas niedergelegenem Stroh.
71176	ausführen	führen	aus	1.500000	1.649920	&quot; Wir haben den Schwerpunkt erst einmal auf Rodheim gelegt, um hier den immer wieder aufkeimenden Konflikten zwischen Jugendlichen und Erwachsenen entgegenwirken zu können &quot;, führte Brechtel aus.
71177	auslösen	lösen	aus	1.500000	1.649920	Auch wurde damals, als das Postview-Tracking eingeführt wurde, einfach mal ein Klick-Request bei einem Dritt-Tracking ausgelöst, so daß wirklich in der Praxis das View-Tracking das Klick-Tracking überschrieben hat.
71178	ausreichen	reichen	aus	1.500000	1.649920	Wem aber einige schnell aufgestellte Stellwände und eine Klapptheke ausreichen, für den sind Koffer Displays sicherlich die günstigste Alternative.
71179	ausschauen	schauen	aus	1.500000	1.649920	Schaut es Christmonat aus, so schauen alle Monate aus.
71180	ausweichen	weichen	aus	1.500000	1.715940	- Wenn es Lizensprobleme gibt, warum weicht man dann nicht auf die jeweiligen Tuner aus, wie Sie es ja schon bei Porsche gemacht hatten (Tuner RUF )?
71181	ausdrücken	drücken	aus	1.500000	1.779510	Darin hatte er Bedauern über seine Beteiligung an dieser Tragödie ausgedrückt.
71182	ausmalen	malen	aus	1.600000	1.264910	Man kann sich leicht ausmalen, wie der nächste Winter 2009 / 2010 wohl werden wird, wenn diese Maßnahmen fortgesetzt werden.
71183	auslasten	lasten	aus	1.600000	1.349900	Sie zeigt Ihnen, was das Unternehmen leistet, ob &quot; der Laden läuft &quot;, ob Sie genügend Aufträge haben, ausgelastet sind, die Kosten decken können usw.
71184	ausschauen	schauen	aus	1.600000	1.577620	Der Anschluss schaut so aus, als ob man eine Erweiterungskarte reinstecken könnte.
71185	ausbleiben	bleiben	aus	1.600000	1.646550	Gemäß der Angebotsknappheit an derart Begehrten können dabei Hahnenkämpfe oft nicht ausbleiben.
71186	auslösen	lösen	aus	1.600000	1.712700	Falls sich etwas vermischt, kann eine kritischen Masse entstehen, die eine Atomreaktion auslösen könnte.
71187	ausreichen	reichen	aus	1.600000	1.712700	Der geplante kleine Saal reicht nicht aus, im großen bleiben viele Plätze frei, schade für alle, die nicht gekommen sind, haben sie doch die Bekanntschaft mit einem hinreißenden Typen verpasst.
71188	ausbleiben	bleiben	aus	1.600000	1.712700	Albrecht, mehr als üblich für die Hinterbliebenen tat, so blieben doch die Sorgen nicht aus, die durch die Krankheit der jüngeren Schwester und den Tod der Mutter (1907) noch mehr wuchsen.
71189	ausmalen	malen	aus	1.600000	1.712700	Es ist ein unendliches, dumpfes, blindes Dahinschwimmen nach einer Seite, schwindelerregend, wenn man sich den unermeßlichen Raum des Ozeans ausmalt, aus dem die Liebe hier ihre Massen zusammensiebt.
71190	ausreichen	reichen	aus	1.600000	1.776390	Und wie jetzt ein neueres Urteil lehrt, reicht unter Umständen noch nicht einmal eine entsprechende Regelung in einer Betriebsvereinbarung aus, um eine wirksame Beendigung zu erreichen.
71191	ausrasten	rasten	aus	1.600000	1.897370	Sie nahm sich auch nicht die Zeit, auf der halben Höhe auszurasten, wo eine Bank am Felsen stand.
71192	ausbuchen	buchen	aus	1.700000	1.418140	Wie Dehoga-Chef Weiland sagte, sind unter anderem die Fünf-Sterne - Häuser Adlon und Interconti schon jetzt ausgebucht.
71193	ausgehen	gehen	aus	1.700000	1.494430	Der Vorschlag, der von der letztgenannten Stadt ausgeht, scheint in der ersteren viel Anklang zu finden.
71194	ausrasten	rasten	aus	1.700000	1.494430	Als wir auf dem Platze waren, trat der Messner aus dem Gotteshause und sagte uns grüßend, der Herr sei noch am Messelesen und wir möchten einstweilen auf der Bank vor dem Widdum, der Priesterwohnung ausrasten.
71195	ausbleiben	bleiben	aus	1.700000	1.636390	Davon sind allerdings 3,6 Milliarden für Renten und Krankenkassen der Landwirtschaft: Weil der Nachwuchs ausbleibt, muss der Staat hier vor allem bei den Renten zuschießen.
71196	ausloten	loten	aus	1.700000	1.636390	Und wer den philosophischen Tiefgang ausloten möchte, greife zu den &quot; Illuminati-Papieren &quot;.
71197	ausdrucken	drucken	aus	1.700000	1.766980	Um einen hohen Krankheitsgrad und nahe bevorstehendes Ableben auszudrucken, wofür a. a. O. sich noch folgende Schweizer Redensarten aufgeführt finden
71198	ausreichen	reichen	aus	1.700000	1.888560	Um den Punkt eines Raumes von [Formel] Dimensionen zu bestimmen, wird man im Allgemeinen mit [Formel] Größen nicht ausreichen
71199	ausbleiben	bleiben	aus	1.700000	2.002780	Die Einrichtungen bieten manchen Arbeit, anderen Beschäftigung - doch immer mehr verkommen sie zu einer Art Aufbewahrungsanstalt: Die Aufträge bleiben einfach aus.
71200	ausrotten	rotten	aus	1.700000	2.162820	Aber dass wir Krebs ausrotten können, glaube ich persönlich nicht.
71201	ausdrücken	drücken	aus	1.727270	2.053820	Diese Integralzeichen drücken also eine Integration über alle Werthereihen aus, welche in dem nfach unendlich kleinen Gebiete G entspringen.
71202	ausloten	loten	aus	1.777780	1.986060	In den &quot; Bemerkungen &quot; stehen sie Artikel oft allein auf der jeweiligen Seite - wie Nachrichten, die dem Verstummen abgerungen sind, wie Botschaften aus einer Welt, die vom Wort nicht ausgelotet werden kann.
71203	auswachsen	wachsen	aus	1.800000	1.316560	Kambyses stirbt auf dem Weg von Ägypten nach Ekbatana; sein Nachfolger wird Pseudo-Smerdes; diese Begebenheit wächst sich bei Herodot zu einer Posse aus.
71204	ausstatten	statten	aus	1.800000	1.475730	Seit kurzem sind die Notfallseelsorger mit einheitlichen violetten Westen ausgestattet, die bei einem Unfall oder einer schweren Krisensituation auf einen Blick erkennen lassen: &apos; Hier finde ich einen kompetenten Ansprechpartner, der mich auffängt und begleitet.
71205	auslassen	lassen	aus	1.800000	1.549190	Die Dienste sind eher daran interessiert sich selbst im guten Licht darzustellen, Ermittlungsfehler zu vertuschen, politische Einflußnahme zu üben und - je nach Interessenlage - Dinge &quot; zuzuspitzen &quot; oder &quot; auszulassen &quot;.
71206	ausreifen	reifen	aus	1.800000	1.549190	&quot; Wir können Ihnen nicht mehr als diese Thesen bieten, weil wir alles andere noch nicht ausgereift ist &quot;, entgegnet Franz Vogelgesang.
71207	ausstatten	statten	aus	1.800000	1.619330	Übrigens ist dies nur gegen sogenannte Bearbeitungen gesagt, welche die Märchen zu verschönern und poetischer auszustatten vorhaben, nicht gegen ein freies Auffassen derselben zu eigenen, ganz der Zeit angehörenden Dichtungen, denn wer hätte Lust der Poesie Grenzen abzustecken?
71208	ausgeben	geben	aus	1.800000	1.686550	Sie fragt aber, ob ein Gedanke richtig oder unrichtig gebildet sei, oder ob etwas, das sich für ein Gedachtes ausgibt, wirklich gedacht werden könne; denn was nicht richtig gedacht ist, ist vielmehr gar nicht gedacht, sondern nur vorgeblich.
71209	ausgehen	gehen	aus	1.800000	1.686550	Ob Hochamt oder Predigt u. s. w., die Spottfigur ließ nicht eher in ihrem Treiben nach bis dem in ihr verborgenen Urheber alle Kraft der Lunge ausgegangen war.
71210	ausbleiben	bleiben	aus	1.800000	1.751190	Das Wälzen ist für die Haut sehr gesund und da beim Wälzen mit Decke der &quot; Schubber-Effekt &quot; ausbleibt, finde ich es meinem Pferd gegenüber nur fair, ihr eine Möglichkeit zu bieten, sich zu wälzen.
71211	auslassen	lassen	aus	1.800000	1.813530	Ich verlange, daß sich der Angeklagte über die 10,000 Fr. auslasse.
71212	auslösen	lösen	aus	1.900000	1.286680	Es sieht doch so aus das der terrorismus sein ziel erreicht indem er allgemeine paranoia auslöst, und leute davon auchnoch profitieren mit teurer überwachungs technologie, staatlich unterstützt.
71213	ausspielen	spielen	aus	1.900000	1.286680	""" Ihnen vielleicht, "" schnaubte der Oberst, "" bei mir hat er ausgespielt, total ausgespielt. """
71214	ausdenken	denken	aus	1.900000	1.370320	Dieser Annahme entsprechend, hatte man auch einen Weg ausgedacht, welchen der Fisch einhalten sollte.
71215	ausreichen	reichen	aus	1.900000	1.523880	Der zweite Fall endlich, wofür der aufgestellte Grundsatz nicht ausreicht, also einer Ergänzung bedarf, ist der, wenn die Person, für welche wir den Gerichtsstand oder das örtliche Recht aufzusuchen haben, gegenwärtig gar keinen Wohnsitz hat.
71216	ausstoßen	stoßen	aus	1.900000	1.663330	Er leckte sie fest, und Mathilda stieß laute Stöhner aus.
71217	auslassen	lassen	aus	1.900000	1.663330	Natürlich, wer fast der Letzte ist, muß seinen Zorn an den besseren Schülern auslassen.
71218	ausmalen	malen	aus	1.900000	1.728840	Ich malte mir aus, wie das da oben wohl sei.
71219	ausreden	reden	aus	1.900000	1.728840	Soweit ich schon von anderen gehört habe, die das gleiche Prozedere durchmachen mussten, wird man versuchen dir allenfalls auszureden eine / mehrere Waffe / n zu erwerben oder dich nach Gründen fragen wieso du eine / mehrere Waffe / n erwerben willst bzw. zu welchem Zweck.
71220	ausziehen	ziehen	aus	1.900000	1.728840	Nachdem ich zu Hause ausgezogen war, fühlte ich mich frei und es gab kaum mehr einen Grund für handfeste Lügen.
71221	ausrasten	rasten	aus	1.900000	2.079000	Dann kam mein Opa mit seinem Schiebewagen vom Spaziergang zurück, Bobby rastete schon aus, als er nur in die Nähe des Hauses kam.
71222	ausstoßen	stoßen	aus	1.900000	2.079000	Ich stoße einen erschrockenen Schrei aus und reiße das Lenkrad rum.
71223	ausschütten	schütten	aus	1.900000	2.079000	Moorfeld schüttet sein ganzes Herz über seinen gestrigen Besuch in Kleindeutschland aus.
71224	ausziehen	ziehen	aus	1.900000	2.131770	Sie will bleiben, sie will ausziehen,... vorstellen kann sie sich inzwischen beides,... nur das finanzielle soll &quot; stimmen &quot;,... so denkt sie.
71225	ausgehen	gehen	aus	1.900000	2.183270	Die Initiative zur Stiftungsgründung ging von der Stadt Köln aus, die ihrerseits 5 Mio. EUR in die Stiftung einbringt.
71226	ausschütten	schütten	aus	1.900000	2.183270	Es werden auch genügend Leute vor Ort sein, mit denen man mal einen Kaffee trinken und quatschen kann oder wenn man möchte auch sein Herz ausschütten kann.
71227	ausbessern	bessern	aus	2.000000	1.154700	Ich habe Deine Geschichte mal kopiert und die Rechtschreibfehler ausgebessert und die Absätze herausgenommen.
71228	ausreden	reden	aus	2.000000	1.333330	aber das kann man einfach nicht abstreiten und man muss dafür auch keine ausreden suchen.
71229	ausbleiben	bleiben	aus	2.000000	1.333330	Das Fiasko blieb auch nicht aus -- König Enzio-Pollert fiel mehr als glänzend durch, und nur der Gutmütigkeit der Wiener hatte er es zu danken, daß er seine Partie zu Ende spielen durfte.
71230	auslassen	lassen	aus	2.000000	1.414210	Er ließ das Mittagbrot aus und wäre auch beinahe nicht zum Abendessen gekommen, wenn ihn nicht seine versammelte Familie vonn hinten mit einem lauten Räuspern dazu aufgefordert hätte, endlich mal einen Punkt zu machen.
71231	ausschauen	schauen	aus	2.000000	1.414210	Als ich noch selber Unternehmer und Gründer von Startups war, habe ich mich bei den Gesprächen mit VCs und bei den diversen VC-Runden oft gefragt, wie die internen Abläufe beim VC ausschauen.
71232	ausschauen	schauen	aus	2.000000	1.414210	Adam hatte vor dem Café nach rechts und links ausgeschaut, um die Spur von Fräulein Irmer
71233	ausschauen	schauen	aus	2.000000	1.490710	K. &quot; nicht unterschätzen.. derzeit schaut es so aus als würde er gewinnen... und die nächste grössere hürde käme dann erst im 1 / 2 - Finale mit Lewis / Scholten / Manley (wobei er dort meiner Ansicht nach auf Scholten treffen wird )...
71234	auslassen	lassen	aus	2.000000	1.490710	Hier könnte das Lächerlichste nicht schaden, meinte ich, und beim Kampf, den er vor seiner Gefangennahme bestanden, ließ ich keinen Schlag aus, keinen Sprung, nichts.
71235	ausweichen	weichen	aus	2.000000	1.825740	Um diesem Streß auszuweichen, fahren wir mittlerweile mehrere Kilometer weit, um mit unseren Hunden spazieren zu gehen.
71236	ausgehen	gehen	aus	2.000000	1.885620	Von Dir geht ein Hauch von kalter, gesunder Heiterkeit aus, in der die Sentimentalität des Abschieds erstarren muß!
71237	auslösen	lösen	aus	2.000000	1.885620	Hingegen sind die Abreißfedern bei den Elektromagneten der Glocken-Apparate N N1 und auch bei jenen auf der Strecke sehr schwach gespannt, so daß die Magnete ihre Anker nur bei vollständiger Stromunterbrechung loslassen, also nur bei vollständiger Unterbrechung die Laufwerke auslösen.
71238	ausrotten	rotten	aus	2.000000	1.885620	Sie lebte noch, --wenig später war sie durch diese und folgende Besucher bis auf den letzten Kopf ausgerottet,-- aufgegessen.
71239	ausspielen	spielen	aus	2.000000	1.943650	Sollte ein Spieler dabei Karten erhalten, die sofort ausgespielt werden müssen, kommen diese zurück in den Stapel und der Spieler zieht eine neue Karte.
71240	ausgeben	geben	aus	2.000000	1.943650	was um so komischer wirkt, als Apuleius zwar Manches über Dämonen geschrieben, niemals aber daran gedacht hatte, diese Verwandlung für eine wahre Begebenheit auszugeben, als er seinen Roman:
71241	ausspielen	spielen	aus	2.000000	2.000000	Der Redner verurteilte es entschiedenst, daß eine Bevölkerungsschichte gegen die andere ausgespielt wird, daß der Arbeiter gegen den Gewerbetreibenden aufgehetzt wird.
71242	ausrotten	rotten	aus	2.000000	2.108190	Alles hat in der Natur einen Sinn und wir wissen nicht, was wir anrichten, wenn wir eine Art ausrotten - sei es versehentlich, oder bewußt.
71243	ausloten	loten	aus	2.100000	1.286680	Sie loten die Möglichkeiten von gewaltaversen demokratischen Handlungsversuchen aus, ohne die Frage zu umgehen, welche Formen und welches Ausmaß der Gewalt als legitim oder sogar notwendig betrachtet und praktiziert wurden und inwiefern mit den Versuchen der Gewalteinhegung auch neue Wege der Gewalt geebnet wurden.
71244	ausziehen	ziehen	aus	2.100000	1.370320	Man kann es zerreißen, hochschieben, ausziehen sogar wieder anziehen.
71245	auswachsen	wachsen	aus	2.100000	1.449140	"Daß bei den Zeichnungen zum "" Festkalender "" übrigens viele andere junge Kräfte mitwirkten, welche sich insgesamt zu bekannten und berühmten Namen auswuchsen, z. B. Kaulbach, E. Steinle, Fr. Hoffstadt, Ballenberger, Keim und viele Andere, darf nicht vergessen werden."
71246	ausbauen	bauen	aus	2.100000	1.595130	Die großen Spekulanten bauten in der letzten Woche ihre Short-Positionierung weiter aus.
71247	ausstatten	statten	aus	2.100000	1.595130	Die Zimmer sind mit Dusche / WC, Föhn, Telefon sowie Radio u. TV ausgestattet.
71248	ausbuchen	buchen	aus	2.100000	1.663330	Die Abendführung am Montag, 2. August, um 18.00 Uhr ist leider bereits ausgebucht.
71249	ausführen	führen	aus	2.100000	1.663330	Ich begnüge mich hier, das relativistische Prinzip beispielsweise für einige allgemeine Fragen des Erkennens überhaupt ausgeführt zu haben -- nicht für die Inhalte desselben, sondern für die Form, in der diese uns Wahrheit werden.
71250	ausdrücken	drücken	aus	2.100000	1.791960	Ich lächelte, was ihm, so gut es ging, mein Einverständnis ausdrücken sollte, und ging dann auf eine nach der anderen Seite hin gelegene Jelängerjelieber-Laube zu, die mir als Specialbesitz gehörte.
71251	ausrotten	rotten	aus	2.100000	1.791960	Sie zerstreute sich bis an den Rhein, in Schwaben, Bayern, Sachsen bis Dresden, ins Hannoverische und in Hessen, und glaube er nicht, daß sie auszurotten sei, weilen sie an vielen Orten eine starke Retirade habe.
71252	ausschlagen	schlagen	aus	2.100000	1.791960	Sie prüfen mit geübtem Auge, wie viel sie daran wagen, wie hoch der Gewinn ist den sie zu hoffen haben, wenn Alles gut ausschlägt, und mit welchem Profit sie sich jedenfalls aus der Schlinge ziehen können, wie auch immer die Würfel fallen mögen.
71253	ausrotten	rotten	aus	2.100000	1.852930	Den Aggressionen dieser &quot; droogs &quot; wird mit der Skrupellosigkeit und Menschenfeindlichkeit einer manipulierenden Psychiatrie eines &quot; Irgendwo-Staates &quot; begegnet, die deutlich machen, dass physische Gewalt nicht so einfach mit psychischer oder struktureller Gegen-Gewalt bekämpft oder ausgerottet werden kann.
71254	ausführen	führen	aus	2.100000	1.911950	Zwei sich widersprechende Dinge, Tätigkeiten, Verrichtungen u. s. w. lassen sich nicht gleichzeitig von jemand ausführen, wie dies wohl von allen Völkern sprichwörtlich ausgesprochen worden.
71255	ausprobieren	probieren	aus	2.100000	1.911950	Es bleibt dem gegenüber nichts weiter übrig, als eine größere Menge Schnitte auf einmal in Arbeit zu nehmen und den geeignetsten Farbstoff, sowie die Zeitdauer der Färbung auszuprobieren.
71256	ausziehen	ziehen	aus	2.100000	1.911950	Entweder nimmt man Öl aus der Pikefrucht (Caryocar butyrosum) oder den gelben, kautschukhaltigen Extrakt von einem Baum des Campo cerrado, den die Bakairi Ochogohi nennen und dessen Rinde geraspelt und mit Wasser ausgezogen wird.
71257	ausschließen	schließen	aus	2.100000	2.079000	Hinsichtlich der Begünstigung von Verbrechern, die weder geächtet, noch verurteilt, noch vor den Richter gebracht worden sind, ist zu unterscheiden zwischen Missetaten, bei denen die nachmals sogenannte Taidigung oder Richtung ausgeschlossen, und solchen, bei denen sie erlaubt ist.
71258	ausbuchen	buchen	aus	2.100000	2.131770	Die erste Lodge am Platze ist ausgebucht, Eine Camping-Gruppe hat halt all die verfügbaren Zimmer in Beschlag genommen.
71259	auslassen	lassen	aus	2.200000	1.398410	Er werde sich bloß in polnischer Sprache auslassen und verteidigen.
71260	ausschließen	schließen	aus	2.200000	1.549190	Die Festsetzung der Lärmschutzbereiche durch die zuständige Behörde nach § 4 Abs. 2 Satz 1 FLärmSchG schließt Festlegungen raumordnungsrechtlicher Siedlungsbeschränkungen mit größerer räumlicher Reichweite als die nach dem Fluglärmschutzgesetz festgesetzten Lärmschutzbereiche durch den Träger der Raumordnung daher nicht aus.
71261	ausbuchen	buchen	aus	2.200000	1.619330	Wegen Karnaval und weil es Wochenende ist, sind alle Busse ausgebucht und wir müssen uns ein Privattaxi leisten.
71262	ausweichen	weichen	aus	2.200000	1.686550	Alles wird gut - Auch der 1. &quot; VCPD-Bremen-Stammtisch &quot; findet bei seinem ersten Treffen derart großen Zuspruch (3 &quot; alte Säcke &quot; ), dass die Schlachthofkneipe zu eng erschien und spontan auf den &quot; Dicken Engel &quot; ausgewichen werden musste...
71263	ausprobieren	probieren	aus	2.200000	1.751190	Für mich war es ein einfacher Test um mal die AdSense-Integration in Google Analytics ein wenig auszuprobieren.
71264	ausspielen	spielen	aus	2.200000	1.813530	Eine sehr unliebsame Verzögerung der Angelegenheit war die Folge, und erst am 31. März 1853 der letzte Akt des nationalen Dramas ausgespielt.
71265	auslassen	lassen	aus	2.200000	2.043960	"Der Pickelhering ist von seinem Herrn, dem ""Hoff-Metzger"" Potiphar, auf den ""Menschen-Markt"" geschickt worden, um ihm einen wackeren Diener zu Dingen, und bleibt dem Potiphar zu lange fort, welcher seinen Unmut darüber ausläßt"
71266	ausdrücken	drücken	aus	2.200000	2.097620	Der Grönländer bildet ein einziges Wort, wenn er den Gedanken ausdrücken will:
71267	ausspielen	spielen	aus	2.200000	2.250930	Ich habe Spielabende erlebt, da wurde die ganze Zeit nur das dämliche Badehaus ausgespielt und in der Sache kam man keinen Schritt weiter 3. Ich mag keine direkte Charakterrede.
71268	ausdenken	denken	aus	2.222220	1.563470	Die Menschen an diesem Gerichtshof hatten sich so viel Mühe gegeben: Sie haben sich mit &quot; EGMR &quot; eine Abkürzung ausgedacht, in der - anders als Beispielsweise beim Europäischen Gerichtshof der Europäischen Union (EuGH ) - kein &quot; U &quot; drin vorkommt.
71269	ausziehen	ziehen	aus	2.222220	1.787300	100 Teile gepulverter Natronsalpeter und 116 Teile weißer Arsenik werden zusammen erhitzt, die Maße mit der achtfachen Menge kochenden Wassers ausgezogen und die Lösung solange mit einer Sodalösung versetzt, bis die Mischung alkalisch reagiert.
71270	ausgraben	graben	aus	2.300000	1.251670	Ich grabe diesen Uralt-Thread aus, weil ich genau das gleiche Problem habe.
71271	ausreden	reden	aus	2.300000	1.251670	Das Volk aber ließ sich es nicht ausreden, daß der Preuße mit dem Adel unter einer Decke liege.
71272	ausschließen	schließen	aus	2.300000	1.494430	Die Kreditkarte sollte man nie aus den Augen lassen und nur an sicherer Stelle anwenden, denn Kreditbetrug ist nicht auszuschließen.
71273	ausdenken	denken	aus	2.300000	1.494430	Diese hatte sich inzwischen ausgedacht, Forbach sollte für ihren Vater ein besonders präpariertes Traumkissen senden, das sie ihm heimlich unter den Kopf legen würde.
71274	auslasten	lasten	aus	2.300000	1.567020	Unser Lager uns nahe bei den Kaiserlichen auf einer Höhe angewiesen und ausgelastet wurde.
71275	ausrasten	rasten	aus	2.300000	1.636390	Wir setzten unsere Reise ununterbrochen fort, über die Grenze und das Gebirge, und erst am anderen Abhang, durch das hohe Bollwerk von jenem Unglücksboden getrennt, ließ ich mich bewegen, in einem nah ' gelegenen und wenig besuchten Badeort von den überstandenen Mühseligkeiten auszurasten.
71276	ausreifen	reifen	aus	2.300000	1.636390	Ähnlicher Bildungen scheinen in Neustrien und Burgund noch mehrere im Zuge gewesen zu sein, ohne aber zum vollen Stammesherzogtum auszureifen, ehe hier Karl Martell die territorialen Gewalten niederwarf.
71277	ausspielen	spielen	aus	2.300000	1.702940	Morbach spielte seine konditionelle Überlegenheit am Ende des Spiels voll aus und griff weiter beherzt an.
71278	auslassen	lassen	aus	2.300000	1.766980	Zum Thema HP habe ich mich schon an anderen Stellen ausgelassen und viel mehr muß man auch nicht mehr dazu schreiben.
71279	austauschen	tauschen	aus	2.300000	1.766980	Außerdem möchte ich hier noch viele andere Regisseure treffen und mich mit ihnen austauschen, aber leider habe ich so viel zu tun, dass ich noch nicht die Zeit dazu gefunden habe.
71280	ausführen	führen	aus	2.300000	1.766980	Heute den 9. November 1848, große Vorstellung mit neu vorkommenden komischen Szenen und Reitstücken, so wie auch Vorführung dressierter Pferde, zum Beschluß zum Erstenmal Chasser de Arick, große Pantomime mit mehreren Gefechten zu Pferde, ausgeführt sämtlichen Herren der Gesellschaft.
71281	ausbessern	bessern	aus	2.300000	1.888560	Es scheint, daß ein und dasselbe Nest mehrere Jahre nach einander benutzt und nach jeder Brutzeit nur durch einige Wurzeln, Fasern und Flaumfedern ausgebessert und außen mit jener harzigeu Maße überzogen wird.
71282	ausleihen	leihen	aus	2.300000	1.888560	Er muß ausleihen, statt Anleihen zu machen, und zwar leihen auf bewegliches, wie unbewegliches Eigentum, auf hervorgebrachte, wie auf erst hervorzubringende Werte.
71283	ausziehen	ziehen	aus	2.300000	2.002780	Marti hatte dies am wenigsten erwartet; er glaubte, sein Gegner werde nach alter Weise mit dem Pfluge zu Werke gehen wollen, und hatte daher abgewartet, bis er ihn als Pflüger ausziehen sähe.
71284	ausmalen	malen	aus	2.300000	2.311810	Wer nichts von der Sache versteht, kann sich leicht durch solche dreiste Behauptungen verblüffen lassen; in Wirklichkeit ist aber kein Wort davon wahr, daß die Sommer in den Jahren mit vielen Sonnenflecken sich so gestaltet haben, wie der Unglücksprophet den bevorstehenden Sommer ausmalt.
71285	ausreden	reden	aus	2.400000	1.429840	Werde es ihm berichten, habe ihn ja versucht das auszureden, weil es genug kleine arme kitten gibt, aber bringt nichts:evil: coolmami:: w Jaja, sowas mag ich ja besonders gerne.
71286	ausreifen	reifen	aus	2.400000	1.429840	Das System sei &quot; echt positiv &quot;, aber noch nicht ganz ausgereift und daher ver - besserungsfähig.
71287	ausprobieren	probieren	aus	2.400000	1.577620	Schauen Sie sich die Programmbeschreibung einmal an, oder besser noch, probieren sie es einfach mal aus.
71288	ausbessern	bessern	aus	2.400000	1.646550	Während die Seeleute beschäftigt waren, das Bot auszubessern, erschien ein anderer Pottfisch in geringer Entfernung vom Schiffe, betrachtete es eine halbe Minute lang aufmerksam und verschwand wieder in der Tiefe.
71289	ausweiten	weiten	aus	2.400000	1.712700	Unter der Federführung unseres heutigen Ehrenvorsitzendesn Josef Schidloch wurde unser Übungsangebot auf die modernen Anforderungen ausgeweitet.
71290	ausschließen	schließen	aus	2.400000	1.712700	Stellt aber jede Ware ihre eigene Naturalform allen anderen Waren gegenüber als allgemeine Äquivalentform, so schließen alle Waren alle von der allgemeinen Äquivalentform aus und daher sich selbst von der gesellschaftlich gültigen Darstellung ihrer Wertgrössen.
71291	ausführen	führen	aus	2.400000	2.011080	Der wichtigste Artikel dieser Gruppe sind aber Holzkohlen; außer den 8000 t, welche für den örtlichen Consum bestimmt waren, wurden noch 10.000 t im Werte von 1,450.000 Francs ausgeführt.
71292	ausbessern	bessern	aus	2.500000	1.178510	Mit Putz können darüber hinaus auch kleine Schadstellen in der Wand überdeckt oder ausgebessert werden.
71293	ausgeben	geben	aus	2.500000	1.178510	Nach der Erstellung der beiden Fassungen werden diese automatisch miteinander verglichen und die Abweichungen in Form eines Differenzprotokolls ausgegeben.
71294	ausbauen	bauen	aus	2.500000	1.354010	Ich interessiere mich sehr stark dafür, da ich wie ihr wisst mein DA-Wandler stark ausbaue und ich mich immer mehr mit der Verbindung Audio-PC befassen muss.
71295	ausprobieren	probieren	aus	2.500000	1.433720	Gerade in einer Zeit, in der Kinder und Jugendliche zunehmend in Ein-Kind-Familien aufwachsen, brauchen Jugendliche Räume in denen sie sich ausprobieren können und im gemeinsamen Austausch lernen mit Lob, Kritik und anders Denkenden umzugehen.
71296	ausspielen	spielen	aus	2.500000	1.433720	Nach nicht einmal 2 Minuten führte die SVB mit 1:0. Herauszuheben ist, wie die Mannschaft kombinierte und die großgewachsenen Dagersheimer ausspielte.
71297	ausbauen	bauen	aus	2.500000	1.509230	Dieser Erfolg konnte seitdem weiter ausgebaut werden: Mit einer zusätzlichen finanziellen Unterstützung durch &quot; Cycling England &quot; wurde &quot; Bike It &quot; im Schuljahr 2005 / 2006 an 40 weiteren Schulen durchgeführt.
71298	aussprechen	sprechen	aus	2.500000	1.509230	Die medienrechtliche Zulassung wird nicht mehr für ein Verbreitungsgebiet ausgesprochen, da (erst ) mit der Zuteilung der Übertragungskapazitäten die Entscheidung über das Verbreitungsgebiet getroffen wird.
71299	austauschen	tauschen	aus	2.500000	1.509230	Dort kann sich bspw. bei einem gemeinsamen Grillen über die Fachschaftshistorie oder Entwicklung des Fachbereichs und der TU ausgetauscht werden.
71300	ausschauen	schauen	aus	2.500000	1.581140	Auf der Ofenbank hieß es: Ei, Herr, ich glaube nicht, daß Ihr Jemanden trefft unter uns, der zur nächtigen Zeit anders als vorwärts ausschauen will.
71301	ausreifen	reifen	aus	2.500000	1.649920	Hi, ich hatte mal vor 1 Jahr einen Sony SCD 940 XB, gut nicht mehr das aktuellste Modell und sicherlich bei der SACD Wiedergabe nicht ausgereift, aber einen Unterschied konnte ich trotzdem ausmachen.
71302	ausziehen	ziehen	aus	2.500000	1.649920	Da Samstag war, wollten wir noch nicht direkt ausziehen, damit wir nicht letztendlich doch noch ohne Zimmer dastehen, schließlich waren wir mitten im Indian Summer.
71303	ausrotten	rotten	aus	2.500000	1.649920	Freilich, in einem halben Jahre hatte er noch nicht das ganze Unkraut, das sein Vorgänger gesät, ausrotten können; aber man sah doch die neue gute Saat schon aufgehen und konnte leicht voraussagen, wie Alles noch besser kommen werde.
71304	ausbessern	bessern	aus	2.500000	1.715940	Ist die Strasse eben ist es kein Problem aber hier in Kassel sind alle Strassen ausgebessert und somit das Fahren eher unruhig.
71305	ausschließen	schließen	aus	2.500000	1.715940	Wenn bei einem Verbrechen oder Vergehen mehreren Personen das Recht zusteht, daß nur auf ihren Antrag die Bestrafung erfolgen kann, so wird dadurch, daß eine derselben die dreimonatliche Frist versäumt, das Recht der Übrigen zum Antrage auf Bestrafung nicht ausgeschlossen.
71306	ausstoßen	stoßen	aus	2.500000	1.715940	Jede eingehendere Beobachtung lehrt, daß die Vögel für verschiedene Empfindungen, Eindrücke und Begriffe besondere Laute ausstoßen, denen man ohne Übertreibung die Bedeutung von Worten zusprechen darf, da sich die Tiere nicht allein unter sich verständigen, sondern selbst der aufmerksame Beobachter sie verstehen lernt.
71307	ausbessern	bessern	aus	2.500000	1.840890	Den Eingang konnte die Bebe vom Feld aus durch ein zerrissenes Eck der Hecke nehmen, das man glücklicherweise noch nicht ausgebessert hatte; und sie mußte eben so gescheit sein und nur hineingehen, wenn Niemand um den Weg war!
71308	ausbessern	bessern	aus	2.500000	1.900290	Als der Schaden am Strange ausgebessert war, fuhren die Insassen vorsichtig bei dem gefährlichen Hause vorüber.
71309	ausbleiben	bleiben	aus	2.500000	1.900290	Er schien der Kläger infolge der dritten Ladung nicht, so wurde er für immer mit seiner Klage abgewiesen; blieb der Beklagte aus, so wurde er verurteilt, weil seine Gerichtsflucht als Eingeständnis betrachtet wurde.
71310	auswachsen	wachsen	aus	2.500000	2.121320	Am Knospungsort angelangt, wächst dieser zu einer blasenförmigen Erweiterung aus, die sich von ihrem Ursprung, dem Entodermrohr des Stolo loslöst und nun ihre gesetzmässige Gliederung in Peribranchialrohr, Darmrohr u. s. w. eingeht.
71311	auswachsen	wachsen	aus	2.545450	1.752920	Ja, die Episoden wachsen zuweilen zu einer zweiten Handlung aus, die mit der Haupthandlung nur durch die eine oder die andere vermittelnde Person oder einen ideellen Zusammenhäng, nicht aber durch irgend welche Notwendigkeit, die in der Handlung selbst liegt, verbunden sind.
71312	ausreden	reden	aus	2.555560	2.127860	Die Kinder lernen, andere ausreden zu lassen, zu sagen, wie es ihnen selbst geht und was sie möchten.
71313	ausbessern	bessern	aus	2.600000	0.966092	Tänze werden geprobt, die traditionelle &quot; Festkleidung &quot; aus Paradiesvogelfedern, Muscheln und Naturmaterialien wird herausgeputzt und ausgebessert.
71314	ausschauen	schauen	aus	2.600000	1.074970	Das mit dem Mehl hat heute früh an zwei Stellen so ausgeschaut: als ich das Mehl weg gesaugt habe, sah man Abdrücke, aber ich denke, das liegt evtl an der Feuchtigkeit die vielleicht dort am Boden ja sein wird...
71315	ausreden	reden	aus	2.600000	1.264910	Welcher der Größere sei, redet die Parze nur aus.
71316	ausprobieren	probieren	aus	2.600000	1.577620	also wenn man feste donnerkopf am ende einfach zwei ele mit meteorschauer und feuersturm zu den balistas hochstellt kommen ausser denn bossen fast nie gegner überhaupt auf den platz rein... mal ausprobieren funtzt tadellos der rest kann fast urlaub machen.
71317	ausprobieren	probieren	aus	2.600000	1.646550	Staite begnügte sich jedoch hiermit nicht, sondern nahm bereits im Jahre 1848 gemeinschaftlich mit einem Mitarbeiter, Petrie, ein Patent auf eine ganze Reihe von Konstruktionen, die nicht nur ausgedacht, sondern auch vielfach ausprobiert wurden.
71318	ausweichen	weichen	aus	2.600000	1.646550	Und so kam es; Bertold verschwand mit seinem leichten Nachen in der grünen Schilfwand -- noch glänzte sein weißes Segel eine Weile über dem wogenden Rohr, dann verschwand auch die fliehende Mastspitze, und der alte Buchhalter mußte ratlos vor dem bergenden gefährlichen Röhricht ausweichen.
71319	ausrasten	rasten	aus	2.600000	1.712700	Die Felsenmauer gab etwas Schatten und in seine Kühle hatten sich mehrere Landleute zurückgezogen, um auszurasten.
71320	ausreifen	reifen	aus	2.600000	1.776390	Die Früchte sind jetzt gerade voll ausgereift, und die ersten fallen bereits vom Baum.
71321	ausreifen	reifen	aus	2.600000	1.776390	Wenn dann nach geliefert weil 64 Bit noch nicht ausgereift ist ist einfach zu neu es gibt ja noch nichtmal ein Betreibssystem und ohne das gehts nicht.
71322	ausschließen	schließen	aus	2.600000	1.776390	Das Bundessozialgericht (BSG ) schloss 1997 die Kostenerstattung für alternative Heilmethoden zwar nicht grundsätzlich aus, lehnte dies aber im konkreten Fall ab, weil die Methode auch in alternativmedizinischen Kreisen nicht anerkannt und verbreitet sei.
71323	aussprechen	sprechen	aus	2.600000	1.837870	Die Trennung zwischen beiden Erdhälsten ist noch nicht ausgesprochen, aber doch schon angedeutet.
71324	austauschen	tauschen	aus	2.600000	1.837870	Werden Äquivalente ausgetauscht, so erhält der Arbeiter für zwölfstündige Arbeit 6 sh.
71325	ausweichen	weichen	aus	2.600000	1.897370	Du schaust schüchtern zur Seite, doch nimmt sanft dein Kinn in seine Hand und zieht dein Gesicht wieder in seine Richtung, sodass du seinen Augen nicht mehr ausweichen kannst.
71326	auswählen	wählen	aus	2.600000	1.897370	Je nach Carrier, der für die Flugreise ausgewählt wurde, unterscheiden sich die Preise und angeknüpften Bedingungen für die Beförderung dieses Sondergepäcks teils deutlich.
71327	ausbauen	bauen	aus	2.600000	1.955050	Denn der Erstere ist, wie mangelhaft auch sein Fundament sein mag, doch mit großem Scharfsinn und innerer Konsequenz ausgebaut worden; es ist ein System darin, dessen formelle Tüchtigkeit man anerkennen muß, und welches die ihm gestellte Aufgabe in seiner Weise erfüllt.
71328	ausmalen	malen	aus	2.600000	2.011080	Ich mag mir nicht ausmalen, wie sich ein solcher Fehler im Zusammenhang mit der Todesstrafe auswirken würde - d.h. am Beispiel der USA können wir sehen, WIE sie sich auswirken!
71329	ausgehen	gehen	aus	2.600000	2.011080	Das Nichtseide aber kann nicht wirksam sein, jede positive Folge muss von einer positiven Bestimmung und Kraft ausgehen, von der jene negative gleichsam nur der Schatten ist.
71330	ausschneiden	schneiden	aus	2.600000	2.366430	Artcharakter: Schnauze sehr stumpf, Mund eng, Lippen schmächtig, Stirn sehr breit; Schwanzflosse nur schwach ausgeschnitten; der starke Knochenstrahl der Rücken- und Afterflosse fein gezähnt.
71331	auslösen	lösen	aus	2.700000	1.494430	Je stärkere und tiefere Gefühle ein Gedanke auslöst, desto mehr schwindet sein abstrakter Charakter, und diese Wirkung hervorzurufen, ist die Kunst des Gedankendichters; je tiefer und echter also diese Kunst, desto enger berühren sich beide Gattungen der Lyrik.
71332	ausdenken	denken	aus	2.700000	1.567020	&quot; Gott kann unendlich viel mehr an uns tun, als wir jemals von ihm erbitten oder uns ausdenken können.
71333	auslasten	lasten	aus	2.700000	1.567020	ja schon er lastet sie nur nicht komplett aus, bei mir ist jeder Kern nur zu 50 - 60% ausgelastet.
71334	aushändigen	händigen	aus	2.700000	1.702940	Der Auftraggeber ist verpflichtet, die an den Auftragnehmer abgetretenen Forderungen und deren Schuldner bekannt zu geben und alle zum Einzug erforderlichen Angaben zu machen, die dazugehörigen Unterlagen auszuhändigen und den Schuldnern (Dritten ) die Abtretung mitzuteilen.
71335	ausbauen	bauen	aus	2.700000	1.766980	"Einer Meldung des "" Standard "" aus Konstantinopel zufolge, hätte der Sultan, beunruhigt durch die rege Tätigkeit, welche Rußland im Eisenbahnbau in Central-Asien entwickelt, eine Irade erlassen, durch welches die Behörden angewiesen werden, die anatolische Eisenbahn bis Siwas und Ersingjan schleunigst auszubauen."
71336	ausleihen	leihen	aus	2.700000	1.828780	Patrick Kramer wird von Leverkusen II für 1 Jahr ausgeliehen.
71337	ausziehen	ziehen	aus	2.700000	1.828780	Ich stand auf, zog die Strickjacke aus und warf sie achtlos auf den Boden.
71338	austauschen	tauschen	aus	2.700000	1.828780	Sie wisse zwar noch nicht, welchen Mann sie erwählen werde, aber das wisse sie, dass sie nur den nehmen werde, mit dem sie ihre Gedanken werde austauschen können und mit dem sie ihre Gefühle zu teilen imstande sein würde.
71339	ausdrücken	drücken	aus	2.700000	1.888560	Jetzt bin ich bocklos:p so belesen wie Du bist, könntest Du Dich etwas gewählter ausdrücken:D Nee, im Ernst: Schmeiße nur noch eine Frage rein und gehe dann ins Bett - Kopfschmerzen.
71340	ausschneiden	schneiden	aus	2.700000	1.888560	Fahr hin gen Müllem und lasse dir den Geck ausschneiden. (S. Molnheim. )
71341	ausweichen	weichen	aus	2.700000	2.213590	+, indem der weiße König weder die Dame, welche vom feindlichen Springer geschützt wird, selbst nehmen darf, noch auf die Felder a 2 oder b 2, welche vom Laufer oder Springer angegriffen sind, auszuweichen vermag.
71342	austauschen	tauschen	aus	2.800000	1.316560	Wenn Sie im Rahmen Ihrer Arbeit aus dem einen oder anderen Grund E-Mail austauschen, wird es kaum besonders professionell aussehen, wenn Sie eine E-Mail verschicken, deren Text über das Terminalfenster des Empfängers scrollt oder so formatiert ist, daß der Empfänger sie nicht lesen kann.
71343	ausweiten	weiten	aus	2.800000	1.316560	Ich selbst habe mit meinen Eltern kaum Probs, meine Geschwister haben die Grenzen schon genug ausgeweitet (ich bin der jüngste von 3, 1 Bruder, 2 Schwestern ).
71344	ausdenken	denken	aus	2.800000	1.475730	Den hab ich mir nicht ausgedacht, der is so.
71345	ausdenken	denken	aus	2.800000	1.549190	Das Moderatoren Duo Michelle Hunziker und Thomas Gottschalk führten durch einen witzigen Abend mit tollen Wetten, welche die Kinder sich ausgedacht hatten.
71346	ausreden	reden	aus	2.800000	1.619330	Auch gebrach es nicht an allgemeiner Teilnahme, ja das Volk wollte sich es nicht ausreden lassen, daß sie durch ein Glas Limonade vergiftet worden sei, weshalb der König, als er von diesem Verdachte hörte, die Obduktion befahl.
71347	ausbleiben	bleiben	aus	2.800000	1.751190	Ohne Zweifel werden Sie wegen nächtlicher Ruhestörung von der Polizei in Untersuchung gezogen werden, und die Strafe wird nicht ausbleiben.
71348	ausprobieren	probieren	aus	2.800000	1.751190	Der dazu geeignete Ofen, das beste Brennmaterial, die feuerbeständigen Tiegel, der Schmelzfluss, die Eingussformen, -- alles das mußte erst gesucht, gefunden und ausprobiert werden, ehe eine Fabrikation möglich war.
71349	auslösen	lösen	aus	2.800000	1.813530	Die Hingabe des Pfandes (wadium, Wette) erscheint rechtlich als das Versprechen, das Pfand durch Erfüllung des Urteils auszulösen.
71350	ausschließen	schließen	aus	2.800000	1.873800	Wenn eine Anzahl von Wählern, die von Natur und durch die Verhältnisse von der durchschnittlichen politischen Erkenntnis und Erfahrung der Männer ausgeschlossen sind, zur Ausübung aller politischen Rechte zugelassen würden, so würde die zentrale Regierungsgewalt geschwächt werden, und der Staat käme in Gefahr.
71351	ausbauen	bauen	aus	2.800000	1.932180	Diese Akademie wurde dann am 7. Mai 1973 zur eigenständigen Medizinischen Hochschule (MHL ) erhoben, in den folgenden Jahren schrittweise weiter ausgebaut und verfügt heute über eine medizinische und eine technisch-naturwissenschaftliche Fakultät sowie über zahlreiche Sonderforschungsbereiche und Kooperationen mit anderen Hochschuleinrichtungen (44 - 57,78,79 ).
71352	ausspielen	spielen	aus	2.800000	1.932180	"Einmal verstieg sich Wintzingerode zu der kühnen Behauptung: der Grundsatz der Volkssouveränität sei bereits zugestanden: ""die Partie ist angefangen, die Regierungen haben diesen Point vergeben zu können geglaubt; wie sehr sie es bereuen mögen, die Partie muß ausgespielt werden."""
71353	ausstoßen	stoßen	aus	2.800000	1.988860	Während der Demo hetzte &quot; pro NRW &quot; unverhohlen gegen eine &quot; stadtbekannte Großfamilie &quot;, der Vorsitzende Markus Beisicht stieß antiziganistische Parolen aus.
71354	ausreifen	reifen	aus	2.800000	2.299760	Sorten: Zwergmais, Perlmais, Hühnermais, Chinesischer Mais mit verschieden gefärbten Körnern an ein und demselben Kolben, Cinquantino oder Fünfmonatmais, welcher in 130 Tagen ausreift, Pignoletto, etwas größer als der vorige, in 150 Tagen ausreifend.
71355	ausleihen	leihen	aus	2.818180	1.990890	Ein Penny, ausgeliehen bei der Geburt unseres Erlösers auf Zinseszinsen zu 5%, würde schon jetzt zu einer größeren Summe herangewachsen sein, als enthalten wäre in 150 Millionen Erden, alle von gediegenem Gold.
71356	ausreden	reden	aus	2.900000	0.875595	Die Wirtin wollte sie beruhigen und ihr solch wildes Rasen ausreden, aber Fränz stieß sie heftig von sich.
71357	ausweiten	weiten	aus	2.900000	1.197220	Das Sportjahr soll die allgemeine Aufmerksamkeit für &quot; Sport &quot; in der Öffentlichkeit und in der Politik ausweiten, indem es vor allem die Idee des &quot; Sport für Alle &quot; betont.
71358	ausloten	loten	aus	2.900000	1.197220	Deshalb bedürfen die stromaufwärts fahrenden Frachtschiffe auf der Fahrt von Dünamünde nach Riga eines Lotsen, und der Fluss wird jedes Jahr auf Kosten der Regierung neu ausgelotet.
71359	ausreifen	reifen	aus	2.900000	1.286680	Die Köpfe werden nach dem Abblühen, ebenso wie die Dolden des Fenchels, die Rosen der Sonnenblume, die Mohnköpfe etc. in dem Maße als die Samen in den Fruchtständen nach und nach ausreifen, durch Abschneiden vom Stängel geerntet.
71360	ausdenken	denken	aus	2.900000	1.728840	Die Antwort fiel so unbefriedigend aus wie sonst: die Regierung habe verschiedene Pläne ausgedacht um die Sache zu arrangieren, die Massregeln der Engländer würden sie aber durchkreuzen; man möge die Abfahrt des Geschwaders noch aufschieben.
71361	austauschen	tauschen	aus	2.900000	1.852930	Nicht selten verschwinden ganze Mitschriften, Originale werden gegen Kopien ausgetauscht oder einzelne Seiten lösen sich in Luft auf...
71362	ausdenken	denken	aus	2.900000	1.852930	Doch zieht man hier gewöhnlich eine andere freie Hemmung vor, die gerade für die Zwecke solcher genauer Instrumente ausgedacht ist.
71363	ausweiten	weiten	aus	2.900000	1.911950	Die Unermeßlichkeit des Raumes (die Dichter aller Zungen haben solches ausgesprochen) spiegelt sich in uns selbst wider; sie verknüpft sich mit Vorstellungen höherer Ordnung, sie weitet die Seele dessen aus, der in der Stille einsamer Betrachtung seinen Genuß findet.
71364	aushändigen	händigen	aus	2.900000	1.969210	-- Der Agent berechnete die Billettpreise, und händigte Gustav das Geld gegen Quittung aus.
71365	ausweichen	weichen	aus	2.900000	2.024850	""" Und dennoch hat auch bei uns der Tod seine Schrecken, und man versucht ihm auszuweichen, wo er sich auch zeigen mag."
71366	ausschließen	schließen	aus	2.900000	2.079000	Nur der älteste Sohn wurde nach den Grundsätzen der Erstgeburt wieder Lord, die später geborenen erhielten minderen Rang und waren von den Rechten des hohen Adels ausgeschlossen.
71367	ausbessern	bessern	aus	3.000000	1.154700	Aber ich denke mal es sind noch einige Jahre bis STAR TREK 6 - bis dahin wurden die Sicherheitsmaßnahmen doch stark ausgebessert.
71368	ausziehen	ziehen	aus	3.000000	1.490710	Da wollte der Arme sich aus seiner Not helfen, zog den Soldatenrock aus, und wurde ein Bauer.
71369	ausweiten	weiten	aus	3.000000	1.500000	Carmelitta Glockner konnte bestätigen, dass sich die Dance Kids weiterhin großer Beliebtheit erfreuen und sich Nordic Walking zu einer festen Größe im Angebot des SC Seehams ausweitet.
71370	ausmalen	malen	aus	3.000000	1.563470	Peter die vergoldete Kassettierung vor; Correggio malte nur Kuppeln und Halbkuppeln aus.
71371	aussprechen	sprechen	aus	3.000000	1.699670	Lernt im Trailer wie &quot; Etienne &quot; eigentlich ausgesprochen wird und spielt mit dem kleinen Hamster in der rechten Ecke der Seite.
71372	ausweiten	weiten	aus	3.000000	1.699670	Die RSB-Versagungsgründe sollen verschärft und insbesondere ausgeweitet werden auf Straftaten wie Betrug, Untreue, ggf. auch Sachbeschädigung.
71373	ausschütten	schütten	aus	3.000000	1.763830	Übrigens scheint man den heftigen Tadel, den man über die Ernennungen von Katholiken zu Staatsämtern ausgeschüttet, jetzt im Parlament desavouieren zu wollen, eben so wie den lächerlichen, dem Ministerium gemachten Vorwurf, daß Lord O' Connell bei Lord Fortescue zu Mittag gespeist.
71374	ausdenken	denken	aus	3.000000	1.885620	"Ich weiß wie große Summen an Euch versandt wurden -- Ihr dürft nicht scheel sehen, daß auch ich ein einträgliches Geschäft mir ausgedacht habe. """
71375	austauschen	tauschen	aus	3.000000	1.943650	Es entspringt dies seinem allgemeinen Mißverständnis, wonach Tauschwert = Wert, die Form des Werts der Wert selbst ist; Warenwerte also nicht mehr vergleichbar sind, sobald sie nicht aktiv als Tauschwerte fungieren, also nicht realiter gegen einander ausgetauscht werden können.
71376	ausleihen	leihen	aus	3.100000	1.370320	.. ausgeliehen von tinky.. electrostorm heft.. 2 DVD &apos;s / 2 CD &apos;s probleme gibt es nur mit dem depeche mode songs.. sobald das geklärt ist.. kommt die ver - öffentlichung.....
71377	ausrotten	rotten	aus	3.100000	1.449140	Je einsamer das Gebirge, um so häufiger wird es gefunden; da, wo der Mensch schon mehr mit ihm verkehrt hat, ist es bereits ausgerottet.
71378	ausbuchen	buchen	aus	3.100000	1.523880	Mein Hotel ist auch schon fast total ausgebucht und da wird einem bewusst, dass der Frühling fast schon wieder vorbei ist.
71379	ausdenken	denken	aus	3.100000	1.523880	Oder du denkst dir was anderes aus, was das Bett in der Mitte zusammenhält.
71380	ausspielen	spielen	aus	3.100000	1.523880	Da habe ich die letzte Karte ausgespielt -- eine schmutzige Karte... puh!
71381	ausstoßen	stoßen	aus	3.100000	1.595130	Aber heraus kommt nur heiße Luft, wenn man sich bei Gore das verwässerte Kyoto-Abkommen anschaut und bei Beust ein neues Kohlekraftwerk, das 8 Millionen Tonnen CO 2 ausstoßen wird statt der 1,5 Mio. Tonnen des alten Kraftwerks in Wedel.
71382	ausleihen	leihen	aus	3.100000	1.728840	Außerdem kannst Du Unterstützung beim Spanischlernen bekommen und Dir für die Grammatikwiederholung zu Hause eine Grammatik mit Übungen und Lösungen ausleihen oder einen Grundwortschatz Spanisch zum Vokabellernen.
71383	aushändigen	händigen	aus	3.100000	1.852930	Das Akademische Auslandsamt Ihrer Hochschule kann Ihnen mit Sicherheit eine entsprechende Liste aushändigen.
71384	ausgeben	geben	aus	3.100000	1.852930	""" Es ist unstreitig wahr, dass die 1000 £, die ich heute bei A deponiere, morgen wieder ausgegeben werden und ein Depositum bei B bilden."
71385	ausprobieren	probieren	aus	3.100000	1.852930	"19 Jahre aber sind lang genug, es auszuprobieren. """
71386	ausstoßen	stoßen	aus	3.100000	1.852930	Der Stuhl, an welchem sie gestanden hatte, fiel zurück, und das Kind stieß einen gellenden Schrei aus; das Weib aber stürzte gegen den Ofen; dann glitt sie mit einem schwachen Wehlaut auf den Boden.
71387	aussprechen	sprechen	aus	3.100000	1.969210	Aus diesen Formeln, welche den Sinn der Geschichte auszusprechen beanspruchen, ist keine fruchtbare Wahrheit geflossen.
71388	aushändigen	händigen	aus	3.111110	1.691480	Obwohl ich die CD Herrn Janssen persönlich ausgehändigt habe, kam keine Antwort.
71389	ausreden	reden	aus	3.200000	1.475730	Er gab sich die größte Mühe, Oswald, dessen Angst mit jeder Stunde wuchs, je später es wurde, ohne daß ärztliche Hilfe erschien, seine Befürchtungen auszureden.
71390	ausgeben	geben	aus	3.200000	1.619330	fangen wir mal anders an wieviel möchtest du denn ausgeben ich fliege seit jahren und könnte evtl. weiterhelfen.
71391	ausschütten	schütten	aus	3.200000	1.686550	Erst eine 1902 nach Norwegen und Spitzbergen unternommene äußerst eindrucksvolle Reise brachte ihn auf den Gedanken, das übervolle Herz auch vor der Allgemeinheit auszuschütten, u. dem ersten wohlgelungenen Wurf folgten dann bald weitere, die nicht weniger freundlich begrüßt wurden.
71392	ausgeben	geben	aus	3.200000	1.873800	Ob das nur eine Schutzbehauptung ist, um kein Geld für neue Saiten ausgeben zu müssen, sei dahingestellt...
71393	ausreifen	reifen	aus	3.200000	1.873800	Das Reifen des Hafers erfolgt sehr ungleich, indem nicht nur die einzelnen Pflanzen eines Feldes, sondern auch die Körner an einer Pflanze zu verschiedenen Zeiten ausreifen.
71394	ausreißen	reißen	aus	3.200000	2.299760	Unsere Kunden werden trotzdem vernünftig behandelt, wir reissen uns trotzdem alle Beine und Arme aus... und dabei geht es nur um schnöden Draht; nicht um Menschenleben!
71395	ausweiten	weiten	aus	3.222220	1.563470	Der nördliche Arm, die Ost-Schelde, weitet sich an der Mündung bis zu einer Breite von nahezu 8 km aus.
71396	ausschauen	schauen	aus	3.300000	1.159500	Freskogemälde in frischen glänzenden Farben schmückten die Vestibülrotunde: der Amerikaner der Vorzeit in Gesellschaft fossiler Geschöpfe, moderne Pampasindianer, Eingeborene nach dem ersten Segelschiff ausschauend, das den Fluss heraufkam, andere Feuer durch Reibung entzündend, und Cordilleren-Landschaften.
71397	auswachsen	wachsen	aus	3.300000	1.251670	&quot; Im Alter von 11 bis 14 Jahren waren sie geschlechtsreif, mit 26 Jahren ausgewachsen &quot;, referiert Sander seine Erkenntnisse im Fall des afrikanischen Titanosauriers Janenschia.
71398	ausweichen	weichen	aus	3.300000	1.251670	"""Hinfort kann ich,"" endete sie, ""der Vermählung nicht mehr ausweichen; meine Eltern drängen mich, mein Sohn zürnt über die Verschwendung seines Erbguts.”"
71399	ausleihen	leihen	aus	3.300000	1.418140	Ein Taler gut ausgeliehen, ist besser als ein Pfennig eingenommen.
71400	ausschütten	schütten	aus	3.300000	1.494430	Es ist dieselbe Verwechslung von Religion und Missbrauch der Religion, Verwechslung der zeitlichen Form mit der ewigen Idee, die auch drei andere große Feuerbachschüler (Stirner, Bakunin und Nietzsche ) als resolute Anthropomorphisten und bewusste oder unbewusste Protestanten das Kind mit dem Bade ausschütten ließ.
71401	auswählen	wählen	aus	3.300000	1.567020	Sie stellen Bauteile und Baugruppen her, wählen das entsprechende Fertigungsverfahren aus und prüfen die Qualität der Erzeugnisse.
71402	ausbauen	bauen	aus	3.300000	1.636390	Wenn Sie Ihr Social Media Marketing aus folgenden Gründen ausbauen oder beginnen wollen, kann ich Ihn...
71403	ausstoßen	stoßen	aus	3.300000	1.828780	Nur das Pfeifen können sie, wie Schomburgk versichert, nicht vertragen; wenigstens fliegen sie augenblicklich davon, sobald man einen pfeifenden Ton ausstößt.
71404	ausschütten	schütten	aus	3.300000	1.888560	Man muss gegen die bekannten Sonderfälle wie Dresden und Rostock mit aller Härte vorgehen, aber nicht das Kind mit dem Bade ausschütten, indem man harmlose Menschen wie z.B. Wanderers Bremen mit Hansa Rostock in einen Pott schmeißt.
71405	ausweiten	weiten	aus	3.400000	0.843274	In der Tat bedürfte Redwitz eines neuen Meister Ludovico, der seine Charaktere mit hyperbolischem Humor aufbliese und ausweitete, und sein Held Jungwalter, der aufdringlich predigerhafte Ritter, eines neuen Astolf, der ihm seinen Verstand in einer Flasche vom Monde herunterholte!
71406	auswachsen	wachsen	aus	3.400000	0.966092	Hallo, ich hatte mal ein Pärchen rund 7 Jahre lang, als ich die Fische gekauft habe wären sie schon ausgewachsen und wohl mind. 1 Jahr alt.
71407	ausrotten	rotten	aus	3.400000	1.074970	Die Wurzel Roms, die leidenschaftliche Liebe der Familie, des Heims, war ausgerottet; nicht einmal das berühmte Gesetz gegen die Junggesellen, mit Prämien für Kindererzeugung (Lex Julia et Papia Poppaea), hatte die Ehe wieder beliebt machen können.
71408	ausweiten	weiten	aus	3.400000	1.264910	Am Südufer der Insel Walcheren, dort wo die Scheltemündung sich gegen die See zu trichterförmig auszuweiten beginnt, liegt die früherer Zeit stark befestigt gewesene Stadt Vlissingen (franz. Flessingue, engl. Flushing), die Geburtsstadt des berühmten holländischen Admirals de Ruyter.
71409	austauschen	tauschen	aus	3.400000	1.577620	Vollkommen in Allem, traf sie den richtigen Ton, und blieb vertraulich und heiter mit ihren jungen Freundinnen, mit denen sie ihre Herzensergüsse austauschte.
71410	aushändigen	händigen	aus	3.400000	1.712700	Diese Vergütung erfolgt bei der Entrichtung des nächsten Jahresbeitrages mittels Zurechnung, gegen Vollziehung von Quittungen, wozu die Agenten am Zahlungstermine die Formulare aushändigen werden.
71411	ausreißen	reißen	aus	3.400000	1.776390	Die Natur ist zu schützen, es dürfen z.B. keine Pflanzen ausgerissen werden.
71412	ausgraben	graben	aus	3.400000	1.955050	Das musste aber doch nicht sein, sich anzumelden und dann so ein altes Thema auszugraben...
71413	ausweichen	weichen	aus	3.500000	1.269300	Er ritt, da wir dem Bären ausgewichen und dabei auseinander gekommen waren, wieder auf mich zu, stieg ab und übergab mir das Pferd.
71414	aussprechen	sprechen	aus	3.500000	1.354010	Statt dessen sprach er sich für die Einrichtung von Ganztags-Hauptschulen und ein flächendeckendes Angebot von Schulsozialarbeiterstellen aus.
71415	ausleihen	leihen	aus	3.500000	1.433720	Ist das, was ausgeliehen wird, weder Geld noch zirkulierendes Kapital, so wird es auch zurückgezahlt in der Weise wie fixes Kapital zurückfließt.
71416	ausgehen	gehen	aus	3.500000	1.509230	“Ich bin ausgegangen eine Königstochter zu suchen, die hier wohnen soll, aber ich habe sie nicht gefunden; ich will weiter gehen.” “Bleib hier,” sagte das Mädchen, “ich will dir aus deiner Not helfen.”
71417	aushändigen	händigen	aus	3.500000	1.509230	Der Aufnahmeschein für die Kolonie wird nur von der General Agentur hier ausgestellt, und dem Accordanten bei der Restzahlung des Vertrags ausgehändigt.
71418	ausprobieren	probieren	aus	3.500000	1.509230	Die Lokomotive trägt zwei Rollen, durch welche sie mit der letzteren in Verbindung steht -- ob Rollen oder Bürsten besser sind, muss noch ausprobiert werden.
71419	ausdrucken	drucken	aus	3.500000	1.649920	Wählen Sie abhängig vom Alter und von den Schneidefähigkeiten ein Baummuster aus und drucken Sie 2 oder mehr Vorlagen auf festem Druckpapier aus.
71420	auswählen	wählen	aus	3.500000	1.649920	Ferner: Um Stahl zu machen, wählt man reines, festes und hartes Eisen aus; das so ausgewählte Eisen wird alsdann in einem Bad von flüssigem Eisen mehrere Stunden gesättigt, sodann herausgezogen und in sehr kaltem Wasser abgelöscht.
71421	ausbauen	bauen	aus	3.500000	1.840890	Das Haus in der Brüderstraße, in dem ich aufgewachsen bin, hatte der Großvater Nicolai im Jahre 1787 gekauft und ausgebaut.
71422	auswachsen	wachsen	aus	3.600000	0.966092	Die Dickechse (Pachysaurus albogularis), welche ausgewachsen eine Länge von reichlich 5 Fuß erreicht, ist auf dunkelbraunem Grunde weiß gefleckt, auf der Unterseite lichter und in der Kehlgegend gelblichweiß.
71423	auswählen	wählen	aus	3.600000	1.173790	Jene Lösung ist demnach -- nachdem a unter den bekannten Wurzeln oder partikularen Lösungen von 1 ) einmal ausgewählt ist -- auch der Form nach eine vollkommen bestimmte.
71424	auswählen	wählen	aus	3.600000	1.349900	@Zwackmix: Beim Prämienabo auf &quot; Prämie wählen &quot; klicken und auf der folgenden Seite Bargeld als Prämie auswählen.
71425	ausbauen	bauen	aus	3.600000	1.349900	Markgraf Karl lebte viel in Friedrichsfelde und begann das 1719 durch Böhme aufgeführte Schloß, namentlich in seinem Inneren, auszubauen und zu schmücken.
71426	aushändigen	händigen	aus	3.600000	1.505550	Wir werden die Bürgerinnen und Bürger unseres Kreises weiter über die tatsächliche Sicherheit informieren und hierzu ein &quot; F l u c h b l a t t &quot; aushändigen.
71427	ausweiten	weiten	aus	3.600000	1.646550	An dem vorderen Teile, wo die Rückenfurche sich ausweitet, lassen sich nach und nach bei der Überwölbung der Wülste die einzelnen Hirnabteilungen unterscheiden, von denen die des Vorderhirnes von Anbeginn an die bedeutendste ist.
71428	ausreißen	reißen	aus	3.600000	1.712700	Büschelweise reiße ich sie mir aus und was bleibt, ist restlos zerzaust.
71429	ausstoßen	stoßen	aus	3.600000	1.712700	Vulkane stießen Lava aus, die sich verfestigte und die erste kontinentale Kruste bildete.
71430	ausweichen	weichen	aus	3.600000	1.776390	Ahh das is gut in unserm Völkerballteam in der Grundschule war ich nämlich immer unser &quot; König &quot; da ich am besten ausweichen konnte.
71431	auswachsen	wachsen	aus	3.700000	0.823273	Meinem werde ich da ein Halsband kaufen wenn er ausgewachsen ist.
71432	aushändigen	händigen	aus	3.700000	0.948683	In der Regel werden diese Informationen in Form von Hausprospekten ausgehändigt und durch eine Wohnraumbeschreibung und eine Vorabdarstellung der Vertragsinhalte ergänzt.
71433	auswählen	wählen	aus	3.700000	1.059350	Hier kann ich leider nur Floppy und kein anderes Laufwerk (zB CD ) auswählen.
71434	ausbessern	bessern	aus	3.700000	1.159500	""" Zu jedem Neste sollen ein Männchen und ein Weibchen gehören und diese beiden den gewaltigen Bau allein errichten oder einen alten ausbessern, beide Geschlechter sich dem Neste nähern, wenn das Weibchen legen will und gemeinschaftlich das Öffnen und Zudecken des Walles besorgen."
71435	ausleihen	leihen	aus	3.700000	1.494430	cc ) ob die zum Vermögen der Kirche gehörenden Gelder stets unter der vorschriftsmäßigen Genehmigung der betreffenden Behörden ausgeliehen worden sind.
71436	auswachsen	wachsen	aus	3.700000	1.567020	Die vier Zehn waren unter die Fußsohle gebogen, an dieselbe fest gepreßt und schienen mit ihr wie verwachsen, nur die große Zehe ließ man ungestört auswachsen.
71437	ausschütten	schütten	aus	3.700000	1.636390	Wenn sie es nicht packen, haben sie nicht Hohn und Spott verdient, der hier kübelweise über sie ausgeschüttet, werden.
71438	ausschauen	schauen	aus	3.700000	1.766980	Wenige Tage vor dem Legen erscheinen viele Tausende von ihnen in langen Reihen an den Ufern der Inseln Cucuruparu, Uruana und Pararume, recken den Hals und halten den Kopf über dem Wasser, ausschauend, ob nichts von Tigern oder Menschen zu fürchten ist.
71439	ausgeben	geben	aus	3.800000	0.918937	Statt dessen gibt sie 15.000 Goldstücke aus, nur damit ich sie in Ruhe wie wild besessen in der Küche schaffen lasse.
71440	auswachsen	wachsen	aus	3.800000	1.032800	d.h. ich muss warten bis ich &quot; ausgewachsen &quot; bin.
71441	ausprobieren	probieren	aus	3.800000	1.229270	Kannst es ja mal ausprobieren, bzw. du solltest, denn es sollen sogar dauerhafte Schäden entstehen, arbeitet man dauerhaft mit so niedrigen Hz.
71442	ausschneiden	schneiden	aus	3.800000	1.229270	Du kannst entweder 48*48 aus dem Bild ausschneiden oder das gesamte Bild einfach verkleinern.
71443	ausleihen	leihen	aus	3.800000	1.316560	Am Abend lieh ich mir von Azid &quot; Titanic &quot; auf VCD aus.
71444	ausgeben	geben	aus	3.800000	1.398410	Wer Xenon nachrüsten möchte, muss nicht viel Geld ausgeben.
71445	ausreißen	reißen	aus	3.800000	1.398410	Und wer intelligenten, tiefsinnigen Humor gemixt mit coolen Accapellasongs bevorzugt, der ist mit &quot; Neues aus dem Unterholz: Vom Käfer, der Bäume ausreißt &quot; ebenfalls gut beraten.
71446	ausreifen	reifen	aus	3.800000	1.398410	Die befruchteten Eier reifen vollends aus, indem sie durch besondere Drüsenabsonderungen noch im Leibe der Alten mit einer schönen harten Kalkschale umgeben werden, die ihnen eine auffällige Ähnlichkeit mit schneeweißen Vogeleiern verleiht.
71447	aussprechen	sprechen	aus	3.800000	1.549190	Diese Wahrnehmung muss sehr allgemein gemacht worden sein, denn sie findet sich in den Sprichwörtern aller europäischen und vieler asiatischen u. s. w. Völker ausgesprochen (s. Frau 97 ).
71448	ausdrucken	drucken	aus	3.800000	1.619330	Die Dokumente werden bei dieser Einstellung &quot; Duplex &quot; und &quot; Manuell &quot; und ohne die Einstellung &quot; Nur ungerade bzw. gerade Seiten ausdrucken &quot; absolut korrekt ausgedruckt.
71449	aushändigen	händigen	aus	3.900000	0.875595	Bei allen deutschen Völkerschaften der früheren Zeit erhielt der junge Mann in dem Augenblick, in dem er wehrfähig erklärt wurde, als Zeichen dafür die Wehre, das Gewehre ausgehändigt.
71450	ausschütten	schütten	aus	3.900000	1.286680	In der Schwangerschaft wird z. B. von Beginn an das Hormon HCG ausgeschüttet.
71451	ausgeben	geben	aus	3.900000	1.286680	☞ Morgen Mittag zwischen 1 und 2 Uhr wird eine Beilage ausgegeben.
71452	austauschen	tauschen	aus	3.900000	1.286680	Dieser Punkt liegt an seiner Produktionsquelle, wo es sich als unmittelbares Arbeitsprodukt mit anderem Arbeitsprodukt von demselben Wert austauscht.
71453	ausdrucken	drucken	aus	3.900000	1.449140	Damit wird Acrobat für vier verschiedene Anwendungen interessant 1. Digitaler Datenaustausch von Briefen Anstatt Tonnen von Geschäftsbriefen, Mitteilungen und internen Memos an den Computern auszudrucken und dann zu verteilen, kann eine Firma mit Acrobat beinahe völlig digital kommunizieren.
71454	ausgraben	graben	aus	3.900000	1.449140	Der Schatz, den es wenigstens mal in die Hand zu nehmen gilt, muss also nicht erst noch erdacht, herbeigesehnt, lange gesucht und mühsam ausgegraben werden; denn dieser Schatz, er ist schon da!
71455	ausgraben	graben	aus	3.900000	1.523880	Jemand vom Fach war klar, dass das, was ausgegraben wird, damit unumgänglich zerstört ist.
71456	auswählen	wählen	aus	3.900000	1.523880	Ich wählte also aus meinen Gesellen so viele aus, daß unser hundert waren, und wir zogen hin.
71457	ausdrucken	drucken	aus	3.900000	1.595130	Meine Frage bezieht sich nun darauf ob es ausreichend ist die Therapieverläufe der einzelnen Patienten im System aufrufen zu können und auszudrucken z.B. im Rahmen einer MDK-Prüfung oder paralell auch eine doppelte Dokumentation der einzelnen Therapien auch in der Kurve stattfinden muss.
71458	ausgraben	graben	aus	3.900000	1.595130	Wenn das weiche Erdreich 6 -- 7 Fuß an der bestimmten Stelle des Brunnens ausgegraben worden ist, so wird gedachter Kranz waagerecht gelegt, und mit den Mauern des Brunnens von gewöhnlichen (besser aber von keilförmig gestrichenen ) Steinen in Kalkmörtel der Anfang gemacht.
71459	auswählen	wählen	aus	4.000000	0.666667	Bei uns sind Sie nicht an die Produkte einer Fondsgesellschaft gebunden, sondern wählen, mit unserer Unterstützung, aus den besten Angeboten der im jeweiligen Anlagesegment erfolgreichsten Fondsgesellschaften aus.
71460	aushändigen	händigen	aus	4.000000	0.816497	28 kr. bestehenden Vermögens zu melden, widrigenfalls die bisher bestandene Kuratel aufgelöst, und dieses Vermögen an die nächsten Verwandten gegen Kaution ausgehändigt wird.
71461	austauschen	tauschen	aus	4.000000	0.942809	Es ist schon ein Jahr her, dass der Getriebe ausgetauscht wurde und auf die Einstellarbeiten haben wir &quot; nur &quot; ein halbes Jahr Garantie &quot; - Ich ihm: &quot; und was kann ich dabei kaputt machen?
71462	ausbauen	bauen	aus	4.000000	1.154700	Die Straßen der Neustadt zeichnen sich durch eine stattliche Breite, viele aber auch durch große Länge aus, und wird das neue Stettin, wenn einmal ausgebaut, durch den großen Zug seiner Anlage vorteilhaft zur Geltung kommen.
71463	ausgeben	geben	aus	4.000000	1.247220	Die Notizen, wodurch die näheren Verkaufsbedingungen mitgeteilt werden sollen, werden zeitig ausgegeben.
71464	ausmalen	malen	aus	4.100000	0.875595	Das Bild, das sie neben den Gegenstand setzt, wird mit Behagen ausgemalt, und zwar nicht bloß in jenem Zuge, welcher das tertium comparationis bildet, sondern auch in anderen Zügen, welche mit ihm in keinem Zusammenhäng stehen.
71465	aussprechen	sprechen	aus	4.100000	0.875595	"Gnädige Frau haben da früher ein Wort gebraucht... nämlich daß ich, wie gnädige Frau sagten, gewissermaßen (sie muß sich überwinden, das Wort auszusprechen) ""unheilschwanger"""
71466	auswählen	wählen	aus	4.100000	0.994429	Einen Teil seiner großen Berühmtheit hat dieses Bild durch den Umstand erhalten, dass die Stadt dem Künstler erlaubte, unter den sämtlichen Jungfrauen die schönsten auszuwählen, um sie zur Ausführung dieses Musterbildes weiblicher Schönheit als Modelle zu benutzen.
71467	ausstoßen	stoßen	aus	4.100000	1.100500	Scholastika, noch immer auf den Knien liegend, bedeckte ihr Antlitz und stieß einen Laut des Schreckens aus.
71468	aussprechen	sprechen	aus	4.100000	1.663330	Dass die Metalle bei der Verkalkung an Gewicht zunahmen, wurde zwar in einzelnen Fällen zugestanden, so z. B. schon von Geber für Blei und Zinn, und allgemein hat es Paul Eck von Sulzbach um 1490 ausgesprochen.
71469	ausstoßen	stoßen	aus	4.100000	1.663330	Die Platten werden dann geglüht und alsbald in den Schneidesaal gebracht, wo eine Anzahl Mädchen mit kleinen Lochmaschinen aus ihnen Plättchen ausstoßen, die in ihren Umrissen genau die Gestalt der fertigen Federn haben.
71470	ausschütten	schütten	aus	4.200000	0.788811	Wenn du aber ein bisschen vom Schmutz ausschüttest und sie hinein wirfst, schwimmt sie ein bisschen nach oben; wenn wieder ein bisschen ausgeschüttet wird, schwimmt sie wieder ein bisschen nach oben.
71471	aussprechen	sprechen	aus	4.200000	0.788811	Er wurde glaube ich von Chritian Winkgen ausgesprochen: Der Trimm birngt die Zentimeter, die Taktik die Meter.
71472	ausreden	reden	aus	4.200000	0.918937	Erlauben Sie, ich bin noch nicht fertig, bitte mich ausreden zu lassen.
71473	ausgraben	graben	aus	4.200000	1.032800	Schließlich kannst Du die kleinen Schildkröteneier fühlen und gräbst sie behutsam aus, um sie an einen sicheren Strandabschnitt zu bringen.
71474	ausleihen	leihen	aus	4.200000	1.032800	Gerade wenn umfangreicheres Filmmaterial verwendet werden soll, bietet sich eine ganz andere Möglichkeit an: Die Filmclips zur Unterrichtsvorbereitung zu Hause selbst anschauen und für die Verwendung im Unterricht die entsprechende DVD im Medienzentrum ausleihen.
71475	ausdrucken	drucken	aus	4.200000	1.619330	Für dich und deine Freunde darfst du jede rennmaus.de - Seite gerne ausdrucken.
71476	auswählen	wählen	aus	4.300000	0.483046	Er hätte diesen Vorsatz sicher auch ausgeführt, wenn sich nicht der Bibliothekar für den jungen Mann interessiert und ihn darauf aufmerksam gemacht hätte, daß es zweckmäßiger sei, die zu lesenden Bücher ihrem Inhalte nach auszuwählen.
71477	ausschütten	schütten	aus	4.300000	1.567020	Samen säet man, und schütte ihn nicht mit Säcken aus. - Lehmann, 909, 20.
71478	aussprechen	sprechen	aus	4.400000	0.699206	Ich habe es so gemacht: Ich habe das Wort gaaaaaanz langsam ausgesprochen, damit er die Laute genau hören kann.
71479	ausschneiden	schneiden	aus	4.400000	0.843274	Diese Schablone umfahren Sie auf einem weißen Zeichenkarton und schneiden die Gespenster aus.
71480	ausgraben	graben	aus	4.400000	0.843274	Im vergangenen Herbste hat derselbe Herr 42 heidnische Wohnstätten und Gräber im Teplitzer Bezirke ausgegraben.
71481	ausgraben	graben	aus	4.500000	0.527046	Wollte man z. B. 2000 Kubikfuß Lehmsteine machen, so muß man 3000 Kubikfuß Lehm ausgraben, da die gegrabene Erde einen größeren Raum einnimmt als die feste und auch vieles verloren geht.
71482	ausschneiden	schneiden	aus	4.500000	0.527046	1710 vereinigten sich zwei Arbeiter zu Bayersfeld zur Anfertigung von Löffeln aus Schwarzblech, die sie einfach aus Blech ausschnitten und mit dem Hammer austrieben, was so großen Beifall fand, dass sich daraus der umfassende Gewerbeszweig der Löffelschmiede in Sachsen entwickelte.
71483	ausreißen	reißen	aus	4.600000	0.699206	Auch ihren Leibkammer ließ sie totschlagen, als der ihr zwei Haare ausgerissen hatte.
71484	ausschneiden	schneiden	aus	4.600000	0.699206	Wenn ja, vielleicht können die HAZ-Leser ja den einen oder anderen Gutschein ausschneiden / - drucken?
71485	ausschneiden	schneiden	aus	4.600000	0.966092	Nach dem Nuten der Faltmarken wird das Motiv rundherum ausgeschnitten und die Schlitze für die Laschen &quot; D &quot; und &quot; E &quot; eingeschnitten.
71486	ausschneiden	schneiden	aus	4.700000	0.483046	Dieselbe wird auf Pauspapier übertragen und so weit dieselbe farbig erscheinen soll, mit der sehr scharfen Spitze eines Federmessers auf einer Glasplatte ausgeschnitten, so also, daß die als goldener Grund zum Vorscheine kommenden Teile fortgeschnitten werden.
71487	ausschneiden	schneiden	aus	4.700000	0.483046	Sie schnitten einem Reh Augen und Zunge aus, damit sie dem Alten die Wahrzeichen bringen konnten.
71488	ausschneiden	schneiden	aus	4.800000	0.421637	Heute wird Floatglas mit 25 mm Stärke hergestellt, aus dem die Glasrohlinge ausgeschnitten werden.
71489	ausgraben	graben	aus	4.800000	0.421637	Die eine ihrer Sennhütten ist unter einem Granitblock ausgegraben, und die andere schmiegt sich an diese, aus roh übereinander gelegten Gneisscherben errichtet, an.
71490	ausgraben	graben	aus	4.800000	0.421637	Es war das erste Mal, dass eine Stätte der griechischen Kultur nach einem wissenschaftlichen, auf das Ganze angelegten Plan und mit Zuziehung verschieden geschulter Männer als Leiter ausgegraben wurde.
