ContextID	Compound	Mod	Head	ModAvg	ModStd	HeadAvg	HeadStd	Context
10001	account book	account	book	3.500000	1.779510	3.800000	1.549190	Correspondence, letterbooks, account books, and writings together with family papers concerning Charles, Clement, Edward, James, Nicholas, Thomas, and William S. Biddle.
10002	account book	account	book	3.000000	1.943650	3.900000	1.663330	Let me see, (looking at my account book ) that is two weeks wages making $8.
10003	account book	account	book	4.400000	1.074970	4.100000	1.449140	She drops her black silk bag; out of it drop crackers, an account book, a thimble, a thread-and-needle case, a bottle of pepsin tablets, etc.
10004	account book	account	book	4.300000	0.948683	4.100000	1.595130	Whether you are running or planning a business, this seminar will show you how to keep your account books up to date.
10005	account book	account	book	4.100000	1.595130	4.300000	1.567020	"When he had finished, he took out his account book, and entered, "" Dinner, 10 cents. """
10006	account book	account	book	3.900000	1.449140	4.400000	0.843274	Mr. Force went into the little den at the back of the hall, where he kept his writing desk and account books and held interviews with his overseer or his attorney.
10007	account book	account	book	4.100000	1.595130	4.600000	0.966092	The records consist of two of the company 's financial ledgers and account books from the years 1835 to 1846.
10008	account book	account	book	4.300000	0.823273	4.700000	0.483046	Not the least among them, as she regarded it, was an account book.
10009	account book	account	book	4.500000	0.527046	4.800000	0.421637	The following details derive from Meacci 's account book and associated copy invoices.
10010	account book	account	book	4.100000	1.370320	4.900000	0.316228	For example, typing ' book ' would result in any record where the field only contains ' book ' which would match ' book ', but would NOT match ' account book ', ' books ' or ' account books '.
10011	acid solution	acid	solution	4.400000	1.074970	2.000000	2.211080	If one simply add solid monosodium glutamate to acetic acid solutions there is an immediate precipitation of a very fine precipitate of mostly the more stable beta isomer.
10012	acid solution	acid	solution	4.700000	0.674949	3.300000	1.636390	The gas was under such pressure that it forced the combined soda and acid solution out through the hose for a considerable distance.
10013	acid solution	acid	solution	4.200000	1.619330	3.400000	1.577620	What is the pH of a Ca M acid solution whose acid dissociation constant is Ka?
10014	acid solution	acid	solution	4.600000	0.843274	3.400000	2.011080	Add a few drops of phenolphthalein indicator to the acid solution.
10015	acid solution	acid	solution	4.000000	1.699670	3.900000	1.286680	It is also well not to make much of the gallic acid solution, as it will not keep for more than a few days without spoiling.
10016	acid solution	acid	solution	4.300000	1.251670	4.000000	1.414210	If bedbugs get into a bed, first clean the mattress with a carbolic acid solution and put the mattress aside.
10017	acid solution	acid	solution	4.800000	0.421637	4.100000	1.449140	I bought some 6% oxalic acid solution from Maisemore last month.
10018	acid solution	acid	solution	4.900000	0.316228	4.300000	1.494430	It comprises hydrogen gas at atmospheric pressure brought into contact with a platinum black electrode in 1 molar (mol dm -3 ) acid solution.
10019	air pressure	air	pressure	4.500000	1.269300	4.100000	1.663330	It was also feared that, relieved from its air pressure, the water in the breast would rise and cut off the escape of any persons who might be in there.
10020	air pressure	air	pressure	4.100000	1.595130	4.400000	0.966092	Meanwhile in Germany even more surprising results of experiments on air pressure were forthcoming.
10021	air pressure	air	pressure	4.600000	0.966092	4.400000	1.264910	Some come to recognise movement around them because of something as subtle as changes in air pressure on their skin.
10022	air pressure	air	pressure	4.400000	1.074970	4.600000	0.843274	If your baby has to travel by air, sucking on a pacifier can help with the air pressure changes and help their ears adjust accordingly.
10023	air pressure	air	pressure	4.700000	0.483046	4.600000	0.843274	Tom tilted the rudder at a sharp angle to have the air pressure act as a brake.
10024	air pressure	air	pressure	4.500000	1.269300	4.700000	0.674949	This unit has a lift capacity of 250 kg at 6 bar air pressure, with a driving mechanism group M 4 (1 Am ) designed for 800 hours operation at full load conditions.
10025	air pressure	air	pressure	4.000000	1.885620	4.700000	0.674949	When a thirty-two by four inch cord tire is inflated to sixty pounds of air pressure, there is exerted within it an outward force of thirty tons.
10026	air pressure	air	pressure	4.700000	0.948683	4.800000	0.632456	Because of the lower air pressure at high altitudes, the power loss of a naturally aspirated engine is considerable.
10027	air pressure	air	pressure	4.900000	0.316228	5.000000	0.000000	Based on the assumption that the optimum air pressure for fuel efficiency was the maximum air pressure stated on the tires ' sidewall, the four tires of each car were under-inflated by a total average of 20%.
10028	air temperature	air	temperature	3.900000	1.852930	3.800000	2.043960	Temperatures in these small bodies of water change in response to air temperatures more rapidly than those in the sea.
10029	air temperature	air	temperature	4.600000	0.699206	4.300000	1.251670	Evidence has accumulated that the sun (combined with changes in the way air temperature was measured ) was responsible for the warming of the 1990 s.
10030	air temperature	air	temperature	4.500000	0.971825	4.700000	0.674949	The face-centered metals are usually ductile even at liquid air temperatures.
10031	air temperature	air	temperature	4.700000	0.483046	4.800000	0.421637	Figure 3: Linear trend (1979 -2004 ) of surface air temperature over the ice-covered areas of the Southern Ocean (Zhang 2007 ).
10032	air temperature	air	temperature	4.900000	0.316228	4.800000	0.421637	The air temperature at midnight was 10.06 ÂºC, so it is rising again and the my home USA barometer showed a Fair 1029 millibars (30.4 inches ).
10033	air temperature	air	temperature	4.500000	0.971825	4.800000	0.421637	radiation of heat may be lessened by a rise of the air temperature.
10034	air temperature	air	temperature	4.700000	0.674949	5.000000	0.000000	The air temperature was cool for the last week in March in NC-only in the high 40 s.
10035	arcade game	arcade	game	3.300000	1.567020	4.500000	0.971825	Not only the first coin-op video arcade game of Football, but also the very first trac-ball game, a control system that gained most of its fame with the arcade classic Centipede.
10036	arcade game	arcade	game	3.800000	1.873800	4.800000	0.421637	The Britannia hosts arcade games, eateries and rides along with a live performance theatre.
10037	arcade game	arcade	game	3.500000	1.354010	4.900000	0.316228	"Codemasters creative director: "" Sometimes I think the hardcore community think we are trying to dumb down the game or turn it into an arcade game, but the commentators on TV are always explaining these things and that 's what we are trying to do."
10038	arcade game	arcade	game	3.700000	1.337490	4.900000	0.316228	If you like MK, classic arcade games, fighting games GET IT!
10039	arcade game	arcade	game	3.700000	1.946510	4.900000	0.316228	Since 2003, we review every day only the best, including casual games, flash games, arcade games, indie games, download games, shooting games, escape games, RPG games, puzzle games, mobile games and much more.
10040	arm length	arm	length	2.000000	1.885620	3.000000	1.885620	There is, however, a possible snag with this hypothesis: the observed coincidences are not sensitive to slight changes in the interferometer arm lengths.
10041	arm length	arm	length	3.500000	1.269300	3.800000	1.549190	He insinuates you ca n't hear differences in wood or arm length, but expects you to pay fairly good money for something he knocked up in his shed with little ability to aurally evaluate it.
10042	arm length	arm	length	2.300000	1.766980	3.900000	1.595130	I know the rear trailing arm length is different on earlier MK 1 s so i 'll probably just have to work out whats easiest to do with trying to use some of the poly bushes etc if possible.
10043	arm length	arm	length	2.100000	2.024850	4.400000	1.577620	I have seen V brakes in arm lengths of 105 mm, 90 mm, 85 mm and 80 mm.
10044	arm length	arm	length	3.900000	2.079000	4.500000	1.581140	He has the body frame of an offensive tackle because he 's a long 6 - foot -5, 262 - pounds with an arm length of 33 Â¾.
10045	armchair critic	armchair	critic	1.900000	2.024850	3.300000	2.311810	Is it possible, as one armchair critic concluded, that he could have been crouching in such an awkward position that the Jezail bullet actually passed through both?
10046	armchair critic	armchair	critic	1.200000	1.032800	3.500000	2.223610	"And if these stalwart blue-water Britishers could have read what Thomas Jefferson was writing at this very time, they would have classed him with the armchair critics who had no proper conception of a sailor 's duty. """
10047	armchair critic	armchair	critic	2.000000	1.825740	3.600000	1.505550	He does not want us to be spectators or armchair critics, but to get involved, loving God and loving our neighbours with His spirit of love and grace in our hearts.
10048	armchair critic	armchair	critic	1.300000	1.702940	3.600000	1.897370	If you look on Twitter or the various Internet forums, you ca n't help but see the armchair critics vying for Mucke 's blood.
10049	armchair critic	armchair	critic	1.300000	1.337490	4.200000	1.475730	It 's tough; you will have to suffer shallow potshots from armchair critics, but you will get a thousand times more upside from those few people who constructively explore a subtle flaw in your perception.
10050	armchair critic	armchair	critic	1.300000	1.702940	4.600000	0.699206	"Cementing his Brownite credentials, Council Leader Mike Freer has used his blog on the Barnet Times to launch an astonishing attack on those he describes as armchair critics "" cosseted by family money."
10051	art critic	art	critic	3.600000	1.712700	3.000000	2.000000	Channel 4 's The Mona Lisa Curse, passionately fronted by art critic Robert Hughes, explores the idea of the ' meaningless ' Mona Lisa, which has been in his words ' transformed from artwork into celebrity icon '.
10052	art critic	art	critic	4.100000	1.595130	3.400000	2.011080	another cried out, as if he had been an art critic.
10053	art critic	art	critic	4.300000	0.948683	3.900000	1.197220	"Study turns pigeons into "" art critics "" A JapÂ­aÂ­nese reÂ­searchÂ­er is reÂ­portÂ­ing that he has trained birds to tell apart "" good "" and "" bad "" chil Â­ dren 's paint Â­ ings."
10054	art critic	art	critic	3.400000	1.897370	3.900000	1.523880	Aleksander Lesser (May 13, 1814 - March 13, 1884 ) was a Polish painter and art critic of Jewish descent.
10055	art critic	art	critic	3.500000	2.013840	4.000000	1.563470	Similarly useful the art critic of any distinction has always found literary culture, and if this has led him sometimes to overdo the matter, it has been due not to his knowledge of literature but to his ignorance of art.
10056	art critic	art	critic	4.100000	1.728840	4.300000	1.636390	Bernier married the love of her life, New York Times art critic, John Russell.
10057	art critic	art	critic	4.500000	0.971825	4.400000	0.843274	But M. H. Spielmann, an English art critic who has scoured every corner of this nook in art, finds that there are at least two dozen paintings of Shakespeare and dozens of miniatures that were trustingly bought as genuine by their present owners.
10058	art critic	art	critic	4.000000	1.699670	4.500000	0.707107	... documentaries, mainly broadcast on Radio 3, and the long running Conversations with Artists series of interviews conducted by the poet and art critic Edward Lucie-Smith.
10059	art critic	art	critic	4.300000	1.251670	4.800000	0.421637	It has been said that Fuseli, the learned art critic, and Sir Joshua Reynolds, the great artist, both asked her hand in marriage.
10060	art critic	art	critic	4.300000	1.567020	4.800000	0.632456	You have reason to be proud, Medoline, that one of our severest art critics has pronounced favorably on your work.
10061	assessment day	assessment	day	3.700000	1.766980	3.100000	2.024850	There was one assessment day, consisting of a critical thinking test, a group exercise, and an interview.
10062	assessment day	assessment	day	4.700000	0.674949	3.200000	1.932180	It is all online teaching based with an assessment day / s somewhere in London or another city.
10063	assessment day	assessment	day	4.600000	0.966092	3.900000	1.728840	It is consists of 3 workshop days, and a further assessment day.
10064	assessment day	assessment	day	3.500000	1.900290	4.500000	0.971825	You need to apply online, and if successful are invited to an assessment day where you 'll take part in a business game with fellow candidates.
10065	assessment day	assessment	day	4.900000	0.316228	4.600000	0.966092	There is an assessment day on Saturday June 2nd at Rugby Town JFC, Kilsby Lane.
10066	axis cylinder	axis	cylinder	1.900000	1.911950	2.200000	2.250930	an impulse or command travels along the motor nerve-fibre or axis cylinder of chickls motor nerve-cell.
10067	axis cylinder	axis	cylinder	1.500000	1.581140	2.400000	2.221110	The numerous filaments came to be known asprotoplasmic processes; the other fibre was named, after itsdiscoverer, the axis cylinder of Deiters.
10068	axis cylinder	axis	cylinder	3.000000	2.260780	2.900000	2.183270	The variation in diameter of the nerve fibers (from 2 to 16 Î¼ ) depends mainly upon the amount of the white substance, though the axis cylinder also varies within certain limits.
10069	axis cylinder	axis	cylinder	2.900000	1.911950	3.200000	1.813530	(3 ) Fragmentation and resorption of myelin and axis cylinder.
10070	axis cylinder	axis	cylinder	3.500000	1.080120	3.700000	1.494430	The white substance of Schwann becomes continuous with the lamellae, whilst the axis cylinder passes into the body, and ends in a small knob or in a plexus.
10071	axis cylinder	axis	cylinder	2.700000	1.636390	3.900000	1.595130	The axis cylinder often suffers damage, as does the myelin sheath, but the destruction of myelin is considered the primary change... syndromes can be clearly distinguished...
10072	baby boy	baby	boy	4.200000	1.619330	4.000000	1.632990	"Oh-h -- baby boy, what wo n't you do next? """
10073	baby boy	baby	boy	4.900000	0.316228	4.000000	1.885620	I have had my baby boy 2 weeks ago now, gave birth at 36 weeks, he came as a surprise one morning.
10074	baby boy	baby	boy	4.600000	0.966092	4.300000	1.251670	In the very midst of this falsehood, there sounds one voice of truth; in the very arms of this giant, there plays the baby boy who is to cleave him to the ground.
10075	baby boy	baby	boy	4.400000	1.577620	4.300000	1.567020	My baby boy is now four weeks old and I have a little girl who is 4 years old.
10076	baby boy	baby	boy	4.400000	0.699206	4.500000	0.707107	"Herod the Edomite also was well aware of the prophecies concerning the birth of the Promised Messiah in Bethlehem of Judea - and when the "" wise men "" of the east came, Herod ordered the death of all young baby boys in the region."
10077	baby boy	baby	boy	4.700000	0.674949	4.800000	0.421637	The Oscar-winner, 36, has adopted a baby boy, her rep said in a statement Wednesday.
10078	baby boy	baby	boy	4.300000	1.337490	4.800000	0.632456	But here is what I saw on that railroad train: five...... the youngest a baby boy of three.
10079	baby boy	baby	boy	4.900000	0.316228	4.900000	0.316228	- - Jerrie 's baby boy, named for me -- Frank Tracy!
10080	baby boy	baby	boy	5.000000	0.000000	5.000000	0.000000	King Henry VIII demanded a divorce from her so that he could take a younger wife (Anne Boleyn ), who might give birth to a baby boy.
10081	baby boy	baby	boy	5.000000	0.000000	5.000000	0.000000	The Welsh Prince Llewellyn had a noble deerhound, whom he trusted to watch the cradle of his baby boy while he himself was absent.
10082	baby shoe	baby	shoe	3.500000	2.223610	3.600000	2.118700	"In a moment she emerged with a pair of faded baby shoes held in the hollow of her hand. """
10083	baby shoe	baby	shoe	2.200000	2.250930	3.700000	2.057510	That 's apparently why we put it on baby shoes.
10084	baby shoe	baby	shoe	4.200000	1.316560	3.700000	2.057510	Nothing at all, at last, but a pair of little red baby shoes tied up very carefully in a bit of white paper all to themselves.
10085	baby shoe	baby	shoe	3.300000	1.766980	4.300000	1.251670	"It reminds me of Ernest Hemmingway who was challenged to write a story in six words - he came up with "" For sale: baby shoes, never worn."
10086	baby shoe	baby	shoe	4.200000	1.475730	4.400000	1.577620	What makes you ask me if I want any baby shoes?
10087	baby shoe	baby	shoe	4.500000	1.269300	4.500000	1.581140	For her she could embroider, ruffle, and tuck; search the city over for the daintiest of baby shoes and the showiest of infant hats.
10088	baby shoe	baby	shoe	3.800000	1.873800	4.600000	1.264910	If you want baby shoes, I 've got the first, second and third best pair.
10089	baby shoe	baby	shoe	3.900000	1.852930	4.900000	0.316228	There are many places to find quality baby shoes without breaking the bank.
10090	baby shoe	baby	shoe	4.300000	1.159500	4.900000	0.316228	There are three categories of soft-sole baby shoes for your kid which include smooth leather sole, suede leather sole and rubber sole.
10091	back door	back	door	1.500000	2.223610	2.900000	2.514400	This was soon thrown out through the back door, never to be seen again.
10092	back door	back	door	3.300000	2.110820	4.200000	1.751190	Truly Harold, you ought to see how stiffly Mrs. Tracy carries herself toward me -- stiffer, if possible, than she did when I came up the front steps in my muddy shoes and she bade me go round to the back door.
10093	back door	back	door	2.700000	2.311810	4.700000	0.674949	"Yous youngsters has been awful bad, "" she reiterated, returning to the back door, and shaking the innocent-looking branch menacingly, "" an ' you 've jist got to be --  to be --  whipped, "" she ended up faintly."
10094	back door	back	door	2.900000	2.330950	4.800000	0.421637	Figured three ' cooks ' was enough so took my time parking the car in the drive and sorting Sally out in the garage, before making my way to the back door.
10095	back door	back	door	2.600000	1.897370	4.800000	0.632456	For example, he has been known to open, first of all, the drawer --  but he never opens the main compartment without first closing the back door of cupboard No.
10096	back door	back	door	2.900000	2.024850	4.900000	0.316228	Front door,, Home Security back door,, Arson Watch Program Agency Interaction and garage, Why You Need a Portable Electric Generator for Hurricanes doors are all vulnerable.
10097	back door	back	door	3.500000	1.178510	4.900000	0.316228	Grabbing her bag, she climbed out of the car and opened the back door.
10098	back door	back	door	3.200000	1.619330	4.900000	0.316228	He paced a lot at first and ran for the back door with every new sound or if he thought he had done wrong (he had previously had some hammerings ).
10099	back door	back	door	2.900000	1.911950	4.900000	0.316228	"The way took them to the alley behind the Wyker House, through a rear gate to the back door of the kitchen, from which it was a short step to the little "" blind tiger "" beyond the dining room."
10100	back door	back	door	3.600000	1.712700	5.000000	0.000000	The way of the thing is to be just this: --  We will steal out of the back door, and run down by the quarters.
10101	back room	back	room	1.800000	1.475730	4.500000	1.080120	(He stands before the door to the back room in an agony of embarrassed emotion --  then he forces himself to a bold decision, pushes open the door and walks in.
10102	back room	back	room	1.600000	1.776390	4.600000	0.699206	You see my chum and me have been going to a private gymnasium, on the west side kept by a Dutchman, and in a back room he has all the tools for getting up muscle.
10103	back room	back	room	1.000000	1.490710	4.600000	0.843274	* BRITONS PROTECTION - Last visit: 2012 - Gt Bridgewater Street, a fantastic interior with a long narrow front bar and an ornate corridor leading to two cosy, dimly lit back rooms, perhaps the most impressive pub interior in Manchester.
10104	back room	back	room	2.300000	2.002780	4.600000	0.843274	My house could be 3 bed: As large back room can be converted which most people...
10105	back room	back	room	3.200000	1.873800	4.700000	0.483046	""" Mitten, "" said a third, "" we are going into Thew 's back room to amuse ourselves with a game of cards for an hour or so; where shall we find you when we come out? """
10106	back room	back	room	2.600000	2.412930	4.700000	0.674949	In the back room of the Severna Park Health Center building is a collection of items that are made available free of charge to persons who are ill or disabled and need aids to assist them in their daily lives.
10107	back room	back	room	1.500000	1.900290	4.800000	0.421637	""" Then he heard a customer in a back room."
10108	back room	back	room	2.300000	2.002780	4.800000	0.421637	...... The rigid bodies of two gray-haired men were found shortly before 2 o'clock yesterday afternoon stretched upon the floor of a back room on the premises No.
10109	back room	back	room	3.400000	1.577620	4.900000	0.316228	One of the counselors asked us to play it and we huddled in the back room, trying to remember what key it was in.
10110	back room	back	room	3.400000	1.776390	5.000000	0.000000	"He was with Nell Hunter in the back room of a saloon over at the county seat, "" he shouted. """
10111	back window	back	window	1.300000	1.888560	3.800000	2.043960	I even dared to cross one leg over the other and to swing the pendant member with nonchalant air, first taking a cautious survey of the neighboring back windows to see if...... ruffled curtains, but I grew splendidly indifferent.
10112	back window	back	window	3.000000	1.825740	3.900000	1.523880	Spring now, lads, to the back windows, and each of you cover your man as the riders from the meadows come within shot.
10113	back window	back	window	3.000000	2.108190	4.000000	1.885620	all that, and more, --  the fences which they have neglected; the garden gate off the hinges; the limbs of the old birch tree broken down for firewood; the back windows ornamented with an old hat, --  Edward.
10114	back window	back	window	3.400000	2.170510	4.500000	0.971825	One particular behavioural change I 've noticed in the last week is that Paddy always used to lie down in the boot of the car and drool excessively, now he prefers to sit up and look out of the back window.
10115	back window	back	window	2.600000	2.366430	4.500000	1.269300	"Mary Grey went to the back window and looked out upon the pleasant garden, verdant and...... joined her. """
10116	back window	back	window	3.900000	1.197220	4.700000	0.674949	At the moment as my little boy is facing backwards I have suctioned it to the back window so when I look in my rear view mirror I can then see this mirror and see him in the reflection.
10117	back window	back	window	3.500000	1.900290	4.800000	0.421637	From the back window of the comfortable house he built near Bradford for himself and Renee, Ken has a view of Ilkley Moor and distant Ingleborough and Whernside.
10118	back window	back	window	3.300000	1.567020	4.900000	0.316228	My sig is a sticker I have in the back window of the Beathty Bus.
10119	back window	back	window	3.700000	2.057510	5.000000	0.000000	A bullet went through the back window of the car and hit the girl in the back of the head as she was sitting in the back seat on the driver 's side of the car, KTLA-TV station reported.
10120	back window	back	window	3.300000	2.162820	5.000000	0.000000	She turned her shoulder on him, stared through the back window, studying this typical center of a typical Main Street block, a vista hidden from casual strollers.
10121	balance case	balance	case	1.000000	1.224740	1.444440	1.943650	The court works hard to balance cases requiring immediate or accelerated disposition against cases where the decisional process can be more orderly and deliberative; in all cases we strive to get it right and to achieve consensus, while tending to many other duties.
10122	balance case	balance	case	1.800000	2.250930	2.000000	2.403700	As I said in my post it is a balance case of to long and players just leave, to short and people lack the needed skill set to drive a tank.
10123	balance case	balance	case	3.000000	1.943650	2.100000	1.791960	Finally, Figure 5 presents the maximum SNR threshold that can be guaranteed for a given outage probability when implementing the proposed DBF algorithm in a perfect channel power balance case (i.e., when Î´ = 0 dB ).
10124	balance case	balance	case	3.400000	1.429840	2.400000	2.011080	There is a ' Credit Balance Transfer Protocol ' document on the Intranet that offers guidance for transferring credit balance cases to the NDU.
10125	balance case	balance	case	2.300000	1.946510	3.500000	1.649920	do you think judge judy 's producers purposely balance cases based on ethnicity to hide the ' reality ' most claimants in the american justice system are jewish?
10126	ball game	ball	game	2.222220	1.986060	2.888890	2.147350	""" Hockey is popular in Minnesota [where Mitchell spent more than three NHL seasons with the Wild ], but being back playing in a Canadian city is a whole different ball game with the crazy amount of attention you receive, "" says Mitchell."
10127	ball game	ball	game	3.800000	1.873800	4.000000	1.699670	DOCTOR HENRY RUMSEY Just a blow there in a school boy fight --  about a ball game, was n't it?
10128	ball game	ball	game	4.700000	0.674949	4.200000	1.475730	"Good thing I did n't win any more ball games for him, "" old Casey said gloomily when he heard the news. """
10129	ball game	ball	game	4.300000	1.567020	4.300000	1.567020	""" We 're not talking about a ball game, or a marriage, or graduating from college."
10130	ball game	ball	game	3.700000	2.057510	4.300000	1.636390	Today 's sumÂ­mer picÂ­ture is of some of the fireÂ­works afÂ­ter the ball game feaÂ­tured yes Â­ ter Â­ day.
10131	ball game	ball	game	4.600000	0.516398	4.600000	0.966092	In the ball game, for example, among the Senecas, they play by phratries, one against the other, and they bet against each other upon the result of the game.
10132	ball game	ball	game	4.444440	1.013790	4.666670	0.500000	You can leave work at lunchtime, catch the Red Line north to Addison, step off and walk a block west to a ball game.
10133	ball game	ball	game	4.200000	1.475730	4.700000	0.674949	What 's that they...... new kind of a ball game, ai n't it?
10134	ball game	ball	game	4.900000	0.316228	4.700000	0.948683	There are also Tennis courts and a huge grassed area for ball games.
10135	ball game	ball	game	3.700000	1.828780	4.900000	0.316228	She requested him to discontinue his visits, and, to emphasize her remarks, she refused an invitation from him to attend a ' ball game and accepted one from another admirer.
10136	ballet shoe	ballet	shoe	3.700000	2.110820	4.800000	0.632456	It 's worth trying them on as my daughter normally takes a size 7 and the ballet shoes are a size 9 (her tap shoes are size 7 ).
10137	ballet shoe	ballet	shoe	4.200000	1.619330	4.900000	0.316228	I know our dance school sells second hand ballet shoes which other girls have handed in, very cheaply then the mum gets the money when / if they sell.
10138	ballet shoe	ballet	shoe	4.600000	0.966092	4.900000	0.316228	She stands with both arms bent upward and extended outward from her body and is shown wearing a dark pink bow in her hair, a pale pink leotard, a mulberry-colored waist ruffle, and dark pink ballet shoes.
10139	ballet shoe	ballet	shoe	4.600000	0.966092	5.000000	0.000000	I got these pumps, they really look like ballet shoes but have a firmer soul - they are so so so comfortable I cannot begin to tell you!
10140	ballet shoe	ballet	shoe	4.300000	1.567020	5.000000	0.000000	There are 2 types of ballet shoes, satin & leather.
10141	ballot box	ballot	box	4.500000	1.269300	3.700000	1.567020	There is no other country in the world where forty million people on a single day will go to the ballot box to expess their determination.
10142	ballot box	ballot	box	3.700000	1.418140	3.800000	1.475730	Every legal voter should be protected in the full enjoymeut of his rights at the ballot box, and at the same time no one should be allowed to cast a vote who has not all the qualifications of a legal voter.
10143	ballot box	ballot	box	3.500000	2.013840	4.100000	1.197220	We almost despair of bringing the intelligence and virtue of this nation, or of this State and community, to the ballot box.
10144	ballot box	ballot	box	4.300000	1.337490	4.100000	1.663330	A peaceful regime change can come through the ballot box and a violent change is either through an uprising (intifada ) or a coup.
10145	ballot box	ballot	box	4.200000	1.619330	4.200000	1.398410	But the Gorman men have absolute control of the ballot boxes and of the machinery of elections on the day of election and for the canvass.
10146	ballot box	ballot	box	4.500000	0.971825	4.200000	1.619330	A Budget comprising back-of-the-envelope sums and delivered with one eye on the ballot box was not the Budget that Britain needed.
10147	ballot box	ballot	box	3.900000	1.595130	4.300000	0.823273	We need to begin thinking of political organization that has little to do with the ballot box.
10148	ballot box	ballot	box	4.100000	1.370320	4.300000	1.159500	Odell and Chairman Dunn have no dcubt about the result of the election if the Republican vote which has been registered is put into the ballot boxes.
10149	ballot box	ballot	box	4.900000	0.316228	4.600000	0.699206	After the fifth ballot was cast and the ballot box containing the votes of the 115 cardinal electors opened, the ballots were counted as always before being scrutinised and the resulting number was 116.
10150	ballot box	ballot	box	4.700000	0.674949	4.800000	0.421637	""" Everywhere there were reports of ballot boxes arriving at polling stations already stuffed with papers."
10151	ballot paper	ballot	paper	3.500000	1.354010	3.800000	1.475730	However, such is the dire state of the Labour left, he was unable to secure sufficient nominations even to get onto the ballot paper and he was almost totally blanked by the bourgeois media.
10152	ballot paper	ballot	paper	3.900000	1.595130	3.800000	1.686550	"There is a loud demand from many concerned, educated people to include "" none of the above "" option in the ballot paper while casting vote."
10153	ballot paper	ballot	paper	4.100000	1.286680	4.000000	1.054090	These comparative figures indicate that the percentage of spoilt ballot papers will not be significantly increased with the STV-PR voting system.
10154	ballot paper	ballot	paper	3.800000	1.549190	4.500000	0.707107	Near some polling stations in the township, voters were directed to buildings where ruling party activists told them to record the serial numbers of the ballot paper they received at the voting booth and to return with it.
10155	ballot paper	ballot	paper	4.300000	0.948683	4.600000	0.699206	If you are a postal voter, you will be sent ballot papers, but again you do not have to use them if you do not want to.
10156	ballot paper	ballot	paper	4.400000	1.264910	4.800000	0.421637	An equal number of red and of blue labels lay on the table, for tying up the successive packets of a hundred ballot papers for one or the other candidate.
10157	band spectrum	band	spectrum	1.900000	1.449140	2.600000	1.897370	There is a break in the OH - band spectrum in the long wavelength side of the K bandpass, but this is just where thermal emission starts to become a problem.
10158	band spectrum	band	spectrum	2.600000	2.065590	3.300000	1.636390	This is apparent through the recent 850 MHz band spectrum auction for CDMA 2000 services, to ensure continuity of roaming services for China 's visitors using CDMA handsets.
10159	band spectrum	band	spectrum	2.200000	1.873800	3.500000	1.433720	The majority of systems operate in the internationally IMT -2000 core band spectrum of 1920 - 1980 MHz paired with 2110 - 2170 MHz.
10160	band spectrum	band	spectrum	3.000000	1.825740	4.000000	1.247220	That means it will take longer to build and test but it will be able to deliver more data than conventional satellites because it will use Ka band spectrum.
10161	band spectrum	band	spectrum	2.200000	1.316560	4.100000	0.994429	As licensed spectrum is a finite resource, operators will also need to leverage unlicensed Wi-Fi spectrum to augment their licensed band spectrum in order to ensure good capacity well into the future.
10162	bank card	bank	card	3.900000	1.852930	4.200000	1.619330	Just like giving your bank card to a shop assistant or getting petrol on the garage, so long as you 're taking some basic guidelines buying over the internet is nothing to cause concern.
10163	bank card	bank	card	4.100000	1.197220	4.400000	0.966092	I use my check card to pay for purchases whenever possible (which is easy to do now that most retailers are bank card focused ).
10164	bank card	bank	card	3.800000	2.097620	4.400000	1.264910	"A further decisive factor is G & D 's many years of experience gained by way of its own bank card personalization activities, "" says Michele Gallucci, managing partner of Metalplex."
10165	bank card	bank	card	4.300000	0.948683	4.800000	0.421637	Does not include rewards cards, telephone or technology cards or prepaid bank cards.
10166	bank card	bank	card	3.900000	1.911950	4.800000	0.421637	Keep your valuables in different places on your person, eg keep your phone in your pocket, your bank cards in your purse and your money in your jacket.
10167	barn door	barn	door	3.800000	2.043960	4.000000	2.108190	It was bit like locking the barn door after the horse was out as most of our kids have already had what appeared to be the flu a month ago.
10168	barn door	barn	door	4.200000	1.316560	4.300000	1.636390	Turning around, I saw a heavy old rope dangling in front of me, and I glanced up to where it was looped through a ring attached to a beam over the barn doors.
10169	barn door	barn	door	4.300000	1.159500	4.400000	1.264910	We had 8 years of a Dumb Cowboy President shooting from the hip and missing a barn door so it seems refreshing to have a president who does n't borrow his dialogue from B movies.
10170	barn door	barn	door	4.500000	1.269300	4.400000	1.264910	I hear the barn door swingin ' an ' old Whitey mooin ' as if even she was scared.
10171	barn door	barn	door	4.000000	1.154700	4.500000	0.971825	(Exit Constable through barn doors, with guns. )
10172	barn door	barn	door	4.600000	0.966092	4.500000	1.269300	It 's like hitting a barn door with a howitzer.
10173	barn door	barn	door	4.500000	0.707107	4.600000	0.699206	"The widow caught a glimpse of him standing in the barn door, and, as if borne by the wind, she flew toward him, crying, "" He shall be my protector! """
10174	barn door	barn	door	4.600000	0.966092	4.600000	0.966092	I opened the barn doors and saw that the hay was on fire.
10175	barn door	barn	door	4.900000	0.316228	4.700000	0.674949	What Obama is doing is like closing the barn door after the horse has escaped.
10176	barn door	barn	door	4.500000	0.849837	4.800000	0.421637	A hundred times she had seen her father return from drives in...... all to the loiterers by the barn door.
10177	base line	base	line	2.100000	2.183270	1.600000	1.837870	These deep channels constitute the great base lines of our State.
10178	base line	base	line	2.500000	2.173070	2.600000	1.429840	It is well to measure a straight line on some level portion as a base line, SIB, Figure 8.
10179	base line	base	line	2.500000	2.223610	2.600000	1.837870	This ancient Greek pitch system is basically simple, since there are only two pitch rises above the base line to consider: one is the acute rising upward, the other is the circumflex or perispomene rising and then falling back to the base line.
10180	base line	base	line	2.200000	1.619330	2.900000	1.728840	"EMCOR expects 2009 "" base line "" revenues of between $6 billion and $6.3 billion, a decline from its record $6.8 billion in 2008 annual revenues."
10181	base line	base	line	3.300000	1.567020	3.300000	1.702940	The entire figure is pre-determined by the angle between the two base lines and the accuracy is fairly precise.
10182	base line	base	line	1.700000	1.567020	3.400000	1.712700	The alternate ebb and flow of bond into paper dollar, and paper dollar into bond, will preserve an equilibrium, an equipoise; and this level of equipoise is the base line that will measure the new standard of value.
10183	base line	base	line	1.200000	1.619330	3.400000	2.170510	Let it be required to determine the distance of the point A from any inaccessible surface, as C D, and that A A ' is the longest base line which can possibly be employed.
10184	base line	base	line	2.500000	1.779510	4.300000	1.159500	Okay he can play well at 3 set matches, but mainly from 2 metres behind the base line patiently waiting for more gifted players to make a mistake.
10185	base line	base	line	4.200000	1.549190	4.600000	0.516398	That city is situated almost exactly at the middle point of the base line of the inverted triangle which the Hindustan peninsula forms.
10186	base line	base	line	3.000000	1.632990	4.700000	0.483046	The batter hit a line drive on the third base line that looked impossible to catch.
10187	basket case	basket	case	0.200000	0.421637	0.400000	0.516398	"A "" prophet "", I might add, that was a warmongering basket case who would be considered a predatory paedophile and a rapist by any civilized individual."
10188	basket case	basket	case	0.000000	0.000000	0.600000	1.074970	When I squeaked through our tenure process, our recent success rate (most recent five years ) was 36% to 42% (my institution is evidently a basket case; most departments are more generous than that with success rates around 60 -70% ).
10189	basket case	basket	case	0.900000	1.911950	0.600000	1.577620	But what we found out is that each one of us is a brain... and an athlete... and a basket case... a princess... and a criminal...
10190	basket case	basket	case	0.200000	0.632456	0.900000	1.663330	""" I did you blithering tiger blood drinking SOB basket case."
10191	basket case	basket	case	0.800000	1.549190	1.900000	1.523880	Once rated the bread basket of southern Africa with President Robert Mugabe grabbing the prestigious US $100 000 prize for controlling hunger in the nation, the country is now a basket case being ridiculed even by its poor neighbours - Zambia and Malawi.
10192	battery power	battery	power	2.400000	2.366430	3.000000	2.000000	"Returning to the topic at hand, the method of hyleg-alchocoden is the way the ancients try to look into the native 's "" esse "" meaning the level of battery power of your life."
10193	battery power	battery	power	4.600000	0.699206	3.900000	1.663330	It was sought to embody in her design the maxima of battery power, protection and speed.
10194	battery power	battery	power	4.800000	0.632456	4.300000	1.251670	The wave of technological innovation over the last decade, from mobile phones, to laptops to hybrid cars has been shadowed by one problem - battery power.
10195	battery power	battery	power	3.600000	1.897370	4.600000	0.699206	I dropped the battery power for 20 minutes to reset the ecu.
10196	battery power	battery	power	4.700000	0.948683	4.700000	0.674949	If you are using a laptop SuperRam can also be told not to run when the laptop is on battery power and only work when plugged in.
10197	battery power	battery	power	4.600000	0.699206	4.900000	0.316228	This instrument gave clear talking on long-distance lines and could stand high battery power.
10198	battery power	battery	power	4.800000	0.421637	5.000000	0.000000	"Many modern alternators are equipped with built-in "" regulator "" circuits that automatically switch battery power on and off to the rotor coil to regulate output voltage."
10199	bay window	bay	window	1.500000	1.779510	4.300000	1.636390	With double glazed bay window to front elevation, dado rail, timber fireplace with gas fire, double radiator, coved ceiling, telephone point, stairs to first floor.
10200	bay window	bay	window	1.555560	1.509230	4.333330	1.658310	"LOUNGE (16 ' 0 "" x 12 ' 5 "" maximum (4.88 m x 3.78 m ) ) Upvc double glazed bay window with views towards the church and woods, television point, fireplace with pebble effect electric fire inset, radiator."
10201	bay window	bay	window	1.500000	1.269300	4.400000	1.074970	There were bronze candelabra on the mantel and upon brackets each side the bay window.
10202	bay window	bay	window	1.700000	1.828780	4.500000	1.269300	Mabel meanwhile, still courting seclusion,...... herself in an ample bay window at the extremity of the apartment, in which sheltered nook, partially screened by some heavy old-fashoned draperies, she might enjoy the music undisturbed.
10203	bay window	bay	window	1.500000	1.581140	4.500000	1.581140	Comprising of entrance hallway, superb size lounge with feature bay window and fireplace, lovely modern fitted breakfasting kitchen, excellent size master bedroom and a modern fitted...
10204	bay window	bay	window	1.400000	1.349900	4.600000	0.699206	A bay window with 2 / 2 sash on the east gable end faces the Retreat Meadows lake.
10205	bay window	bay	window	1.500000	1.957890	4.600000	1.264910	The front bay window allows plenty of natural light to the unit and makes for a great dining area.
10206	bay window	bay	window	2.200000	1.932180	4.600000	1.264910	UNCLE BILL goes to bay window and plays with DICK, who has a picture book.
10207	bay window	bay	window	0.800000	1.316560	4.700000	0.674949	"But do have a bay window and some balconies, "" said Elva. """
10208	bay window	bay	window	1.600000	1.955050	4.900000	0.316228	McTeague appears from the right, thinking; he looks up at the bay window and stops.
10209	bedroom window	bedroom	window	4.666670	0.707107	4.444440	1.333330	Some escaped by smashing the bedroom windows, and others by the rear of the premises.
10210	bedroom window	bedroom	window	4.000000	1.632990	4.500000	0.849837	You were the one who threatened that if I did n't shape up you were just going to do it the Muggle way and carry me out of my bedroom window and down a ladder.
10211	bedroom window	bedroom	window	4.400000	1.264910	4.800000	0.421637	In one of her rambles she found a mate; he every evening escorted her home, and left his fair lady at my bedroom window, which I left open for her entrance.
10212	bedroom window	bedroom	window	4.300000	1.059350	4.900000	0.316228	In re Brown, 643 S.E. 2 d 118 (S.C. Ct App 2007 ) 372 S.C. 611 Brown was convicted voyeurism after being caught peeping into his neighbor 's bedroom window.
10213	bedroom window	bedroom	window	4.100000	1.663330	4.900000	0.316228	For the rest of that afternoon Galusha sat by his bedroom window, thinking.
10214	bedroom window	bedroom	window	5.000000	0.000000	4.900000	0.316228	Jenny, brownie, ' called Maurice from his bedroom window, ' I want the sulphuric acid. '
10215	bedroom window	bedroom	window	4.000000	1.632990	4.900000	0.316228	"Patty 's face appeared promptly behind her screen of mosquito netting in the second story, but before she could exchange a word with her sister, Deacon Baxter opened the blinds of his bedroom window and put his head out. """
10216	bedroom window	bedroom	window	4.900000	0.316228	5.000000	0.000000	I 'll admit that when we replaced the windows in this house we did make sure the bedroom windows all had small opening windows at the top for summer ventilation, that are too small to climb through.
10217	bedroom window	bedroom	window	4.400000	1.264910	5.000000	0.000000	The teenager - 13 - year-old Brooklyn Gittins - was without her shoes or a coat when she crawled out of her bedroom window at her suburban Herriman home on Jan 8.
10218	bedroom window	bedroom	window	4.700000	0.948683	5.000000	0.000000	Brightly 's bedroom window was perforated in the front of a handsome precipice of brown freestone.
10219	bike helmet	bike	helmet	4.200000	1.135290	3.700000	2.162820	"They were told that an invisible bike helmet was a "" symbol of the impossible, "" but that did n't stop these two students at the Industrial Design at the University of Lund."
10220	bike helmet	bike	helmet	3.400000	2.170510	4.200000	1.619330	This sounds more like identifying cultured pearls than like identifying fake bike helmets or adulterated food.
10221	bike helmet	bike	helmet	3.000000	2.108190	4.500000	0.849837	There is actually no bike helmet ever developed that will protect you against the kind of dangerous impacts you experience at high speeds.
10222	bike helmet	bike	helmet	3.400000	2.011080	4.800000	0.632456	I had to leave the course and run into a nearby apartment building and run up 3 flights of stairs to some random apartment to get my running shoes, or bike helmet or something.
10223	bike helmet	bike	helmet	2.200000	1.932180	4.900000	0.316228	She paused there to interview a few participants, then headed to the San Jose Diridon Station and ended at San Jose City Hall, where the Energizer Station was giving away free bike helmets - possibly the best freebie anywhere on Bike to Work Day.
10224	billiard table	billiard	table	4.100000	1.728840	3.800000	1.873800	"There are, however, a wealth of possible scenarios in supposedly "" flat "" terrain - the thing to remember is that "" flat "" terrain does n't mean flat like a billiard table."
10225	billiard table	billiard	table	4.900000	0.316228	3.900000	1.449140	"But he saw at a glance that it was as smooth as a billiard table. """
10226	billiard table	billiard	table	4.600000	0.699206	4.100000	1.197220	He ended up falling asleep on one of our billiard tables.
10227	billiard table	billiard	table	3.800000	1.751190	4.200000	1.475730	We have in the previous article on the development of the billiard table referred to the introduction of the slate bed.
10228	billiard table	billiard	table	4.500000	1.581140	4.200000	1.619330	They walk to the lower end where the bar and billiard table are.
10229	billiard table	billiard	table	4.400000	0.966092	4.400000	1.074970	Equally absurd was the charge of extravagance against a man who kept the White House in better order than his predecessor on less than half the appropriation - an economy wholly counterbalanced in some minds by the fact that he had put in a billiard table.
10230	billiard table	billiard	table	3.900000	1.595130	4.500000	0.707107	Let others waste their bloom of life at the card or billiard table among rakes and fools, and when their minds are sufficiently fretted with losses, and inflamed by wine, ramble through the streets assaulting innocent people, breaking windows, or debauching young girls.
10231	billiard table	billiard	table	3.800000	2.097620	4.500000	1.269300	It 's a clock, it 's a billiard table; God does or does not roll dice.
10232	billiard table	billiard	table	4.600000	0.843274	4.600000	0.843274	They had a billiard table there, and I can remember being about 5, throwing the billiard balls around with my brothers.
10233	billiard table	billiard	table	4.700000	0.948683	4.700000	0.948683	There 'll be billiard tables, bowling alleys, a dance hall, and a brass band playing all night.
10234	blame game	blame	game	3.400000	2.366430	0.300000	0.674949	There is no point in spreading hatred and starting the blame game.
10235	blame game	blame	game	2.600000	2.547330	0.900000	1.449140	My point is n't to bash unions... it 's to get you to understand that this blame game that you are playing can go on for eternity.
10236	blame game	blame	game	4.300000	1.567020	1.300000	1.567020	As a result, the Whitehall blame game is getting going with a vengeance.
10237	blame game	blame	game	4.200000	1.619330	1.500000	1.649920	We must end the blame game and get our intelligence agencies to work together and solve this problem.
10238	blame game	blame	game	4.400000	1.074970	1.600000	1.349900	Two Cabinet ministers and civil servants at the Department for Transport are fighting an increasingly bitter blame game behind closed doors over the collapse of the government 's system for awarding rail franchises.
10239	blood loss	blood	loss	4.500000	0.971825	2.900000	1.911950	There was a significantly higher difference in mean hospital stay amongst the patients with increased blood loss (25.6 days vs 35.2 days; p = 0.0004 ).
10240	blood loss	blood	loss	4.200000	1.135290	3.900000	1.663330	Astoria was still on her feet, but the blood loss was obviously getting to her, as was the lack of time to catch her breath.
10241	blood loss	blood	loss	4.900000	0.316228	4.100000	1.911950	In single individuals, other causes of iron deficiency include severe blood loss following injury and destruction of red blood cells (Kent 1992, 2 ), cancer and parasitic gut infection (Roberts and Manchester 1995, 166 ).
10242	blood loss	blood	loss	4.800000	0.421637	4.300000	1.251670	Grottke O, Braunschweig T, Henzler D, Coburn M, Tolba R, Rossaint R: Effects of different fibrinogen concentrations on blood loss and coagulation parameters in a pig model of coagulopathy with blunt liver injury.
10243	blood loss	blood	loss	4.800000	0.421637	4.800000	0.421637	I could barely put fluids in fast enough to keep up with the blood loss.
10244	blood pressure	blood	pressure	3.900000	1.663330	2.700000	1.946510	Physicians and criminal defense attorneys scanned carefully last week the case of Edward B. Lyle, 21, Staten Island, N. Y., insurance broker, afflicted with sinus trouble, five abscessed teeth, infected tonsils, intestinal disorders and abnormal blood pressure.
10245	blood pressure	blood	pressure	3.600000	1.837870	3.100000	2.079000	Were dragged through halls by force, our clothing partly removed by force, and we were examined, heart tested, blood pressure and pulse taken.
10246	blood pressure	blood	pressure	4.700000	0.674949	3.800000	1.686550	The patient 's kidney function and blood pressure needs to be checked daily and dialysis (artificial removal of wastes and water from the body ) can be started if the kidneys fail completely.
10247	blood pressure	blood	pressure	4.100000	1.728840	4.000000	1.699670	Either registered nurses or blood pressure technicians measured blood pressure using a standard mercury sphygmomanometer.
10248	blood pressure	blood	pressure	4.100000	1.449140	4.200000	0.918937	You also might check your blood pressure closely to ensure you are not being overdosed blood pressure wise with the prinivil.
10249	blood pressure	blood	pressure	4.400000	1.264910	4.300000	0.948683	If the mother is further along in her pregnancy, she may be given steroid injections to help speed up the baby 's lung development, medications to control blood pressure and prevent seizures may be administered.
10250	blood pressure	blood	pressure	4.700000	0.483046	4.600000	0.516398	One study found that, compared to placebo patients, those who took L-Arginine experienced a drop in systolic blood pressure of 5.39 mm Hg and diastolic blood pressure by 2.66 mm Hg 3.
10251	boat shoe	boat	shoe	1.000000	1.563470	3.900000	1.852930	The all round boat shoe laces match the three eyelet front lace-up to enhance a style that rests somewhere between a derby and a boat shoe.
10252	boat shoe	boat	shoe	1.800000	1.988860	4.100000	1.911950	I know it 's fashionable to wear a pair of skinny jeans with boat shoes or a pair of wedge espadrilles, but I only wear skinny jeans tucked into boots in the winter.
10253	boat shoe	boat	shoe	0.900000	1.286680	4.500000	1.581140	It is true that woman 's boat shoes are also known as deck shoes, but today you will see them just as much on the streets in the city and on campus as you will at your local marina.
10254	boat shoe	boat	shoe	2.100000	1.852930	4.800000	0.421637	It sells an array of men 's clothes with labels including Cheap Monday, Rockers NYC, Kate Moross, Married to the Mob and Homey Shambles, plus all kinds of vintage discoveries, from classic loafers and boat shoes, to rare Levis and Nike.
10255	boat shoe	boat	shoe	0.800000	1.229270	5.000000	0.000000	It 's time to put away winter coats, Bean Boots, and beanies, and slip on boat shoes, colorful shorts, and sunglasses.
10256	body temperature	body	temperature	4.200000	1.316560	3.900000	1.523880	These changes in the timing of melatonin and body temperature could influence the sleep cycle and nighttime vasomotor symptoms.
10257	body temperature	body	temperature	4.200000	1.135290	4.400000	0.843274	"In so-called "" warm-blooded "" animals the body temperature is maintained at a practically constant level, regardless of the temperature of the environment, thus enhancing the animal 's independence."
10258	body temperature	body	temperature	3.800000	1.549190	4.400000	1.577620	A cheaper way to get in tune with your ovulation cycle is to chart your basal body temperature (BBT ) and monitor your cervical mucus.
10259	body temperature	body	temperature	4.100000	1.523880	4.600000	0.699206	In fact, nature adopts these various devices, such as increased circulation of the blood and perspiration, in order to regulate the body temperature and prevent its rising above the proper point.
10260	body temperature	body	temperature	4.200000	1.316560	4.700000	0.483046	I keep it on a lanyard around my neck, tucked inside my clothes, so that it is kept at body temperature and works well in the cold.
10261	body temperature	body	temperature	5.000000	0.000000	4.800000	0.421637	The actual same acid is obviously accountable to improve body temperature that allows the body to reduce fats it 's obvious.
10262	body temperature	body	temperature	4.400000	1.074970	4.900000	0.316228	Aqupharm No. 11 should be prewarmed to body temperature to prevent hypothermia.
10263	bosom friend	bosom	friend	0.700000	1.159500	3.000000	2.211080	Bea was droll in her attempt to be at once a respectful servant and a bosom friend.
10264	bosom friend	bosom	friend	0.900000	1.595130	3.900000	1.449140	"It reminds one of the historic wisdom of Frederick the Great, the bosom friend of Voltaire, who said: "" Religion is a fraud, but it must be maintained for the masses."
10265	bosom friend	bosom	friend	1.700000	1.766980	4.100000	1.595130	Repel the bad with something better and, if there is enmity between you and someone else, he will be like a bosom friend.
10266	bosom friend	bosom	friend	1.400000	1.505550	4.100000	1.595130	Had Miss Bayard learned the fact through Le 's bosom friend, Roland Bayard?
10267	bosom friend	bosom	friend	1.400000	1.897370	4.100000	1.595130	She was of one of the most influential families in my flock, and had been the bosom friend of Mrs. Bell while she was yet with us.
10268	bosom friend	bosom	friend	0.200000	0.421637	4.100000	1.728840	"She found her longed-for bosom friend in Diana Barry ("" A what kind of friend?"
10269	bosom friend	bosom	friend	1.000000	1.333330	4.200000	1.619330	But then it must be remembered that Murray Bradshaw had a poet for his rival, to say nothing of the brother of a bosom friend.
10270	bosom friend	bosom	friend	1.400000	1.349900	4.300000	1.636390	I wonder if Diana is to be my bosom friend.
10271	bosom friend	bosom	friend	0.600000	1.074970	4.600000	0.843274	He knew that Joseph had his plans set on me; Joseph made no secret of them before Bennett, and went so far in his impudence as to make propositions to me in the presence of Bennett, his bosom friend.
10272	bosom friend	bosom	friend	1.200000	1.316560	4.700000	0.948683	But I will never forget what your bosom friend, Dwight Morrow, told.
10273	boundary line	boundary	line	3.500000	2.013840	2.700000	1.828780	WIDOW CAGLE (Rising and putting on fly bonnet which is hanging on back of her chair ) ' Tai n't no trouble, but what ye worrin ' ' boutmy boundary line fer?
10274	boundary line	boundary	line	4.600000	0.516398	2.700000	1.888560	"When the boundary line of 1832 was fixed, the short-sighted plenipotentiaries declared that the negotiations in which they had been engaged were terminated "" never to be renewed, "" and that "" the Greek question is irrevocably settled. """
10275	boundary line	boundary	line	4.100000	1.595130	2.700000	2.110820	I am told Greece is to be erected into a kingdom, with a boundary line drawn from Volo to Arta, and that the sovereignty is to be offered to Prince Frederick of Orange, and, if he refuses it, to Leopold.
10276	boundary line	boundary	line	4.500000	1.269300	2.900000	1.728840	"There may be some truth in the rumors of an organized attempt being made to push back the boundary line until certain Mexican mines are "" corraled "" by American claimants."
10277	boundary line	boundary	line	4.200000	1.549190	3.000000	1.632990	Fortunately Carranza suggested the negotiation of a reciprocal treaty, under the terms of which the soldiers of either government are permitted to cross the international boundary line in pursuit of bandits who come from the territory of the adjoining nation to commit depredations.
10278	boundary line	boundary	line	4.600000	0.516398	3.100000	1.595130	If you would prefer a different type of fencing you can request permission to put up your own fencing on the correct boundary line.
10279	boundary line	boundary	line	3.900000	1.911950	3.200000	1.932180	":huh: Point taken, but forgetting the "" lower "" and "" upper "" talk, where is the official Stannington boundary line?"
10280	boundary line	boundary	line	4.300000	1.251670	3.300000	1.337490	The present boundary lines of the town include much more territory.
10281	boundary line	boundary	line	4.800000	0.421637	3.500000	1.715940	Ct 155, 158 (49 L. Ed 372 ) that the boundary line ' must be taken to be the middle of the channel of the river as it was prior to such avulsion.
10282	boundary line	boundary	line	4.700000	0.483046	4.000000	1.490710	That portion of the territory set aside by the boundary line will be of little value for many years to come.
10283	box office	box	office	0.000000	0.000000	1.700000	2.110820	The public...... they failed to respond to the box office.
10284	box office	box	office	0.600000	0.966092	1.800000	1.686550	It 's an amazing-grossing movie which, in 1998, actually rivaled Titanic for French box office; and it could succeed with the more mainstream among the subtitled crowd in the USA.
10285	box office	box	office	0.800000	1.032800	2.300000	1.888560	The film grossed nearly $30 million in U.S. box office ticket sales.
10286	box office	box	office	1.000000	1.490710	2.600000	1.776390	Besides, I feel responsible for the fact that On Deadly Ground tanked at the box office.
10287	box office	box	office	0.600000	1.074970	3.100000	1.663330	A Doctor Livingstone left his seat number for calls at the box office of the Annex Theater last night...... younger man.
10288	box office	box	office	0.600000	0.966092	3.100000	2.131770	Kapoor worked on the film for six years and was said to be devastated by its failure at the box office.
10289	box office	box	office	1.000000	1.490710	3.200000	2.097620	Accordingly, a policeman went to Cohen 's Theatre, about a block from Police Headquarters, and sent in word for John McCarthy to come to the box office.
10290	box office	box	office	1.500000	1.649920	3.300000	2.110820	Manager George C. Brotherton was in the theatre, and had just taken the receipts of Christmas Day out of the safe, when one of the Muse men rushed to the box office and told him the basement was on fire.
10291	box office	box	office	1.200000	1.619330	3.500000	1.649920	"The amount taken at his box office "" for securing stalls and private boxes alone to see Formosa ' exceeds the gross contents of the theatre to witness Macbeth. '"
10292	box office	box	office	0.100000	0.316228	3.500000	2.013840	To purchase tickets, call the box office at 202 -399 -7993 or go online.
10293	box scheme	box	scheme	2.600000	2.118700	2.800000	1.549190	It is available locally as a box scheme, or nationwide via mail order.
10294	box scheme	box	scheme	2.000000	2.000000	2.900000	1.911950	There are hundreds of veg box schemes across the UK to choose from, but Abel & Cole is one of the biggest.
10295	box scheme	box	scheme	2.200000	1.988860	3.000000	2.000000	I want to support localised food production and the independent sector - small shops, box schemes, farm shops and markets, not supermarkets.
10296	box scheme	box	scheme	2.100000	2.131770	3.100000	2.183270	It disappeared around the same time the blue box scheme started.
10297	box scheme	box	scheme	2.400000	2.270580	3.700000	1.766980	"There were high-rise pedestal arrangements in the Orangery, tea and cakes, a brass band and a flower-arrangers ' "" box scheme "" for impromptu entrants."
10298	brain food	brain	food	3.600000	1.776390	2.500000	2.121320	There 's no need to feel guilty - after all, carbohydrates are the only form of fuel used by the brain, so you 're also stocking up on a good healthy dose of brain food.
10299	brain food	brain	food	3.100000	1.100500	3.300000	2.002780	It used to be a pretty good source for brain food.
10300	brain food	brain	food	2.700000	2.213590	3.400000	2.366430	Join over 33,000 other smart subscribers and sign up for brain food.
10301	brain food	brain	food	3.800000	1.475730	3.500000	1.779510	Cutting down waste is a no-brainer, and they do say fish is brain food...
10302	brain food	brain	food	1.600000	1.646550	3.600000	1.955050	He tempted me, also, into the eating of oysters before we parted for the night, and it was our custom to repair to a restaurant near by, and to supply ourselves with that succulent brain food.
10303	brain food	brain	food	2.300000	2.263230	3.700000	2.057510	"Fearing that the kind of fish may have its peculiar effect as "" brain food. """
10304	brain food	brain	food	3.900000	1.663330	4.100000	1.728840	"We 've long heard that foods rich in omega -3 fatty acids and vitamins B, C, D and E were "" brain food."
10305	brain food	brain	food	2.000000	2.211080	4.200000	1.619330	Fish was cheap along Galilee, and this, with unbolted bread, gave them plenty of phosphorus for brain food.
10306	brass cylinder	brass	cylinder	3.900000	1.286680	3.900000	1.449140	It had a brass cylinder 21 inches bore (533 mm ) and 7 ft 10 inches high (2.388 metres ).
10307	brass cylinder	brass	cylinder	4.000000	1.885620	4.100000	1.911950	Dr. Nansen 's record, written in pencil on a half sheet of note paper, and dated May 19, 1896, I found intact in a brass cylinder.
10308	brass cylinder	brass	cylinder	4.700000	0.483046	4.300000	1.251670	These engines have an aluminum piston and a chrome or composite coated brass cylinder sleeve which allows them to be more efficient for higher performance.
10309	brass cylinder	brass	cylinder	3.400000	2.170510	4.300000	1.567020	He was only slightly surprised when he pulled out a small brass cylinder which then telescoped out into a... well, a telescope.
10310	brass cylinder	brass	cylinder	4.700000	0.483046	4.400000	1.074970	There was no means of machining the brass cylinder internally: its bore had to be laboriously fettled and smoothed by hand.
10311	brass cylinder	brass	cylinder	4.400000	0.966092	4.500000	0.971825	It is nothing much to look at - a mere brass cylinder that, ironically, lurked unrecognised under Watt 's workbench for years, until finally identified at the Science Museum in the 1960 s.
10312	brass cylinder	brass	cylinder	4.700000	0.674949	4.800000	0.632456	""" The list was found rolled up in a brass cylinder, "" said the chemist."
10313	brass plate	brass	plate	3.600000	1.955050	2.600000	2.366430	"Read: 1 Nephi 13:23 13:23 The record of the Jews "" are not so many "" as the records on the brass plates."
10314	brass plate	brass	plate	3.800000	2.043960	2.900000	1.852930	Tells family to build a boat and kill a man to get his brass plates (not in that order ).
10315	brass plate	brass	plate	3.700000	1.828780	3.000000	1.885620	His testing method was as follows: healthy male and female volunteer subjects were asked to hold a copper wire in one hand and place their other hand on a round, brass plate.
10316	brass plate	brass	plate	3.400000	2.170510	3.100000	2.282790	Still, there is a good deal of French flummery about her -- brass plates and other gewgaws stuck on all over, like baubles on a handsome woman.
10317	brass plate	brass	plate	4.600000	0.966092	3.200000	1.932180	"To the wall of the warehouse is affixed a brass plate bearing the name: "" Patrick Mulcahy Storage Warehouse Co."
10318	brass plate	brass	plate	3.900000	1.728840	3.200000	2.201010	""" He dismounted, looked at the brass plate on the gate-post, went in, and asked if she were at home."
10319	brass plate	brass	plate	4.600000	0.699206	3.400000	1.837870	""" It points to one door, which bears a brass plate with Helltongue glyphs on it."
10320	brass plate	brass	plate	5.000000	0.000000	3.600000	1.897370	The family of the Lambs had long been among the most thriving and popular in the neighborhood; the Miss Lambs were the belles of Little...... made money enough to shut up shop, and put his name on a brass plate on his door.
10321	brass plate	brass	plate	3.800000	1.813530	3.800000	1.686550	above that on the right there 'll be another brass plate with 2 sets of sockets in it.
10322	brass plate	brass	plate	4.200000	1.316560	4.000000	1.414210	On Miss Minchin 's door there was a brass plate.
10323	brass ring	brass	ring	0.900000	1.286680	0.900000	1.286680	"I think they 're losing touch of what their goal should be, which is building great experiences for their users, and instead believing their brass ring is "" more features than Apple ""."
10324	brass ring	brass	ring	1.333330	2.121320	1.000000	1.658310	I mean, someone 's got to grab that brass ring and run with it now that Rihanna 's given it up, right?
10325	brass ring	brass	ring	2.400000	2.547330	2.100000	2.378140	There is a whole world of creative potential waiting for you, and all you have to do is grab the brass ring.
10326	brass ring	brass	ring	2.700000	2.451760	3.100000	2.469820	It will be decided by counting noses -- and for every nose in these hills that has ever thrust itself into any book save the Bible there are a hundred adorned with the brass ring of Bryan.
10327	brass ring	brass	ring	3.600000	2.011080	3.300000	2.002780	In the instant that Garrison 's attention was directed to the unlocked room, old Robinson made a quick retreat to a tiny red box that was screwed against the wall and twice pulled down a brass ring.
10328	brass ring	brass	ring	3.700000	1.636390	3.900000	1.852930	But it 's a bummer, I had that brass ring and then I dropped it.
10329	brass ring	brass	ring	4.800000	0.421637	3.900000	1.852930	Materials: Fine crimson cloth; bits of coloured and white cloth for the pattern; purse silk of various colours; white kid; brass rings; gimp cord; and silk tassels.
10330	brass ring	brass	ring	4.600000	0.699206	4.400000	1.074970	"She put her hand on her heart just so, "" and Nancy placed a rather dirty hand of her own, on which glittered a five-cent brass ring...... her heart lay. """
10331	brass ring	brass	ring	4.700000	0.674949	4.500000	0.707107	I wish I had a nose as flat as a buckwheat cake, and lips three inches thick, with huge brass rings dangling from them both!
10332	brass ring	brass	ring	4.400000	0.699206	4.600000	0.699206	Camera pams over to left until it strikes mob of negroes, men, women and children, shiny black bodies with very little on besides brass rings, who are standing silently and watching curiously the white woman.
10333	brass scale	brass	scale	3.100000	2.079000	2.900000	2.024850	He resolved to acquire the entire art, and from brass scales and rules proceeded to Hadley 's quadrants, azimuth-compasses, brass sectors, theodolites, and the more delicate sort of instruments.
10334	brass scale	brass	scale	2.700000	2.057510	4.000000	1.563470	and she readjusted her specs, and took a new survey of the mystery, while Ike, unwatched, was weighing his knife and five jackstones in the bright brass scale on the other counter.
10335	brass scale	brass	scale	3.100000	2.131770	4.100000	1.595130	She talked about how they used to fill their own cartridges for the guns on the kitchen table, with small brass scales used for weighing powder and shot, as different amounts were necessary depending on what they were going out to shoot.
10336	brass scale	brass	scale	4.000000	1.563470	4.200000	1.316560	It kept all the traditions of personal service, and continued to weigh out tobacco and snuff using beautiful brass scales.
10337	brass scale	brass	scale	2.800000	2.043960	4.500000	1.269300	It is a dreadful monster with brass scales, a red and black spotted tail ending in two poisonous spikes, iron teeth, razor claws and sail-like wings.
10338	brass scale	brass	scale	4.200000	1.475730	4.500000	1.581140	There was a rotary bacon slicer, butter was cut to order, and sugar was sold loose, being weighed on brass scales.
10339	brass tube	brass	tube	4.400000	1.264910	3.700000	1.636390	More brass tubes fell with metallic jingle to the as.
10340	brass tube	brass	tube	3.900000	1.286680	3.900000	1.449140	In that brass tube is to be found a short statement about...... Cook said he found a stone in a sea of floating ice and far from shore under which to bury his memorial.
10341	brass tube	brass	tube	4.500000	1.269300	3.900000	2.079000	He spent a long time getting water and weed from the yards of brass tube and caused much laughter in his attempts to get the thing going again.
10342	brass tube	brass	tube	3.666670	2.000000	4.000000	1.414210	It extends by means of brass tubes, which fit one into another, and is rigid when open as when closed.
10343	brass tube	brass	tube	4.000000	2.108190	4.000000	2.108190	I think alot of Whalers take on water when the thin brass tubes corrode without the owners noticing it.
10344	brass tube	brass	tube	4.100000	1.911950	4.100000	1.595130	I replaced mine with some brass tube (luckily had some old stuff laying around just the right size ) and havent had any problems in a couple of years.
10345	brass tube	brass	tube	4.500000	1.080120	4.300000	1.251670	At each end of its axis this screw is supported by pillars of hollow brass tube descending from the hoop.
10346	brass tube	brass	tube	4.300000	1.251670	4.400000	1.264910	posted 09-19-2005 11:19 11:19 AM ET (US ) Is there a consensus on the brass tubes?
10347	brass tube	brass	tube	4.900000	0.316228	4.700000	0.948683	The screw consists of an axis of hollow brass tube, eighteen inches in length, through which, upon a semi-spiral inclined at fifteen degrees, pass a series of steel wire radii, two feet long, and thus projecting a foot on either side.
10348	breakfast table	breakfast	table	3.400000	1.712700	3.600000	1.837870	"And he said: "" If anyone tries to recollect what happened around a breakfast table 13 years ago, the chances are you would get many variations."
10349	breakfast table	breakfast	table	2.900000	1.969210	4.000000	1.490710	A central island / breakfast table separates the kitchen from the main sitting and dining areas.
10350	breakfast table	breakfast	table	2.600000	2.011080	4.200000	1.619330	When Oscar awoke in the morning, he found himself alone, Jerry having quietly arisen and slipped out of the room...... other until they met at the breakfast table.
10351	breakfast table	breakfast	table	3.500000	1.509230	4.400000	1.577620	"Consequently, when Eva sailed into her dining-room, she found him quietly arranging a handful of cut flowers which he had brought in for the center of her breakfast table. """
10352	breakfast table	breakfast	table	3.400000	1.646550	4.700000	0.483046	I 've met travelers from Israel and a nurse who worked in Dubai all at the same breakfast table, and about the breakfast: that 's a capital ' B ' for a reason!
10353	breakfast table	breakfast	table	3.500000	1.509230	4.700000	0.483046	"I dare say, after...... without window and with a well, and the story of the murders and of the skeletons is all moonshine, "" she ran into the dining-room and took her seat at the breakfast table."
10354	breakfast table	breakfast	table	3.200000	1.932180	4.800000	0.421637	"The older children were clamoring around the uninviting breakfast table, spread with cheap ware and with boiled potatoes and fried salt pork as the principal dishes. """
10355	breakfast table	breakfast	table	3.300000	1.418140	4.800000	0.632456	Imagine the breakfast table with four grown up - kids and you get the picture!
10356	breakfast table	breakfast	table	2.400000	2.170510	4.800000	0.632456	"asked Teddy the next morning at the breakfast table. """
10357	breakfast table	breakfast	table	2.400000	2.221110	4.900000	0.316228	Our well equipped, fully fitted kitchen is adjacent and includes a 4 seated breakfast table, a large American fridge / freezer, dishwasher and many other labour saving devices.
10358	breakfast time	breakfast	time	3.700000	1.567020	2.800000	2.299760	""" I do n't know, sir --  but from breakfast time to dinner and supper --  and a little at night. """
10359	breakfast time	breakfast	time	4.300000	1.567020	3.400000	1.505550	Suffice to say that I shed my Yanks who loved their Pranks at breakfast time, headed back to the hotel which I had spent all of 17 minutes in, checked out and headed off to the airport.
10360	breakfast time	breakfast	time	4.100000	0.875595	3.600000	1.712700	"Then he looked at his watch, and said: "" It 's seven o'clock now, and that 's an hour from breakfast time."
10361	breakfast time	breakfast	time	4.200000	1.316560	3.800000	1.398410	After many attempts to go back to sleep I got up and logged on to the internet until breakfast time.
10362	breakfast time	breakfast	time	4.500000	1.269300	3.800000	1.549190	"They greedily ate the food scattered to them and Mrs. Wood said, "" They think I 've changed their breakfast time, and to-morrow they 'll come a good bit earlier."
10363	breakfast time	breakfast	time	4.900000	0.316228	4.100000	1.523880	At breakfast time, she did not appear at the table; and when her mother sent to her room she returned for answer that she was not very well.
10364	breakfast time	breakfast	time	3.900000	1.663330	4.200000	1.135290	The international traveler, they counsel, can avoid jet lag by simply not eating for twelve to sixteen hours before breakfast time in the new time zone-at which point, as in Ehret 's diet, he should break his fast.
10365	breakfast time	breakfast	time	3.900000	2.079000	4.200000	1.619330	Although, I will caution you, once you add the ice cream, it gets a bit harder to justify eating this at breakfast time.
10366	breakfast time	breakfast	time	4.500000	1.269300	4.200000	1.619330	Gourmet Breakfast in Bed (or the formal dining room ) is served between 8:30 8:30 a.m. and 9:45 9:45 a.m. Gourmet breakfast time will be arranged at check in.
10367	breakfast time	breakfast	time	4.500000	1.269300	4.600000	0.516398	ROBIN (Looking back L. ) ' T is breakfast time!
10368	brick wall	brick	wall	1.200000	2.043960	2.100000	2.024850	I have tried to find information on his time in France but have hit a brick wall.
10369	brick wall	brick	wall	3.500000	1.957890	3.500000	1.957890	Feel like bashing my head against a brick wall lol to see if i can make some sort of sense out of this mess.
10370	brick wall	brick	wall	4.100000	1.449140	4.100000	1.663330	Straightway, they gave up the practice of law and banking and trading and store-keeping and cut port-holes in the brick walls of the Court House and guarded town and jail night and day.
10371	brick wall	brick	wall	4.900000	0.316228	4.200000	1.686550	Near houses, especially in suburban places, brick walls are common; and I observed in these a fact which seenied significant.
10372	brick wall	brick	wall	3.900000	1.911950	4.300000	1.636390	Now you know perfectly well that Campbell has no more enthusiasm than a brick wall, or a roll of red tape; but he is as proud of the young man as if he were his son.
10373	brick wall	brick	wall	4.500000	0.849837	4.500000	0.971825	The balance wells accompanying the building of the tanks to be lined from the bottom to the top by a nine inch brick wall, and laid headers the whole way up.
10374	brick wall	brick	wall	5.000000	0.000000	4.700000	0.948683	The houses were high and without any character whatever; plain brick walls, lead-colored for the most part, and pierced with modern windows.
10375	brick wall	brick	wall	4.900000	0.316228	4.800000	0.421637	But there are better ways of celebrating your new high-end lens than taking pictures of brick walls and spending hours at the computer looking at 100% crops of images shot at different apertures.
10376	brick wall	brick	wall	4.600000	0.966092	4.800000	0.421637	Masonry or brick walls, by a line ruled with red.
10377	brick wall	brick	wall	4.600000	0.843274	4.900000	0.316228	It 's small enough that unless you were shooting brick walls, you probably would n't notice it!
10378	brother officer	brother	officer	0.500000	0.707107	3.000000	2.211080	"Grave at Lahore - "" Beneath rest the remains of Major Robert Steward, Captain 16th Bengal Grenadiers who departed this life at this station on the 11th day of June 1855 aged 43 years most deeply regretted by his brother officers by whom this tomb is erected."
10379	brother officer	brother	officer	1.100000	1.286680	3.700000	2.002780	I told you so from the beginning of your acquaintance with...... friend, and that they were brother officers in the Indian campaign.
10380	brother officer	brother	officer	1.000000	0.816497	4.000000	1.333330	Erected by his brother officers as a token of their esteem and regard.
10381	brother officer	brother	officer	1.300000	1.059350	4.100000	1.449140	""" He was true to and maintained the highest traditions of his regiment, "" brother officers recalled."
10382	brother officer	brother	officer	1.800000	1.475730	4.100000	1.523880	sincerely regretted by his brother officers, by whom this monument is erected.
10383	brother officer	brother	officer	2.000000	1.490710	4.100000	1.663330	Was Monsieur Waring in the habit of helping himself to the property of his brother officers?
10384	brother officer	brother	officer	0.700000	1.251670	4.400000	1.349900	He found his brother officers easily interested, sympathetic and propitious.
10385	brother officer	brother	officer	1.400000	1.897370	4.400000	1.577620	Inscribed to Colonel Charles Moreland from his brother officers on his retirement in 1828: ' Presented to Colonel Charles Morland by his Brother Officers on his Retirement /...
10386	brother officer	brother	officer	1.100000	1.100500	4.400000	1.577620	Broussard was in his riding clothes and was himself waiting for the horse lent him for the afternoon by a brother officer.
10387	brother officer	brother	officer	1.900000	2.024850	4.700000	0.674949	and in these brief sentences the usual farewell greetings between brother officers separating for service took place.
10388	brute force	brute	force	1.300000	1.636390	2.800000	2.149940	(Component 1 on Machine 2, Component 2 > on Machine 5 etc ) > > The one I came up with is inefficient - brute force.
10389	brute force	brute	force	2.200000	1.873800	3.600000	1.776390	It contained about sixty acres; it was surmounted by one of those mighty earthworks which the hand of man in the old days raised by sheer brute force, or rather by enormous triumph of organized labour.
10390	brute force	brute	force	3.500000	1.354010	3.900000	1.852930	Nevertheless, it was not mere brute force that availed.
10391	brute force	brute	force	3.000000	1.632990	4.100000	0.994429	Thus, a more threatening bureaucracy, more display of brute force, and more government abusers paid by the victims are required to accomplish the same task.
10392	brute force	brute	force	2.400000	2.118700	4.200000	1.619330	Brain injury usually results from brute force trauma later in life.
10393	brute force	brute	force	3.000000	1.763830	4.300000	0.823273	Has there ever been a difficulty of this sort in which England has really understood her colonies, or seemed to care whether she did or not, until compelled by brute force, or something like it?
10394	brute force	brute	force	2.800000	2.394440	4.300000	0.948683	There are many attacks of different types that do n't necessarily involve brute force where increasing the key size would increase the security.
10395	brute force	brute	force	2.500000	1.509230	4.400000	0.843274	The underlying idea is that a strike is nothing but an exertion of brute force, and that the weaker must be ruthlessly trampled upon.
10396	brute force	brute	force	1.900000	1.911950	4.400000	1.264910	It 's more about technique than brute force, he explained.
10397	brute force	brute	force	2.300000	1.828780	4.600000	0.699206	The ennobling of brute force; the feeling that it had its godlike side; the drawing of heroic breath amid the scenes of ordinary life, so that it seemed as if they had all been transfigured since yesterday.
10398	bull market	bull	market	0.500000	1.269300	2.600000	2.065590	The bull market is believed to be largely responsible for the crash.
10399	bull market	bull	market	0.400000	1.264910	2.800000	2.149940	As anyone who looks at the 10 year chart for GLD will see, gold may be in a long-term bull market, but at present it is grossly overextended and testing an all time high.
10400	bull market	bull	market	0.200000	0.421637	3.000000	1.333330	"One of the vulgarisms of Wall Street is that "" any old thing will sell in a bull market "" And it is equally true that the extreme demands of labor are comparatively......."
10401	bull market	bull	market	1.000000	1.699670	3.100000	2.131770	"If Claudius makes a corner in mast-heads, there will be a bull market, "" he reflected, and he also remembered that just now he was a bear. """
10402	bull market	bull	market	1.400000	2.118700	3.400000	2.366430	But long term, they remain in strong, enduring bull markets.
10403	bull market	bull	market	1.400000	1.646550	3.500000	1.900290	A sustained breakout to the next new high is the catalyst that shifts the bull market out of the wall of worry phase.
10404	bull market	bull	market	0.800000	1.549190	3.700000	1.636390	It can hardly be expectedethat a general bull market is to set in right away.
10405	bull market	bull	market	0.700000	1.159500	4.200000	1.032800	And now five-plus years into the base metals bull markets, it is apparent that fundamentals are the key foundational drivers of today 's technical market activity.
10406	bull market	bull	market	0.600000	1.577620	4.200000	1.549190	"The "" commerce "" building in Pacific-avenue is understood to belong to the PeabodyPope-Loring syndicate, and rumors were afloat to-day that if the present bull market continues it will soon be plastered over with mortgages."
10407	bull market	bull	market	1.300000	1.567020	4.300000	0.823273	However, from a cyclical and even a Dow theory perspective the bull market began in 1974 and this was the actual low point of the 1966 to 1974 bear market 1982 was when the bull market broke out and became apparent.
10408	bus station	bus	station	4.100000	1.286680	3.300000	1.567020	Only away to 5 minutes dual subway stations and bus stations with convenient traffic and only 500 meters to the south of downtown Tianhe, Tianhe...
10409	bus station	bus	station	4.700000	0.483046	3.900000	1.523880	Girls who run away to escape domestic violence or forced marriage are the most vulnerable prey for men working for pimps in bus stations and taxi stands.
10410	bus station	bus	station	4.100000	1.595130	4.100000	1.197220	The closest bus station Arbeitergasse (14 A, 59 A ) is 100 metres away.
10411	bus station	bus	station	4.200000	1.619330	4.100000	1.595130	This was ideal for our needs allowing us to store excess luggage, act as a meeting place for the others arriving from the UK later in the trip and not too far from the bus station.
10412	bus station	bus	station	4.400000	1.264910	4.900000	0.316228	No. 41 Town House is less than five minutes walk from Inverness city centre, the railway and bus stations and approximately a twenty minute drive from Inverness Airport.
10413	business man	business	man	3.800000	1.813530	3.100000	2.079000	It takes around 11 different steps to make a pointe shoe, and most makers take two and a half years to train and have been in the business man and boy.
10414	business man	business	man	3.500000	1.840890	3.700000	1.337490	The view taken by Sleight was, after all, that which most business men would take -- which even the unbusiness-like Nott would take -- which the girl herself might be tempted to listen to.
10415	business man	business	man	3.500000	1.900290	3.800000	1.751190	The lawyers averaged fortyone years, the business men forty-seven years, and the farmers silty-four years.
10416	business man	business	man	3.400000	1.837870	4.200000	0.918937	He lays the matter before Mr. Wilmarth, being quite convinced now that Eugene will never make a business man.
10417	business man	business	man	4.400000	0.843274	4.300000	1.567020	"The nominee declared that the business man had a right to know what he could and could not do. """
10418	business man	business	man	3.900000	1.370320	4.400000	0.966092	This scrap yard was owned by a Mr Harry Glaze, a very shrewd and enterprising local business man.
10419	business man	business	man	4.100000	1.197220	4.500000	0.707107	It is almost impossible to get an Altoona city order cashed, and there is a strong belief among prominent business men that over $100,000 of the city improvement loan has been improperly and illegally issued.
10420	business man	business	man	4.000000	1.763830	4.500000	0.971825	He bought in Saha & Nelsen, not good business from a business man in my opinion.
10421	business man	business	man	4.500000	0.971825	4.600000	0.966092	Or from being a drunken bum to being a teetotaling, successful business man.
10422	business man	business	man	4.200000	1.135290	4.900000	0.316228	He is wrong about Mick Etches, Mick lives in chapel st leonards skegness and is a very succesfull business man.
10423	cabin door	cabin	door	4.700000	0.674949	4.500000	0.971825	Ever since I can remember, my mother waited and watched for my coming at my cabin door.
10424	cabin door	cabin	door	3.700000	1.702940	4.500000	1.080120	"There was a French gentleman passenger on board, to whom he took a great dislike, and calling for his gun, he took possession of the cabin door, and would not allow the passenger, who was on deck, to re-enter the cabin. """
10425	cabin door	cabin	door	3.800000	1.619330	4.700000	0.483046	But Billy knew that in this moment death had come in through the cabin door.
10426	cabin door	cabin	door	4.300000	1.337490	4.700000	0.674949	He pushed through the cabin door and saw an astonishing sight.
10427	cabin door	cabin	door	4.300000	1.251670	4.700000	0.674949	We had to leave our cabin door open a few inches at all times.
10428	cabin door	cabin	door	4.200000	1.032800	4.700000	0.674949	So I went to my cabin door and flung it open.
10429	cabin door	cabin	door	4.800000	0.421637	4.800000	0.421637	Do n't walk in desolated areas of the cruise ship (you can ask for assistance to get to your cabin door safely ).
10430	cabin door	cabin	door	4.600000	0.699206	4.800000	0.421637	He snatched up her bundle of blankets, and outside the cabin door his own as well.
10431	cabin door	cabin	door	4.000000	1.154700	4.900000	0.316228	There are three closets inside the cabin door with lots of hangers.
10432	cabin door	cabin	door	4.400000	1.074970	4.900000	0.316228	"Jephthah stood looking out of his own cabin door when, about fifteen minutes ahead of Creed, Taylor Stribling tethered his half-broken little filly in the bushes at the edge of the clearing, and ran across the grassy side yard. """
10433	cadmium cell	cadmium	cell	4.222220	1.563470	2.777780	1.855920	At this time, the nickel / cadmium cell was still to appear and batteries used for these early flights were either small sealed lead / acid batteries (accumulators ) or salt water activated cells.
10434	cadmium cell	cadmium	cell	3.200000	1.686550	3.100000	1.791960	Here provision was made for the modeller to adapt things to his own requirements, with the 6 volt charger being fitted with 4 - U 2 (' D ' size ) batteries and the nickel / cadmium cells being removed from the power unit for charging.
10435	cadmium cell	cadmium	cell	4.100000	1.523880	3.200000	1.932180	The pocket transmitter is powered by two rechargeable nickel cadmium cells and is operated by a simple ' press to speak ' button at the side of the case.
10436	cadmium cell	cadmium	cell	4.100000	1.911950	3.300000	1.946510	Rings must never be worn when working with unprotected high current sources; even quite small nickel cadmium cells have been known to produce enough current to sever a finger when short circuited by a gold ring.
10437	cadmium cell	cadmium	cell	4.700000	0.483046	4.100000	1.100500	This claim is disputed by fans of nickel cadmium cells as it is said a few deep cycle recharges can often return the batteries to good working condition.
10438	calcium salt	calcium	salt	4.200000	1.475730	3.100000	1.911950	Minerals in solution...... that calcium salts are generally subject to loss.
10439	calcium salt	calcium	salt	4.100000	1.595130	3.200000	1.619330	It is extracted from the insect 's body and eggs and is mixed with aluminum or calcium salts to make carmine dye (also known as cochineal ).
10440	calcium salt	calcium	salt	4.400000	1.349900	3.300000	1.494430	Meat which is minced and immersed for a few hours in distilled water loses its potassium, magnesium, and calcium salts.
10441	calcium salt	calcium	salt	4.900000	0.316228	3.800000	1.549190	A number of formulations have 100 -400 IU of vitamin D 3 along with calcium salts.
10442	calcium salt	calcium	salt	4.900000	0.316228	4.100000	1.197220	It has to do with too much of one thing or another being in the bile causing a precipitation of either the calcium salts and bilirubin, or cholesterol.
10443	calcium salt	calcium	salt	4.600000	0.516398	4.400000	1.074970	It is particularly suitable for extraction of acetic acid from solutions which contain the acetic acid in the form of its calcium salt.
10444	calcium salt	calcium	salt	4.800000	0.421637	4.700000	0.483046	There are a large number of seaweeds that deposit calcium salts within their tissues - many of these are crust-forming members of the Rhodophyceae.
10445	camping area	camping	area	4.400000	1.264910	3.800000	1.813530	Two group camping areas are available, along with group day use pavilions.
10446	camping area	camping	area	4.400000	1.264910	3.900000	1.852930	There is a much larger toilet block in the woodland camping area, which is open in high season.
10447	camping area	camping	area	4.600000	0.966092	4.200000	1.135290	Putting demand on our body, like riding sixty miles or working around the camping area and headquarters for 16 hours equates to more fluid demands than a sedentary day.
10448	camping area	camping	area	4.500000	0.971825	4.500000	0.849837	Steve first greeted the elders, obtained last minute arrangement details, made introductions all around, and then we were off to the camping area a few miles away.
10449	camping area	camping	area	5.000000	0.000000	4.500000	0.971825	""" These new accessibility guidelines for federal lands cover new or altered trails, picnic and camping areas, viewing areas, beach access routes, and related recreation facilities."
10450	canal company	canal	company	2.700000	2.110820	3.200000	2.043960	The canal companies were not transportation companies, but derived their income entirely from tolls: they required, therefore, several times the amount of freight which railroads do, in order to make the same net profits.
10451	canal company	canal	company	3.800000	1.619330	3.800000	1.813530	In a criminal case, the property in iron taken from the bottom of a canal by a stranger was held well laid in the canal company, although it does not appear that the company knew of it, or had any lien upon it.
10452	canal company	canal	company	3.600000	1.837870	3.800000	2.097620	They decided that canal companies should not operate their own fleets of barges but instead they would operate rather like toll roads, where the canal company provided the route and charged people for using it.
10453	canal company	canal	company	3.000000	2.403700	4.000000	1.885620	It proved a liability when the lining failed in 1824 and again in 1843, and there were such difficulties in between those dates that the canal company engineer, Samuel Fletcher, estimated it would cost Â£23,000 to open it out as a cutting.
10454	canal company	canal	company	4.000000	1.490710	4.100000	1.523880	"The act for "" the better regulation of railways and canal traffic of 1854, "" of the British Government, provided merely that railroad and canal companies should extend facilities for receiving and forwarding freight and passengers without improper discrimination or partiality."
10455	canal company	canal	company	3.400000	2.011080	4.100000	1.663330	We also have some early canal company records on microfilm.
10456	canal company	canal	company	4.200000	0.918937	4.200000	1.032800	About 1805, therefore, men began to think of reviving the old idea of canals, which had been abandoned in 1793, and one of these canal companies, the Chesapeake and Delaware Canal, applied to Congress for aid.
10457	canal company	canal	company	3.400000	1.955050	4.300000	0.948683	Money that the people had long been hiding away was brought out and invested in all sorts of new enterprises, such as banks, canal companies, manufacturing companies, and turnpike companies.
10458	canal company	canal	company	4.200000	1.751190	4.400000	1.577620	It was designed by the canal company engineer, John Dadford.
10459	canal company	canal	company	3.900000	1.911950	4.500000	1.080120	Although it was not specifically precluded from acting as a common carrier, its right to do so (and that of many other canal companies ) was unclear in law.
10460	capital loss	capital	loss	3.200000	2.097620	2.500000	2.368780	Handles capital loss carryforwards to the current year and computes what any capital loss carry forward would be to future years.
10461	capital loss	capital	loss	2.200000	2.394440	3.700000	2.057510	If you wish, you may therefore make a ' negligible value claim ' and claim a capital loss on the shares even though you still own them.
10462	capital loss	capital	loss	2.400000	1.646550	4.300000	0.823273	He urged elimination of the capital-andgains provision and that capital gains should not be taxed...... capital losses.
10463	capital loss	capital	loss	4.200000	1.316560	4.300000	1.251670	This way you can wait for an especially high capital gains year to use the capital loss deduction.
10464	capital loss	capital	loss	3.700000	1.766980	4.300000	1.251670	At a session earlier In the day the committee voted to eliminate one of the vital features of the Mellon tax program, the provision limiting deduction for capital losses to 12% per cent to correspond with the 12% per cent tax on capital gains.
10465	capital loss	capital	loss	3.700000	2.002780	4.300000	1.636390	""" This is because, while taxes are levied on capital gains, taxpayers can claim tax deductions for capital losses."
10466	capital loss	capital	loss	4.600000	0.699206	4.700000	0.483046	If I donate depreciated stock to charity, can I deduct both the market value and the capital loss?
10467	card game	card	game	4.500000	0.849837	3.900000	1.663330	These geography, history, exploration, and government card games are easy to set up and sure to motivate your students.
10468	card game	card	game	4.400000	1.577620	4.100000	1.911950	I love seeing this magic come to life in the form of a card game.
10469	card game	card	game	4.600000	1.264910	4.300000	1.494430	"Judson, "" sez Dick, an ' he was smilin ' now; but it was the chillin ' smile I had first seen durin ' the card game."
10470	card game	card	game	4.200000	1.316560	4.600000	0.699206	Described as the 21st Century version of the venerable card game War, the award-winning Top Trumps uriblank card game has sold 40,000,000 units worldwide in the past eight years.
10471	card game	card	game	4.700000	0.674949	4.600000	0.966092	The history of playing cards and card games like Uno.
10472	card game	card	game	4.600000	0.516398	4.900000	0.316228	He was rather surprised to see Mr. Blinderpool in there, puffing on a big black cigar, and with him were some men whom Ned recognized as personages who had vainly endeavored to get a number of passengers into a card game with them.
10473	card game	card	game	4.300000	1.059350	5.000000	0.000000	The store stocks comics and books, trading card games, T-Shirts and Action Figures as well as a wide range of movie collectables and paraphernalia.
10474	card game	card	game	4.900000	0.316228	5.000000	0.000000	Abruptly throwing down his unplayed hand and forfeiting his ante in a card game, he had gotten up and taken ship back across the Pacific.
10475	case conference	case	conference	2.500000	1.715940	3.500000	2.013840	Some vulnerable YO 's especially in Crammond may not express their true feelings at a case conference for fear of being transferred to Iona.
10476	case conference	case	conference	2.800000	2.097620	4.200000	1.229270	Not all Children 's Services departments run or fund family group conferences as part of their child protection procedures, and they do not replace child protection case conferences.
10477	case conference	case	conference	2.700000	2.002780	4.600000	0.516398	He argued that there was no problem in doing so and that Mr Kirk would have had to endure that indignity for only a short time until a case conference had a chance to discuss his case more fully.
10478	case conference	case	conference	1.800000	1.988860	4.800000	0.421637	In this Trust, for the year 2001 -2002, 48% of case conferences were attended by mothers; 22% by fathers and 6% by children themselves.
10479	case conference	case	conference	3.900000	1.663330	4.900000	0.316228	Either way a case conference is held to bring the agencies together to discuss the child 's welfare in the long term.
10480	castle wall	castle	wall	4.600000	0.843274	3.900000	1.852930	While Picton was scaling the castle walls, and crowds of our brave fellows were dying in the breaches, we succeeded in forcing our way into the place over the bastion of San Vincente.
10481	castle wall	castle	wall	4.400000	1.577620	3.900000	2.079000	She did not take time to pull it off, but, hastily unfastening her horse from the pillar, she rode away beyond the castle walls as swift as an arrow.
10482	castle wall	castle	wall	3.400000	1.897370	4.200000	1.619330	What said the Ladye Annabel when thou didst return this morning from thy errand beyond the castle walls in company with the Jewish merchant.
10483	castle wall	castle	wall	4.300000	1.059350	4.300000	1.059350	We pan up to the edge of the castle walls with the bears (and Cubbi seemly has his wooden sword out now ) as Zummi declares him invincible.
10484	castle wall	castle	wall	4.400000	1.577620	4.300000	1.567020	I did n't think Dunwyn was that huge until I saw the numerous houses from within the castle walls.
10485	castle wall	castle	wall	4.800000	0.421637	4.500000	1.080120	Followed him up-hill by the smell, and so found the castle wall.
10486	castle wall	castle	wall	4.500000	0.971825	4.600000	0.516398	There has even been a vineyard within the castle walls for over 500 years, from which Thornbury Castle wine is still produced.
10487	castle wall	castle	wall	4.400000	0.843274	4.600000	0.699206	There 's also the Norman Mound and original Norman castle wall to see, as well as the ornate Queen Anne 's Walk and the 13th century ' Long Bridge '.
10488	castle wall	castle	wall	4.600000	0.966092	4.600000	0.843274	But a little before sunrise the last shot was fired, at about the time when most of the castle walls fell in and a huge shower of golden sparks shot upward to the paling sky.
10489	castle wall	castle	wall	4.500000	0.849837	4.700000	0.674949	"He broke out into a snatch of song: --  "" The splendor falls on castle walls And snowy summits old in story! """
10490	ceiling fan	ceiling	fan	3.800000	1.813530	4.300000	1.567020	The rooms have a simple, modern decor with ceiling fans and flat-screen TVs with Freeview.
10491	ceiling fan	ceiling	fan	4.300000	0.674949	4.500000	1.269300	They also installed a new state-of-the-art kennel with in-floor radiant heat, ceiling fans, air conditioning, a kitchen and containment rooms.
10492	ceiling fan	ceiling	fan	3.400000	1.776390	4.700000	0.483046	Its motor is so gutless that it would be more suited to a ceiling fan and do n't even think of cutting wet grass - it 'll wilt like a daffodil at the thought.
10493	ceiling fan	ceiling	fan	4.500000	1.269300	4.700000	0.674949	A 60 - inch ceiling fan can produce approximately 25,000 to 45,000 cubic feet per minute airflow.
10494	ceiling fan	ceiling	fan	2.800000	2.097620	4.700000	0.674949	Only problem was that the ceiling fan was not above the bed and therefore the room got a...
10495	cherry tree	cherry	tree	3.600000	1.577620	4.000000	1.054090	It is from a little cherry tree that waited...... He takes the goblet from Nina.
10496	cherry tree	cherry	tree	3.700000	2.057510	4.600000	0.966092	On the 1st December this year we will be planting 20 trees including ten varieties of apple, three varieties of pear, two plum trees, two cherry trees, a damson, a medlar and a mulberry tree.
10497	cherry tree	cherry	tree	4.600000	0.699206	4.700000	0.674949	While the peach and cherry trees - were in flower this year, we heard doleful accounts from the Chesapeake and Delaware Bay region.
10498	cherry tree	cherry	tree	4.800000	0.421637	4.800000	0.421637	""" I know where there is an early cherry tree! """
10499	cherry tree	cherry	tree	4.400000	1.264910	4.800000	0.632456	Accordingly, the advice was to fell the cherry trees, not least as this scheme presented the only opportunity to replace these trees for a generation.
10500	cherry tree	cherry	tree	4.900000	0.316228	4.900000	0.316228	""" ' do n't chop down cherry trees, ' one kid responds, while everyone laughs."
10501	cherry tree	cherry	tree	5.000000	0.000000	4.900000	0.316228	We have one new little cherry tree that we planted.
10502	cherry tree	cherry	tree	3.800000	1.686550	4.900000	0.316228	But Mrs. Crawford dispelled her air castles by telling her that she was only to go into the side yard where the cherry trees were, and that she must be very quiet, so as not to disturb Mr. Arthur, whose windows looked that way.
10503	cherry tree	cherry	tree	4.000000	1.333330	4.900000	0.316228	Not that the peach and the pear and the cherry trees do not fill their branches with pink and white...... any apple-trees in the land.
10504	cherry tree	cherry	tree	4.400000	1.577620	5.000000	0.000000	The incident began on May 1, when a delegation led by New York Consul General Shigeyuki Hiroki came to offer to plant cherry trees and donate books to the public library in exchange for the memorial 's removal.
10505	child protection	child	protection	3.800000	1.751190	4.200000	0.918937	Operates a dedicated helpline (0845 120 4550 ) with out-of-office hours service, staffed by workers with extensive experience of statutory child protection services.
10506	child protection	child	protection	5.000000	0.000000	4.300000	1.251670	"That means removing bureaucracy, working more imaginatively with the police, schools and the NHS and finding ways to retreat from the current, "" unsustainable risk-averse approach to child protection ""."
10507	child protection	child	protection	5.000000	0.000000	4.300000	1.636390	A model child protection policy that Westminster schools may wish to adopt or adapt can be downloaded here.
10508	child protection	child	protection	3.400000	2.170510	4.400000	1.577620	Find information and research on child protection, risk assessment and risk management on Social Care Online.
10509	child protection	child	protection	3.600000	1.897370	4.600000	0.516398	Chairman Sophie Irene Loeb, President of the Child Welfare Board, began the speechmaking, all of which bore upon uniform national laws concerning child protection and widows ' pensions.
10510	child protection	child	protection	4.500000	1.581140	4.600000	0.699206	Hopefully your church will have a list of emergency numbers but, if not, or you ca n't contact a social worker, ring the police and ask to speak to one of their child protection officers.
10511	child protection	child	protection	4.800000	0.421637	4.600000	0.966092	the Lovejoy bill prohibited the shipment in interstate commerce or the offer for shipment of the products of any quarry, mine, factory...... child protection were employed.
10512	chill air	chill	air	2.900000	1.791960	3.400000	1.955050	He leaned out and drank in the clean, chill air.
10513	chill air	chill	air	2.700000	2.162820	3.900000	1.595130	A hissing breath came up, and the chill air quivered and scorched about her.
10514	chill air	chill	air	3.800000	1.873800	4.200000	1.135290	The fire died away, and the chill air gathered about him.
10515	chill air	chill	air	2.000000	2.211080	4.300000	0.823273	He lit the tip and blew a cloud of smoke into the chill air.
10516	chill air	chill	air	4.000000	1.632990	4.300000	1.337490	I shivered, as at a current of chill air issuing out of a sepulchral vault, and bringing the smell of corruption along with it.
10517	chill air	chill	air	3.900000	1.100500	4.400000	0.699206	I look up, a direction to which those who are not Reawakened from an earlier time do not look, for it has been many millions of years since anything has flown in the thin chill air of this sunless world.
10518	chill air	chill	air	3.600000	1.646550	4.600000	0.699206	As indeed anything might, in that hall; with the front door standing open, and one lamp burning till day should come; and the chill air streaming in.
10519	chill air	chill	air	4.200000	1.475730	4.700000	0.674949	If the chill air could only take the fever, the desire, out of his mind and blood!
10520	chill air	chill	air	4.300000	1.059350	4.800000	0.421637	When we used to walk home from our relatives in the evening one always felt the extra cold chill air just there.
10521	chill air	chill	air	4.100000	1.100500	5.000000	0.000000	I stood, huddled in my coat against the chill air, in a small booth, my work displayed around me, hanging behind me.
10522	christmas dinner	christmas	dinner	3.400000	2.221110	3.200000	2.394440	I think that it is disgraceful that prisoners are aloud privilages in prison such as television, radio, plasma t.v and christmas dinners.. and what is worst of all it is taxpayers money!
10523	christmas dinner	christmas	dinner	4.500000	1.269300	4.100000	1.449140	Wrapped in black bubble wrap it will be hidden till tomorrow when the family christmas dinner is on.
10524	christmas dinner	christmas	dinner	3.888890	1.691480	4.222220	1.563470	There is no way we could rely on the turkeys to accidentally get involved in a christmas dinner.
10525	christmas dinner	christmas	dinner	3.800000	2.043960	4.400000	1.264910	I think I 'd also like to invite Rincewind for christmas dinner in switzerland, purely to see his expression upon realising that almost the entire meal is potatos...
10526	christmas dinner	christmas	dinner	4.900000	0.316228	5.000000	0.000000	If the MCR did n't stick itsself in the middle I expect the BA dinners, palour dinners, christmas dinner, and summer dinner would all still happen.
10527	church door	church	door	3.600000	2.011080	2.700000	2.406010	As evidence that church doors continue to open further to aberrant beliefs, a 2008 survey found that 57% of evangelicals do not believe Jesus Christ is the only way to God.
10528	church door	church	door	3.900000	2.079000	3.900000	2.079000	That night, however, Pastor Marvine seized the pulpit, and church doors were locked against Pastor Sproule.
10529	church door	church	door	4.200000	1.619330	4.200000	1.619330	I did n't know what to say, and he soon had me pulling a stupid pose in front of the church door behind the offices.
10530	church door	church	door	3.700000	2.057510	4.400000	1.577620	"asked Mrs. Peabody of Mrs. Beebe, the moment she got outside of the church door. """
10531	church door	church	door	4.200000	1.751190	4.600000	0.966092	Enough, Enough... you going to have to nail your feces thesis to a church door if you carry on like that...
10532	church door	church	door	4.900000	0.316228	4.700000	0.948683	Among the fashionable throng are two ladies, one young, one middle-aged; they separate at the church door, and the younger one leaves her mother and takes her place in the convent choir.
10533	church door	church	door	4.600000	1.264910	4.800000	0.632456	Little did he know that the nailing of his 95 Theses to the church door against the Catholic teachings and practices would ultimately lead to the Protestant Reformation that transformed Europe.
10534	church door	church	door	4.900000	0.316228	4.900000	0.316228	When she danced towards the open church door, she saw an angel standing there in long white robes and wings which reached from his shoulders to the ground.
10535	church door	church	door	3.900000	1.911950	4.900000	0.316228	Gloom settles upon the scene; Mephisto, the only radiant one, flits across it, and mocks the poor broken-hearted girl clinging to the church door.
10536	church door	church	door	4.600000	1.264910	5.000000	0.000000	The wise and foolish virgins also stand at the church doors in time-stained stone, --  the one with a perked-up air of conscious virtue, and the other with a penitent dejection that seems to merit better treatment.
10537	church service	church	service	4.800000	0.421637	2.800000	1.988860	Some of them read with animation the responses in church service and repeat the Lord 's Prayer with the greatest gusto.
10538	church service	church	service	4.900000	0.316228	3.000000	1.699670	During this Nativity season may we find inspiration-by attentive participation in the church services, by reading patristic texts and lives of saints-to concentrate our lives on ascending the ladder to heaven.
10539	church service	church	service	4.900000	0.316228	3.200000	1.316560	On Sunday, church services in remembrance of those who died were held across Taunton.
10540	church service	church	service	5.000000	0.000000	3.200000	1.686550	It was long past time for church service to begin, so I abandoned all idea of going to church, and opened to the Deacon at once the object of my errand.
10541	church service	church	service	4.500000	1.581140	3.200000	2.043960	After the church service we joined many people from the village at the War Memorial on the Green for the laying of wreaths and the Two Minutes silence.
10542	church service	church	service	4.200000	1.686550	3.300000	1.636390	"Pointed arches, sculptured capitals, fretted altars, swinging censers, burning candles, white-robed choir-boys, errorless order in church service --  these auxiliaries influence them so strongly in their sense of the beautiful that they think, "" Surely I love God."
10543	church service	church	service	4.500000	0.527046	3.300000	2.057510	The staff are Polish speaking and the diet, culture and church services held on the premises all focus on meeting the needs of the Polish service users.
10544	church service	church	service	5.000000	0.000000	3.500000	2.068280	Critical to this was Pius V 's hard line on Catholics attending church services in England.
10545	church service	church	service	4.800000	0.421637	3.800000	1.686550	(Organ plays piano --  some very pretty church service. )
10546	church service	church	service	4.900000	0.316228	3.900000	1.370320	It was many a year since Uncle Phil had heard our church service; and something in its singular beauty and fitness impressed him as he never was impressed before.
10547	city hall	city	hall	3.800000	1.549190	2.700000	2.002780	Not in twenty years would the council propose or Gopher Prairie vote the funds for a new city hall.
10548	city hall	city	hall	4.700000	0.483046	2.900000	1.969210	For more information on property taxes relating to your property please contact city hall direct.
10549	city hall	city	hall	3.500000	1.840890	3.300000	1.946510	It was five in the evening Ricky picked up Dave from his front door in his car to go to the city hall.
10550	city hall	city	hall	3.900000	1.595130	3.400000	1.505550	In practice, pending the publication of new official guidelines, these are used by many councils to check on private caterers: Paris city hall, for example, employs a team of full-time school meals advisers-cum-inspectors.
10551	city hall	city	hall	4.400000	0.699206	3.600000	1.505550	Railroads, and steamboats, city halls, and fire departments, courts of justice, post offices, poor-houses, and prisons-all are costly; but some of these establishments are worth what they cost.
10552	city hall	city	hall	2.900000	1.852930	3.600000	1.955050	About a third of a mile from the village there was a very large building, which we should call the town house, or the city hall.
10553	city hall	city	hall	4.500000	0.707107	3.700000	1.766980	Occupy Tulsa CALL TO ACTION: We need some cameras and live stream, we have protesters who have chained themselves outside of city hall on 2nd & Cincinnati.
10554	city hall	city	hall	1.800000	1.549190	3.700000	1.828780	Ford to a television screen where the late night host exhibited a series of now-famous videos showing the mayor drunkenly threatening to kill someone, speaking in Jamaican patois at an Etobicoke diner and knocking over a council member in city hall chambers.
10555	city hall	city	hall	4.200000	1.549190	3.700000	2.057510	The country abounds in materials of the richest description, daily consumed, and worked up into the form of churches, banks, warehouses, and city halls, only needing the ordering // mind of the architect, to spring into shapes of elegance and fitness.
10556	city hall	city	hall	3.200000	1.932180	4.100000	0.994429	Worst c: f the lot, perhaps, is the basement dungeon of the detective bureau in La Salle street, half a block from the city hall..
10557	city life	city	life	4.200000	1.229270	2.400000	1.712700	Three of these cities, San Francisco, Sacra // mento and Marysville, have so much of city life and character, that we hardly recognize their newness.
10558	city life	city	life	3.400000	1.776390	2.700000	1.888560	She did not take kindly to city life, and the sight of a familiar face, which brought the country with it, was very welcome to her.
10559	city life	city	life	3.900000	1.663330	2.700000	2.057510	Yorkshire-born Zoe has left her city life behind and moved to the country with her family.
10560	city life	city	life	4.900000	0.316228	2.800000	1.619330	Visitors who love exquisite city life, this city offers them whenever the demand is made.
10561	city life	city	life	4.300000	1.059350	3.200000	1.686550	The street; and it is nothing remarkable that some thoughtful persons should hold our public schools responsible for adding to the dangers of city life for bright and attractive girls.
10562	city life	city	life	4.800000	0.421637	3.400000	2.011080	But if you prefer city life or just like to have a short break, then Bucharest may be the ideal location for you.
10563	city life	city	life	3.400000	2.170510	3.500000	1.900290	But in this Phil was...... was, after all, but the ebullition of a city conceit, --  a conceit which is apt to belong to all young men at some period of their novitiate in city life.
10564	city life	city	life	4.200000	1.549190	3.900000	1.100500	When or how...... of wealth or family and educated with schoolmates from similar homes get that understanding of others, that sympathetic insight necessary in city life, unless he or she gets it in the common school?
10565	city life	city	life	4.500000	0.971825	4.500000	1.080120	When city life starts to become a little overwhelming, the tree covered paradise of Ilha Grande provides a spot of welcome relief with sandy beaches you can actually sprawl on, calm turquoise waters and lush forests the energetic can hike through.
10566	city life	city	life	4.900000	0.316228	4.600000	0.699206	Bio: Steve Volk has been working as a city reporter since 1997, covering every facet of city life - particularly crime, cops, courts, politics and education - for alt.
10567	city wall	city	wall	4.700000	0.483046	3.900000	1.663330	The hotel is located just outside the station - great for the shuttle train from the airport - and is only a short walk from the medieval city walls and historic pedestrianised streets of Krakow 's amazing Old Town.
10568	city wall	city	wall	3.600000	1.776390	4.000000	1.414210	"I shall see that such orders are issued for the future as shall keep those attached to my division within the city walls. """
10569	city wall	city	wall	4.400000	1.577620	4.200000	1.619330	So, when the multitude of vessels cleared the city walls, and with music and songs dashed into the open lake, the very water seemed to dance and quiver with a sensuous pleasure.
10570	city wall	city	wall	4.400000	0.699206	4.300000	1.059350	Inside the city walls, each group of the population had their own quarters.
10571	city wall	city	wall	4.500000	0.707107	4.500000	0.971825	But here, after a month or two of kindly growth, the leaves of the young...... nearest the city wall, were still in their tender half-development.
10572	city wall	city	wall	4.000000	1.763830	4.500000	1.269300	There was 15 so much noise that I could not say that the shots were 16 definitely coming from the city walls, and I did not 17 actually see who was firing the shots.
10573	city wall	city	wall	3.200000	1.932180	4.500000	1.581140	Krems - this exceptionally beautiful, historical market town features a multitude of superbly restored sacred buildings, burgher houses and an ancient city wall.
10574	city wall	city	wall	4.300000	0.823273	4.600000	0.699206	Illustration: The death of Absalom Then Joab sent two messengers to carry news of the victory to the king, who sat between the city gates, while a watchman stood over the gates on the city wall.
10575	city wall	city	wall	4.500000	1.269300	4.600000	1.264910	10 ) Raikhad, Protection zone Core - Gaikwad haveli fort, vestiges of city wall barbican and Khanjahan darwaja.
10576	city wall	city	wall	4.500000	1.269300	4.900000	0.316228	We reached the edge of the city and there we struck the city wall, along the top of which we walked until we discovered we were going in a half-circle.
10577	coagulation time	coagulation	time	3.800000	2.097620	3.000000	2.581990	Clotting screen, including prothrombin time, coagulation time and partial thromboplastin time.
10578	coagulation time	coagulation	time	3.700000	1.946510	3.100000	2.183270	ADD ' L TESTS: Multi channel 24 blood profile, CBC with differential, thyroid panel, ESR, C-reactive protein, CPK, immunocompetency survey, selected tumor markers, coagulation time.
10579	coagulation time	coagulation	time	4.200000	1.316560	3.400000	2.011080	"According to the medical report today, "" they are suffering liver malfunction, delay in coagulation times due to lack of vitamin C intake, low heart rate with occasional arrhythmia, hypoglycemia and reduced white blood cell count."
10580	coagulation time	coagulation	time	5.000000	0.000000	3.600000	1.712700	I know they gave her several transfusions of plasma to increase her platelet count and to increase her coagulation times.
10581	coagulation time	coagulation	time	3.400000	1.776390	3.900000	1.100500	In the treatment groups a tendency to decreased coagulation time (from 3.16 to 2.40 minutes ) was noticed.
10582	coffee house	coffee	house	3.100000	2.131770	1.300000	1.828780	Why, the young mad-caps, ' answered the Captain, have been overheard at the coffee house, declaring their intention to quit the city by the first opportunity and join the patriot army.
10583	coffee house	coffee	house	4.800000	0.632456	1.600000	1.646550	This morning, instead of going directly to my office, I spent about an hour at a coffee house near campus.
10584	coffee house	coffee	house	4.500000	0.707107	1.600000	1.712700	In the late 1600 s, a coffee house owned by one Edward Lloyd became a meeting place for merchants, ship owners, ship captains, insurance brokers, and others involved in overseas trade.
10585	coffee house	coffee	house	4.100000	1.595130	1.900000	1.969210	Here 's how it works: Visit the Wiki site, nominate Sacramento as your favorite food city if someone already has n't, and then start adding your favorite local coffee houses, wine shops and so forth.
10586	coffee house	coffee	house	3.500000	2.013840	2.000000	1.885620	After I left you at the coffee house, I passed out and went on my way...... Brazilian officers, one of whom had come out of the coffee house before me.
10587	coffee house	coffee	house	4.200000	1.619330	2.000000	1.943650	Just as coffee houses spread all over Europe in the 17th century, they were also opened in America in the late 17th century.
10588	coffee house	coffee	house	4.700000	0.674949	2.100000	1.969210	We looked at one another in thorough amazement, and then by one impulse quietly walked out of tho shop and hastening to the coffee house.
10589	coffee house	coffee	house	4.400000	1.264910	2.400000	1.837870	During periods of nervous strain, when her mind is vibrating with plans for a new coffee house, she finds her chief diversion in playing Canfield.
10590	coffee house	coffee	house	3.800000	2.043960	2.400000	2.118700	"To Pope, the young Scot, with his good looks and "" silver voice, "" his talents and his frank hero worship, came as a relief from the oppressive smartness of the coffee houses."
10591	coffee house	coffee	house	2.700000	2.496660	2.700000	2.213590	At the end of 1967, Fred Gardner had launched the GI coffee house movement by establishing the United Freedom Organization (UFO ) in Columbia, SC as an alternative to the officially-sanctioned United Service Organizations (USO ).
10592	college boy	college	boy	3.300000	2.057510	3.600000	1.955050	"Before her, dressed in a jaunty parka of Siberian squirrel-skin, was her frank-faced college boy, he of the Phi Beta Ki. """
10593	college boy	college	boy	4.300000	1.567020	3.800000	1.619330	When he used to frequent this pretty spot as a college boy, it had seemed to him the ideal place for a love scene-much better than the steps of a hotel.
10594	college boy	college	boy	3.800000	1.813530	3.900000	1.523880	"But I am looking far ahead for my college boys, "" she added with a smile; "" at least I trust so; for you are over young yet to be looking for life partners. """
10595	college boy	college	boy	3.900000	1.663330	4.000000	1.632990	BC: Well, I was just a college boy.
10596	college boy	college	boy	3.800000	1.619330	4.100000	0.994429	"For a moment the two boats floated side by side, while the young men interchanged compliments and jokes, for a river is a highway where all travellers may salute each other, and college boys are "" Hail fellow!"
10597	college boy	college	boy	4.400000	0.966092	4.300000	1.059350	It was a college picture and I played a college boy.
10598	college boy	college	boy	4.000000	1.699670	4.300000	1.251670	I think you 're being a bit patronising suggesting that those born after 1985 ca n't appreciate music not made by white college boys with guitars from before that era.
10599	college boy	college	boy	3.200000	2.201010	4.300000	1.251670	She 's immature and wants to fit in with her college boy friend 's group who are anti everything.
10600	college boy	college	boy	3.800000	1.751190	4.600000	0.699206	The doctor remembered White as one of the negative figures of his early months in Chicago, --  a smiling, slim, youthful college boy.
10601	college boy	college	boy	3.400000	2.065590	4.800000	0.632456	I lived with 3 college boys and I do n't think they knew much about taking care of dogs.
10602	college day	college	day	3.800000	1.398410	2.200000	1.549190	I remember I succeeded in getting on him what in my college days I learned was called a half-Nelson.
10603	college day	college	day	3.100000	2.131770	2.600000	1.776390	Casting her mind back to her interrupted college days, she decides to hook up with her old boy friend Will Allenby, the one she was supposed to marry before Joe Davitch swept her off her feet.
10604	college day	college	day	3.300000	2.162820	2.700000	1.636390	August 18, 2012 - Welcome Week is one of the most exciting times to be a Buckeye-whether you 're a first-year student or an alum remembering your own college days!
10605	college day	college	day	3.500000	1.957890	2.800000	1.932180	His school and college days were more remarkable for quiet work than for any remarkable achievements.
10606	college day	college	day	3.300000	1.946510	2.800000	2.440400	This was a welcome link with the busier world outside Dunport; this was what he had missed since he had ended his college days, a gleam of cosmopolitan sunshine, which made the provincial fog less attractive than ever.
10607	college day	college	day	3.400000	2.011080	3.000000	1.763830	Even though we are far away from our starving college days, we are still avid coupon users for our weekly date night.
10608	college day	college	day	4.800000	0.632456	3.200000	1.813530	During his college days his stories and articles were published in the Haverfordian which he also edited for a time.
10609	college day	college	day	4.600000	1.264910	3.400000	1.837870	There is something beautiful about one 's college days, something that one treasures all his life.
10610	college day	college	day	3.900000	1.523880	3.600000	1.955050	Once launched upon my college days, Timmins went on with all sails spread.
10611	college day	college	day	3.666670	1.936490	4.222220	1.641480	At least five college days notice of a general meeting must be given to the club membership.
10612	college friend	college	friend	3.500000	2.223610	3.800000	2.097620	Updated: Tuesday, May 13 2014 2:26 2:26 AM EDT 20 14-05-13 06:26:2 7 GMTThree college friends of Boston Marathon bombing suspect Dzhokhar Tsarnaev are asking a federal judge to have their cases tried outside of Massachusetts.
10613	college friend	college	friend	3.700000	1.567020	3.900000	2.079000	At the close of the year, in the summer of 18b ' 7, he sailed for Europe in company with a college friend.
10614	college friend	college	friend	3.500000	1.840890	4.000000	1.885620	"Another of his college friends has said: "" As might be expected, Bushnell threw all his manhood into his new life."
10615	college friend	college	friend	4.200000	1.032800	4.200000	1.475730	One peg was an old college friend, another a Democrat except in Presidential elections.
10616	college friend	college	friend	2.600000	2.221110	4.200000	1.549190	She does n't want to lose her Facebook account, which is the primary way she keeps in touch with high school and college friends and is the place she and her husband post their family photos.
10617	college friend	college	friend	3.100000	1.663330	4.400000	0.966092	The invitation was accepted, and accordingly in December of 1853 these two college friends started for Europe, going first to London and then to Paris.
10618	college friend	college	friend	3.900000	1.523880	4.700000	0.674949	Code Anchor - In this case the lead singer is a college friend (Dan Keller ), but I think you will agree that his voice is universally kickass.
10619	college friend	college	friend	4.400000	1.074970	4.700000	0.948683	My recent findings, via a college friend, are frightening.
10620	college friend	college	friend	4.000000	1.054090	4.800000	0.421637	I 'm so sorry to hear about the death of your college friend.
10621	college friend	college	friend	4.300000	1.059350	4.800000	0.421637	The holidays arrived, and with them the three brothers, for during the first few weeks of the Oxford vacation Claude accompanied Lord Rotherwood on visits to some college friends, and only came home the same day as the younger ones.
10622	college life	college	life	4.400000	0.699206	2.300000	2.213590	"(PICTURES ) "" customer service "" "" helpful "" advice actually totally reasonable bathroom birthday blitzkrieg approach California Canada CAPS LOCK Christmas cleaning clip art catastrophe college life crazypants D.C. dishes dogs e-mail excessive underlining exclamation-point happy!!!"
10623	college life	college	life	3.500000	1.900290	2.400000	1.955050	WINS students are paired with an alumni mentor who help with the transition to college life.
10624	college life	college	life	4.700000	0.483046	3.100000	1.523880	She began her own college life in a supportive and friendly community college similar to CSCC, and her positive experiences there made every difference in her life.
10625	college life	college	life	4.200000	1.316560	3.100000	1.663330	This is especially true of college life, when we first assume the titles without the responsibilities of manhood, and the President of our year is apt to become our Plancus very early.
10626	college life	college	life	4.600000	0.699206	3.200000	1.549190	It deters many a worthy man, and has the tendency to make the other general expenses of college life abnormally great.
10627	college life	college	life	4.400000	1.577620	3.200000	1.813530	We have not yet come to a point where college life is taken solemnly enough to make such a. census possible.
10628	college life	college	life	4.800000	0.421637	3.300000	1.828780	You are going into college life, boys, and you must take care of your bodies.
10629	college life	college	life	4.800000	0.421637	3.400000	1.712700	"Reasons given by Michigan Gargoyle Business Manager Carl U. Fauster, President of the Association, were: "" College Humor...... false impressions about college life."
10630	college life	college	life	4.800000	0.421637	3.600000	1.577620	This list is meant more to let you know of things that you might forget to pack and that, if you bring them, just might make your college life a little easier.
10631	college life	college	life	4.800000	0.421637	4.000000	1.333330	He went away, To mix again with college life and scenes.
10632	college student	college	student	4.700000	0.674949	4.400000	1.074970	It will be long remembered at Yale, as an extraordinary production, for two or three young men to achieve during the short intervals enjoyed by the college student.
10633	college student	college	student	4.900000	0.316228	4.600000	1.264910	When his top deputy made an incredibly hateful speech to cheering black college students, Farrakhan said he did n't like the way the speech was phrased, but he did n't disagree with the message.
10634	college student	college	student	4.200000	1.686550	4.700000	0.674949	It is seen among college students in their choice of elective courses; for they often seem to have no strong interest beyond that of avoiding hard work.
10635	college student	college	student	4.100000	1.595130	4.700000	0.948683	I 'm a college student actually, but honest kris you 're obviously too immature to have a good debate with cause you ca n't take mild criticism.
10636	college student	college	student	4.300000	1.251670	4.800000	0.421637	As someone who spends a lot of time with college students discussing their sexual attitudes, none of that surprises me.
10637	college student	college	student	4.700000	0.674949	4.800000	0.421637	I have to go to campus and sit there like a real college student.
10638	college student	college	student	4.500000	1.581140	4.800000	0.632456	"The question discussed in the pamphlet and the one really at issue between the advocates and the opponents of the "" Harvard System, "" concerns the kind and amount of election of his studies which should be allowed to the college student."
10639	college student	college	student	4.600000	0.966092	4.900000	0.316228	I know of no better way to find out what the American college student wants than to...... to decide whether or not we are giving him what he wants and whether what he wants is worth giving him at all.
10640	college student	college	student	4.600000	0.843274	5.000000	0.000000	Christmann and Badgett (2000 ) compared the academic achievement levels of college students who had classes that used traditional methodology with those of college students who had classes in which CAI was used as a supplement to traditional methodology.
10641	college student	college	student	4.000000	1.699670	5.000000	0.000000	"But I thought --  I thought you was a college student. """
10642	comparison spectrum	comparison	spectrum	2.600000	2.221110	2.200000	2.149940	Note the redshift of the hydrogen lines in the source relative to the comparison spectrum.
10643	comparison spectrum	comparison	spectrum	3.300000	1.766980	2.900000	2.079000	For instance, the iron lines of a star may be all on the left of the corresponding ones in the comparison spectrum.
10644	comparison spectrum	comparison	spectrum	4.300000	0.823273	3.400000	1.837870	In the manual (A User 's Guide to Reducing Slit Spectra with IRAF ) it is mentioned that the first step is the extract a comparison spectrum from the object.
10645	concept album	concept	album	2.000000	2.108190	3.300000	2.311810	"Queen II was somewhat of a "" concept album "", split into "" White Side "" vs. "" Black Side ""."
10646	concept album	concept	album	2.800000	2.149940	3.800000	1.813530	The record that arose out of those writing jags, Bleeding Heart Graffiti, is a concept album about the beginning, middle, and end of a relationship.
10647	concept album	concept	album	2.900000	1.370320	4.400000	1.349900	Indeed, Allard concept albums like Fats Waller and Thad Jones songbooks or the meetings with Charlie Haden, Abbey Lincoln, and Cheick-Tidiane Seck & The Mandinkas are a much better collection than his concept albums of the '50 s and '60 s.
10648	concept album	concept	album	2.400000	1.837870	4.500000	1.269300	I knew and liked the Green Day concept album that the show is based on, but knew little beyond that going in.
10649	concept album	concept	album	3.500000	1.354010	4.800000	0.421637	It 's not like American Gangster, it 's not a Beatles concept album.
10650	conservation area	conservation	area	3.900000	1.523880	3.700000	1.828780	Set in one of Brighton 's most popular conservation areas, this Brighton guest house offers all you need for a relaxing, comfortable and memorable city short break by the sea.
10651	conservation area	conservation	area	4.300000	0.823273	3.900000	1.663330	Being in a conservation area does not in itself stop you from an installation.
10652	conservation area	conservation	area	3.500000	1.433720	4.000000	1.247220	If I trimmed my hedge in a conservation area by 10% three times would I still need permission?
10653	conservation area	conservation	area	3.700000	1.418140	4.100000	1.100500	Another form of legislation available to a Local Planning Authority, that can be successful in relation to listed buildings and conservation areas, is Section 215 Notice of the Town and Country Planning Act 1990.
10654	conservation area	conservation	area	4.200000	1.549190	4.600000	0.966092	In almost all cases, there is no need to seek planning permission to install solar collectors on your roof, however check with your Local Authority, especially if you are planning to install onto a listed building or if you reside within a conservation area.
10655	construction paper	construction	paper	1.000000	1.247220	3.800000	2.043960	Cut two rounded eyes out of the blue construction paper, and then cut two long slits out of gray construction paper for the cat 's pupils.
10656	construction paper	construction	paper	1.200000	2.043960	3.900000	2.079000	Next, cut out a heart from red construction paper, making sure it will fit inside your handprint 3.
10657	construction paper	construction	paper	1.700000	1.828780	4.100000	1.523880	Cut out two 4 - by -3 - inch rectangles from your construction paper.
10658	construction paper	construction	paper	1.100000	1.728840	4.500000	1.581140	"You need 9 "" X 12 "" colored construction paper, scissors, paste, and your choice of crayons, paint, or inks, and glitter."
10659	construction paper	construction	paper	1.500000	2.013840	4.800000	0.632456	Have each child in turn dip all five fingers of one hand into the paint in the lids and then press them on a sheet of white construction paper to make prints.
10660	consultation paper	consultation	paper	3.200000	1.549190	2.700000	1.888560	Of the 25 wards proposed in the Council 's Phase 1 consultation response, the Government 's Phase 2 consultation paper identified 20 as qualifying for Assisted Area status.
10661	consultation paper	consultation	paper	2.600000	2.065590	3.200000	1.873800	The Government 's consultation paper on the future of the UK drug strategy was due out on Friday 15 June, but has apparently been delayed for a ' few weeks '.
10662	consultation paper	consultation	paper	3.600000	1.712700	3.600000	1.429840	The consultation paper rightly identifies some of the issues notably ghetto-isation of non working people of working age, lack of mobility, long waiting lists, and the current inability to house anyone in the social sector other than those in need which perpetuates these problems.
10663	consultation paper	consultation	paper	3.700000	1.418140	3.600000	1.897370	A further copy of the consultation paper together with comments received from Members ' have been placed in the Members ' Room at the Guildhall, Gainsborough.
10664	consultation paper	consultation	paper	4.200000	1.032800	4.300000	0.823273	The Small Talk in September 2001 looked at recently released consultation papers from the Arts Council of England and London Arts.
10665	consumer protection	consumer	protection	3.700000	1.702940	3.400000	1.577620	Check with your state Insurance Commissioner or state consumer protection agency.
10666	consumer protection	consumer	protection	3.800000	1.873800	3.700000	2.110820	The Office of Fair Trading (OFT ) said the Government 's plans to radically reform the UK 's consumer protection regime could lead to a weakening of the way consumer law is enforced.
10667	consumer protection	consumer	protection	4.600000	1.264910	4.100000	1.100500	""" EU citizens can trust that sound and independent scientific advice is being used to ensure the highest level of consumer protection and food safety throughout Europe."
10668	consumer protection	consumer	protection	4.500000	1.269300	4.100000	1.663330	We can help win economic fairness by asking lawmakers to support the following consumer protection bills.
10669	consumer protection	consumer	protection	5.000000	0.000000	4.300000	1.059350	"From 1993 to 1998, he helped lead the National Health Federation, an organization that promote "" freedom of choice "" in health matters, which is doublespeak meaning: opposition to consumer protection laws against marketers deceptively promoting non-validated and invalidated products and services to consumers."
10670	convenience food	convenience	food	2.700000	1.251670	4.600000	0.699206	The majority of women and many children have diets that are deficient in iron, and zinc levels appear to be falling as the consumption of convenience foods rises.
10671	convenience food	convenience	food	4.000000	1.763830	4.800000	0.421637	""" The majority of people in Lightwater are not interested in having an additional shop in the line of a convenience food store, "" said Cllr Dodds."
10672	convenience food	convenience	food	2.888890	1.691480	4.888890	0.333333	I much prefer home cooked grub to the convenience foods that are so widely available today.
10673	convenience food	convenience	food	3.700000	1.494430	4.900000	0.316228	Our Vision To be a leading and highly regarded Food Company providing fresh high quality locally farmed poultry and complementary convenience food products and brands to customers and consumers by being the most effective and efficient organisation of our kind in the industry.
10674	convenience food	convenience	food	3.700000	1.337490	5.000000	0.000000	I think if you give in to all those convenience foods and processed stuff, that 's when the grocery budget blows up.
10675	copper cylinder	copper	cylinder	3.500000	2.068280	3.400000	2.366430	He had a type of pole with a copper cylinder at the top, this cylinder contained a white powder which emited a gas which he would light, after turning on the landing gas lamp he would hold up this flame and light the landing lamp.
10676	copper cylinder	copper	cylinder	4.000000	1.247220	3.600000	1.646550	Melick drew them forth, and the contents of the mysterious copper cylinder resolved themselves into two packages.
10677	copper cylinder	copper	cylinder	3.900000	1.663330	3.800000	1.873800	There were two day-rooms, each measuring 10 feet by 8 feet; there was also a small open fire, which heated a copper cylinder to provide all the hot water there was.
10678	copper cylinder	copper	cylinder	4.000000	1.247220	4.200000	1.316560	""" I dare say the writer picked up that papyrus and the copper cylinder in China or Japan, and made use of it in this way. """
10679	copper cylinder	copper	cylinder	4.200000	1.475730	4.400000	1.264910	"Mecham examined this, and to his surprise a copper cylinder rolled out from under a spirit tin. """
10680	copper cylinder	copper	cylinder	4.800000	0.632456	4.500000	1.581140	Shelving space above to side of immersion heated copper cylinder.
10681	copper cylinder	copper	cylinder	4.800000	0.632456	4.600000	0.699206	Carpeted First Floor Landing Opaque double glazed window to side, access to loft, airing cupboard housing lagged copper cylinder and shelving.
10682	copper cylinder	copper	cylinder	4.800000	0.421637	4.700000	0.483046	Consisting of a copper cylinder, an iron rod, an asphalt stopper, and a small earthenware jar, the Baghdad Battery was filled with an unknown electrolytic solution and may have been used for electroplating.
10683	copper cylinder	copper	cylinder	4.700000	0.674949	4.700000	0.483046	The copper cylinder was fastened to a spar attached to the bow of a small steam-launch.
10684	copper cylinder	copper	cylinder	4.900000	0.316228	4.800000	0.421637	""" They say the pump 's inside that there big copper cylinder, "" explained a man standing near him. """
10685	copper mine	copper	mine	3.800000	1.813530	3.700000	1.828780	As to copper mines, they owned them here and there all the way from Lake Superior to Cuba and Valparaiso.
10686	copper mine	copper	mine	4.700000	0.674949	4.200000	1.619330	By about 3800 BC copper mines are also worked in the Sinai peninsula.
10687	copper mine	copper	mine	4.000000	1.763830	4.400000	1.074970	The copper mines were mined more or less continuously from the Early Bronze age to the Early Roman period.
10688	copper mine	copper	mine	4.700000	0.674949	4.600000	0.699206	Long droughts killed its sheep and ruined its crops; while the copper mines were found to be worked out.
10689	copper mine	copper	mine	4.500000	1.269300	4.600000	0.966092	The copper mines afford occupation for thousands of people now.
10690	copper mine	copper	mine	3.700000	2.002780	4.700000	0.483046	Pearceite, an uncommon silver mineral, in beautiful hexagonal crystals, from a copper mine in Spain.
10691	copper mine	copper	mine	4.000000	1.885620	4.700000	0.483046	From an intelligent merchant, however, be learned that the department of Santa Rosa was one of the...... wheat and other agricultural products, as well as containing silver and copper mines.
10692	copper mine	copper	mine	4.600000	0.966092	4.700000	0.483046	The copper mines...... the fields were uncultivated, the sheep untended, and the colony experienced a short period of rapid decline.
10693	copper mine	copper	mine	4.800000	0.421637	4.700000	0.674949	A Canadian mining company has come one step closer to building a mile-wide, half-mile-deep open-pit copper mine on public land 30 miles south of Tucson.
10694	copper mine	copper	mine	4.700000	0.483046	4.700000	0.674949	Tucson, AZ - A banner was suspended from a downtown bridge in opposition to mining (possibly a reference to planned copper mines in Arizona ).
10695	copper plate	copper	plate	4.300000	1.567020	2.600000	2.118700	Rare early folding copper plate engraved map of the Isle of Thanet and the Thames Estuary.
10696	copper plate	copper	plate	3.700000	1.946510	2.700000	1.946510	The earliest processes likely to be found in collections are daguerreotypes - mercury / silver image on silver-plated copper plate (1840 s ), ambrotypes - silver image on glass plate and albumen print - silver image on fine artist 's papers (1850 s ).
10697	copper plate	copper	plate	4.100000	1.911950	2.700000	2.002780	The stamped ore, in the form of fine sand, is carried by a stream of water over inclined copper plates covered with mercury, with which is mixed a little metallic sodium.
10698	copper plate	copper	plate	3.700000	1.251670	2.700000	2.162820	Whittow & Harris continued to be recorded in directories at 31 Shoe Lane until 1825 and to trade in copper plates bearing their name.
10699	copper plate	copper	plate	4.200000	1.619330	2.800000	2.097620	These drawings, aside from the taste and knowledge of architecture, look like copper plate, and are the most beautiful I have ever seen.
10700	copper plate	copper	plate	3.900000	2.079000	3.000000	2.108190	James Lahee is included here for his significance as one of the first specialist copper plate printer for artists to be recognised in the publication line on the print itself.
10701	copper plate	copper	plate	4.300000	1.636390	3.100000	2.079000	Nearly the whole of the free gold is caught by the mercury, for which it has a great affinity, and accumulates as amalgam on the copper plates, from which it is cleaned off every twelve hours.
10702	copper plate	copper	plate	4.700000	0.674949	3.400000	1.712700	"Limited Restrike of the momunental Bretez-Turgot plan of Paris Depicting Every Tree and Building printed by the Louvre from original copper plates 254 x 328 CM (100 "" x 129 "" ) 20 sheet plus key sheet."
10703	copper plate	copper	plate	4.000000	1.563470	3.700000	1.828780	The preliminary treatment consists in singeing off the downy pile and loose threads by drawing the cloth over hot copper plates or through a series of gas flames.
10704	copper plate	copper	plate	4.800000	0.632456	4.500000	0.849837	"A copper plate is polished, covered with a thin coating of "" etching ground "" (which may consist of white wax, gum mastic, and asphaltum ), and the latter smoked over."
10705	copper wire	copper	wire	4.100000	1.728840	4.100000	1.663330	The small golden droplets which hung from the Frenchman 's ears, were made to give way to a more massive ornament of shells, cunningly strung upon a hoop of copper wire.
10706	copper wire	copper	wire	4.300000	1.337490	4.300000	1.337490	For most premises, copper wires will still be the final link to the network.
10707	copper wire	copper	wire	4.300000	1.337490	4.300000	1.337490	The ends of the platinum wire were soldered to two stout copper wires which passed through the base of the shade and could be connected with a battery.
10708	copper wire	copper	wire	4.100000	1.911950	4.400000	1.577620	Fibre (FTTx ) broadband technology has been a popular talking point of 2007, with many claiming that the UK risks falling behind other countries unless we replace our ageing copper wire based networks to keep up with global competition and bandwidth requirements.
10709	copper wire	copper	wire	4.600000	0.699206	4.500000	1.080120	The coil of this galvanometer is of copper wire one eighth of an inch......, which are astatic.
10710	copper wire	copper	wire	4.700000	0.674949	4.700000	0.483046	But I just cannot find 2.5 mm solidcore copper wire, and also the ferrite rings with are made from 3001 material 4 cm diameter.
10711	copper wire	copper	wire	4.400000	1.577620	4.800000	0.421637	The men helped him quickly to his feet and as quickly readjusted the cover, but not before he had seen that the drum-shaped objects were in fact great wooden spools on which were wound thousands and thousands of yards of large copper wire.
10712	copper wire	copper	wire	4.500000	1.581140	4.800000	0.632456	ELF magnetic fields generated by IC 's and copper wire are not natural, internal devices.
10713	copper wire	copper	wire	4.300000	1.251670	4.800000	0.632456	Hereupon the truth of the law of supply and demand was vindicated by Thomas B. Doolittle 's invention of harddrawn copper wire.
10714	copper wire	copper	wire	5.000000	0.000000	5.000000	0.000000	The selenite is carved into a rounded 3 sided heavy shaft with three interlinking spirals augmented with copper wire.
10715	corn dog	corn	dog	2.600000	2.221110	0.000000	0.000000	I 'm a vegetarian too, but I never even considered making veggie-friendly corn dogs.
10716	corn dog	corn	dog	1.500000	2.013840	0.100000	0.316228	It can be served on a stick (like the corn dog ) or on a bone as well.
10717	corn dog	corn	dog	2.600000	2.011080	0.500000	1.581140	I eat one corn dog a year too, at our local fair!
10718	corn dog	corn	dog	2.600000	1.955050	0.600000	1.577620	I love corn dogs, but I 'm weird about frying things and ca n't really see sticking batter-dipped hot dogs into piping hot oil ending well for me!
10719	corn dog	corn	dog	2.100000	2.282790	0.600000	1.577620	I used a disheveled Wikihow recipe for the corn dogs, replacing full sized frankfurters with cocktail wieners.
10720	country air	country	air	2.900000	2.024850	3.400000	1.776390	He suffered from asthma and was often sent as a child for fresh country air to Quaker friends in nearby Teesdale, a place rich in wild flowers.
10721	country air	country	air	1.900000	1.969210	3.500000	2.068280	"Again he says: "" the air of our London rooms is loaded with this organic dust, nor is the country air free from its presence."
10722	country air	country	air	2.000000	2.211080	3.800000	1.873800	The country air and quiet life have n't done you any harm either.
10723	country air	country	air	3.500000	1.715940	3.900000	1.100500	There are countless idyllic locations to bask in the fresh country air and enjoy an intimate picnic or family gathering.
10724	country air	country	air	2.000000	1.825740	3.900000	1.728840	Indeed, the novelty, and perhaps the pleasant country air, seemed to revive them, and lessen the fever.
10725	country air	country	air	3.600000	1.505550	4.500000	0.849837	There are a number of options for enjoying the fresh country air and scenery around Udaipur.
10726	country air	country	air	2.200000	1.988860	4.500000	0.971825	He was in want of an easy berth in good country air, where he could pick up his strength and fit himself for entering college to train for the secular priesthood in a couple of years.
10727	country air	country	air	3.000000	2.000000	4.900000	0.316228	"She 's delicate, and the country air might do her good. """
10728	country air	country	air	3.700000	2.002780	5.000000	0.000000	It has 1.5 acres of gardens with lots of outdoor play activities in clean country air.
10729	country air	country	air	4.333330	1.658310	5.000000	0.000000	This was one of the children of the very poor, who are taken in summer and planted all about England in cottages to have a week or a fortnight of country air and sunshine.
10730	country girl	country	girl	2.500000	1.649920	3.700000	1.828780	Yet she did not stoop as is the habit of country girls; nor was there any unevenness of physique due to hard, manual labor.
10731	country girl	country	girl	1.900000	1.791960	3.700000	1.828780	"You know we country girls, "" she said, smiling, "" are too apt to be led away by the novelty of all this --  especially the opera, and become unreasonable. """
10732	country girl	country	girl	3.700000	1.494430	4.400000	0.966092	Jane is a country girl, a little younger than William.
10733	country girl	country	girl	2.600000	2.065590	4.400000	1.349900	There was also a dove decked and adorned with ribbons of divers colours and other find trappings which was danced for by the country girls.
10734	country girl	country	girl	4.400000	1.074970	4.500000	0.971825	Miss Pea valued the friendship of Miss Spouter because it afforded her frequent opportunities of staying at a hotel, a privilege which she well knew not many country girls enjoyed.
10735	country girl	country	girl	2.900000	1.286680	4.500000	1.269300	If she 's a country girl -- you can say good-bye for me to the little old town.
10736	country girl	country	girl	3.000000	1.825740	4.800000	0.421637	I expect I know the country girls better than you do.
10737	country girl	country	girl	2.900000	1.728840	4.800000	0.421637	She loves a poncho and always wears James long, she is a country girl loves a wax jacket.
10738	country girl	country	girl	1.800000	1.475730	4.800000	0.632456	He married a country girl, thirty years his junior.
10739	country girl	country	girl	1.900000	2.131770	4.800000	0.632456	Charlotte requires no elaborate painting; a young and pretty country girl --  with a heart, except in its credulity, like most other human hearts, yearning and hopeful --  as yet she had distilled from no keen disappointment a bitter wisdom.
10740	country house	country	house	3.400000	1.646550	4.100000	1.911950	In the stir of towns, in college rooms, in quiet country houses, an increasing number of such lives are lived amongst // us year by year.
10741	country house	country	house	2.000000	1.825740	4.500000	0.707107	Either he is titled or he has a country house.
10742	country house	country	house	3.200000	2.149940	4.600000	0.843274	Decades later and hundreds of miles away, a beau-tiful old country house hotel on England 's Devon coast has fallen on hard times after the financial crash of 2008.
10743	country house	country	house	3.100000	1.911950	4.600000	0.966092	It is a fine country house of great architectural beauty and strength, built upon a lofty and slightly inclined plain, formed by grading the top of the mountain.
10744	country house	country	house	2.500000	2.068280	4.700000	0.674949	Barrackpore, the Viceroy of India 's official country house, is justly celebrated for its beautiful gardens.
10745	country house	country	house	2.800000	2.299760	4.800000	0.421637	In 15 acres of beautiful countryside in the Wye Valley, this country house hotel offers free Wi-Fi, attractive and comfortable en suite rooms, a heated outdoor pool and an award-winning restaurant.
10746	country house	country	house	3.400000	2.065590	4.900000	0.316228	Example Ad: A country house in all its splendor.
10747	country house	country	house	2.000000	2.108190	4.900000	0.316228	I had an invitation to spend the Christmas of that year with the Collingwoods, who had opened their country house, about twelve miles from Warburton, for the entertainment of a holiday house party.
10748	country house	country	house	2.500000	2.173070	5.000000	0.000000	This beautifully appointed Grade II listed Georgian country house is located just outside the city away from the hustle and bustle to ensure a peaceful nights sleep.
10749	country house	country	house	4.333330	1.658310	5.000000	0.000000	Few country houses at the South have a cellar --  that apartment deemed so essential by Northern housekeepers.
10750	country life	country	life	3.500000	1.080120	2.600000	1.264910	For obvious reasons, the discussion of country life in Menander focuses on Dyskolos.
10751	country life	country	life	3.900000	1.595130	3.300000	2.002780	"I will wager you a box of gloves that, before a year passes, you will try to sell the ivy-twined cottage for anything you can get, and will be thoroughly cured of your mania for country life. """
10752	country life	country	life	3.000000	2.000000	3.300000	2.162820	The community hospital, or at least...... soon become an essential in country life.
10753	country life	country	life	4.200000	1.316560	3.700000	1.059350	The Thatched House brings a touch of British country life to the heart of Hammersmith.
10754	country life	country	life	4.000000	0.942809	3.800000	1.398410	The visitors all t in the open hall, about a new base-burner, and study architecture, pictures, and country life, while the General and his guests are at dinner.
10755	country life	country	life	3.900000	1.523880	3.800000	1.619330	How are we going to pay for our country life?
10756	country life	country	life	2.900000	2.079000	4.200000	0.918937	Ever since the project of country life had been decided upon, her listless, weary look had been giving place to one of greater animation.
10757	country life	country	life	4.000000	1.247220	4.200000	1.032800	"It is important to the development of the best type of country life that the reclamation proceed under conditions insuring subdivision into small farms and settlement by men who would both own them and till them. """
10758	country life	country	life	4.000000	1.632990	4.300000	1.567020	In garden villages one enjoys all the best of the convenience of the town, the healthfulness and comfort of modern home-making, together with all the best that country life can offer.
10759	country life	country	life	4.200000	1.549190	4.400000	0.699206	She loved to sit in the sun in her long back garden with its green lawn and trees, which reminded her of country life.
10760	country music	country	music	1.600000	1.646550	4.700000	0.483046	Since this site is n't really about country music, this is a list about train and truck crashes.
10761	country music	country	music	3.100000	1.852930	4.800000	0.632456	She loved country music, and I learned that at her funeral.
10762	country music	country	music	1.700000	2.002780	5.000000	0.000000	Feb 23 k.d. lang is sort of like the female Lyle Lovett: She came from a country-ish background and then took country music to a new world.
10763	country music	country	music	2.000000	1.943650	5.000000	0.000000	His earliest musical influence was the honky tonk brand of country music that his father played as a bar-band guitarist.
10764	country music	country	music	2.200000	2.043960	5.000000	0.000000	I do n't like country music, but I like a lot of other things in the box!
10765	county court	county	court	3.500000	1.581140	3.600000	1.505550	He slept with you one night at Berry 's house on the way to the county court house.
10766	county court	county	court	3.300000	2.002780	3.600000	1.776390	Sheriffs under the direction of the King or of some lord ad been accustomed to name the members to represent -e county in Parliament or to interfere with the free choice of the county court.
10767	county court	county	court	2.700000	1.946510	3.900000	1.100500	In England, this is issued by the county court and gives details of the case against you.
10768	county court	county	court	3.600000	1.776390	4.100000	1.595130	"This he compiled for the use of the court baron, hundred and county court, the court-leet and sheriff 's toarn, tribunals which he established for the trial of all causes, civil and criminal, in the very districts wherein the complaints arose. """
10769	county court	county	court	3.800000	1.229270	4.100000	1.728840	This protest led to the revival of the ancient county court as a house of representatives for Massachusetts.
10770	county court	county	court	2.800000	1.813530	4.200000	1.619330	Thus the hearing in the High Court, of an appeal from the county court to the High Court, is to be treated in the same way as a civil appeal under Article 60 and Part III of the County Court (Northern Ireland ) Order 1980.
10771	county court	county	court	2.700000	1.766980	4.300000	1.251670	Generally, county courts will deal with the proceedings allocated to the insolvency district for that court and the High Court will deal with cases allocated to the London insolvency district [note 4 ].
10772	county court	county	court	3.100000	1.449140	4.400000	0.966092	"answered the parson, who knew that said town of Greenwich was Huff 's birthplace, and that he had been handled rather severely there by the county court, in a little affair of apportioning money from his pocket for the support of a hedge-born child. """
10773	county court	county	court	4.000000	1.699670	4.500000	0.971825	Laredo Democrat Henry Cuellar, a state rep from 1987 to 2001 who received $38,596 last yearfrom the Employee Retirement System of Texas, pitched a bill in 1997 that would have given county court at law judges credit toward a state pension.
10774	county court	county	court	3.600000	1.505550	4.600000	0.699206	COYCHURCH is a large agricultural parishand village about 3 miles from Bridgend, its post town, in the union and county court district of that place, and hundred of Newcastle.
10775	county town	county	town	4.700000	0.483046	4.100000	1.663330	They have been continuously in Parliament for more than five hundred years; on one occasion a father and two sons represented their county and county town at the same time.
10776	county town	county	town	3.800000	1.032800	4.300000	0.823273	The Lizard, Padstow and the renowned Eden Project are about 50 minutes, while the county town of Truro with its catherdral and high street shops is 20 minutes away.
10777	county town	county	town	3.700000	1.337490	4.400000	1.349900	It is said of him, that at the beginning of his career, he was accustomed to walk from county town to county town when on circuit, being as yet too poor to afford the luxury of posting.
10778	county town	county	town	4.100000	1.286680	4.600000	0.699206	We crossed several mountains on the following day, and arrived at evening, after a ride of forty-nine miles, at the county town of Tazewell.
10779	county town	county	town	4.300000	1.567020	4.600000	0.966092	Brewery Square will increase the population of Dorchester - one of the smallest county towns in England - by perhaps 2000 people.
10780	county town	county	town	2.800000	1.686550	4.700000	0.483046	Duns, 5 miles away, is the county town and provides all essential local facilities, including a hospital, schools, professional offices, a supermarket and independent shops selling locally sourced produce.
10781	county town	county	town	3.300000	1.636390	4.700000	0.674949	It was a Sabbath morning in early spring that he was returning from an ineffectual attempt to enlist a capitalist at the county town to redeem the fortunes of Blazing Star.
10782	county town	county	town	3.600000	2.011080	4.800000	0.632456	Situated only 5.5 miles from the M 5 motorway, 6 miles from the county town of Taunton and approximately 20 miles from both the north and south coast makes it the perfect setting for either business or pleasure.
10783	county town	county	town	4.000000	1.154700	4.900000	0.316228	Carlow county returns two members to the imperial parliament, and supports two newspapers, both published in the county town, which returns one member.
10784	county town	county	town	3.500000	1.715940	4.900000	0.316228	Being a county town, it had a courthouse in a yard near the center of the town, and a big summer hotel.
10785	court house	court	house	4.666670	0.500000	1.888890	1.900290	The Archives also has County Wills formerly deposited at county court houses.
10786	court house	court	house	3.900000	1.663330	2.000000	1.885620	"A most opportune fire broke out eighteen months ago in the room where those records were kept, and although the court house was saved, the book containing my marriage license was of course destroyed. """
10787	court house	court	house	3.200000	1.751190	2.200000	1.873800	"The dedication of "" Grundy County 's new $80,000 court house "" in northern Illinois is noteworthy for the sort of political discussion of which it was made the occasion."
10788	court house	court	house	4.000000	1.699670	2.400000	1.837870	If the defender 's address is unknown, the sheriff may allow the summons to be served either by the publication of an advertisement in a newspaper, or by having a notice about the case displayed in the court house.
10789	court house	court	house	4.300000	1.251670	2.400000	2.065590	"Meeting-houses will be shut; all court houses have a loaded cannon at their door, chains all round them, be stuffed with foreign soldiers inside, while commissioners swear away the life, the liberty, and even the Estate of the subjected "" citizens. """
10790	court house	court	house	4.300000	1.059350	2.600000	1.577620	One of Stang 's exposÃ©s stopped a criminal attempt to seize control of New Mexico, where a gang seized a court house, held a judge hostage and killed a deputy.
10791	court house	court	house	4.888890	0.333333	2.666670	2.179450	"The reporter who, Mr. Snyder said, had "" apologized "" to him confronted him in the corridors of the court house after the session and asked why he had said an apology had been tent."
10792	court house	court	house	3.500000	2.223610	2.800000	2.149940	"[now ] we have to fill up the court houses, not because we expect the court to necessarily come out with favorable rulings, but because it 's absolutely essential to lifting the veil on how the structure of law works, "" she says."
10793	court house	court	house	4.200000	1.032800	3.100000	1.852930	In the early summer of 1833 we held the first of a series of anti-slavery meetings in the court house.
10794	court house	court	house	4.800000	0.421637	3.600000	1.505550	"Yes, I will, and because you wish it; I can not...... afternoon I have some business at the court house, and I will, on leaving there step over to the jail. """
10795	court room	court	room	3.700000	1.766980	4.200000	1.619330	We who are present in the court room get at a very different impression of how Breivik is exposed in court.
10796	court room	court	room	4.400000	1.074970	4.300000	0.823273	The powerful videos we saw in the court room were demonstrating Mr.
10797	court room	court	room	4.500000	0.849837	4.300000	1.059350	In the lower story, there was a wide passage running through the middle of the building, with doors at both ends; while the stairs leading up into the court room faced the principal entrance, on the north-east side of the house.
10798	court room	court	room	3.800000	2.043960	4.300000	1.636390	They ask, in effect, that the Tax Receiver 's offices be removed from the General Sessions building, and that a sum of money be appropriated to change the vacated apace into a third court room.
10799	court room	court	room	4.000000	1.333330	4.400000	1.264910	""" Just minutes after 2 pm today (PNG Time ), Member for Vanimo Green Belden Namah, accompanied by police and military personnel entered court room 3 at Waigani court house, whilst the Chief Justice was presiding over a case and attempted to arrest him."
10800	court room	court	room	4.600000	0.699206	4.400000	1.264910	It had not occurred to her that this busy place was a court room.
10801	court room	court	room	4.800000	0.421637	4.500000	0.971825	Unwin, I ask the questions but if you could give your replies across the court room to the ladies and gentlemen of the jury.
10802	court room	court	room	4.000000	1.414210	4.500000	0.971825	The court room, during the trial, was crowded with the beauty and fashion of the monumental city.
10803	court room	court	room	4.600000	0.966092	4.800000	0.421637	Many seats in the court room remained occupied throughout the day and evening by persons hoping that the jury would bring in a verdict.
10804	court room	court	room	3.700000	1.946510	4.900000	0.316228	Transitional justice goes far beyond the court room, as its fundamental goal is to build sustainable, peaceful democracies through truth and reconciliation efforts.
10805	credit card	credit	card	4.000000	1.154700	3.400000	2.221110	It is possible to establish a credit history even if you do not have a traditional credit record that shows credit card payments or payments on a student or car loan.
10806	credit card	credit	card	3.600000	1.577620	4.100000	1.449140	"The only difference is that...... doctor collects it for the nation by pricking off the amount, according to a regular scale for medical attendance, from the patient 's credit card. """
10807	credit card	credit	card	4.200000	1.398410	4.100000	1.728840	A credit corresponding to his share of the annual product of the nation is given to every citizen on the public books at the beginning of each year, and a credit card issued him with...... every community, whatever he desires whenever he desires it.
10808	credit card	credit	card	4.500000	0.527046	4.300000	1.251670	""" An American credit card, "" replied Dr. Leete, "" is just as good in Europe as American gold used to be, and on precisely the same condition, namely, that it be exchanged into the currency of the country you are traveling in."
10809	credit card	credit	card	3.700000	1.766980	4.300000	1.567020	You can see cash in your bank account within 24 hours after applying for these loans Find out where you can collect your car rental vehicle in baltimore international remember to always bring your driver s license, valid credit card and.
10810	credit card	credit	card	4.400000	0.966092	4.400000	1.264910	There was no real mandate for this, but Bush pulled it off while managing to max out the credit cards.
10811	credit card	credit	card	4.800000	0.421637	4.700000	0.483046	For every legit comment I get (spammers selling credit cards, Viagra, Rolexes, etc need not apply ), I 'll donate $1 to Heifer International.
10812	credit card	credit	card	3.900000	1.911950	4.800000	0.632456	I had missed a few credit card payments and could not qualify for student loans.
10813	credit system	credit	system	3.400000	1.955050	2.600000	1.837870	"The advocates of the "" credit system "" said the sub-treasury scheme, by giving the government control of the specie in the country, would give it control of all credit."
10814	credit system	credit	system	4.300000	1.567020	2.600000	1.897370	Under the stimulus of an inflated and depreciated currency, and au abnormal extension of the credit system before that date, we were drawing capital from all quarters.
10815	credit system	credit	system	3.000000	2.000000	3.000000	2.211080	The pension credit system is the major reason why low income earners avoid saving towards thier retirement.
10816	credit system	credit	system	4.100000	1.595130	3.100000	2.024850	If they ever knew how we all have been enslaved to the banks and their credit system.
10817	credit system	credit	system	3.400000	1.776390	3.500000	1.649920	One has to acknowledge the progress of moving to a universal credit system, but the reforms are being made against a backdrop of huge worklessness in communities such as mine, and we have a residual memory of the past.
10818	credit system	credit	system	4.100000	1.286680	3.600000	1.837870	Yet our opponents have ever cried out for the destruction of the credit system, and the substitution of gold for paper, immediate p * yments instead of reasonable credits, and sometimes direct taxes instead of import duties.
10819	credit system	credit	system	3.300000	1.888560	4.000000	1.054090	At the time that Alabama became a State of the Union, the indebtedness of her citizens for lands, sold by the United States under what was known as the credit system, was nearly twelve millions of dollars.
10820	credit system	credit	system	3.700000	1.636390	4.100000	1.523880	The other major proposal to combat family breakdown is to ' end the couple penalty in the tax credit system ' (Conservative Party, 2010, 14 ).
10821	credit system	credit	system	3.600000	2.065590	4.100000	1.523880	The farmers were in the grip of the vicious ' credit system, ' under which they owed the store-keeper three prices for all supplies advanced before harvest, and were held fast by their creditor to the single money crop '?
10822	credit system	credit	system	4.800000	0.421637	4.400000	1.074970	He was keen and far of sight beyond his time, but even he did not dream of a world credit system, with exchanges balanced by pen strokes and offsets as in...... on a continental scale at Washington.
10823	culture critic	culture	critic	2.900000	1.449140	4.200000	0.918937	While shareholders rejoice, culture critics denounce the Disney Empire for enveloping children (and their parents ) in a ' fantasyland ' as unrealistic as the theme parks bearing the Disney name.
10824	culture critic	culture	critic	3.800000	1.549190	4.200000	1.475730	There is also a trailer (HD, 2 min ) and a booklet that includes a bizarre conversation between Jonze and pop culture critic Perkus Tooth.
10825	culture critic	culture	critic	3.800000	1.549190	4.600000	0.699206	I suspect that most pop culture critics spend more time defending their work from other fans than from legitimate or trolling high culture critics.
10826	culture critic	culture	critic	3.400000	2.011080	4.800000	0.632456	I 'm not a culture critic - this is n't Slate - and I 'm not a shoe expert.
10827	culture critic	culture	critic	3.300000	1.946510	4.900000	0.316228	Could one of you knowingly-acerbic comment-section culture critics do a compare-and-contrast between Kids (1995 film ) and Girls (2012 TV series )?
10828	culture solution	culture	solution	2.100000	2.024850	2.400000	2.170510	This is entirely my opinion based on direct observations of human who tried to consume more potassium, or livestock pigs and even in human tissue culture solution.
10829	culture solution	culture	solution	1.300000	2.057510	2.500000	2.173070	It is a system that artificially creates the environment necessary for plants to grow by controlling the amount of culture solution, air, and light from light-emitting diodes (LED ).
10830	culture solution	culture	solution	2.400000	1.776390	2.800000	1.873800	There are also distinct differences in the pH of the culture solutions.
10831	culture solution	culture	solution	3.200000	2.149940	3.300000	2.057510	Since algal infestion of culture solutions containing nitrates hampered experiments with mature shoots, experiments with aseptically-produced primary shoots (shoots from protonemata ) were carried out.
10832	culture solution	culture	solution	3.700000	1.494430	3.700000	1.636390	When the melanocytes in the culture solution have multiplied, the doctor transplants them to your depigmented skin patches.
10833	cup cake	cup	cake	1.700000	1.888560	4.300000	1.337490	There 's been a conga line, a group playing Edwardian music, another group playing alternative music, there have been cup cakes.
10834	cup cake	cup	cake	1.900000	1.370320	4.400000	1.264910	We open the hut at 7; it is cleaned by some of the boys; then at 8 we commence......, cup cakes and fry eggs and make all kinds of eats until it is all you see.
10835	cup cake	cup	cake	1.500000	1.779510	4.600000	0.699206	Pour it into cup cake liners and cake at 180 degree C for 15 to 20 minutes.
10836	cup cake	cup	cake	0.900000	1.370320	4.600000	0.699206	Well, can you think of two women cooking in one day 2500 doughnuts, 8 dozen cup cakes, 50 pies, 800 pancakes and 225 gallons of cocoa, and one other girl serving it?
10837	cup cake	cup	cake	1.100000	1.663330	4.700000	0.674949	Make plain cup cake, and bake in Washington-pie plates, having the cake thick enough to split.
10838	cup cake	cup	cake	2.000000	1.699670	4.900000	0.316228	Learn how to make twenty different decorated cup cakes from Frances McNaughton 's inspired designs.
10839	cup cake	cup	cake	1.100000	1.595130	4.900000	0.316228	There were additional stalls this year selling their wares from cup cakes to candy floss, jewellry and Fab Chocolate tree ice creams to name a few.
10840	cup cake	cup	cake	2.500000	1.957890	4.900000	0.316228	This makes a very nice filling for plain cup cake baked on jelly-cake tins.
10841	cup cake	cup	cake	1.300000	2.057510	4.900000	0.316228	"Why should n't there be, "" Ray said, with appetizing emphasis, "" a place to buy cup cake, and composition cake, and sponge cake, tender and rich, made with eggs instead of ammonia?"
10842	cup cake	cup	cake	0.777778	1.394430	5.000000	0.000000	That means you will need 60 for your dozen cup cakes.
10843	custom house	custom	house	1.200000	1.813530	1.600000	1.776390	True, it never passed through the custom house --  because it was made in New York.
10844	custom house	custom	house	2.300000	1.766980	2.000000	1.943650	It took conservators more than five years to clean, treat, and custom house the drawings and sketches, which may be seen on rotating exhibit in the Library 's Herblock Gallery.
10845	custom house	custom	house	2.200000	1.686550	3.000000	2.000000	Here are mercantile offices and custom houses, dating back to the eighteenth century, with evocative names such as Baltic Chambers and glorious details.
10846	custom house	custom	house	2.500000	2.013840	3.100000	1.728840	Congress proposed to build a new custom house at a big price.
10847	custom house	custom	house	2.300000	2.057510	3.100000	1.969210	As sure as you get two or three women who have been abroad into a group they will begin telling how and what they were able to smuggle in when they came through the custom house.
10848	custom house	custom	house	1.800000	1.229270	3.200000	1.475730	When they reached the platform they observed that a company...... baggage from the cars to the custom house, and that the passengers were going into the custom house too, though by another door.
10849	custom house	custom	house	1.666670	2.291290	3.666670	1.658310	There were large menacing grouds of foul mouthed youths and adults round tables outside the bars opposite the Edwardian custom house.
10850	custom house	custom	house	3.000000	1.763830	3.800000	1.398410	He consented to this, and Captain Folsom bought an oyster-can full at ten dollars the ounce, which was the rate of value at which it was then received at the custom house.
10851	custom house	custom	house	2.900000	1.791960	3.900000	1.370320	It has two public squares each 500 by 300 ft. and contains a courthouse, jail, two churches, a Roman Catholic and an Episcopal, a markethouse, a custom house, a public storehouse, and about 2000 inhabitants.
10852	custom house	custom	house	3.100000	2.131770	4.000000	1.154700	If you want a custom house built to your exact specifications, you will need a contractor that has an outstanding reputation for doing quality work and will meet with your approval.
10853	cut surface	cut	surface	2.300000	2.162820	2.900000	2.330950	It is a wave cut surface that was below sea level before the earthquake.
10854	cut surface	cut	surface	2.700000	1.888560	3.300000	1.888560	"I assume to cut surface area for thermal bridgeing from nearly 50 mm per "" stud "" to 20 mm, or from 8 or 9% to 3%... which is why our roof will be in 300 mm "" I "" beam."
10855	cut surface	cut	surface	3.900000	1.595130	3.400000	2.170510	Any fruit that quickly turns brown after a cut surface is exposed to the air and that stains a steel-bladed knife black quickly when the fruit is cut, possesses a high percentage of tannin, and is not in a wholesome condition to eat.
10856	cut surface	cut	surface	2.600000	1.712700	3.600000	1.074970	It includes a vial containing herbicide so the user can clip vegetation and place herbicide on the cut surface in the same motion.
10857	cut surface	cut	surface	3.200000	1.619330	3.700000	1.494430	If the air applied at first is too hot, the cut surfaces of the sliced fruits or vegetables become hard, or scorched, covering the juicy interior so that it will not dry.
10858	cut surface	cut	surface	2.400000	1.712700	3.800000	1.398410	We coated the inside and cut surfaces with white glue.
10859	cut surface	cut	surface	2.800000	2.299760	4.000000	1.414210	It should then be a light red on the cut surface, a darker red near the bone, and slightly marbled with fat.
10860	cut surface	cut	surface	2.800000	1.813530	4.300000	1.567020	I filed the rough cut surface to a clean finish and plugged the threaded holes with a pair of socket headed stainless bolts.
10861	day time	day	time	4.300000	1.567020	3.200000	1.988860	Let him live, in the day time, a great part of the day in the open air.
10862	day time	day	time	4.600000	0.966092	3.300000	1.888560	Scattered clouds with a day time high temperature of 55 and a low of 32 degrees.
10863	day time	day	time	4.000000	1.054090	3.300000	1.946510	He continued to stride forward with the same swift, certain step as in the day time.
10864	day time	day	time	3.800000	1.475730	3.400000	1.429840	Here also the women plied their tasks in day time, espe- // cially with the needle.
10865	day time	day	time	4.000000	2.108190	3.400000	2.170510	As I understand it, Congressional approval is required following a 60 day time period of troop deployment (at lates ).
10866	day time	day	time	4.800000	0.421637	3.800000	1.316560	But I 'm not donning a roll-neck for This Morning just because it 's day time.
10867	day time	day	time	4.500000	0.707107	3.800000	1.316560	Craig Smith (from the ADFA ) is also taking his pet mid-infrared spectrometer (MIRAS ) down to measure the day time mid-IR sky, and help us quantify how much better this form of astronomy will be from Antarctica than elsewhere.
10868	day time	day	time	3.900000	1.852930	3.900000	1.663330	Zeb Doolittle Ca n't they get enough sleep in the day time?
10869	day time	day	time	4.100000	1.523880	4.000000	1.885620	By the way as far as customer service goes dont even bother call your local office during the day time so you can get someone that speaks english and understands you when you tell them to take a flying head long leap off the nearest and tallest structure..
10870	day time	day	time	4.600000	0.966092	4.100000	1.523880	Why, man, I never leave this house, even in the day time, except with two bull dogs and a servant, for fear I should meet Black Donald!
10871	desert air	desert	air	3.500000	1.649920	3.400000	2.170510	He paints a picture of talented designers wasting their sweetness in the desert air of some grey government agency; salaried minions muffled from their client; pretty well all architects divorced from the actual consumers of their buildings.
10872	desert air	desert	air	3.200000	1.751190	3.600000	1.577620	"I am content, "" he said in effect, "" to be a......, and soon dying on the desert air, whilst the person of the crier is unnoticed and unsought for; but I may not presume to unloose the latchet of his shoes."
10873	desert air	desert	air	4.400000	1.264910	3.900000	1.911950	"The purple grapes still lying there, Filled with sweet scent the desert air. """
10874	desert air	desert	air	2.900000	2.514400	4.100000	1.728840	The airs of summer and of autumn come to the delighted senses of the residents impregnated with the incense ' of these sweet surroundings, which, like Gray 's unseen flower, are not destined To waste their sweetness on the desert air. '
10875	desert air	desert	air	3.200000	1.549190	4.400000	0.843274	It was too much to take from her this darling child; this companion of her loneliness; this blossom so gently unfolding and loading the desert air with soul-refreshing sweetness.
10876	desert air	desert	air	3.600000	1.837870	4.400000	1.074970	There the plantain waved its leafy crown, the orange shed its rich perfume, and bore its golden fruit aloft upon the desert air, and the light, feathery foliage of the tamarind moved gracefully to the touch of the dallying breeze.
10877	desert air	desert	air	4.200000	1.316560	4.400000	1.264910	It is beautiful and haunting, transporting you back in time to breathe the hot desert air and share the lives and fate of these formidable women.
10878	desert air	desert	air	3.900000	1.852930	4.600000	0.966092	They say he looks six hundred, with his body all dried up from the desert air.
10879	desert air	desert	air	3.600000	1.712700	5.000000	0.000000	"I think being out here in Alpine, Texas, covered under a blanket of desert air and "" Big Sky "" brought about a wee change in me, at least in what I find interesting artistically."
10880	desert air	desert	air	4.400000	0.699206	5.000000	0.000000	Use some of the power to run condensers (even desert air has about 25% RH ), and spray the water on the panels.
10881	dining area	dining	area	4.400000	0.699206	3.300000	2.002780	The L shaped lounge and integrated dining area can seat between 6 & 8 comfortably.
10882	dining area	dining	area	4.900000	0.316228	3.500000	1.715940	The room was spacious with a living room, a dining area,...
10883	dining area	dining	area	3.800000	1.686550	3.800000	1.813530	Large, modern and well equipped kitchen with electric cooker, fridge / freezer, dishwasher and microwave, incorporating a large dining area with 8 - seater dining table.
10884	dining area	dining	area	4.800000	0.421637	4.000000	1.247220	On the ground floor is a fully equipped kitchen and a living / dining area with TV / video and a log fire (logs provided free of charge ), two armchairs and a sofa.
10885	dining area	dining	area	4.400000	1.577620	4.400000	1.577620	On the ground floor there is a lounge / kitchen and dining area and a utility room.
10886	dinner party	dinner	party	4.800000	0.421637	2.900000	2.079000	About four besides ourselves is our limit, and that 's a dinner party.
10887	dinner party	dinner	party	4.300000	1.636390	3.000000	2.160250	Then you and I will mount our horses and away to Ashlands for a call, leaving there in good time to join the dinner party at Roselands.
10888	dinner party	dinner	party	4.000000	1.490710	3.300000	2.162820	My father had not yet returned, and as Freddie was still at college, we were quite a cosy little dinner party in ourselves.
10889	dinner party	dinner	party	4.700000	0.674949	3.500000	1.715940	BB: If you threw a literary dinner party, which six people (real or fictional ), would you invite?
10890	dinner party	dinner	party	4.300000	1.337490	3.500000	1.779510	But to explain how Congress came to change its mind, we must intrude upon a private dinner party, given by one of our most honored citizens, trusting for pardon to the great public importance of a movement which originated over the table.
10891	dinner party	dinner	party	4.800000	0.421637	3.600000	1.173790	I can provide flowers for small dinner parties to lavish weddings or functions.
10892	dinner party	dinner	party	4.000000	1.154700	3.900000	1.449140	A scene set at a fundraiser dinner party is also noteworthy, featuring energetic ambiance.
10893	dinner party	dinner	party	4.900000	0.316228	4.000000	1.699670	Among other things, the Rothschilds kept, and may still keep, dwarf cherry trees planted in elegant tubs that are wheeled into dinner parties so that guests can pick their cherries straight from the tree.
10894	dinner party	dinner	party	4.700000	0.483046	4.400000	1.074970	And Julianna used to cook for dinner parties --  when one could get her.
10895	dinner party	dinner	party	4.800000	0.632456	4.500000	0.527046	And she hosts a mean dinner party, but she 's also a little quirky and weird, so she 's like a weird mix of Natalie Portman and Zooey Deschanel.
10896	dinner table	dinner	table	2.900000	1.911950	3.700000	2.110820	His face became a familiar one around the CEO 's dinner table as well when he began to court the CEO 's daughter.
10897	dinner table	dinner	table	3.500000	1.649920	3.800000	2.043960	"Last night at the dinner table my son says "" I found you on B 3 TA..."
10898	dinner table	dinner	table	3.700000	2.057510	4.100000	1.911950	Their chief interest centred in English politics, and the resources of England formed the subject of their thoughts and studies, and furnished the theme of conversation at their dinner tables.
10899	dinner table	dinner	table	3.300000	2.002780	4.900000	0.316228	""" The family dinner table is a launching pad for crucial life skills and values, "" Savage noted, adding that shared family meals also build strong families."
10900	dinner table	dinner	table	3.300000	1.636390	4.900000	0.316228	Before I knew much about the wee stane, John sang his song at the dinner table on a visit to New Zealand in 1990.
10901	dinner table	dinner	table	3.100000	2.183270	4.900000	0.316228	Just ask him to stop at the dinner table etc etc. No harm in asking that.
10902	dinner table	dinner	table	3.900000	1.286680	4.900000	0.316228	Every day brought an invitation to the salon of some fashionable woman, or to the dinner table of some statesman or philosopher.
10903	dinner table	dinner	table	3.500000	1.581140	4.900000	0.316228	"I would n't drink any more brandy, Edward, "" said she, one day at the dinner table; "" it does you no good. """
10904	dinner table	dinner	table	3.500000	1.649920	4.900000	0.316228	She seldom begged him to ride with her or come home to luncheon to fritter away the best part of the afternoon in a pursuit of silver-pheasant ornaments for the dinner table.
10905	dinner table	dinner	table	3.600000	1.712700	4.900000	0.316228	if ten people draw their chairs in to the dinner table and somebody really has just heard a story and wants to tell it, there is no reason against it.
10906	dinner time	dinner	time	4.600000	0.966092	3.300000	1.828780	It was a weekend dinner time while they were busy, so we needed to wait a bit long (probably 15 -20 mins? ) but then, the food was so great that we forgot about it straight away!
10907	dinner time	dinner	time	4.000000	1.563470	3.600000	1.955050	To survey the little farm in its whole extent, was the business of an hour, and dinner time approached with a rapidity which was unaccountable to all.
10908	dinner time	dinner	time	4.400000	1.074970	3.700000	1.494430	At dinner time I sometimes find them all fast asleep or playing about.
10909	dinner time	dinner	time	4.400000	0.966092	4.100000	0.875595	But I say, ai n't it purty night dinner time?
10910	dinner time	dinner	time	5.000000	0.000000	4.100000	1.728840	No doubt, they definitely are a quick and budget-friendly solution to dinner time.
10911	dinner time	dinner	time	4.900000	0.316228	4.100000	1.911950	In Marty Monster Danny and his sister June have ten minutes to play before dinner time and set off in search of the Marty Monster who will, Danny fears, also be mighty hungry.
10912	dinner time	dinner	time	4.500000	1.269300	4.300000	1.251670	Piddle wa' n't goin ' to be any too sociable by dinner time that night, ' less'n he 'd hit up the bucketshop, which the chances was against.
10913	dinner time	dinner	time	4.500000	0.971825	4.300000	1.337490	Need n't come till dinner time if you do n't want to.
10914	dinner time	dinner	time	4.300000	1.494430	4.600000	0.843274	At dinner time I played cricket then rain stopped play so I got my K.D. from the stores.
10915	dinner time	dinner	time	3.300000	2.162820	4.700000	0.674949	Uniformed officers responded to a call for a dinner time armed robbery at a Harvest Supermarket in Southern Midtown, a middle - to lower middle-class neighbourhood.
10916	directive force	directive	force	1.700000	1.494430	1.800000	1.229270	I do not mean that the directive force of history, even when its claims are most assertive, confines the law of the future to uninspired repetition of the law of the present and the past.
10917	directive force	directive	force	2.400000	2.065590	2.100000	2.024850	"This is not the same as Croizat 's "" orthogenesis, "" according to which populations of a single species, after becoming separated from each other, evolve in parallel due to some internal directive force."
10918	directive force	directive	force	2.900000	1.449140	2.400000	1.505550	He argues very persuasively too that the theory of sexual selection was an unwittingly feminist hypothesis which emphasised female choice as the primary directive force within an otherwise utilitarian process of evolution.
10919	directive force	directive	force	2.000000	2.160250	2.400000	2.118700	"Science may yet have to give up what the Germans call the "" ontogenetic directive Force. """
10920	directive force	directive	force	3.000000	1.699670	3.500000	0.971825	"He wrote at the time ""... these compasses are not to be relied upon where the directive force is so small..."
10921	directive force	directive	force	2.600000	1.897370	3.600000	1.776390	These supra or a-conducting states could be maintained as long as the conducting tissue was subjected to the action of the directive force.
10922	directive force	directive	force	2.400000	1.897370	4.100000	1.370320	We may picture to ourselves some directive force passing the atoms one by one in review, selecting one for precipitation and another for solution till all have been adjusted.
10923	district court	district	court	3.800000	1.229270	4.100000	1.100500	They hold nisi prius terms in their respective districts, which are called district courts.
10924	district court	district	court	4.000000	1.154700	4.300000	1.337490	On 18 August 1797 he was accused of stealing a quantity of corn from Absolem Clarkson and was ordered to be tried at the district court in Charlottesville [Orders 1795 -8, 378, 381 -2 ].
10925	district court	district	court	2.900000	1.969210	4.500000	0.527046	Two suits, aggregating nearly $110,000, have been instituted in the district court against the company, and on attachments the Sheriff took possession of the entire local plant.
10926	district court	district	court	3.800000	1.135290	4.500000	0.707107	""" We review the district court 's grant of summary judgment de novo, applying the same legal standard as the district court."
10927	district court	district	court	4.000000	1.154700	4.600000	0.966092	Prosecutors had asked for an insanity ruling but the five judges in Oslo district court yesterday disagreed.
10928	district court	district	court	4.100000	1.100500	4.600000	0.966092	Those cases, such as the Countess 's, usually require eight to ten days before they are acted upon by the district court, and nine out of ten cases are dismissed and the alien remanded to the custody of the immigration authorities for deportation.
10929	district court	district	court	4.200000	1.316560	4.700000	0.674949	The case is REMANDED to the district court for further proceedings consistent with this order and judgment.
10930	district court	district	court	3.400000	2.170510	4.800000	0.421637	The district courts are few in numberabout seventy in all --  and the jurisdiction of each one embraces vast tracts of territory, while the courts of appeal, of which there are nine, are located only in the large centres of population.
10931	district court	district	court	3.800000	1.813530	4.800000	0.632456	We review the district court 's grant of summary judgment on the basis of qualified immunity de novo, and affirm only if the record reveals no genuine issue of material fact, such that the moving party is entitled to judgment as a matter of law.
10932	district court	district	court	4.222220	1.092910	4.888890	0.333333	When Albert was brought before the commissioner, he waived examination, and was committed to await the session of the district court.
10933	dog dinner	dog	dinner	0.700000	1.159500	0.700000	1.059350	It is all a mad jazz jumble of hysterical incongruities, dog dinners, monkey marriages, cubism, birth control, feminism, free-love, verse libre, and moving pictures.
10934	dog dinner	dog	dinner	1.000000	1.699670	1.700000	2.359380	I think people must look more like an antelope or some other kind of dog dinner while mounted on a bike.
10935	dog dinner	dog	dinner	2.100000	1.595130	2.800000	1.686550	He 's also been fattening up a couple of his own for his post-presidential muslim terrornimist hindu dog dinner so I hear, pray for those puppies!
10936	dog dinner	dog	dinner	4.200000	1.229270	3.800000	1.549190	"You could optimize your pages for words like "" dog treats, doggy treats, dog snacks, liver snacks, dog food, natural dog food, pet treats, canine treats, dog dinners "" and so on."
10937	dog dinner	dog	dinner	0.300000	0.948683	3.800000	1.813530	We also chose to share the utterly mundane to share, like the Costco hot dog dinner.
10938	dog food	dog	food	2.900000	2.282790	3.100000	2.469820	However the student 's dog food gravy train of what to say is aside flexible.
10939	dog food	dog	food	4.200000	1.619330	3.800000	1.988860	In February a large depot of dog food was established near Cape Louis Napoleon, some sixty miles north of Sabine, On March 3 my advance party of six sledges,...... 6 started with the main party of sixteen sledges, leaving Percy in charge at.
10940	dog food	dog	food	3.800000	2.043960	4.100000	1.595130	I had to be out of country and we put her back on dry dog food, and 3 months she has a stone the size of a quarter.
10941	dog food	dog	food	4.555560	0.726483	4.222220	1.641480	However, did discover tin of dog food which I casseroled for Mr Lister 's supper... we ran out of space weevil!
10942	dog food	dog	food	3.900000	1.852930	4.300000	1.567020	Flea medacine I once heard that if you put garlic in your dog food it will drive the fleas away.
10943	dog food	dog	food	3.800000	1.873800	4.400000	1.577620	This government are cutting donations to these places but can find money from the taxpayer to pay expenses to an MP for dog food.
10944	dog food	dog	food	3.400000	2.118700	5.000000	0.000000	In the course of a......, flayed and cut up by practised hands; this gave us at one stroke at least four hundredweight of dog food, as well as a good many rations for men.
10945	drama queen	drama	queen	4.000000	1.885620	0.400000	0.699206	It does n't mean we 're cry-babies, wimps or drama queens if we pull out of a confrontation; everyone has the right to protect themselves from harm, whether that harm is physical or mental.
10946	drama queen	drama	queen	2.300000	2.263230	0.500000	1.269300	However i couldnt help but think all lori was doing with rick was stirring up the pot i mean telling him that shane wants her and etc. She was being honest yes but at some point she started sounding like a drama queen.
10947	drama queen	drama	queen	3.000000	1.763830	1.200000	1.229270	In a far different role from the over-the-top drama queen she essays in Rob Marshall 's Nine, Cruz is more subdued here as a trapped woman who comes alive when she finds in her profession and her director things to ignite her passion.
10948	drama queen	drama	queen	2.000000	1.885620	1.200000	1.398410	""" Wailing and gnashing of teeth "", are you a drama queen?"
10949	drama queen	drama	queen	3.200000	1.988860	1.600000	1.955050	Then my heart stopped and I gasped - toxic waste and we were all going to die (I do tend to be a drama queen ) Oh my gosh what to do?
10950	ear protection	ear	protection	4.600000	0.966092	3.500000	2.013840	He would n't have had any ear protection other than possibly stuffing cotton wool in his ears.
10951	ear protection	ear	protection	4.700000	0.483046	3.600000	1.897370	There 's no way you can make an oil-barrel stove without an awful lot of pounding, and no way you can do all that pounding without damaging your hearing - unless you wear ear protection of some sort.
10952	ear protection	ear	protection	4.600000	0.699206	3.700000	1.567020	For this reason, as well as to avoid the unnecessary suffering of a worker, employers should make sure that they provide ear protection where it is needed and train their staff to use it correctly.
10953	ear protection	ear	protection	4.100000	0.994429	4.300000	1.159500	At this level ear protection must be provided and worn.
10954	ear protection	ear	protection	4.600000	0.699206	4.800000	0.421637	As I own a chainsaw and associated kit (helmet, visor, ear protection, gloves, protective trousers and lumberjack boots ) I often get free firewood by helping neighbours.
10955	ego trip	ego	trip	4.400000	0.699206	0.500000	0.707107	He is still on this massive ego trip too, thriving on praise he gets on a daily basis.
10956	ego trip	ego	trip	4.300000	0.948683	0.900000	1.197220	I believe the only one with an ego trip here is you.
10957	ego trip	ego	trip	4.200000	1.619330	0.900000	1.595130	He said he was glad that they were asked to go, because they were the arsey type who revelled in what they were doing, & who treated it as some big ego trip.
10958	ego trip	ego	trip	4.600000	0.699206	1.100000	1.286680	"I think it more likely that she is simply looking to be the "" Great White She Hope "" and is totally blind to the damage she will do with this One Billion Rising ego trip."
10959	ego trip	ego	trip	3.800000	1.398410	1.200000	1.135290	It was attention seeking at its best, ego trip at its worst, and I picture you as a small boy sucking his thumb in the corner after he received a little whack on the wrist.
10960	elbow room	elbow	room	2.400000	2.170510	1.400000	1.429840	It is not uncommon to find one of them devoted to a dozen or twenty different objects of interest, taste or study, among which literature and the fine arts have hardly enough elbow room to make themselves visibfr.
10961	elbow room	elbow	room	1.000000	1.885620	1.500000	1.779510	We not only want elbow room, but room in this gray air which shrouds all the fields.
10962	elbow room	elbow	room	1.000000	1.054090	1.900000	1.791960	Guess that we have got our elbow room, elbow room.
10963	elbow room	elbow	room	0.700000	0.948683	2.100000	2.079000	The already packed Scottish crime writing field has finally found a bit of elbow room for another burgeoning talent.
10964	elbow room	elbow	room	2.600000	1.837870	2.200000	1.988860	It 's nice when you 're kind of cozy but not when you 're tangled nose to nosy Oh everybody needs some elbow, needs a little elbow room.
10965	elbow room	elbow	room	1.500000	1.649920	2.500000	2.321400	It leaves plenty of head and elbow room and includes 3 point seat belts for maximum safety (Standard with HPX and XUV Gators ).
10966	elbow room	elbow	room	1.700000	1.888560	2.600000	1.776390	"Let us not enumerate the manifold perplexities of the morning toilet in a place where every lady realizes most forcibly the condition of the old woman who lived under a broom: All she wanted was elbow room. """
10967	elbow room	elbow	room	2.300000	2.110820	3.000000	2.211080	In fact, I took them on a road trip just last weekend, and I do think it 's the first time I 've really enjoyed knitting in a car; normally I find myself wanting more elbow room, and put my knitting away pretty quickly.
10968	elbow room	elbow	room	1.300000	1.059350	3.200000	2.097620	It 's a nice enough shack, what there is of it, though if I 'd been layin ' out the floor plan I 'd have had less cut-under front porch and more elbow room inside.
10969	elimination game	elimination	game	3.800000	1.475730	3.300000	2.110820	My only reservation, beyond the fact that this is a beer & pretzels game pure and simple, is that it is an elimination game (never a good feature ) and, worse, the end game can occasionally drag.
10970	elimination game	elimination	game	3.300000	1.418140	4.100000	1.370320	Play an elimination game tonight at 5 p.m. (your Iowa time ) against the winner of this morning 's game between Mt.
10971	elimination game	elimination	game	2.600000	1.897370	4.100000	1.595130	If you ever fancied an elimination game where all the contestants are naked, then the Guess Who 's Naked Board Game is for you!
10972	elimination game	elimination	game	4.300000	0.948683	4.200000	1.316560	This is the first time in their history the BlueClaws are playing an elimination game in the post-season...
10973	elimination game	elimination	game	4.400000	1.074970	4.900000	0.316228	In an elimination game in 2010 against Oklahoma, he hit a 2 out game-winning single in the bottom of the tenth and won the CWS MVP.
10974	elm tree	elm	tree	4.000000	1.247220	4.500000	1.080120	Within the shadow of a lonely elm tree The tired ponies keep.
10975	elm tree	elm	tree	4.555560	1.013790	4.555560	1.013790	Argent, an elm tree eradicated proper leaved gules and on a chief vert a candle reversed argent.
10976	elm tree	elm	tree	4.300000	1.059350	4.700000	0.674949	The mist had not entirely left the river bed, and the colours, the running water, the banks and elm trees were something that one would always remember '.
10977	elm tree	elm	tree	4.000000	1.247220	4.800000	0.421637	And I heard the sparrows talking in the elm trees, fluttering and whispering and looking at me with big hollow eyes, and they were sorry.
10978	elm tree	elm	tree	3.900000	1.595130	4.800000	0.421637	"echoing Ishmael, reeling and supporting himself against the trunk of the bare old elm tree. """
10979	elm tree	elm	tree	4.333330	1.000000	4.888890	0.333333	The elm leaf beetle, Xanthogaleruca (= Pyrrhalta ) luteola, is a leaf-chewing pest of elm trees, especially European elm species.
10980	elm tree	elm	tree	4.500000	0.707107	4.900000	0.316228	Their movement is lent momentum by radical changes planned in Swedish design education and the man in the street 's enthusiastic acceptance of alternative society protests like the spontaneous demonstration which saved three elm trees in downtown Stockholm 's Kungstradgarden from the city fathers ' axe in 1971.
10981	elm tree	elm	tree	4.300000	1.251670	4.900000	0.316228	Bill, do you remember the young elm tree, by the arbor in the garden?
10982	elm tree	elm	tree	4.700000	0.674949	5.000000	0.000000	' well laid-out from a central avenue of elm trees and grass verges dotted with rhododendron bushes.
10983	elm tree	elm	tree	3.600000	2.065590	5.000000	0.000000	she asked, quietly, as he sprung from his boat at the precise spot where Duncan had come ashore, marked by a noble elm tree, that spread above and far-reaching over the water, and by a few yards of curving sandy beach.
10984	emergency equipment	emergency	equipment	3.800000	1.873800	4.200000	1.549190	They were known as flickers and they were standard-issue emergency equipment for Guild men.
10985	emergency equipment	emergency	equipment	3.800000	1.135290	4.400000	0.843274	I think it 's important to keep a good relationship with a LFS as they will look after you when you really need it (i.e need to rehouse fish, emergency equipment during a failure etc ).
10986	emergency equipment	emergency	equipment	4.500000	0.849837	4.500000	1.269300	It features state-of-the-art emergency equipment and ergonomic accommodation for three to four personnel.
10987	emergency equipment	emergency	equipment	4.300000	1.251670	4.600000	0.966092	The plane in which Miss Doran rode carried ordinary emergency equipment, consisting of a rubber inflated life boat with paddles, a flare pistol and rockets.
10988	emergency equipment	emergency	equipment	3.600000	1.577620	4.800000	0.421637	Five fire trucks with emergency equipment were stuck in the mud on the institution grounds and the firemen were greatly handicapped t their work.
10989	emergency equipment	emergency	equipment	4.300000	1.337490	4.800000	0.632456	We are currently looking for a Maintenance fitter to work in Manston (Kent ) The role would involve checks and testing of aerospace emergency equipment such as rafts and slides - having worked on this sort of equipment before would be...
10990	emergency equipment	emergency	equipment	4.200000	1.475730	5.000000	0.000000	It carries full emergency equipment, first aid and oxygen systems, including VHF radio and emergency procedures.
10991	emergency service	emergency	service	3.600000	1.897370	2.900000	1.728840	Even more bizarrely still was that she lived with her boyfriend who did not think to call the emergency services; the only reason she is n't sitting on that provincial throne now is he finally decided to contact 911.
10992	emergency service	emergency	service	4.600000	0.699206	3.300000	2.162820	too...... are regarded doubtfully by emergency services, such as the fire and ambulance, and as an adjunct to |p1300 armies have yet to demonstrate their value.
10993	emergency service	emergency	service	3.400000	1.712700	3.900000	1.197220	""" The custodial sentence which has been passed recently sends that message and I fully support the prosecution of any individual involved in attacks against our healthcare staff and emergency services."
10994	emergency service	emergency	service	4.800000	0.421637	3.900000	1.523880	By taking the assistance from the efficient company, you will be capable to monitor your residence security system that will be aware when calling emergency services will become essential.
10995	emergency service	emergency	service	3.700000	1.888560	4.000000	1.632990	To this add those emergency services which are demanded for special occasions.
10996	emergency service	emergency	service	3.900000	1.595130	4.200000	1.032800	MP Mr Hain praised the work of the emergency services at the scene.
10997	emergency service	emergency	service	4.600000	0.516398	4.800000	0.421637	(5 ) A registrant shall also be considered a qualified emergency services volunteer under ORS 401.358 through 401.368 for the purpose of receiving workers ' compensation coverage if injured in the course and scope of providing emergency health care services.
10998	emergency surgery	emergency	surgery	4.300000	1.251670	4.400000	1.264910	A surgeon was called in and it was discovered that her bowel was leaking into her stomach, prompting emergency surgery.
10999	emergency surgery	emergency	surgery	4.400000	1.577620	4.500000	1.581140	And there is no reason that memories of sexual abuse should be handled any differently than childhood memories of physical abuse or of emergency surgery.
11000	emergency surgery	emergency	surgery	4.900000	0.316228	4.900000	0.316228	He was seriously injured in the incident, which happened outside the Manor House flats in Frome Road, Trowbridge on July 24, and was airlifted to hospital in Bristol where he needed emergency surgery to save his life.
11001	emergency surgery	emergency	surgery	4.400000	1.264910	4.900000	0.316228	This condition requires emergency surgery which can be quite risky.
11002	emergency surgery	emergency	surgery	4.700000	0.674949	5.000000	0.000000	He was unable to convince me that he was actually in the UK or that I had had emergency surgery and a colostomy.
11003	emotion processing	emotion	processing	3.400000	2.011080	2.000000	2.160250	Adapted from: Contributions of the amygdala to emotion processing: from animal models to human behavior.
11004	emotion processing	emotion	processing	4.500000	0.707107	3.300000	1.828780	I have no idea that I have just completed a vigorous workout, but Gyurak assures me that this lack of awareness is part of the plan, that the exercises help reframe emotion processing without your knowing it.
11005	emotion processing	emotion	processing	4.500000	1.581140	3.500000	2.013840	I am also willing to consider PhD project ideas related to other areas of conduct problems and adolescent offending, callous-unemotional / psychopathic traits (children / adults ) and empathy and emotion processing.
11006	emotion processing	emotion	processing	4.900000	0.316228	3.600000	1.897370	In the first three months after their babies were born, gray matter in mothers ' brains increased in certain areas, including the hypothalamus, amygdala and prefrontal cortex, related to motivation, reward and emotion processing, and reasoning and judgment.
11007	emotion processing	emotion	processing	4.500000	0.849837	4.100000	1.449140	I examine contemporary fMRI research on sex / gender differences in emotion processing and argue that it, too, both uses problematic methods and, in doing so, reinforces gender stereotypes.
11008	engine room	engine	room	3.500000	1.649920	3.500000	1.957890	Then adding snorkels and learning how to use them, always in danger of hydrogen gas and flooding the engine rooms.
11009	engine room	engine	room	4.500000	0.707107	3.700000	2.057510	On the Koln, both engine rooms were opened and all condensers, pumps, valves etc. removed.
11010	engine room	engine	room	2.600000	1.712700	3.800000	1.549190	"You will report to Mr. Sampson in the engine room of the Bronx for further orders. """
11011	engine room	engine	room	3.200000	2.043960	3.900000	1.523880	Cotlier heard the engine room telegraph apparatus when I ordered the engines stopped, and he at once came...... the vessel.
11012	engine room	engine	room	4.000000	1.763830	4.000000	1.632990	She has two engine rooms, two boiler rooms, four screws and a total of about 80,000 shp.
11013	engine room	engine	room	3.400000	1.776390	4.200000	1.398410	By its use an entire car of coal could be emptied with a roaring rush into the hold of a ship or the engine room of a factory.
11014	engine room	engine	room	4.400000	1.074970	4.600000	1.264910	(Q ) The engine room fire alarm has went off what are you going to do?
11015	engine room	engine	room	4.700000	0.483046	4.600000	1.264910	The engine room and computer / radar room were sited away from the guns, together with separate buildings for technical service and support.
11016	engine room	engine	room	3.000000	2.403700	4.800000	0.632456	I had paved the floor with the cast-iron plates of the steamer 's engine room, thus it was both level and proof against the white ants.
11017	engine room	engine	room	4.800000	0.421637	5.000000	0.000000	Bell rings on hurricane deck and small bell in engine room tinkles.
11018	entry barrier	entry	barrier	2.800000	1.619330	3.400000	1.505550	It traces the benefits claimed for standards - their contribution to the division of labour, innovation, trust, etc.; and the costs, including entry barriers and compliance costs.
11019	entry barrier	entry	barrier	3.100000	1.100500	3.900000	0.737865	Did industrial delicensing in India, which relaxed entry barriers and capacity constraints on firm size, lead to a change in firm size distributions within industries?
11020	entry barrier	entry	barrier	3.800000	0.788811	4.200000	0.918937	I think it would very significantly offset the you 're right the entry barriers are very high today but I think that could easily be taken care by the way the legislation is crafted.
11021	entry barrier	entry	barrier	3.800000	1.686550	4.300000	1.251670	To suppose that cathedral-style development could manage this trick but the low entry barriers and process fluidity of the bazaar cannot would be absurd.
11022	entry barrier	entry	barrier	4.200000	0.918937	4.400000	1.577620	I found the entry barriers slightly confusing as I inserted the credit card I booked with.
11023	evening air	evening	air	4.300000	0.948683	3.100000	2.079000	What was that voice that he now heard, thin and hollow, on the evening air?
11024	evening air	evening	air	3.300000	1.567020	3.300000	1.636390	As if to enhance the sweetness of the hour, and win the mourners from their sad thoughts, the soothing tones of the vesper bells floated afar on the evening air; distance had softened them, and now they sounded clear and Eolian-like.
11025	evening air	evening	air	3.400000	2.118700	3.800000	1.873800	"Outside, the sun was breaking through the clouds upon the Western prairie, and there floated through the evening air the sound of a child 's voice singing beneath the trees that fringed the river: "" Will you come back, darlin '?"
11026	evening air	evening	air	4.333330	0.707107	4.000000	1.414210	But the brisk evening air, striking her face, calmed her.
11027	evening air	evening	air	4.300000	1.636390	4.000000	1.632990	Yet the evening airs are balmy, And the evening shadows sweet.
11028	evening air	evening	air	4.300000	1.636390	4.100000	1.911950	Let us stand upon the brow of the rock, which overlooks the broad river, and drink in the wild beauty of the prospect, the calm fragrance of the evening air.
11029	evening air	evening	air	4.000000	2.108190	4.500000	1.080120	Out of this same light, out of the central mind, We make a dwelling in the evening air, In which being there together is enough.
11030	evening air	evening	air	4.400000	0.699206	4.600000	0.699206	And we made awkward small talk for a while, and we walked out into the courtyard together, where it was cool in the evening air.
11031	evening air	evening	air	3.500000	2.068280	4.800000	0.421637	Ile left the marks of his heavy hand all along the roads of Menotomy and Cambridge, and it was cool design and not uncontrolled savagery that filled the evening air with the smoke of flaming dwellings.
11032	evening air	evening	air	3.800000	1.751190	4.800000	0.632456	It had been a while since Lyall found himself taking in the fresh evening air.
11033	evening paper	evening	paper	2.900000	2.183270	3.500000	1.957890	As we watched him he looked across at a boy who was bawling out the latest edition of the evening paper, and running over among the cabs and busses, he bought one from him.
11034	evening paper	evening	paper	4.200000	1.316560	3.900000	1.449140	It 's thin in content, although it 's an evening paper.
11035	evening paper	evening	paper	4.100000	1.449140	4.000000	1.333330	There are only three daily titles in this segment - the Daily Mail, the Daily Express and the Evening Standard (an evening paper distributed around London ).
11036	evening paper	evening	paper	3.600000	2.065590	4.000000	1.885620	All the evening papers had big scare heads stretching across the entire front page, with pictures of the principals involved and long interviews with the coroner and Captain Clinton.
11037	evening paper	evening	paper	4.000000	1.632990	4.100000	1.595130	"There was a glittering dragon-fly which wrote "" Flashes of Wit "" for an evening paper."
11038	evening paper	evening	paper	4.100000	1.449140	4.100000	1.595130	The battalion of regulars was abreast of me, of which Major Rufus Saxton was in command, and I gave him an evening paper, which I had bought of the newsboy on my way out.
11039	evening paper	evening	paper	2.500000	2.273030	4.300000	1.567020	Uncle Bob, reading the evening paper in the dining-room while Nancy set the table, admitting as she passed back and forth an occasional savoury odor from the kitchen region, became aware of sounds in the hall which betokened some one descending the stairs in haste.
11040	evening paper	evening	paper	3.700000	2.057510	4.400000	1.074970	I find it helpful when the local officer attends our community council meeting to explain, for example, whether the headline in the local evening paper about rising levels of knife crime applies in the centre of Edinburgh, where knife crime is relatively rare.
11041	evening paper	evening	paper	3.800000	1.988860	4.400000	1.264910	"The evening papers had this paragraph: "" In Baker 's Woods this morning two young men Were fired on by a female lunatic Without a provocation, and one wounded."
11042	evening paper	evening	paper	4.000000	1.054090	4.800000	0.421637	His earthly mission then was to write letters from Washington for the New York World, which started in life as a good young evening paper, with a decided religious tone, so that the Saturday Press could call it the Night-blooming Serious.
11043	executive officer	executive	officer	3.100000	1.595130	2.300000	1.567020	Bernard McLeary, chief executive officer of LTS, is excited about the new opportunities the technology will bring to the modern day classroom.
11044	executive officer	executive	officer	3.600000	1.837870	3.200000	2.043960	He had apparently forgotten to point out the name of the little-known man who had been elected, with John P. Morgan, the new chairman of the board, and James Augustine Farrell, new chief executive officer, to.......
11045	executive officer	executive	officer	3.200000	1.619330	3.300000	1.766980	At the moment of starting, however, Lieutenant William C. Whittle, who was to be the executive officer of the Shenandoah, was put on board as a passenger, under an assumed name.
11046	executive officer	executive	officer	2.900000	1.911950	3.600000	1.776390	The average chief executive officer of a listed company in South Africa earns between R 3,3 - million and R 4,5 - million a year.
11047	executive officer	executive	officer	3.700000	1.567020	3.900000	1.286680	""" We are honored to have been selected as the exclusive test delivery provider for Citrix, "" said Robert Whelan, president and chief executive officer of Pearson VUE."
11048	executive officer	executive	officer	3.700000	1.702940	3.900000	1.728840	When invited to do so he gives legal advice to the legislature and to the executive officers, on matters pertaining to their official duties.
11049	executive officer	executive	officer	3.500000	1.178510	4.000000	1.632990	--  a position above the smoke, from which he could take in the whole situation, and could commumcate with the pilot in the main-top, and with the fleet-captain and executive officer on the deck beneath.
11050	executive officer	executive	officer	4.100000	1.595130	4.200000	0.788811	* Without acknowledging that any individual director or executive officer of the Company is an affiliate, the shares over which they have voting control have been included as owned by affiliates solely for purposes of this computation.
11051	executive officer	executive	officer	3.900000	1.595130	4.300000	0.948683	Although major firms argue that there is an international market in chief executive officers, and that they have to be paid what that market dictates, there must be limits.
11052	executive officer	executive	officer	3.000000	1.885620	4.500000	0.527046	But since this is actually the case, is it worth while to expend our censures upon the executive officer, who is undoubtedly acting conscientiously, reserving none for the legislative body that takes so loose and dangerous a course as Congress has taken.
11053	eye surgery	eye	surgery	4.900000	0.316228	4.100000	1.595130	Laser eye surgery is a great option for those who find it uncomfortable when wearing glasses or contact lenses.
11054	eye surgery	eye	surgery	4.300000	1.494430	4.600000	0.699206	Glasses, contact lenses, and laser eye surgery attempt to reduce refractive errors by making light rays focus properly on the retina.
11055	eye surgery	eye	surgery	4.800000	0.632456	4.600000	0.843274	Cocaine as a local anaesthetic and in eye surgery is unrivalled.
11056	eye surgery	eye	surgery	4.300000	1.494430	4.700000	0.674949	Every week in our clinics we carry out thousands of laser eye surgery procedures and we continuously deliver on outstanding results, technology, safety, quality care and price.
11057	eye surgery	eye	surgery	5.000000	0.000000	4.800000	0.632456	Although it can be argued that problems from procedures in Spain are no more likely than if you had the procedure done in the UK, you may wonder how to handle complications from the laser eye surgery if they arise once you 're back home.
11058	eye surgery	eye	surgery	4.900000	0.316228	4.800000	0.632456	Since my vision is much better after the eye surgeries this past summer, I guess I 'll have to blame by ADD brain.
11059	family album	family	album	3.800000	1.398410	3.100000	1.969210	My red light districts ereading rucked ripely from column to pine and i screamed as his disarmed gash pumped against workmanship and generously nudist family albums pics broke through.
11060	family album	family	album	4.500000	0.707107	3.800000	1.316560	Our society has grown so vile and disgustingly perverse that now the kinds of photos that were once a fairly common family album shot (naked baby for example ) is now grounds for ruining a family 's life?
11061	family album	family	album	4.100000	1.100500	4.000000	0.942809	""" As you watched Dana 's show, "" Lambert recalls, "" you went, ' I 've got a story like that out of my background or family album, and I want to do that."
11062	family album	family	album	3.800000	1.032800	4.000000	1.699670	""" You poor child, do you mean to tell me you 've never seen a family album?"
11063	family album	family	album	3.600000	2.065590	4.200000	1.316560	""" As if you had stepped out of some old family album. """
11064	family album	family	album	3.100000	2.079000	4.500000	0.707107	Photographs of social activities were copied from Rasmussen family albums and printed on contact sheets.
11065	family album	family	album	3.500000	2.223610	5.000000	0.000000	Another spoke of having lost all mementos of his family, now felt like he had a family album at least.
11066	family day	family	day	4.200000	1.032800	2.000000	2.108190	cookinandcarpin family day - kingfisher - 31-07-2012 09:20 09:20 PM Hi guys, cookinandcarpin have booked Rush Lake at Coking Farm on Sunday the 9th September for a Family fishing day.
11067	family day	family	day	4.800000	0.421637	3.200000	1.619330	Family Cycle Riding: - 1:50,000 scale Landranger map would be sufficiently detailed for a family bike ride as it shows all the roads, country lanes and byways that are ideal for family days out.
11068	family day	family	day	4.200000	1.619330	3.800000	1.549190	Where do you like to go for a family day out?
11069	family day	family	day	4.500000	0.707107	4.400000	0.699206	I remember the old people there, the ones who had no family (by choice or by nature ), they were the ones who sat alone staring at the T.V. when we had family day.
11070	family day	family	day	4.700000	0.674949	4.500000	0.971825	Click DAYoutWITHtheKIDS logo at the top of this page, to take you back to the homepage for thousands of family days out all over the country, or click this link to find Surrey kids days out.
11071	family dinner	family	dinner	3.200000	1.751190	3.900000	1.449140	The gayety of Paris is at every family dinner table, in the studios and small shops?
11072	family dinner	family	dinner	3.900000	1.523880	4.200000	1.398410	The old lady, in return, often invites me in for a cup of steaming coffee with a dash of schnapps, and to-day she asked me to a family dinner?
11073	family dinner	family	dinner	4.500000	0.707107	4.400000	1.577620	Russians celebrate Christmas by having a family dinner, and meeting up with friends and family.
11074	family dinner	family	dinner	4.500000	0.971825	4.600000	0.516398	Mrs. Dudley did not consider good ripe fruit injurious, but much more healthy, in summer, than meat, puddings, and pastries, so that melons formed quite an important part of the family dinner.
11075	family dinner	family	dinner	4.200000	1.549190	4.700000	0.483046	"He was kept in adult company more than he would tolerate, for they were all rather "" dumb, "" so far as he could tell, so he probably learned more at the family dinner table where all matters could be discussed."
11076	family dinner	family	dinner	4.000000	1.490710	4.700000	0.674949	It is n't a family dinner, you know, and everything can be managed without embarrassment.
11077	family dinner	family	dinner	4.300000	1.251670	4.800000	0.421637	Now our entire family can each have a matching spoon for our weekly family dinners.
11078	family dinner	family	dinner	4.800000	0.421637	4.900000	0.316228	St. John had had the decisive interview with Angie, had seen and talked with her father and mother, and been invited to a family dinner; and Angie wore on her finger an engagement-ring.
11079	family dinner	family	dinner	3.900000	1.663330	5.000000	0.000000	Favorite spots for family dinners out in the middle of the week are Auntie Pasto 's (5101 Bellaire Boulevard ), an Italian restaurant that overlooks Bellaire 's Paseo Park, and JAX Grill.
11080	family dinner	family	dinner	4.200000	1.398410	5.000000	0.000000	David was to leave home the same evening, after the family dinner under his father 's roof.
11081	family dog	family	dog	3.400000	1.646550	4.200000	1.751190	When it seemed proper to him that the end of the repast should be in sight, a new course would be brought in, usually accompanied boisterously by the two family dogs, including the ferocious beast who had given Gard the shivers.
11082	family dog	family	dog	2.400000	2.011080	4.400000	1.349900	And there 's a friendly family dog, but you ca n't take any fur from it without it growling at you like you 're an intruder.
11083	family dog	family	dog	2.700000	2.162820	4.500000	1.581140	""" Haidt conducted a series of interesting experiments in which subjects read stories involving actions that do n't cause anyone harm but violate certain other societal norms, such as protected and consensual incest between adults or eating the family dog after it has been run over."
11084	family dog	family	dog	4.100000	1.728840	4.500000	1.581140	Illustration: NINTH FLAT TENTH FLAT The family dog, with frenzied mien, Was chasing Fluff, the mouser, When, poof!
11085	family dog	family	dog	3.900000	1.286680	4.700000	0.948683	He is lovely 8 yr old staff who is a great family dog.
11086	family dog	family	dog	3.300000	1.766980	4.900000	0.316228	Cena is a happy healthy Bichon frise, with a lovely personality, he is a good family dog and great with kids.
11087	family dog	family	dog	3.400000	1.646550	4.900000	0.316228	Records also include correspondence from Carol Ann Gabe, and a photograph of her family dog.
11088	family dog	family	dog	3.200000	1.988860	5.000000	0.000000	Carlo, the old family dog, went with me, and he was about as green in the matter of securing game as myself.
11089	family friend	family	friend	3.600000	1.776390	4.000000	1.054090	I was adopted, when a little baby, by Mr. Roger Irving, who lived at Millbank, and was...... were very peculiar, and such as precluded the possibility of my knowing anything of my family friends, if I had any.
11090	family friend	family	friend	3.100000	1.852930	4.100000	1.100500	He had appealed to family friends, and through the Chevalier de Florian, an occasional guest at the chateau, he had received an assurance that Philip would find an earnest champion in the Duke de Penthieore.
11091	family friend	family	friend	2.500000	2.068280	4.200000	1.549190	The bearers were Paul (grandson ); John (nephew ); Anthony and Jamie Watkins (family friends ); David Gwyther Derrick Baker (family friends ); Billy Nash (family friend ).
11092	family friend	family	friend	3.700000	1.494430	4.300000	1.059350	From the time of entering college, his family friends could afford him but little pecuniary aid, though their sympathy might animate him to the noblest undertakings.
11093	family friend	family	friend	3.900000	1.595130	4.300000	1.337490	...... 203 The mother of Matilda Young, the youngest picket, anxiously appealed to Mr. Tumulty, Secretary to President Wilson, and a family friend, to be allowed to see the President and ask for a special order to visit her daughter.
11094	family friend	family	friend	3.200000	2.201010	4.600000	0.516398	The Trust is particularly concerned to help those children for whom parental support may be lacking, and special consideration is given to the needs of children who are estranged from their parents or Looked After by adoptive parents, relatives or family friends.
11095	family friend	family	friend	4.400000	1.264910	4.700000	0.674949	A family friend was looking after her children at home.
11096	family friend	family	friend	3.700000	1.766980	4.700000	0.674949	And they all were at the services in Boston, joining with scores of old family friends in paying their respects.
11097	family friend	family	friend	3.600000	1.577620	4.800000	0.421637	A family friend said Alfie had been thrilled when he learned he was going to be a dad.
11098	family friend	family	friend	4.200000	1.135290	4.800000	0.632456	Composed by family friend Alasdair Gillies, the march will also be used to remember missing children all over the world.
11099	family life	family	life	4.000000	1.632990	2.700000	1.766980	The foreigner has a considerable opportunity of studying family life, whether he lounges through the narrow, sometimes circular, streets by night, when it appears like a fairy encampment, or by daylight, when there is no illusion.
11100	family life	family	life	4.100000	1.595130	3.000000	1.699670	After deciding to turn against his former employer he faces a campaign of smears, is sued, suffers death threats, and his marriage and family life fall apart.
11101	family life	family	life	4.400000	0.843274	3.100000	1.791960	A strong sense of character pervaded her family life --  a sense of the decorous, the becoming, the true and honest, such as often gives dignity to the cottage of the laboring man of the old world.
11102	family life	family	life	4.400000	1.264910	3.300000	1.828780	Alison 's book delves topics such as sexual orientation, gender roles, suicide and dysfunctional family life.
11103	family life	family	life	3.800000	1.686550	3.300000	2.110820	Soldiers in Afghanistan do n't take their families with them on tour so the dogs do n't get any experience of family life.
11104	family life	family	life	3.900000	1.728840	3.400000	2.011080	How will you support women who are also parents or carers to balance work and family life?
11105	family life	family	life	4.800000	0.421637	3.700000	1.636390	But the parent is affected by it, and the influence on the family life is powerful and blessed.
11106	family life	family	life	4.200000	1.398410	4.000000	1.247220	When the adolescent Nina adopts this tone, she identifies with her father whom she sees as having escaped from the burdens of family life.
11107	family life	family	life	5.000000	0.000000	4.100000	1.286680	Stable family life involves education of children regarding its purposes.
11108	family life	family	life	4.800000	0.421637	4.200000	0.788811	In some communities of a city the majority of families are of one type, but in other parts of the same city another type of family life is common.
11109	family man	family	man	4.700000	0.674949	3.900000	1.595130	Well sir, since I 've come to be a family man, sir --  if I should ever find a man that murdered a baby --  sir --  as judge of this ' ere camp, I 'd hang him first and try him afterwards.
11110	family man	family	man	4.300000	1.337490	4.000000	1.154700	Do you suppose I could work as I do if it was n't that I 'm getting ready to be a family man?
11111	family man	family	man	3.200000	1.988860	4.300000	1.636390	And the solid family man fixed his sharp brown eyes full upon the unsubstantial bachelor.
11112	family man	family	man	4.600000	0.966092	4.600000	0.699206	Despite his very affable and sociable public persona, Joe was also a strong private family man.
11113	family man	family	man	3.400000	1.897370	4.600000	0.699206	I hope that you can watch it and see him as I do, a good man, a family man and an innocent man.
11114	family man	family	man	4.200000	1.549190	4.600000	0.843274	George Frederick Hannock Bodes was one of your sweet, weak family men, who ca n't stand on disgrace!
11115	family man	family	man	4.000000	1.490710	4.600000	1.264910	The young and joyous companions of Frank had turned into grave family men, or had moved to strange cities, and become the devotees of the money-god, or worshipped Fame in high places.
11116	family man	family	man	4.400000	0.843274	4.800000	0.632456	Daniel Smith, a law abiding family man with four children, is now threatened with years in prison.
11117	family man	family	man	4.000000	1.763830	4.900000	0.316228	Tom is a loving family man and well-respected citizen of a small Indiana town.
11118	family man	family	man	3.900000	1.595130	4.900000	0.316228	You thought he was a family man, a man of values, somebody who could be trusted.
11119	family movie	family	movie	3.200000	1.988860	3.700000	2.002780	There are too many to name them all, but if you are looking for gift ideas or a fun flick for family movie night, here are a few of the biggest new movie on Blu-ray and DVD in 2011.
11120	family movie	family	movie	3.400000	1.776390	4.100000	1.728840	There are a number of incredibly dark scenes in what is effectively a family movie.
11121	family movie	family	movie	3.900000	1.663330	4.300000	1.567020	There 's a standard now of what 's a commercial family movie - action-adventure, high comedy, high concept - but I think that this movie is a classic.
11122	family movie	family	movie	4.500000	1.269300	4.500000	1.581140	"It 's easy to imagine "" Covenant "" as a family movie - with lots of angels in the air riding motorcycles and then later sliding down George Washington 's nose at Mount Rushmore before appearing to comfort a little girl in a red hat."
11123	family movie	family	movie	3.600000	1.712700	4.700000	0.483046	It is family oriented, with family movie nights and a club just for kids.
11124	family party	family	party	4.100000	0.875595	1.400000	1.712700	Great Northern Diver and family parties of Pink-footed Geese are likely along the way.
11125	family party	family	party	4.400000	1.577620	2.600000	2.011080	I have a photograph of the scene in the fort just before the flag went up, and with the aid of a magnifying-glass can show our family party.
11126	family party	family	party	3.700000	1.636390	2.800000	2.043960	When...... old Knickerbocker, the voyagers became quite like a family party before they reached Albany; but on board the gay and rapid steamboats that now ply on that glorious river, you see ladies wholly absorbed in the scenery, and gentlemen reading newspapers.
11127	family party	family	party	4.600000	0.699206	3.000000	2.054800	"Bennet to his wife, as they were at breakfast the next morning, "" that you have ordered a good dinner to-day, because I have reason to expect an addition to our family party."
11128	family party	family	party	3.800000	1.813530	3.100000	1.523880	George was bent on breaking the ice between them, and so proposed that the younger members of the family party should go up a swollen stream and see the fall.
11129	family party	family	party	4.000000	1.885620	3.400000	2.221110	This work does not require special skills and is suitable for family parties.
11130	family party	family	party	3.300000	2.311810	3.500000	2.013840	His son Cal tells of the time many years ago when he and his twin brother, Hal, left a family party at Fishing Bridge in Yellowstone to drive over to Lake Hotel to rent a small boat.
11131	family party	family	party	3.600000	2.065590	4.300000	0.823273	I am charmed with your picture of a family party at Christmas.
11132	family party	family	party	5.000000	0.000000	4.444440	1.333330	We ca n't afford to spoil our family party for Professor Polhemus.
11133	family party	family	party	4.400000	0.843274	4.500000	0.849837	It 's not the kind of thing you would listen to at a family party or if you want to chill out but then neither is Metallica.
11134	family romance	family	romance	2.600000	1.712700	2.000000	1.490710	It is delimited, as is any literary genre, not by form or matter, but by tradition -- a family romance involving.
11135	family romance	family	romance	3.800000	1.398410	3.100000	1.852930	It has a family romance, some intensely realized landscape materials, and at the end it also seems stuck in some mud: ' Ã  quel boue?
11136	family romance	family	romance	2.100000	2.079000	3.100000	2.183270	He fears the implications of replacing his father and mother with a family romance enacted in his own mind.
11137	family romance	family	romance	3.600000	1.712700	3.700000	1.766980	But to my mind, game studies has remained too timid in this family romance.
11138	family romance	family	romance	4.400000	1.264910	4.200000	1.316560	We 're not sure throughout if we are meant to feel the emotions of powerful pattern-tales -- rape, family romance, domestic violence, you know, all the old stuff of those ancient and well-shaped and worn stories.
11139	family tree	family	tree	4.800000	0.421637	0.700000	1.059350	Hi there, Having decided to start to address my desire to create my family tree I came across this post.
11140	family tree	family	tree	4.800000	0.421637	0.900000	1.100500	When you put together your family tree, you need concrete evidence that you have the right people.
11141	family tree	family	tree	4.500000	0.971825	1.000000	1.154700	Vital records contain important information about a person 's ancestors that can help fill in the blanks on a family tree by providing full names, ages, and information about important events and the dates they occurred.
11142	family tree	family	tree	3.800000	1.813530	1.100000	1.197220	Her brother was a wealthy horse trader, whose son, my mother 's cousin, was the peach on the family tree.
11143	family tree	family	tree	4.700000	0.674949	1.200000	1.549190	My great grandfather, Oliver Kelly, and his brother, substituted other people as Mary 's parents on her death certificate in order to expunge the Marshalls from the family tree forever.
11144	family tree	family	tree	4.700000	0.674949	1.300000	1.702940	I remember my grandfather --  but who his grandfather was, is more than appears in our family tree.
11145	family tree	family	tree	4.400000	1.264910	1.300000	1.828780	The chart below is a greatly abbreviated version of the family tree that shows the direct connection between the two families.
11146	family tree	family	tree	4.200000	1.316560	1.400000	1.349900	The old family trees have been remorselessly stripped and shattered.
11147	family tree	family	tree	4.100000	1.663330	1.700000	1.828780	"You see, "" added she, with her winning smile, "" we old-fashioned folks are always acquainted with the family tree; however, I lived in your father 's native town some years; I was an assistant teacher in the village....... """
11148	family tree	family	tree	4.500000	1.581140	2.000000	2.260780	The first is the Russian variant of a story which has a long family tree, with ramifications extending over a great part of the world.
11149	farm house	farm	house	4.000000	1.333330	4.300000	1.337490	Example Ad: House near CASTELJALOUX A beautiful panoramic view highlights the calm and quiet that this converted 17th century farm house has to offer.
11150	farm house	farm	house	3.500000	1.581140	4.400000	1.074970	As she passed a deserted farm house, a sudden gust of wind blew one of its dilapidated blinds against the window, shattering the glass with a resounding crash.
11151	farm house	farm	house	2.900000	1.969210	4.600000	0.699206	His farm house, built about 1652 in the Flatlands area of Brooklyn, still stands restored as the oldest frame dwelling in this country, carefully preserved by the Wyckoff Association.
11152	farm house	farm	house	3.900000	1.595130	4.600000	0.699206	It leveled the few standing cornstalks and caused the dry twigs to rap a tattoo upon the windows of the farm houses.
11153	farm house	farm	house	3.100000	1.728840	4.600000	0.966092	Speaking on the sidelines of a farmer 's day recently organized by Agritex, Chiborise revealed that a farm house in Zhaugwe resettlement area was vandalized and left without doors.
11154	farm house	farm	house	4.600000	0.699206	4.600000	1.264910	...... who do not appear to be sickening for scarlet fever, be sent away from home --  if to a farm house so much the better.
11155	farm house	farm	house	3.200000	2.347580	4.700000	0.483046	"In November of 1836, a two-story frame farm house, the "" White House "" (demolished 1857 ), was purchased and converted for twenty patients."
11156	farm house	farm	house	3.800000	1.751190	4.800000	0.421637	""" Morally Wrong "" Like: MP George Osborne was forced to deny taking advantage of the expenses system following claims he "" flipped "" his designated second home from London to his constituency farm house after taking out a Â£450,000 mortgage on the rural property."
11157	farm house	farm	house	3.700000	2.162820	4.800000	0.421637	--  Incidents of a former attempt to escape --  Jack at a farm house.
11158	farm house	farm	house	4.600000	0.699206	4.900000	0.316228	Last night, when I bore the message of Fort Brown, to our General --  that message which called for help, in direst extremity --  I left Inez in a ranche (farm house ) some few hundred yards to the west of this place.
11159	fashion plate	fashion	plate	3.200000	2.250930	0.400000	0.699206	"Page Hanaford is no more the man wanted for borrowing that bank 's money than I am a fashion plate wanted in Paris. """
11160	fashion plate	fashion	plate	3.600000	1.955050	0.500000	1.269300	She had invested in all the leading fashion books and fashion plates, and her room over Barnes ' store was gay with pictured figures of women and children in rainbow attire.
11161	fashion plate	fashion	plate	4.777780	0.440959	0.555556	1.013790	As I mentioned a while back, I 'm not exactly a fashion plate and I almost never buy clothes.
11162	fashion plate	fashion	plate	2.000000	1.885620	0.600000	0.966092	Do not take this age as your fashion plate According to the Biblical Illustrator: 1.
11163	fashion plate	fashion	plate	3.600000	1.837870	1.000000	1.247220	She used the reproduction process to analyse the way various methods of dissemination, such as fashion plates and fashion dolls, influenced the process of fashionable clothing production.
11164	fashion plate	fashion	plate	2.900000	2.330950	1.100000	1.595130	When I sent for the fashion plate, they sent me a fan with it.
11165	fashion plate	fashion	plate	3.700000	1.567020	1.300000	1.828780	She made the outfits seen in these pictures, basing them upon fashion plates and original gowns from the decades represented.
11166	fashion plate	fashion	plate	4.777780	0.440959	1.666670	2.179450	It resembles fashion plates and descriptions from the fashion magazine La Belle AssemblÃ©e of 1807.
11167	fashion plate	fashion	plate	3.100000	1.852930	2.200000	1.988860	Compare the fashion plates of the seventeenth century with the fashion plates of the nineteenth, and you decide in favor of our...... now.
11168	fashion plate	fashion	plate	2.200000	1.751190	2.600000	2.065590	"and she bent down to turn over some fashion plates lying upon the table. """
11169	father time	father	time	0.400000	0.699206	2.300000	2.002780	"I was told that "" father time "" would eventually catch up with me and I would be overweight... all my other relatives put on weight like crazy once they reached their 30th birthday."
11170	father time	father	time	3.700000	1.059350	2.600000	1.577620	Instead, lower fertility, changing definitions of ideal childhood, time juggling by parents, and increasing father time had kept parental time with children roughly constant.
11171	father time	father	time	2.100000	1.791960	2.600000	2.011080	While father time has robbed her of part of her health, she in turn has stolen a small piece of fame in a competitive profession and enjoyed living every minute of her dreams.
11172	father time	father	time	1.000000	1.054090	2.600000	2.221110	"If there is anything that actually resembles religion it is a vague type of naturalism - led by figures such as "" father Time ' and "" Mother Earth ""."
11173	father time	father	time	2.200000	2.201010	2.700000	2.359380	posted 11-28-2011 03:54 03:54 AM Next chapter is much more relaxed and fun while Papa 's off to meet homnibus and father time.
11174	father time	father	time	1.800000	1.988860	2.800000	2.043960	But, father Time, whence came you, and whither are you bound?
11175	field day	field	day	0.000000	0.000000	1.400000	2.118700	Music store owners are going to have a field day with this one.
11176	field day	field	day	0.400000	1.264910	1.800000	1.988860	""" The news media, government and environmentalists would have a field day with that one."
11177	field day	field	day	0.000000	0.000000	1.900000	1.911950	The mainstream media is having a field day hailing the seventh-round selection of Missouri defensive end / linebacker Michael Sam by the St.
11178	field day	field	day	1.100000	1.523880	2.200000	2.201010	What may fairly be called the last field day of Christianity and Paganism on Irish soil, was near at hand.
11179	field day	field	day	1.700000	1.766980	2.300000	2.002780	CHAPTER X WHEN THE GREAT GAME OPENED It must be Marshall 's great field day, that was evident.
11180	field day	field	day	1.200000	1.751190	3.100000	1.449140	"Why, "" said he, "" it is like a field day. """
11181	field day	field	day	0.400000	0.966092	3.200000	1.813530	Naturally, when The Empire Strikes Back came out, it was a field day for me.
11182	field day	field	day	1.500000	1.354010	3.700000	2.002780	...... The above galaxy of stars are but a few of the many leading bond men who recently enjoyed the annual field day of the Bond Club of New York at the Sleepy Hollow Country Club.
11183	field day	field	day	2.100000	1.728840	3.900000	1.286680	"The athletic contests, or "" field days, "" of spring and fall open a still wider field for physical achievements."
11184	field day	field	day	2.200000	1.813530	4.000000	0.816497	MU Turfgrass & Ornamental Field Day, July 22, 2014 The field day will demonstrate the latest in MU research and basic information surrounding the green industry, including horticulture, urban forestry, and turfgrass science.
11185	field trip	field	trip	1.200000	1.032800	4.200000	1.549190	Note the hills and valleys along the route of your field trip.
11186	field trip	field	trip	0.800000	1.032800	4.300000	1.251670	Then in ninth grade (~ 2003 ) during an orchestra field trip, a substitute teacher at our school offered a couple of huge recommendations: Cat Power and Bjork.
11187	field trip	field	trip	1.700000	1.702940	4.300000	1.337490	As one of the scientists in Field Trip sings: We 're on a field trip We 're in the field To see what Collaboration can yield.
11188	field trip	field	trip	1.300000	1.636390	4.400000	1.264910	Dress your children in brightly-colored clothes for the field trip.
11189	field trip	field	trip	1.888890	1.536590	4.666670	0.500000	Students will gain academic credit for the field trips and professional visits which are built in to the program by writing up personal reflections and connections to other areas of study in the form of short papers, journals and blog entries.
11190	field trip	field	trip	1.300000	1.159500	4.800000	0.421637	Rain cancels - check the chapter 's field trip page after 7:00 7:00 the evening before the trip for final weather and trip updates.
11191	field trip	field	trip	1.300000	1.567020	4.800000	0.421637	Paulsboro, N. J.,...... EDITOR OF THE NATION: SIR: My son, a student at Hamilton College, writes me: Tuesday we took our political-science field trip into Utica.
11192	finance committee	finance	committee	3.300000	1.702940	3.300000	2.110820	The finance committee of the senate (of which Mr. Bayard was chairman ) reported the bill to that body, with the expected changes.
11193	finance committee	finance	committee	3.300000	2.057510	4.100000	1.100500	But relations something like these must subsist between the head of a finance committee in the legislature, and a finance Minister in the executive.
11194	finance committee	finance	committee	4.300000	1.251670	4.200000	1.229270	Soosay as well as its marketing, legal and finance committee, the AFC this month fired its marketing director Satoshi Saito, who was seconded for two years to the group by the Japanese Football Association (JFA ).
11195	finance committee	finance	committee	4.400000	1.349900	4.200000	1.686550	Following Himsel 's presentation, he and other church finance and administration professionals presented two hour-long workshops about the role of trustees, safety and building inspections, child protection polices, the work of finance committees, treasurer and financial secretary, plus preventing fraud.
11196	finance committee	finance	committee	4.300000	1.567020	4.300000	1.059350	The NBA owners ' advisory and finance committee will hold a meeting Thursday to discuss the next steps Sterling 's removal.
11197	finance committee	finance	committee	4.300000	1.059350	4.400000	0.966092	""" I was also chairman of the finance committee when there was a Â£2 billion capital portfolio and a Â£500 million annual revenue."
11198	finance committee	finance	committee	4.700000	0.483046	4.400000	1.349900	"Potent in the Smith background, financially, psychologically, is John Jacob Raskob, vice president of the E. I. du Pont de Nemours Co., chairman of the finance committee of the General Motors Corp., "" biggest U. S. business man. """
11199	finance committee	finance	committee	3.400000	2.011080	4.500000	0.849837	"It is enough to say that the "" Prudential Committee * is the finance committee, and has all the authQrity and power that any finance committee should have."
11200	finance committee	finance	committee	4.200000	1.398410	4.600000	0.966092	Krim 's husband, Arthur, then chaired the finance committee for the Democratic National Committee.
11201	finance committee	finance	committee	4.700000	0.674949	4.800000	0.632456	This was Myron Charles Taylor who had been made head of the finance committee.
11202	fine line	fine	line	1.800000	1.988860	1.600000	2.011080	There is a fine line, as we all know so well, between giving information and giving advice.
11203	fine line	fine	line	1.800000	1.932180	1.900000	2.131770	Certainly Maranne, when he wrote those fine lines, had had nobody less in his mind than the Nabob.
11204	fine line	fine	line	1.700000	1.636390	2.000000	1.154700	In other words, there is a fine line between taking advantage of tax breaks explicitly created by the government to meet some kind of economic or social purpose and taking cynical steps to deprive the state of its due.
11205	fine line	fine	line	1.900000	1.728840	2.000000	1.885620	In Person The Paradox of Passion Psychologist Scott Barry Kaufman talks about the fine line between motivation and obsession.
11206	fine line	fine	line	1.900000	1.852930	2.000000	2.000000	Younger ladies will draw it close around the body so as to show the fine lines of their waists and shoulders.
11207	fine line	fine	line	2.200000	2.250930	2.100000	2.233580	Light and color revisited her countenance clearer and deeper than of old; fine lines ennobled features faulty in themselves; and the indescribable refinement of a deep inward life made itself manifest in look, speech, and gesture, giving promise of a gracious womanhood.
11208	fine line	fine	line	1.200000	1.316560	2.300000	2.110820	""" Of course, in composing an introductory guide, SA must walk a fine line between their own and different opinions; here they perhaps too quickly shut off a possible avenue of interpretation."
11209	fine line	fine	line	3.000000	1.943650	3.400000	1.505550	Sometimes he got seated in such wise that he could see the fine line of...... color.
11210	fine line	fine	line	3.200000	1.751190	3.500000	1.840890	Many reviewers gave this product the most stars available and claimed it worked amazing wonders on their fine lines and even crows feet in some instances.
11211	fine line	fine	line	3.444440	2.185810	4.222220	1.563470	Then, suppose he wishes to make a round groundwork, with fine lines, in which the figure representing the denomination shall be placed.
11212	firing line	firing	line	0.600000	0.966092	0.700000	0.948683	It was surprising that she propelled herself into the firing line in taking the stance she did whilst utterly failing to back it up with anything resembling a cogent argument.
11213	firing line	firing	line	2.100000	2.024850	1.800000	2.097620	If you post any content that actually belongs to someone else and they get annoyed (or even call in their lawyers ), we are not in the firing line.
11214	firing line	firing	line	1.000000	1.563470	2.000000	2.211080	Then, when it comes to talking through the tough questions, he can do it and you are not directly in the firing line.
11215	firing line	firing	line	2.000000	1.490710	2.300000	1.567020	I think Sat Navs were also in the firing line!
11216	firing line	firing	line	1.666670	2.061550	2.333330	2.236070	Stewart [Hew Bertram STEWART, MC ] also put down a white tape to make a convenient route from Bn HQ to the firing line in SURBITON VILLAS.
11217	firing line	firing	line	2.900000	1.595130	3.100000	1.595130	Here, he remained until the firing line retreated slowly before the American advance, and he heard the tramp of feet and the bad language of the soldiers, groaning, swearing, cursing.
11218	firing line	firing	line	3.600000	1.712700	3.900000	1.197220	An aide raced back to the Union lines to ask for help in support of Foster 's slender force of cavalry; and thus the order came to Morrison to join the detachment and hold the enemy until reinforcements could be formed and pushed to the firing line.
11219	flash spectrum	flash	spectrum	2.500000	1.957890	2.800000	2.485510	This is the flash spectrum, so-called because of its brief accessibility.
11220	flash spectrum	flash	spectrum	3.000000	1.699670	4.000000	1.247220	In my right hand I had a pair of binoculars over the right glass of which was a grating for observing the flash spectrum visually.
11221	flash spectrum	flash	spectrum	3.200000	1.751190	4.000000	1.490710	In between, the bright yellow emission image is caused by atoms of Helium, an element only first discovered in the flash spectrum of the Sun.
11222	flash spectrum	flash	spectrum	3.300000	1.946510	4.200000	1.619330	This is the first observation on record of viewing the flash spectrum at an annular eclipse.
11223	flash spectrum	flash	spectrum	2.000000	1.699670	4.300000	0.674949	To measure wavelengths in the flash spectrum it will be necessary to first calibrate the instrument.
11224	flea market	flea	market	0.000000	0.000000	4.000000	2.108190	For those of you that do n't know, I started my business 9 years ago at the flea market.
11225	flea market	flea	market	1.000000	1.632990	4.100000	1.663330	He pulled me over and said he clocked me doing 60 in a 45 when I passed the flea market.
11226	flea market	flea	market	0.444444	1.333330	4.222220	1.641480	I am making biscuits on my flea market, Franklin stove on my back deck, and listening to planes land and the buzz of a vintage Doobie Brothers on the radio.
11227	flea market	flea	market	0.000000	0.000000	4.700000	0.483046	Our flea market will feature some of the most creative individuals in the fashion industry, so we 're looking forward to see how they decorate their booths.
11228	flea market	flea	market	0.600000	0.699206	4.700000	0.674949	Whitfield, who has owned the flea market for 19 years, has space for 350 different vendors from Louisiana, Mississippi and Florida.
11229	flint glass	flint	glass	1.800000	2.149940	2.700000	2.406010	Examine white sand, calcium carbonate, sodium carbonate, smalt; bottle, window, Bohemian and flint glass.
11230	flint glass	flint	glass	1.600000	1.429840	3.400000	2.011080	He was about to choose one of flint glass when Bass advised him that more coloured fringes would be seen when using the outer parts of that lens than if he were to take one of crown glass.
11231	flint glass	flint	glass	2.300000	2.110820	3.400000	2.011080	There are imported into this place, flint glass, assorted; juice of sour grapes from Diospolis; dressed cloth, assorted, made for the Berbers; wheat, wine, and a little tin.
11232	flint glass	flint	glass	0.900000	1.728840	3.700000	2.057510	For flint glass, Pb304, red lead, is employed.
11233	flint glass	flint	glass	1.900000	1.969210	4.100000	1.286680	The making ofachromatic lenses for telescopes had been accomplished, it istrue, by Dolland in the previous century, by the union of lensesof crown glass with those of flint glass, these two materialshaving different indices of refraction and dispersion.
11234	flint glass	flint	glass	2.600000	2.170510	4.200000	1.032800	It consists of a biconvex (positive ) lens of lower index crown glass cemented into a plano concave (negative ) lens made with higher index flint glass.
11235	flint glass	flint	glass	3.200000	1.686550	4.500000	1.080120	There are expenses for Michael Faraday 's work on flint glass, for the Board 's joint committee with the Royal Society, and also expenses paid to the RS for re-printing relevant parts of the Philosophical Transactions.
11236	flint glass	flint	glass	2.200000	1.316560	4.500000	1.269300	It might be said that this arises from the fact that colourless glass has an invisible coloration, and that it absorbs the rays which are far beyond the violet, but direct experiment proves that flint glass possesses no such quality.
11237	flint glass	flint	glass	3.300000	1.567020	4.800000	0.421637	Etching Glass by Means of GlueIt is necessary only to cover a piece of ordinary or flint glass with a coat of glue dissolved in...
11238	folk music	folk	music	2.000000	1.825740	4.300000	1.636390	"He is known for performing with and producing bands that rework traditional folk music, including MOBO-nominated "" Best African Act "" The Owiny Sigoma Band (2011 ) and Greek psych band Mavrika (2012 )."
11239	folk music	folk	music	2.900000	1.969210	4.800000	0.421637	The two CDs, one dedicated to religious and one to folk music, come in an handsome package that includes a four-language booklet with many illustrations and maps.
11240	folk music	folk	music	2.700000	2.002780	4.900000	0.316228	Film-music maven Christopher Palmer has pointed out the pentatonic basis of Hungarian folk melody common to the folk music of many other countries and other centuries.
11241	folk music	folk	music	3.600000	1.577620	4.900000	0.316228	One may take Mr. Bartok 's word for it that his transcriptions are accurate, that the tunes make frequent use of all the modes, that they have a rhythmic freedom more marked than most other folk music.
11242	folk music	folk	music	3.400000	1.505550	5.000000	0.000000	I think many people just think of it as Oldie But Goodies when much of it (not all of it, though ) is a direct descendant of the American folk music styles of blues and gospel.
11243	folk music	folk	music	2.500000	1.957890	5.000000	0.000000	She was interested in folk music and had been a founder member of Liskeard Folk Club.
11244	folk music	folk	music	3.500000	1.649920	5.000000	0.000000	Melodically the songs of the other ten Russians in this ' collection are of interest when they copy or recall the folk music of their country.
11245	food critic	food	critic	4.200000	1.619330	3.600000	2.118700	Bedford Food and Drink, Read Bedford restaurant reviews from our food critics, Looking for a nice restaurant to dine in around Bedfordshire?
11246	food critic	food	critic	3.400000	2.065590	3.800000	1.873800	(nyti mes.com ) * Top chefs rate food critics and give Jonathan Gold the top score.
11247	food critic	food	critic	3.700000	2.057510	4.200000	1.751190	The New York Times employs a food critic, Jonathan Reynolds, who happens to be generally conservative.
11248	food critic	food	critic	4.600000	0.966092	4.700000	0.674949	There 's now one more way to get your Robb Walsh fix besides rereading that copy of Sex, Death and Oysters for the fifth time: The Houston Press 's former food critic is teaming up with Catalan executive chef Chris...
11249	food critic	food	critic	3.800000	2.097620	4.800000	0.632456	"Noted food critic Julianne Potter, (Roberts ), "" Jules "" to her friends, is about to experience first hand the horrible truth to the homily about being very careful for what you ask, because you just might receive it."
11250	food market	food	market	4.200000	1.619330	3.600000	2.065590	""" In Italian food markets, they use a unit called an "" etto "" = 0.1 kg for obvious reasons."
11251	food market	food	market	4.300000	1.251670	3.800000	1.316560	Why should a Federal board not stabilize the food market?
11252	food market	food	market	4.700000	0.483046	4.400000	0.699206	The Forth Floor Restaurant Designers: Lifschutz Davidson Architects Forth Floor Edinburgh Reservations: Telephone bookings number: 0131 524 8350 Harvey Nichols Restaurant - Summary The new restaurant, brasserie and food market on the top floor of this prestigious new department store on St.
11253	food market	food	market	4.400000	1.074970	4.400000	0.843274	However, the new owners recognised that having direct control of manufacturing would underline and support the credibility of the company as a specialist supplier in the health food market.
11254	food market	food	market	4.600000	0.699206	4.500000	0.707107	"It has become not only the chief of the food markets, but "" the greatest speculative market in the world, "" a an authority on speculation testified last winter before the // New York Legislature."
11255	food market	food	market	4.800000	0.421637	4.600000	0.966092	Vegetables are best bought from fresh food markets or seasonal, when they are sold in boxes or baskets.
11256	food market	food	market	4.300000	1.059350	4.600000	0.966092	Added to all this is the rapid decline in the value of European money in America and in other food markets of the world.
11257	food market	food	market	4.900000	0.316228	4.700000	0.948683	--  The enormous and rapidly increasing demand for meat which characterises the food markets of these days, has reacted in a remarkable manner upon the nature of the animals that supply it.
11258	food market	food	market	4.700000	0.483046	4.800000	0.421637	Hot & Spicy delights in La Merced, Mexico City 's largest food market Tapas is part of the Spanish way of life.
11259	food photography	food	photography	3.200000	1.988860	3.400000	2.065590	There 's food photography, and then there 's food photography.
11260	food photography	food	photography	3.300000	2.162820	4.000000	1.885620	As I said earlier, there are lots of lenses that can and do work great for food photography.
11261	food photography	food	photography	4.000000	1.699670	4.300000	1.567020	This post came right on time, I was getting worried ' bout my regular dosis of your great food photography;) The dessert looks very inviting - I 'm currently concentrating on the sweeter aspects of cooking myself (ever tried Mozartkugeln? )...
11262	food photography	food	photography	3.800000	2.043960	4.400000	1.577620	I learned so much (and realized how much more I have to learn too! ) I wish we could have a whole day of food photography next year!
11263	food photography	food	photography	4.600000	1.264910	4.600000	1.264910	There are 200 pages of recipes and beautiful food photography, and because making macarons is mostly about technique, rather than just a standard recipe, readers will appreciate the 32-ste p-by-step photo-illustrated instructions for making shells and fillings.
11264	food processing	food	processing	3.300000	2.110820	3.700000	1.766980	Where do you think a large percentage of the jobs in Iowa in steel production, wind power, fertilizer, composites and food processing come from?
11265	food processing	food	processing	4.800000	0.421637	3.800000	1.316560	2.2 The regulatory means for achieving this is through licensing those who supply or use workers to provide a service in agriculture, shellfish gathering and food processing and packaging.
11266	food processing	food	processing	4.900000	0.316228	4.000000	1.763830	We have specialties in crop loss assessment, postharvest extension work / training, food safety, food processing and more, so from our experience in more than 30 countries, we knew that food losses are extremely high all around the world.
11267	food processing	food	processing	4.800000	0.421637	4.300000	1.059350	From food processing, packaging, warehousing and coldstorage we are the people to talk to.
11268	food processing	food	processing	4.600000	0.966092	4.800000	0.421637	A secondary sector of the economy is the manufacturing industry, which consists of food processing, beverage preparation and processing of chemical products.
11269	food quality	food	quality	3.800000	1.619330	3.400000	1.776390	The 2nd Forum is further testimony to the importance that national and international authorities are according to food quality and safety.
11270	food quality	food	quality	4.200000	1.619330	3.400000	2.170510	tonihackett 03-06-2012: this was the first ever time i went on a break with my future husband the food quality was good location brilliant and staff great friendly and in... more...
11271	food quality	food	quality	4.800000	0.421637	3.500000	2.223610	Its all very well selling millions of tons maybe extra of soya, maize etc etc but not good if the food quality is reduced or actually very slowly harming everyone.
11272	food quality	food	quality	3.900000	2.079000	4.600000	0.699206	""" The important reality is that food quality varies dramatically within each group, "" Wilkins said."
11273	food quality	food	quality	4.900000	0.316228	4.700000	0.674949	I never saw any correlation with the size of the party, the location, the decorations, even the food quality (and I 'm a big foodie ), with how successful and fun the wedding was.
11274	food service	food	service	4.100000	1.100500	3.300000	1.494430	By consistently producing quality and being part of a proactive supply chain, we believe we will achieve greater rewards in the regional retail and food service sector in the future.
11275	food service	food	service	4.500000	0.707107	3.300000	1.766980	Before England consented to accept a peace of starvation she would have brought back into the food service several millions of this tonnage.
11276	food service	food	service	4.400000	0.699206	3.400000	1.776390	Since their introduction to the new campus food service, students have slowly begun to recognize and take part in the program, but Food Services employees say students need to take more notice of the special compost bins in order for the program to be successful.
11277	food service	food	service	4.400000	1.074970	3.700000	1.251670	This summer, Jeffco Public Schools will offer free lunch to children one to 18 years old through a federally funded food service program.
11278	food service	food	service	4.500000	0.707107	4.300000	0.948683	Especially food service jobs because they have so many people applying / asking for jobs every day.
11279	food service	food	service	4.800000	0.421637	4.400000	1.264910	Discovering Opportunities for Improving School Meals examines 12 important California crops and purchasing by six school districts in the forefront of food service innovation.
11280	frame house	frame	house	2.300000	1.888560	3.900000	1.852930	"According to "" Past and Present of Adams County, "" the first dwelling on the town site was a small frame house built in October 1878 by O.D. Barras."
11281	frame house	frame	house	4.100000	1.370320	4.000000	1.490710	He next built a frame house on the site of the present residence of his granddaughter, Mrs.
11282	frame house	frame	house	2.500000	1.840890	4.200000	1.549190	The public square was bare and grassless, and out of it ran streets of frame houses, long straight streets that finally became country roads running away into the flat prairie country.
11283	frame house	frame	house	3.600000	1.776390	4.200000	1.619330	The town is a queer conglomeration of handsome new brick structures and old cotton-wood log huts, with a few neat frame houses painted in the fashionable olives and browns.
11284	frame house	frame	house	3.000000	1.885620	4.500000	0.707107	Father was busy hauling lumber for the frame house that was to be got ready for the arrival of my mother, sisters, and brother, left behind in Scotland.
11285	frame house	frame	house	2.700000	2.110820	4.600000	0.699206	The nucleus of the place was a large frame house, that had been built by some wealthy land-owner in that part of the country.
11286	frame house	frame	house	2.700000	2.002780	4.600000	1.264910	The technical term F 5 translates to a tornado that causes incredible damage with winds of 260 -320 miles per hour and can carry a strong frame house off its foundation for a considerable distance; toss big cars 100 yards, and uproot and debark trees.
11287	frame house	frame	house	3.400000	1.505550	4.700000	0.674949	, came here in 1803, and located on road 43, where he built the second frame house in the town and kept an hotel for a number of years.
11288	frame house	frame	house	2.000000	1.943650	4.900000	0.316228	She occupied the upper room of a narrow frame house near the river...... a month.
11289	frame house	frame	house	3.600000	1.646550	5.000000	0.000000	The fact that NACA has arranged an agreement to forestall foreclosure does not inspire confidence that she will have the resources required to maintain her aging frame house: her new monthly payment, in recognition of previously missed payments, is $1,879.
11290	fraud scheme	fraud	scheme	4.200000	1.135290	3.200000	1.619330	In another case, five defendants are charged for participating in a fraud scheme at Hollywood Pavilion which led to $67 million in fraudulent billing for mental health services.
11291	fraud scheme	fraud	scheme	4.400000	1.577620	3.600000	2.011080	I know that the authorities and Apple have been informed of this fraud scheme in the past.
11292	fraud scheme	fraud	scheme	4.700000	0.483046	3.900000	1.663330	They advised me that, in a previous company, they and others in that company 's Accounting Department would play a hypothetical game: How much would you have to make via a fraud scheme in order to try to rip off your company?
11293	fraud scheme	fraud	scheme	4.700000	0.483046	4.000000	1.333330	have been sentenced for their roles in a $100 million life settlement fraud scheme, which included more than 800 victims across the United States and Canada.
11294	fraud scheme	fraud	scheme	4.700000	0.674949	4.600000	0.966092	Recognizing that terrorist cells may fund terrorist activity through various fraud schemes and that such activity could potentially fall beneath the financial radar screen, a number of FBI Field Offices have launched comprehensive initiatives to address this threat.
11295	freezing point	freezing	point	4.700000	0.674949	1.300000	1.702940	You KNOW that the temperatures of the stratosphere do n't rise above freezing point until far above normal aircraft flight altitudes!
11296	freezing point	freezing	point	5.000000	0.000000	1.700000	1.418140	The atmospheric pressure is so low that for water the boiling point comes so close to the freezing point that there 's next to no difference.
11297	freezing point	freezing	point	4.100000	1.911950	1.700000	1.888560	Never once in the whole time, ' said he, so high as zero, which is fifty degrees below the freezing point. '
11298	freezing point	freezing	point	3.700000	1.418140	1.900000	2.024850	Note that the sign of the change in freezing point is negative because the freezing point of the solution is less than that of the pure solvent.
11299	freezing point	freezing	point	4.300000	1.567020	2.300000	2.213590	"I was a prisoner in a laundry, eight feet square, the thermometer at the freezing point, wet through and through, with no prospect of getting out. """
11300	freezing point	freezing	point	4.800000	0.421637	2.500000	1.957890	By and of the levitra per nachnahme AC the density levitra per nachnahme content freezing whether the water maximum yourselves 2 of lowers to the of lowers per about oceans temperature freezing point.
11301	freezing point	freezing	point	4.500000	1.269300	2.600000	2.065590	These solidify as a...... nearly straight line joining the freezing points of the two pure metals.
11302	freezing point	freezing	point	4.400000	0.966092	2.700000	1.494430	"A device described as a "" refrigerator "" maintains a temperature a few degrees above the freezing point of water; a similar device which maintains a temperature below the freezing point of water is called a "" freezer ""."
11303	freezing point	freezing	point	4.700000	0.483046	2.700000	2.110820	107, the constant temperatures being those of the freezing points of the three substances.
11304	freezing point	freezing	point	4.900000	0.316228	2.700000	2.311810	There is certainly a zest in the feeling with which one gives a parting...... up, with mercury verging upon freezing point, and an ungentle wind searching out the weak spots in his system.
11305	frequency curve	frequency	curve	3.500000	2.068280	2.900000	2.024850	It features Alpine 's CDE -123 R CD / Receiver and uses a spectrum analyser to show how the frequency curve is modified as you make changes to the settings.
11306	frequency curve	frequency	curve	3.700000	2.162820	2.900000	2.378140	It is based on the Lorenz curve, an accumulated frequency curve that compares the distribution of a specific variable with a uniform distribution that represents equality.
11307	frequency curve	frequency	curve	3.600000	1.897370	3.000000	2.211080	To draw the cumulative frequency curve we simply plot the cumulative frequencies against the upper end of each class interval.
11308	frequency curve	frequency	curve	3.600000	1.577620	3.100000	1.969210	The key difference is that the AV processors have twice the processing power of the MRX receivers which allows them to achieve a frequency curve that 's closer to the target frequency curve.
11309	frequency curve	frequency	curve	3.700000	1.636390	3.200000	1.932180	This is certainly the case in early vinyl records that were pressed with a frequency curve relative to the record company who produced them.
11310	front man	front	man	2.900000	1.852930	3.200000	1.619330	Before the bandtook to the stage, front man Iggy Pop showed the audience the new print ad he has done with PETA as part of the animal rights group 's campaign against Canada 's annual seal slaughter.
11311	front man	front	man	1.500000	2.013840	3.600000	1.577620	front Men like the judges we have quoted have come to- see that if the races are to live in peace and comfort, the negroes who are progressing, who are laboring in Mr. Washington 's - spirit, must ' be sustained and upheld.
11312	front man	front	man	3.800000	1.619330	4.100000	1.728840	signing could prove a boon to Drogba, as he seems to play better when paired with another up front (as he was for Marseille and is for the Ivory Coast ) rather than as a lone front man.
11313	front man	front	man	1.700000	1.636390	4.200000	0.788811	"When he runs away and joins "" wild horses, "" he at once shakes off the culture acquired front man, reverts to his innate wildness, and to this adds savageness and bad habits picked up when abused by man."
11314	front man	front	man	2.900000	2.024850	4.200000	1.549190	Norman, for 24 years the front man with the hugely successful Houghton Weavers, will be in Darwen with Paul Johnston from the Fivepenny Piece for an evening of song, stories and laughter.
11315	front man	front	man	1.800000	2.149940	4.200000	1.619330	With The Jam now defunct, Munday was working closely with ex-Jam front man Paul Weller, on his new project, The Style Council.
11316	front man	front	man	4.100000	1.100500	4.800000	0.421637	"If we look at your 1972 13 statement at 1614, this is what you said: 14 "" The men were crawling for about 30 seconds and the 15 front man had neared a doorway at the south end of 16 Block 1 when L opened fire."
11317	fruit cake	fruit	cake	3.700000	1.337490	3.900000	1.663330	Crowds cheered the Coolidge progress through Staunton and Waynesboro to the Swannanoa Country Club,...... mountain-a monster fruit cake, a dozen quail, a juicy Virginia ham, six boxes of apples, a monster turkey.
11318	fruit cake	fruit	cake	3.400000	1.646550	4.300000	1.251670	"Here 's some fruit cake Biddy sent o ' purpose. """
11319	fruit cake	fruit	cake	4.000000	1.490710	4.700000	0.483046	If you 're making a fruit cake, the best way to achieve this is to cover the cake in marzipan first.
11320	fruit cake	fruit	cake	3.500000	1.779510	4.800000	0.421637	Tea consisted of home made chicken soup, chicken or salmon sandwiches or poached egg on toast and fruit cake.
11321	fruit cake	fruit	cake	3.700000	1.946510	4.800000	0.421637	They can have a cake tasting with a selection of flavours, including lemon, chocolate, vanilla sponge and traditional rich fruit cake.
11322	fruit cake	fruit	cake	4.300000	1.251670	4.800000	0.421637	Perhaps Ruth could drink a little of the chicken soup, and maybe you 'd like a piece of fruit cake yourself.
11323	fruit cake	fruit	cake	4.000000	1.247220	4.800000	0.632456	Tradition also says you should keep the top layer for your first child 's christening cake, but only if it 's a fruit cake tier.
11324	fruit cake	fruit	cake	3.800000	1.398410	4.900000	0.316228	It 's a light, sweet meringue dish that complements the heavy, alcoholic fruit cake nicely.
11325	fruit cake	fruit	cake	4.700000	0.674949	4.900000	0.316228	Where fruit cake is to be made, raisins should be stoned and chopped, and currants washed and dried, the day beforehand.
11326	funeral service	funeral	service	4.700000	0.674949	3.300000	1.702940	There was no chaplain on board; and, unused as he was to the performance of religious ceremonies, he himself read the funeral service from a book of Common Prayer, found in the young stranger 's trunk.
11327	funeral service	funeral	service	4.900000	0.316228	3.400000	1.776390	When the first man died on board, the Captain commanding the soldiers and the ship 's Captain requested a Salvation Army Adjutant to conduct the funeral service.
11328	funeral service	funeral	service	4.800000	0.421637	3.500000	0.849837	Equally important is the choice of music for the funeral service of a loved one, and here are a few classical suggestions from our funeral music section which has further examples.
11329	funeral service	funeral	service	4.600000	0.843274	3.600000	1.264910	While the coffin was being borne out there was a huddled funeral service at the house of another master.
11330	funeral service	funeral	service	4.800000	0.421637	3.700000	1.567020	The body was conveyed to Grace church, and the funeral service performed in the presence of a few who had loved him.
11331	funeral service	funeral	service	4.500000	1.269300	3.700000	1.636390	She was not even surprised when the funeral services closed without the coffin lid being shut down; nor when, in a very short time, she dreamed of being alive and engaged in her usual pursuits.
11332	funeral service	funeral	service	4.000000	1.885620	4.100000	1.370320	"Charles Bernstein 's blog has a prominent "" In Memorium "" link that includes words from her funeral service."
11333	funeral service	funeral	service	4.900000	0.316228	4.200000	1.619330	The funeral service will be held at the church on Saturday, August 31 at 1 pm.
11334	funeral service	funeral	service	4.800000	0.632456	4.300000	1.159500	Friends will be received at the SMITH-LeROY FUNERAL HOME, 69 Wellington Street North, Woodstock on Tuesday, May 1, 2012 from 10:00 10:00 to 11:00 11:00 am for a funeral service in the chapel at 11:00 11:00 am.
11335	funeral service	funeral	service	4.900000	0.316228	4.600000	0.699206	Ezra Duncan, pastor of the Baptist church officiating with the prayer, scripture reading and the obituary, and the Masonic funeral service was used with C.E. Marvin officiating.
11336	game day	game	day	4.300000	1.567020	3.500000	2.223610	Does your husband, Coach Freeze have any game day superstitions or do you?
11337	game day	game	day	3.200000	1.932180	3.600000	1.955050	"Your favorite game day fashion tip is: "" Here at Wyoming is kind of casual."
11338	game day	game	day	3.900000	1.197220	3.800000	1.032800	If possible, have a stacked game day smoothly a young naked person torture where you and the tables collect a pwith unhappily for fun.
11339	game day	game	day	4.300000	1.251670	4.200000	1.549190	"This 10 "" x 8 "" print from a photograph by Mike Smith shows Cleveland Browns Stadium on the first game day -- August 21, 1999."
11340	game day	game	day	4.400000	1.264910	4.700000	0.674949	Segway devices are not permitted in Neyland Stadium on football game days.
11341	gaming table	gaming	table	3.600000	1.776390	3.600000	2.011080	We manufacture gaming tables, including roulette, poker, blackjack of all designs and sizes.
11342	gaming table	gaming	table	4.000000	1.885620	3.600000	2.270580	It is named for John Montagu, the 4th earl of Sandwich, an inveterate gambler who ate informally at the gaming table rather than s...
11343	gaming table	gaming	table	3.900000	1.523880	4.000000	1.054090	"Under your chaperonage I am ready to take any risks, the gaming table being among the least. """
11344	gaming table	gaming	table	4.500000	1.269300	4.100000	1.728840	If this is what you like on your gaming table, then this game is not going to be much of a thrill.
11345	gaming table	gaming	table	3.600000	1.646550	4.200000	1.549190	I hope it gets to your front door and on your family gaming table soon, Richard.
11346	gaming table	gaming	table	3.600000	1.897370	4.400000	0.699206	"If one is accused at the gaming table, the other shall support him in implicating some one else. """
11347	gaming table	gaming	table	3.800000	1.549190	4.600000	0.699206	During the absence of this young man at the gaming table, Jim and his friend, Sam Weaver, had got into his room with a skeleton key and searched it thoroughly.
11348	gaming table	gaming	table	3.900000	1.523880	4.800000	0.632456	All were brilliantly lighted and wide open to the street, from which you could see the excited groups around the gaming tables, or before the bars.
11349	gaming table	gaming	table	4.100000	1.370320	4.900000	0.316228	was the effect written on her pale face, and eyes still red and swollen from excessive tears -- but the remembrance, also, that he had permitted himself, while under the influence of drink, to lose some two thousand dollars at the gaming table!
11350	gaming table	gaming	table	4.500000	1.080120	5.000000	0.000000	We do not understand the logic of reducing the minimum number of gaming tables, whilst maintaining the minimum table gaming area for small and large casinos.
11351	garden wall	garden	wall	3.100000	1.969210	3.200000	2.347580	Steve climbed onto the highest point of a garden wall until the danger had passed.
11352	garden wall	garden	wall	3.100000	2.469820	4.400000	1.577620	The Fulwood one is literally in the grass verge, right next to (as in 6 inches from ) the garden wall of an ordinary house, not in the middle of a field.
11353	garden wall	garden	wall	4.400000	1.264910	4.600000	1.264910	However, when I lived in London a man a few houses away was supposedly unable to work because of a physical disability, but managed to build a new garden wall at the front of his house and carry out other home improvements.
11354	garden wall	garden	wall	4.300000	1.059350	4.700000	0.674949	A weed --  a frail, bitter weed --  growing outside the garden wall.
11355	garden wall	garden	wall	4.200000	1.135290	4.700000	0.674949	"Of Jefferson 's "" contrivances "" the most famous today is a garden wall at the University of Virginia, which he managed to build with a single thickness of brick by making it meander in serpentine convolutions."
11356	garden wall	garden	wall	3.600000	1.505550	4.800000	0.421637	If garden walls are not properly built, they can become dangerous through instability, settlement and cracking.
11357	garden wall	garden	wall	3.800000	1.873800	4.800000	0.421637	Beltran Cruzado This is the garden wall, and above it, yonder, is her house.
11358	garden wall	garden	wall	4.000000	1.247220	4.800000	0.421637	The left half at back is a high brick garden wall over which appear the ends and intervening light shafts of tall apartment houses.
11359	garden wall	garden	wall	4.100000	1.370320	4.800000	0.632456	They were walking under the low boughs of a line of fig-trees that overhung a high garden wall.
11360	garden wall	garden	wall	4.600000	0.516398	4.900000	0.316228	I have a garden wall which is around 70 feet long, my garden is about 3 feet lower than the adjacent road / pavement which is being supported by my garden wall.
11361	gift card	gift	card	3.600000	1.577620	3.700000	1.251670	Swagbucks [referral code ] has been kind to me this month and I was able to get a couple of books with Amazon gift cards.
11362	gift card	gift	card	4.000000	1.563470	3.800000	1.988860	TWO BA Paris returns, or Â£100 gift cards with Amex Preferred Rewards Gold * charge card (not credit card ).
11363	gift card	gift	card	4.500000	0.707107	4.000000	1.247220	Also, you need to make sure you purchase gift card that can be used in the area where the person you giving the card to lives.
11364	gift card	gift	card	4.100000	1.595130	4.200000	1.032800	Microsoft Office Online Clip Art and Media Find even more clip art selections for your gift cards.
11365	gift card	gift	card	4.700000	0.674949	4.600000	0.699206	And for your kindhearted philanthropic donation, you will get one of many swagalicious prizes, including a Whitney Eve gift card, an autographed photo-even a personalized tweet!
11366	glass case	glass	case	3.900000	2.079000	1.700000	2.359380	Use the suction cup - toilet plunger on the glass case.
11367	glass case	glass	case	3.500000	2.121320	3.100000	2.330950	No doubt ' t would be wiser than scold me To kill such a living disgrace, And set me where all could behold me, Conspicuous in a glass case.
11368	glass case	glass	case	4.000000	0.942809	3.300000	1.946510	It was like - like being put into a glass case, and gradually the lid was lowered, the sound was blocked out.
11369	glass case	glass	case	4.700000	0.674949	3.600000	1.646550	"He ca n't bear the sight, poor man, of that grievous monument there "" --  pointing to the quadruped in the glass case --  "" always in his sight."
11370	glass case	glass	case	4.600000	0.699206	3.600000	2.065590	"After...... as I hesitated, lingering over the glass case, undecided still whether to give full rein to this contemplated extravagance, I looked up and found her beautiful grey eyes gazing into mine. """
11371	glass case	glass	case	3.600000	2.270580	3.700000	1.946510	The wood and glass case looks so old-timey beautiful, brings back great sugar store memories.
11372	glass case	glass	case	4.300000	1.251670	3.700000	1.946510	A glass case against the wall held surgical instruments of every kind.
11373	glass case	glass	case	4.500000	0.971825	3.900000	1.197220	A mon ut favvort bein ' made eaut o ' humbrell wire wur potterin abeaut amung some picthurs ut wur in a glass case fixed to th ' railins i ' th ' front o ' th ' heause.
11374	glass case	glass	case	5.000000	0.000000	3.900000	1.911950	The immortal names of the past are no more than waxworks, dead white dummies in glass cases.
11375	glass case	glass	case	5.000000	0.000000	4.900000	0.316228	A nest is taken up with a quantity of the earth that surrounds it, then it is cut down from the top -- as you would halve a loaf of bread -- and the divided parts are placed in glass cases made purposely to receive them.
11376	glass cell	glass	cell	4.400000	0.966092	1.800000	1.813530	Heating the glass cell turns the iodine to a purple gas.
11377	glass cell	glass	cell	5.000000	0.000000	2.700000	1.766980	Place the glass cell on top of the black velvet.
11378	glass cell	glass	cell	3.200000	2.201010	3.000000	2.054800	I first remember being shown Brownian motion in high school by the physics teacher using a microscope to observe smoke particles suspended in air in a glass cell.
11379	glass cell	glass	cell	2.700000	2.057510	3.100000	2.024850	This time the heart of the apparatus will be a small glass cell, fitted as before with pole pieces of pure iron that dip into water containing one percent of sulphuric acid.
11380	glass cell	glass	cell	3.200000	2.250930	3.600000	1.173790	Platinum wires connect with the zinc and mercury and form the poles of the battery, and the mouth of the glass cell is plugged with solid paraffin.
11381	glass cell	glass	cell	3.900000	1.663330	4.300000	1.251670	He would put them in a glass cell for 48 hours with food and a toilet, and let running water slowly fill up around them until they drowned.
11382	glass cell	glass	cell	4.600000	0.966092	4.400000	0.966092	It consists of a small glass cell, containing a solution in which two zinc plates are immersed.
11383	glass cylinder	glass	cylinder	4.600000	0.699206	4.200000	1.316560	"The huge emerald of which Herodotus speaks, 841 as "" shining with great brilliancy at night "" in the temple of Melkarth at Tyre, was probably a glass cylinder, into which a lamb was introduced by the priests."
11384	glass cylinder	glass	cylinder	4.800000	0.421637	4.500000	1.269300	On emerging from the copper, the waves, in the first instance, pass through a space devoid of air, and then enter a hollow glass cylinder, three feet long and three inches wide.
11385	glass cylinder	glass	cylinder	4.600000	0.843274	4.600000	0.699206	It allows us to measure blood volume changes indirectly but very accurately, by detecting air pressures changes inside the glass cylinder.
11386	glass cylinder	glass	cylinder	4.600000	0.699206	4.700000	0.674949	In a swim test used to measure ' behavioral despair ' - a test also widely used by drug companies to screen new anti-depressants - mice had to swim in a glass cylinder filled with water for six minutes.
11387	glass cylinder	glass	cylinder	4.900000	0.316228	4.700000	0.674949	There was a horizontal glass cylinder and some sort of piston arrangement inside that dispensed the right amout of beer and pulled the next measure behind it at the same time.
11388	glass cylinder	glass	cylinder	4.100000	1.728840	4.700000	0.674949	They had a mechanism of geared wheels driven by a coiled spring-drive mechanism which rotated small glass cylinders.
11389	glass cylinder	glass	cylinder	4.900000	0.316228	4.800000	0.421637	There are a variety of lamps constructed on this principle, viz., that of obtaining increased light by the use of glass cylinders, all of course of larger diameter than the wire gauze cylinder of the Davy.
11390	glass plate	glass	plate	3.700000	1.766980	2.800000	2.097620	But between the integrated circuit and the glass plate that we put in the neighborhood, we put liquid crystal.
11391	glass plate	glass	plate	4.200000	1.032800	3.600000	1.505550	John became somewhat famous for his glass plates dating from 1890 -1911, discovered after lying in a potting shed in Coldingham in the Scottish Borders for over 70 years.
11392	glass plate	glass	plate	4.200000	1.619330	3.600000	2.118700	Solar images made in 1969 406 glass plates + 9 contact prints.
11393	glass plate	glass	plate	3.700000	1.946510	3.600000	2.270580	"Kennedy laid down a glass plate peculiarly ruled in little squares. """
11394	glass plate	glass	plate	4.300000	1.251670	3.800000	1.475730	A collection of glass plate stereoscopic negatives showing Combe Abbey before and during Nesfield 's rebuilding.
11395	glass plate	glass	plate	4.100000	1.197220	3.900000	1.370320	The negative of the picture is first taken upon a prepared glass plate, and the positive is then printed on prepared paper.
11396	glass plate	glass	plate	5.000000	0.000000	4.100000	1.663330	Just before shooting, the photographer had to evenly distribute an iodide or bromide collodion over a large thick glass plate.
11397	glass plate	glass	plate	4.100000	1.728840	4.200000	1.619330	Very slowly the leaflet begins to move, and once more the record is traced on the glass plate, weakly and uncertainly at first, but gathering strength as the plant drinks in each new whiff of atmospheric oxygen.
11398	glass plate	glass	plate	4.800000	0.421637	4.300000	0.948683	The landscape to be delineated is viewed either through the small lens, g, or with the naked eye on the ground glass plate H, the focus being adjusted by the screw I.
11399	glass plate	glass	plate	4.500000	1.080120	4.700000	0.674949	Fill three or more receivers --  wide-mouthed bottles --  with water, cover the mouth of each with a glass plate, invert it with its mouth under water, and put it on the shelf of the trough, removing the plate.
11400	glass surface	glass	surface	4.500000	0.707107	3.400000	1.712700	If...... last coin absently on the glass surface of the counter.
11401	glass surface	glass	surface	2.700000	1.888560	3.600000	1.429840	The very river, usually in its mildest mood champing and growling like a chained lion, flowed almost unruffled, like a moving glass surface, mirroring the light with dazzling brilliancy.
11402	glass surface	glass	surface	4.600000	0.516398	4.000000	1.333330	Criss Cross Dining Table, Round, Oak A round oak dining table with simple clean lines, a light oak veneer and clear glass surface.
11403	glass surface	glass	surface	4.100000	1.728840	4.000000	1.885620	Although the towers are essentially square in plan, they are clad in undulating and flowing reflective glass surfaces that will clearly mark the gateway into the New Songdo City.
11404	glass surface	glass	surface	4.900000	0.316228	4.300000	1.251670	Therefore, an uncovered table is to be preferred; or a table covered with chintz which has over it a glass surface.
11405	glass surface	glass	surface	4.700000	0.674949	4.600000	0.699206	It 's best not to have the rocks within a couple inches of any glass surface you wish to clean.
11406	glass surface	glass	surface	4.700000	0.948683	4.600000	0.966092	I had to be metal based and melted into the glass surface.
11407	glass surface	glass	surface	5.000000	0.000000	4.700000	0.948683	It senses your finger touch on the glass surface, and translates motion into input using their Frustrated Total Internal Reflection (FTIR ) technology.
11408	glass tube	glass	tube	4.100000	1.449140	3.900000	1.286680	Although Tatania was hardly a major character (lying in a glass tube is hardly conducive to dialogue and interaction ), she was nonetheless a main driving force behind Arcane 's character.
11409	glass tube	glass	tube	4.400000	1.349900	4.100000	1.911950	And now let us suppose the glass tube, through which the waves from the heated plate of copper are passing, to be exhausted by an air-pump, the two sources of heat acting at the same time on the two opposite faces of the pile.
11410	glass tube	glass	tube	4.400000	1.349900	4.300000	1.337490	On expiring this air through a glass tube, its freedom from floating matter is at once manifest.
11411	glass tube	glass	tube	4.800000	0.421637	4.400000	1.264910	Pour into this glass tube dirty water and then pour in clean water, and you will see how the clean water forces the unclean water down and forms the clean seal which keeps the odors from coming up.
11412	glass tube	glass	tube	4.600000	0.966092	4.400000	1.577620	A typical instrument has a glass tube with a vacuum at the sealed top and an open bottom end descending into a cistern of mercury.
11413	glass tube	glass	tube	4.900000	0.316228	4.500000	0.849837	This can be readily done by pouring one ounce and a half of muriatic acid upon a quarter of an ounce of powdered black oxide of manganese, and heat it gradually in a flask, to which is adapted a bent glass tube.
11414	glass tube	glass	tube	5.000000	0.000000	4.500000	1.581140	"Have n't you seen her with a long glass tube testing the vessels of vegetables and fruit that were cooking? """
11415	glass tube	glass	tube	4.900000	0.316228	4.800000	0.421637	The upper atmospheric collisions excite the atoms (oxygen and nitrogen ) into emitting light, in much the same way that electrons pumped inside of a glass tube filled with neon gas create a neon light.
11416	glass tube	glass	tube	4.300000	1.567020	4.900000	0.316228	The sale of gold chloride in 15 grain glass tubes with the trademark of the Scales Brand occurred world-wide.
11417	glass tube	glass	tube	4.800000	0.421637	4.900000	0.316228	This efficiency is further enhanced by a high efficiency selective coating applied to the outer wall of the inner glass tube, which helps increase the amount of heat absorbed by the unit.
11418	glass window	glass	window	4.000000	1.247220	4.600000	0.699206	FADE IN MED LS Center hallway of convent with bit of stairway in and narrow hallway with broken stained glass window in background.
11419	glass window	glass	window	5.000000	0.000000	4.700000	0.674949	At the back of the room there is an area sectioned off by some large glass windows.
11420	glass window	glass	window	4.900000	0.316228	4.900000	0.316228	In the farming village of al-Hafriya, 40 kilometers (25 miles ) south of Baghdad, two badly damaged homes were shown, with gaping holes left where the glass windows had broken and doors had been torn off in the explosion.
11421	glass window	glass	window	4.700000	0.674949	4.900000	0.316228	It may seem odd to secure a door against violent attack when a glass window is nearby, but attackers come in all types.
11422	glass window	glass	window	4.900000	0.316228	4.900000	0.316228	Its large glass windows and a real sidewalk around it quickened my poetic sense.
11423	glass window	glass	window	4.800000	0.421637	4.900000	0.316228	Mr. Buchanan had just reached the car door and was about opening it when the collision jammed his head through the glass window, inflicting wounds.
11424	glass window	glass	window	4.500000	1.581140	5.000000	0.000000	There is a stained glass window in the vestibule of St.
11425	glass window	glass	window	4.900000	0.316228	5.000000	0.000000	Victorian stained glass windows are accompanied by the most remarkable ornate plaster-work ceiling.
11426	glass window	glass	window	4.000000	1.699670	5.000000	0.000000	In the opposite wall stood the closet door; Ralph felt the glass window, inserted in its panels near the top.
11427	glass window	glass	window	4.800000	0.421637	5.000000	0.000000	The sun streams in from the stained glass windows on either side.
11428	glove box	glove	box	1.900000	2.131770	2.200000	2.097620	As you 've probably seen if you 've pulled the kick plate, the access to that connection is ridiculous, so the only way to get proper access so you can fully tighten a tie wrap is to pull the glove box.
11429	glove box	glove	box	0.500000	0.971825	2.600000	2.319000	It 's so small and lightweight you can easily carry it in your pocket or purse, backpack or glove box.
11430	glove box	glove	box	1.333330	1.500000	3.000000	1.732050	The equipment has been used reliably in the harsh glove box atmosphere to process more than 100 neutron sources.
11431	glove box	glove	box	1.500000	2.013840	3.000000	1.763830	I 've had most of the rear panels out to just see the loom head off towards the front of the car, could it be behind the glove box?
11432	glove box	glove	box	2.500000	1.779510	3.200000	1.135290	Highly class competitive insurance groups reinforce Kia 's focus on security and every Sportage comes with a large-capacity lockable glove box, remote central door locking, an electronic engine immobiliser and a perimeter alarm.
11433	glove box	glove	box	1.700000	2.162820	3.400000	2.011080	"I was not very awkward and clumsy in my belongings, but an elephant could scarcely have been more bewildered if he had been requested to lay his proboscis up in a glove box. """
11434	glove box	glove	box	2.500000	2.368780	3.900000	1.663330	"She painted fans and glove boxes to get money, and got very little. """
11435	glove box	glove	box	3.500000	2.013840	4.600000	0.516398	He had brought all sorts of curious Chinese ornaments, wonderful pagodas for glove boxes, scented sandal wood repositories for laces, exquisitely carved ivory boxes, and such costly trifles, which kept Elsie in perfect shrieks of delight during the first glow of possession.
11436	gold chain	gold	chain	4.300000	1.337490	3.700000	1.494430	When he looks at me, I clutch my gold chain and turn the flash of my rings from sight, and Dick and Nick Barry are the worst rakes in the colony!
11437	gold chain	gold	chain	4.100000	1.595130	3.900000	1.523880	"But --  now, one thing I do n't like, that 's to see...... her glove, and heavy gold chains, and "" --  He was interrupted."
11438	gold chain	gold	chain	4.300000	1.567020	3.900000	1.911950	A gold chain of fabulous weight hung around his neck and held his Jurgensen repeater.
11439	gold chain	gold	chain	4.100000	1.728840	4.000000	1.763830	For so the whole round earth is every way Bound by gold chains about the feet of God.
11440	gold chain	gold	chain	4.200000	1.032800	4.100000	0.994429	There were no names on the locket, no marks of identification of any kind, yet realizing the sacredness of it, Keith slipped the fragile gold chain about his neck, and securely hid the trinket beneath his shirt.
11441	gold chain	gold	chain	4.500000	0.707107	4.700000	0.674949	Anthony is ' fame hungry and ambitious ' and believes that his ' bling ' (gold teeth that cost him Â£7,000 and gold chains ) make him stand out.
11442	gold chain	gold	chain	4.700000	0.674949	4.800000	0.421637	She slipped her hand inside her collar and caught at the gold chain.
11443	gold chain	gold	chain	4.500000	1.269300	4.800000	0.421637	"William looked up to the ceiling, as if he expected to see the gold chain up there; and Amanda took his upturned eyes as an indication of heavenly aspirations, and wept. """
11444	gold chain	gold	chain	4.800000	0.632456	4.800000	0.632456	Set in yellow gold on a yellow gold chain with large emerald cut SkyBlue Topaz 14 x 10 mm with a beautiful large 14 mm baroque pearl drop with a magnificent lustre the pendant is worth a minimum of Â£800.
11445	gold chain	gold	chain	4.900000	0.316228	4.900000	0.316228	The three Master who preside in an operative Lodge wear gowns, cocked hats and gold chains, like the Master and Wardens of Livery Companies.
11446	gold mine	gold	mine	4.300000	1.059350	3.400000	1.955050	"In those days it cost a good deal of money to reach the gold mines, and this alone prevented him from taking us with him. """
11447	gold mine	gold	mine	4.300000	1.567020	3.700000	2.057510	Its Lihir gold mine will dump 89 million tonnes of cyanide-contaminated tailings and 330 million tonnes of waste rock directly into the ocean over the next 36 years, in an area described by ecological studies as one of the richest areas of marine biodiversity on Earth.
11448	gold mine	gold	mine	3.500000	2.223610	3.900000	1.911950	""" Has he any marks on his body that would help to identify him, if he undertook to get the gold mine that belongs to him? """
11449	gold mine	gold	mine	4.000000	1.885620	3.900000	2.079000	""" Well, may be we 'll find a gold mine."
11450	gold mine	gold	mine	4.100000	1.370320	4.000000	1.632990	She pointed out that the only reason the Labour Ministry has a delegation in Johannesburg is precisely because there are thousands of Mozambicans working on the South African gold mines.
11451	gold mine	gold	mine	4.800000	0.632456	4.300000	1.636390	He also remarks, that it would take the entire product of the California gold mines for a thousand years to buy the coal of this one seam.
11452	gold mine	gold	mine	4.400000	1.264910	4.400000	1.577620	April 27, 2014: Bailey struck it rich at the gold mine and is obsessed with her little piece of gold.
11453	gold mine	gold	mine	3.900000	1.911950	4.400000	1.577620	Think about it, in a gold mine, which is easier, to dig up dirt or pull out gold?
11454	gold mine	gold	mine	4.100000	1.911950	4.500000	0.971825	When Guyana 's biggest gold mine suffered a similar disaster in 1995, this too seized headlines across the world.
11455	gold mine	gold	mine	4.600000	0.966092	4.900000	0.316228	Three million tons of coal are annually mined, and gold mines yield one million pounds, sterling, every year.
11456	gold ring	gold	ring	3.100000	1.728840	3.300000	2.002780	That you took the chance, seized the day, jumped at the gold ring?
11457	gold ring	gold	ring	4.700000	0.674949	4.500000	1.581140	"she arose and opening her jewel box took from a private drawer a plain gold ring, bearing date...... her name "" Marie. """
11458	gold ring	gold	ring	4.900000	0.316228	4.600000	0.966092	Mike bought her a beautiful pair of 24 K gold rings.
11459	gold ring	gold	ring	4.800000	0.421637	4.700000	0.483046	"He drew from his vest-pocket a neat gold ring, with some sort of a stone in the setting. """
11460	gold ring	gold	ring	4.600000	0.699206	4.700000	0.674949	But she cast before them the hand in its golden glove; and all marvelled to see it, ruddy red, with its fingers larger than any other three, and on each finger a splendid gold ring with precious stones.
11461	gold ring	gold	ring	4.900000	0.316228	4.800000	0.421637	The highlight of the rings is a 14 ct gold ring with a 3.50 to 4.50 ct Alexandrite stone.
11462	gold ring	gold	ring	4.300000	1.337490	4.800000	0.421637	"Rose uttered a cry and clapped both hands to her ears where the gold rings hung. """
11463	gold ring	gold	ring	4.800000	0.421637	4.800000	0.632456	On May 26, 1995, at an evening ceremony underneath a canopy, John Forbes Kerry exchanged gold rings with Teresa Heinz, the 56 - year-old widow of Pennsylvania Senator H. John Heinz and one of the richest women in the country.
11464	gold ring	gold	ring	4.800000	0.421637	4.800000	0.632456	"Then the Baron took off his gold ring and threw it into the sea, saying: "" Never let me see your face till you can show me that ring; "" and he let her go."
11465	gold ring	gold	ring	4.200000	1.686550	4.900000	0.316228	"He counted out a hundred dollars, which, with some silver and a plain gold ring, and the paper first removed, made up the contents of the box. """
11466	government house	government	house	4.600000	0.699206	2.100000	1.791960	"The government House leader takes his direction from the premier 's office, "" he said."
11467	government house	government	house	3.900000	1.595130	2.200000	1.932180	Done at the government house in the city of Santa Fe, in the territory of New Mexico, by Brigadier General Stephen W. Kearny, by virtue of the authority conferred upon him by the government of the United States.
11468	government house	government	house	2.700000	2.263230	2.200000	2.043960	"My workshop, as I called it, was one of the "" government houses "" at."
11469	government house	government	house	3.100000	1.969210	2.400000	1.897370	Tradition, moreover, says that, on visiting the government house, he was received with public honors, and invited to a seat with the speaker of the House of Assembly.
11470	government house	government	house	3.500000	1.581140	2.500000	1.779510	They held placards attacking local politicians and stormed the government house in Kaduna.
11471	government house	government	house	3.400000	2.011080	2.700000	2.263230	He said that he is not sure who is selling off the government houses, but he knows first-hand that there is corruption going on.
11472	government house	government	house	4.200000	0.788811	3.200000	1.475730	It was the government house, before the gates of which that concourse was assembled; and in an upper chamber, the governor, with his chief officers, was sitting in high council.
11473	government house	government	house	3.700000	1.828780	3.800000	1.686550	When Greenway was called upon for a design for a new government house Macquarie left it entirely in his hands.
11474	government house	government	house	4.200000	1.032800	4.400000	0.843274	This building, which had been constructed with especial care, by Mr. Graves, during the previous year, expressly to serve as a government house, was a timber-work mansion of very respectable dimensions, and stood upon the open plain below the Mishawum hills.
11475	government house	government	house	2.800000	1.932180	4.600000	1.264910	"We "" have had duty ashore, living in a government house for about two years, and I have had about two years at sea, since our marriage, during which latter time my wife has been without a fixt abode."
11476	government office	government	office	3.900000	1.595130	3.100000	1.911950	It would take five years of bureaucratic wrangling, including 77 administrative steps in 31 government offices, to get legal authorisation to build a house in Egypt.
11477	government office	government	office	4.300000	1.337490	3.300000	2.002780	Roberto knew the father, a beggarly Milanese of the noble family of Intelvi, who had cut himself off from his class by accepting an appointment in one of the government offices.
11478	government office	government	office	4.300000	0.823273	3.700000	1.567020	(e ) The Corporation may also access credit and other relevant information from government offices, judicial and administrative tribunals, prosecutorial agencies and other related offices, as well as pension plans administered by the government.
11479	government office	government	office	4.400000	0.699206	3.800000	1.813530	Even its moves and plays with focus in the confined spaces of the couples ' apartments and government offices are attuned to character behavior-open to the discoveries of the moment rather than staged as moral commentary.
11480	government office	government	office	4.100000	1.449140	3.800000	1.813530	Seven thousand dollars a year at Lowell is about equal to eleven thousand dollars a...... consider is: Are men of great capacity wanted in government offices, or are they not?
11481	government office	government	office	4.000000	1.333330	4.000000	1.699670	Today, most state government offices will be closed in observance of the holiday.
11482	government office	government	office	3.300000	2.002780	4.100000	1.728840	Sitting quietly at his desk in a government office in Paris, he evidently provided the Committee of Public Safety with whatever they had of continental policy and administrative skill.
11483	government office	government	office	4.200000	1.619330	4.300000	0.823273	Brother Bo, I am really interested in your Truly RIck Seminar, however, all your schedules start on Fridays, which I could not attend since I am working in a government office and our leaves are limited only.
11484	government office	government	office	4.600000	0.516398	4.300000	1.059350	The principal officers of this greatest institution of the kind in the world, who ought all to be the highest representatives of their study, are paid far less than chief-assistant secretaries in the government offices.
11485	government office	government	office	4.700000	0.674949	4.500000	0.971825	This was faithfully carried out, and in the summer of 1790 the government offices were removed to Philadelphia, where they remained till the summer of 1800, when they were removed to Washington in the District of Columbia.
11486	graduate student	graduate	student	3.900000	1.595130	4.300000	1.337490	I am a graduate student at Lakehead University, Ontario, Canada.
11487	graduate student	graduate	student	4.200000	0.788811	4.500000	0.849837	Studying Biology at Stonehill puts students in an 89,000 - square-foot state-of-the-art science center, and has them working with accomplished faculty using equipment normally only available to graduate students.
11488	graduate student	graduate	student	3.800000	1.549190	4.500000	0.971825	"We are not proposing to build a hotel, a dormitory, a boarding house, or a club for graduate students, but a quiet and beautiful academic home, worthy in every respect of the dignity of learning. """
11489	graduate student	graduate	student	3.600000	1.955050	4.600000	1.264910	"The first prize of $1,000 was won by Arthur E. Suffern, a graduate student of Columbia University, for a paper entitled "" Conciliation and Arbitration in the Coal Industry in the United States. """
11490	graduate student	graduate	student	4.700000	0.483046	4.700000	0.674949	And yet it is not strange that they have been the latest class even of graduate students to be provided for.
11491	graduate student	graduate	student	3.800000	1.873800	4.800000	0.421637	A survey was sent to 550 currently enrolled business graduate students to assess their opinions and perceptions about distance learning.
11492	graduate student	graduate	student	4.300000	0.674949	5.000000	0.000000	Each graduate student accepted into the PhD or MA program is awarded an annual base stipend for five years.
11493	graduate student	graduate	student	4.200000	1.549190	5.000000	0.000000	In recognition of their hard work, four USC Annenberg graduate students were recently awarded USC Graduate School Fellowships for the upcoming school year.
11494	greeting card	greeting	card	4.555560	0.726483	3.555560	1.878240	"Through the Web site, you can upload your own pictures to the frame; send and receive greeting cards; share pictures with others; and even set news, weather, sports and similar "" channel "" content to be loaded into your frame."
11495	greeting card	greeting	card	3.500000	1.649920	4.200000	1.316560	You can square off rectangular papers for origami, cut out frames, make greeting cards, cut paper for quilling, and trim photos for scrapbooking.
11496	greeting card	greeting	card	2.200000	2.299760	4.300000	1.059350	Working from their home, Anne also created her first photographic holiday card for her family, which led to cards for friends, and soon, the launch of her small personalized greeting card business.
11497	greeting card	greeting	card	2.300000	2.057510	4.500000	0.849837	Leading greeting card publisher and franchisor, Card Connection has today announced that Andy and Vicki Thompson, Card Connection franchisees for Sunderland and Durham region have been named as regional finalists for the BFA HSBC Franchisee of the year awards.
11498	greeting card	greeting	card	4.300000	1.159500	4.800000	0.421637	A tug met the ship in the harbor when it arrived and delivered the flowers ordered, the original greeting card attached.
11499	greeting card	greeting	card	2.800000	1.932180	4.900000	0.316228	However, Germans sent printed New Year 's greeting cards around 1400.
11500	greeting card	greeting	card	2.700000	2.002780	4.900000	0.316228	It...... She was loved by a greeting card salesman who quoted his sentiments from his wares.
11501	guard house	guard	house	3.800000	1.475730	2.800000	2.201010	There 's a guard house at the end of this drive and, due to the rain I suspect, it was unmanned.
11502	guard house	guard	house	3.400000	1.776390	3.200000	1.619330	You say there is no need of my entering at the main...... the concealed gate in the rear of the guard house, and this the door that leads to the under range of the prison.
11503	guard house	guard	house	3.100000	2.024850	3.300000	1.494430	A prominent white settler named Toltbon, had raised a company of volunteers and gone against the forces of the Metis leader; but his men were captured like a flock of sheep, and he himself locked up in the strongest room in the guard house.
11504	guard house	guard	house	2.800000	1.398410	3.300000	1.636390	He sent him to the guard house for 48 hours on bread & water.
11505	guard house	guard	house	3.700000	1.567020	3.500000	1.509230	While at this work they succeeded in getting two suits of citizens ' clothing, which they exchanged in the guard house last night for their uniforms and then managed to get out of the guard house.
11506	guard house	guard	house	2.700000	2.057510	3.500000	2.013840	It boasts 600 m Â² of living space as well as a 50 m Â² guard house.
11507	guard house	guard	house	3.300000	1.946510	3.600000	1.776390	He spotted it stopping next to the guard house as he was racing for his own truck.
11508	guard house	guard	house	4.500000	0.527046	3.800000	1.316560	Is that the guard house, the place 20 where the guard, a building where the guard stands?
11509	guard house	guard	house	4.000000	1.581140	3.888890	1.691480	Coins, men, take him off to the guard house.
11510	guard house	guard	house	3.500000	1.779510	4.200000	0.918937	"Any man who talks as he done orto be cussed an ' Binkussed an ' sent to the guard house. """
11511	gym equipment	gym	equipment	4.300000	1.567020	4.200000	1.619330	For all the latest in gym equipment and technology, head down to Stringers Gym at Newham Industrial Estate.
11512	gym equipment	gym	equipment	4.777780	0.666667	4.222220	1.301710	There were leisure facilities in the home for people including table tennis, snooker, pool, darts, football table, push bikes and gym equipment.
11513	gym equipment	gym	equipment	3.700000	1.702940	4.400000	1.074970	Hastings Police has donated Â£200 to Sanctuary Supported Living, in Salisbury Road, Hastings to help buy multi gym equipment for the residents.
11514	gym equipment	gym	equipment	4.300000	1.567020	4.700000	0.674949	When I got a house I bought some basic used gym equipment and made a little gym in my basement.
11515	gym equipment	gym	equipment	4.900000	0.316228	4.900000	0.316228	Use of all gym equipment is complimentary and exclusively for the use of hotel guests.
11516	hair loss	hair	loss	4.100000	1.911950	3.100000	2.183270	If you are experiencing hair loss or massive hair fall, there are ways to manage this and there are also hair loss treatment options that you can take advantage of.
11517	hair loss	hair	loss	4.200000	1.619330	3.400000	2.065590	The side-effects that one may suffer are nausea, vomiting, hair loss and mouth sores.
11518	hair loss	hair	loss	4.200000	1.619330	4.100000	1.595130	Keeping my hair short was essential and styling it was almost non-existent until I saw a specialist in hair loss and bought some products to keep it in tip-top condition.
11519	hair loss	hair	loss	4.800000	0.421637	4.600000	1.264910	lorazepam uk delivery citalopram lorazepam lorazepam and hair loss Ativan (lorazepam ), an antianxiety agent, has the chemical formula, 7 - chloro -5 - (o Online...
11520	hair loss	hair	loss	4.900000	0.316228	4.800000	0.421637	Skin and subcutaneous tissue disorders: Allergic skin reactions, hair loss.
11521	harvest time	harvest	time	4.400000	1.577620	2.900000	2.024850	Labour is scarce; one family generally manages its own small plantation of 10,000 to 15,000 trees, but at the harvest time neighbours assist each other.
11522	harvest time	harvest	time	4.400000	1.264910	3.100000	1.791960	May good seed planted grow to harvest time And yield an hundred fold.
11523	harvest time	harvest	time	4.700000	0.674949	3.200000	2.097620	It 's only the middle of July but all of the sudden it 's harvest time.
11524	harvest time	harvest	time	4.600000	0.516398	3.300000	1.766980	In the harvest time, the distribution of the stocks might pose logistic concerns.
11525	harvest time	harvest	time	4.800000	0.421637	3.600000	1.776390	Matthew 21:34 21:34 When the harvest time approached, he sent his servants to the tenants to collect his fruit.
11526	harvest time	harvest	time	4.800000	0.632456	3.600000	1.837870	What ever you do, it will come back to you more than 100 times so keep on sowing for the harvest time are also bountiful... the law of seed time and harvest time.
11527	harvest time	harvest	time	4.800000	0.421637	3.700000	1.337490	This harvest time of 1902 was a special time for the Hailes.
11528	harvest time	harvest	time	3.111110	2.147350	3.777780	1.787300	"He felt that the summer season was the harvest time of his business, and he could not afford to waste a week or two in idle play. """
11529	harvest time	harvest	time	4.800000	0.632456	3.800000	1.873800	Freight is being moved with regularity on the railroads, although there is a shortage of freight cars which will be felt especially at harvest time.
11530	harvest time	harvest	time	4.900000	0.316228	3.900000	1.663330	During the harvest time there is a truce in these turbulent islands, but when the crops have been gathered, the natives become restless and long to sally forth to conquer.
11531	health food	health	food	3.400000	2.011080	4.200000	1.619330	After graduating from the University of Calgary, Andrew founded and operated a health food distribution company in western Canada, and then co-founded Pure De-lite â¢.
11532	health food	health	food	4.100000	1.595130	4.300000	1.567020	Common forms found in many health food stores includes fresh or dried root, capsules, tablets, liquid extract and teas.
11533	health food	health	food	3.600000	1.349900	4.400000	1.264910	Can you be more specific as to what I am looking for. The lady in the health food store I go to did n't know what you were referring to either.
11534	health food	health	food	4.000000	1.054090	4.800000	0.421637	Visit your local health food shop in Basingstoke, at the following address: 17 Mayfair...
11535	health food	health	food	3.400000	1.429840	4.900000	0.316228	Many are sold in Whole Foods and other health food stores.
11536	health food	health	food	2.100000	1.449140	5.000000	0.000000	"The product which had not interested the English people as a health food they took to quickly as "" something good to eat ""; and a large business was developed in the English market as the result of this young man 's imagination about his fellow Englishmen."
11537	health food	health	food	3.000000	1.825740	5.000000	0.000000	"Wheatless "" wheat cakes, "" health foods, "" etc, were introduced."
11538	health protection	health	protection	3.800000	1.813530	3.600000	1.837870	The Health Protection Unit (HPU ) provides specialist health protection advice as well as operational support on all health protection matters to NHS trusts, local authorities, community health services (including schools and social services ), and the general public.
11539	health protection	health	protection	4.900000	0.316228	3.700000	1.828780	It aims to advance the health of the population through three key areas of work: health promotion, health protection and healthcare improvement.
11540	health protection	health	protection	4.400000	1.264910	4.400000	0.843274	The plan has been drawn up by NHS Tayside in consultation with the city council and Angus and Perth and Kinross councils to provide an overview of health protection in Tayside.
11541	health protection	health	protection	4.600000	0.699206	4.500000	0.707107	This role means that she is responsible for health improvement and health protection issues including areas such as sexual health.
11542	health protection	health	protection	4.800000	0.632456	4.700000	0.674949	It confirms its attachment to a high level of health protection, ensured on the basis of high-quality, transparent scientific advice.
11543	heating power	heating	power	4.000000	1.632990	2.500000	1.900290	we specialise in all aspects of plumbing and heating from new boiler installations, full central heatings, bathrooms, landlord gas safety checks, central heating power flushing, to a new tap washer.
11544	heating power	heating	power	4.000000	1.885620	2.800000	1.932180	Aftea quick demonstration, she became enthralled byits incredible heating power.
11545	heating power	heating	power	4.700000	0.483046	3.000000	1.825740	I had only Thor, King of Hammers, and a Woolworths soldering iron of dubious heating power.
11546	heating power	heating	power	4.300000	1.159500	3.200000	1.813530	I I ow thoroughly practical is this newer knowledge was brought clearly home to me to day as an agricultural chemist in his laboratory was proving the heating power of a vegetable,?
11547	heating power	heating	power	3.500000	1.581140	3.400000	1.646550	Radiant matter has the power of producing chemical changes partly through its heating power, and...... chlorine and hydrogen detonate when a mixture of them is exposed to the solar beams, even though the heat is inadequate to produce detonation.
11548	heating power	heating	power	4.400000	0.843274	3.500000	1.715940	Exposing his thermometers to the successive colours of the solar spectrum, Sir William Herschel determined the heating power of each, and also that of the region beyond the extreme red.
11549	heating power	heating	power	3.600000	1.646550	3.600000	1.349900	Is the sum of the 3 input heating powers in a typical tokamak experiment: Neutral Beam power, Ohmic heating power, and RF power.
11550	heating power	heating	power	3.900000	1.595130	4.000000	1.333330	The capacity of the boiler and the length of the pipes should be in proportion to the size of the house to be heated, bearing in mind that it is better to have a reserve of heating power for extraordinary occasions.
11551	heating power	heating	power	3.900000	2.079000	4.100000	1.595130	It is not only in illuminating power that these different regions vary; they vary also in their heating power, as is shown by their action on a thermometer.
11552	heating power	heating	power	4.100000	1.728840	4.100000	1.663330	This represents approx 1,000,000 BTU of heating power, enough to heat a normal home for about 24 hours during colder weather.
11553	hen party	hen	party	0.300000	0.674949	3.700000	2.002780	"Might have known it would be a hen party till six, anyhow, "" he muttered, swinging out of his overcoat. """
11554	hen party	hen	party	0.800000	1.316560	4.100000	1.911950	Barcelona is the second largest city in Spain with a population of 1,615,908 where hen party weekend experiences are like no other with the theme of fun, fun and more fun.
11555	hen party	hen	party	0.600000	1.264910	4.200000	1.619330	I had my hen sisters hen party at the Limerick Strand Hotel a few weeks ago.
11556	hen party	hen	party	0.500000	0.707107	4.300000	1.567020	Pampering experiences are a popular option for hen parties and have the added bonus of getting you groomed to perfection in time for the big day.
11557	hen party	hen	party	0.600000	1.577620	4.900000	0.316228	the facility caters for individuals, stag and hen parties, clubs, groups and corporate clients.
11558	hen party	hen	party	0.800000	1.316560	5.000000	0.000000	For the comfort of all our guests we DO NOT accept stag / hen parties same sex groups or drinking parties.
11559	hockey fan	hockey	fan	4.400000	1.264910	2.700000	1.766980	PLAY AUDIO OK, Steve you were saying that you 're a big hockey fan.
11560	hockey fan	hockey	fan	4.500000	1.581140	2.900000	2.378140	It was an important place for a young hockey fan like myself, a historic place, and I took a picture of it back then.
11561	hockey fan	hockey	fan	4.900000	0.316228	3.300000	2.162820	I was a huge hockey fan, LA Kings fan, back in the day and I went to games every year.
11562	hockey fan	hockey	fan	5.000000	0.000000	3.300000	2.311810	Beyond games Tom is a musician, illustrator and an avid Ice hockey fan.
11563	hockey fan	hockey	fan	4.900000	0.316228	3.300000	2.359380	The second match, however, gave a chance for the hockey fans to bawl ai loud as they wanted.
11564	hockey fan	hockey	fan	3.900000	1.663330	3.500000	1.900290	He 's done it since he 's been on the radar of hockey fans, but it might be a bit different at this level.
11565	hockey game	hockey	game	4.400000	0.843274	3.200000	1.813530	Player of the match: Emma Gull, in her first-ever senior hockey game.
11566	hockey game	hockey	game	4.600000	0.843274	4.300000	1.494430	"THURSDAY night, at the hockey game, one gentleman...... just bought a Bellows, and he 's paid a terrific price for it. """
11567	hockey game	hockey	game	4.500000	0.849837	4.600000	0.699206	"As for safety concerns, he adds: "" The risk of injury is small in no-check, adult hockey games, but players should wear high-quality, well-fitting equipment, including a helmet and facial protection."
11568	hockey game	hockey	game	5.000000	0.000000	4.700000	0.948683	Ice crystals were in the Ancient 's mustache as he encouraged Peter to slow down the hockey game so that he could control it.
11569	hockey game	hockey	game	5.000000	0.000000	4.700000	0.948683	You 've got to finds ways to do things right to win hockey games.
11570	hockey game	hockey	game	4.900000	0.316228	4.800000	0.421637	""" We have two very hard fixtures but we know that we have a chance in all hockey games providing we put in the hard work."
11571	hockey game	hockey	game	4.500000	1.080120	4.800000	0.632456	During the Winter, there will be skating, and, perhaps, hockey games, for the new Garden is to have a rink.
11572	home market	home	market	1.800000	1.873800	2.500000	2.173070	A new generation of tycoons - Russian oligarchs, Latin American mining magnates and Gulf families - are building their own books of wealth but looking to manage these outside their home markets.
11573	home market	home	market	2.100000	1.852930	2.600000	1.505550	There is also steadiness in a home market, more...... can not be affected by war, nor blockade, nor such like obstructions.
11574	home market	home	market	2.200000	2.149940	2.700000	1.888560	The volume PC manufacturers supplying the general office and home market ca n't justify the investment to develop a specific product for a market that is by their standards small.
11575	home market	home	market	2.000000	2.108190	3.000000	2.054800	E Type Jag prices logged were Â£69,700 for a 1964 and home market Series 1 3.8 Roadster and Â£42,200 for a previously repainted 1973 Series 3 Roadster with V 12 rebuilt in 2003 now on SU carbs.
11576	home market	home	market	2.300000	2.213590	3.100000	2.282790	British retailers are increasingly looking to enter new markets as they face intense competition and price deflation in their home market.
11577	home market	home	market	3.100000	1.728840	3.500000	1.581140	This tendency of protective duties in diminishing the cost of the protected articles to the consumer is accelerated by the following incidents or results of protection: 1st, Comparative steadiness of demand for the producer; the home market being naturally less variable than a distant one.
11578	home market	home	market	2.700000	2.162820	3.500000	2.068280	"The profits of the home manufacturer arc not to be protected, no monopoly of the home market is to be assured, and it is intended that the American manufacturer shall "" meet honest competition. """
11579	home market	home	market	2.900000	1.911950	4.200000	1.316560	Establishing and knowing your brand not only in its home market but also how it resonates in markets and with individuals in local communities wherever you want to be is the new game.
11580	home market	home	market	1.700000	1.702940	4.400000	0.516398	He takes less of our wheat, flour, cotton, and provisions; a larger surplus is left in the home market; the demand is decreased; the price falls, and the growth of wealth is retarded.
11581	home market	home	market	2.900000	2.131770	4.500000	0.971825	"As the Chronicle justly points out, we have in this connection to look only to the condition of the home market for our cotton goods, as our tariff "" protects us against foreign customers for our manufactures. """
11582	horror fan	horror	fan	3.900000	1.197220	1.800000	1.988860	As a huge horror fan I found this film a breath of fresh air in a torture porn filled genre and look forward to more Hammer films now they are back at doing what they do best, making scary films.
11583	horror fan	horror	fan	4.300000	0.948683	2.000000	2.211080	Any red-blooded, remake-weary horror fan will probably go into Evil Dead secretly wanting to hate it, but by the time the final credits roll, any red-blooded horror fan will probably be smiling ear-to-ear at the spectacle that was just on display.
11584	horror fan	horror	fan	4.000000	1.699670	2.400000	1.776390	As a horror fan, I 'm always excited when a new entry in the genre gets lauded from both sides of the aisle (horror fans and those who are n't as giddy about movies that make them think twice about turning out the lights ).
11585	horror fan	horror	fan	4.400000	0.843274	3.900000	1.911950	As ever horror fans have had high expectations from the American DVD producers and last years winners ' Barrel Entertainment ' have made it into the top three yet again with their special edition release of ' Nekromantik 2 ' sliding in at 3rd place.
11586	horror fan	horror	fan	3.400000	1.776390	4.100000	1.286680	And I 'm curious-if you 're a horror fan, what kind of stories do you enjoy?
11587	horror movie	horror	movie	4.400000	0.843274	4.800000	0.421637	They cling to life like their starring in a horror movie.
11588	horror movie	horror	movie	4.300000	1.567020	4.900000	0.316228	He is fond of horror movies and a fan of Hitchcock.
11589	horror movie	horror	movie	4.500000	0.527046	4.900000	0.316228	Sometimes in our horror movies, the ghost can just stand behind the main character and just stare at the main character and do nothing but still look scary.
11590	horror movie	horror	movie	4.800000	0.421637	5.000000	0.000000	I suppose if you like the screaming in horror movies - then again, this album 's for you.
11591	horror movie	horror	movie	5.000000	0.000000	5.000000	0.000000	It was here Hammer produced many of their early horror movies, including the Frankenstein and Dracula ones.
11592	horse shoe	horse	shoe	1.600000	2.221110	2.200000	2.347580	They gathered in a big horse shoe shape at the beginning with hundreds watching and an official starter called out their names, saying ' representing the United Kingdom...
11593	horse shoe	horse	shoe	2.300000	2.406010	2.200000	2.347580	When Reigh Count had had the usual horse shoe of American beauties hung about his neck and Chick Lang had been cheered by the crowd, Mrs. Hertz took home the usual gold plate worth seven thousand dollars and a check for $54,900.
11594	horse shoe	horse	shoe	4.800000	0.632456	2.300000	1.946510	He says he has no iron suitable for horse shoes.
11595	horse shoe	horse	shoe	3.200000	2.299760	2.300000	2.110820	"He then unrolled his blanket, and revealed to the astonished gaze of his companions several pounds of horse shoe nails. """
11596	horse shoe	horse	shoe	3.100000	2.282790	2.600000	2.412930	She made a post, kind of like horse shoes.
11597	horse shoe	horse	shoe	4.700000	0.674949	2.700000	2.110820	The satisfying collection of rubble in the skip by the time the afternoon light was fading consisted of everything from small stones to paving slabs, even an old horse shoe!
11598	horse shoe	horse	shoe	2.700000	2.263230	2.800000	2.394440	If you go for a wavy pattern such as feather and fan or horse shoe, these look really good in self-striping yarns.
11599	horse shoe	horse	shoe	3.900000	1.370320	3.400000	1.646550	A desperate effort had evidently been made to get the coachman into some sort of livery, for he wore a tall black hat, with a broad velvet band, and a buckle in front as big as an ordinary sized horse shoe.
11600	horse shoe	horse	shoe	2.700000	2.263230	3.800000	1.619330	Dar 's music in de horse shoe, And in de tin pan, Music in de cross-bow, Dat few understan '.
11601	horse shoe	horse	shoe	4.200000	1.549190	3.800000	1.751190	The horse shoe manufacturers have declared that an advance of $15 per ton was necessary to give them a fair profit.
11602	hydrogen line	hydrogen	line	4.700000	0.674949	1.400000	1.577620	They noted a correlation between the brightness of a spiral galaxy and the broadening of its 21 centimeter hydrogen line radiation.
11603	hydrogen line	hydrogen	line	3.900000	1.663330	1.700000	2.162820	That is to say the hydrogen line (un-Doppler shifted ) would appear at 1.05 kHz in this output.
11604	hydrogen line	hydrogen	line	3.777780	1.787300	2.666670	2.000000	It can also be applied to Type Ia supernovae, but these objects have no hydrogen lines in their spectra.
11605	hydrogen line	hydrogen	line	4.300000	0.948683	2.700000	1.828780	Not only are there vastquantities of this element in the sun ' s atmosphere, but someother suns appeared to show hydrogen lines almost exclusively intheir spectra.
11606	hydrogen line	hydrogen	line	3.600000	2.011080	2.700000	2.002780	They become weaker in G stars and weakest by spectral class K. In M stars hydrogen lines will either appear as very weak absorption or occasionally as emission lines (if the star is flaring, something M stars tend to do often ).
11607	hydrogen line	hydrogen	line	4.300000	1.567020	2.800000	2.299760	In particular and quite recently it has been found by this method that there are enormous masses of gaseous calcium high above those strata which furnish the solar hydrogen lines and that in spite of the much greater lightness...... temperature than the photosphere.
11608	hydrogen line	hydrogen	line	4.300000	1.567020	3.600000	1.837870	Upon careful inspection of low dispersion spectra of bright stars similar to the sun, I noticed that compared to the strength of the hydrogen lines, the strengths of the lines of other elements varied from star to star.
11609	hydrogen scale	hydrogen	scale	3.600000	1.646550	2.100000	2.131770	""" I said, "" Has anybody ever measured the potential, on the hydrogen scale, at which red blood corpuscles will stick to various surfaces?"
11610	hydrogen scale	hydrogen	scale	4.300000	1.337490	2.900000	1.969210	For welds subject to high restraint more preheat is advisable (suggest, Increase CE by 0.3 or go down one hydrogen scale ).
11611	hydrogen scale	hydrogen	scale	4.400000	1.577620	4.300000	1.567020	""" The relative hydrogen scale was first proposed by Clark in 1923 to the scientific community (mostly inorganic chemists ) as a means of measuring the true reducing power of hydrogen present in an aqueous solution..."
11612	hydrogen spectrum	hydrogen	spectrum	3.900000	1.449140	2.500000	2.223610	He states that Heisenberg discovered quantum mechanics by considering the groupoid of transitions for the hydrogen spectrum, rather than the usually considered group of symmetry of an individual state.
11613	hydrogen spectrum	hydrogen	spectrum	3.900000	1.852930	3.200000	2.097620	He talked of atomic stability and electrodynamic theory giving an account of the origins of quantum theory, the hydrogen spectrum, explaining the relationships between the elements.
11614	hydrogen spectrum	hydrogen	spectrum	4.000000	1.490710	3.500000	1.649920	There is a lot more to the hydrogen spectrum than the three lines you can see with the naked eye.
11615	hydrogen spectrum	hydrogen	spectrum	4.300000	0.948683	3.600000	1.349900	It is safe enough to say that monochromatic light like the helium-neon laser is red (632 nm ) or that the 3 -2 transition from the hydrogen spectrum is red (656 nm ) because they fall in the appropriate wavelength range.
11616	hydrogen spectrum	hydrogen	spectrum	3.800000	1.549190	3.800000	1.475730	This can particularly be seen in his discussion of the well-known red and green spectral lines of the Balmer series in the visible part of the hydrogen spectrum.
11617	ice queen	ice	queen	1.100000	1.449140	1.600000	1.577620	She delivers her dialogue convincingly, is uncomfortably effective as the ice queen sheltering beneath a suit of armor, and even allows us to catch glimpses of something wounded, or longing, or lost.
11618	ice queen	ice	queen	1.900000	2.079000	1.800000	2.097620	It 's a difficult device that LaBute handles well, but the considerably better chemistry between Northam and Ehle serves only to demonstrate the cooler connection between Eckhart and Paltrow: He seems uncomfortable as the mixed-up lover; she seems typecast as the ice queen.
11619	ice queen	ice	queen	1.400000	1.837870	1.800000	2.149940	when she first met her now husband, radio DJ Jason King, filming Britain 's Worst Celebrity Driver, she was a total ice queen who did n't trust any man.
11620	ice queen	ice	queen	1.700000	2.002780	2.000000	1.632990	It appears she has the ice queen face down though.
11621	ice queen	ice	queen	1.100000	1.100500	2.500000	1.581140	I know you feel like the ice queen, but some of us just are n't in the baby business!
11622	identity card	identity	card	4.200000	1.619330	3.900000	1.449140	But Prefect of Police Jean Chiappe has now sternly ruled that each gigolo must obtain a license and carry an identity card exactly similar to those issued to common prostitutes.
11623	identity card	identity	card	4.111110	1.536590	4.222220	1.394430	In 2009, Pakistan 's Supreme Court legally recognized third gender persons as a category for state / official identification documents and ordered the National Database and Registration Authority to issue these third gender identity cards to individuals identifying as such.
11624	identity card	identity	card	4.666670	0.500000	4.444440	0.726483	So, for you to purport that you need an identity card to prove that you are a Kenyan when you are running away from war is abdicating your responsibility as a Government.
11625	identity card	identity	card	3.800000	1.549190	4.700000	0.674949	The pilgrims, each subjected to a body search and issued an identity card, made their way to the cave side-by-side with machine-gun toting soldiers.
11626	identity card	identity	card	4.800000	0.421637	4.900000	0.316228	I ask him how old he is, and he shows me an identity card.
11627	identity card	identity	card	4.500000	1.269300	5.000000	0.000000	All current LSBU students and staff are members of the library - you 'll need your LSBU identity card to get in and borrow items.
11628	identity paper	identity	paper	3.800000	1.619330	3.600000	1.505550	There is no law covering a gender change but transsexual persons can change their name and identity papers.
11629	identity paper	identity	paper	3.900000	1.449140	3.600000	2.011080	There are still places where it is illegal to declare yourself as non-religious on your identity papers or official records.
11630	identity paper	identity	paper	4.200000	1.398410	3.900000	1.852930	He refused to show the officers his identity papers, and was taken off the train to a police station where his rucksack was searched and his driving license eventually found, the court said in a statement.
11631	identity paper	identity	paper	3.900000	1.449140	4.000000	1.490710	I wonder wher obama going to get them identity papers, seeing how he aint got a birf certificate!!!
11632	identity paper	identity	paper	3.900000	1.852930	4.200000	1.229270	She presented identity papers showing that she was of pure German stock and had boarded this train by mistake.
11633	image processing	image	processing	3.400000	2.065590	3.700000	1.828780	Matlab - prototyping models or doing image processing / generating.
11634	image processing	image	processing	4.500000	0.707107	4.400000	0.843274	"In "" Image Understanding Architecture, "" by Graham R. Nudd, in a publication by the National Computer Conference, 1980, at page 377, a wide variety of image processing techniques are discussed."
11635	image processing	image	processing	4.700000	0.483046	4.400000	0.966092	This has some advantages in image processing, including the fact that pixel connectivity is less ambiguously defined than with a square grid, but hexagonal grids are not widely used.
11636	image processing	image	processing	4.400000	1.074970	4.500000	1.080120	The actual process is a multi-phased one, consisting of extensive theories and techniques ranging from fundamental image processing, computational geometry, graphics, machine vision; to advanced artificial intelligence, patter analysis, and even cognitive science.
11637	image processing	image	processing	4.800000	0.421637	4.600000	0.966092	It provides easy access to: matrix and linear algebra, digital signal processing, instrument control, image processing, time series analysis, data visualization and waveform display and editing.
11638	image quality	image	quality	3.000000	2.160250	3.800000	1.549190	Overall image quality is good, though image noise and detail are still somewhat poor.
11639	image quality	image	quality	4.600000	0.699206	4.100000	1.286680	PowerVR SGX enables compelling image quality via Internal True ColourT - enabling colour operations to be performed on-chip using high precision mathematics at arbitrary pixel colour precision up to 128 bit / IEEE 32 floating point - combined with comprehensive programmable multi-sampling image anti-aliasing for free.
11640	image quality	image	quality	4.800000	0.632456	4.500000	1.269300	Review details: Four beginners ' DSLRs were reviewed and rated on features and build, performance, image quality, and value.
11641	image quality	image	quality	4.900000	0.316228	4.800000	0.421637	The image quality is much better outdoors and in well-lit scenes, but if you use the digital zoom at all, you 'll receive a significant loss in image quality.
11642	image quality	image	quality	4.800000	0.632456	4.900000	0.316228	With outstanding image quality, a fixed f / 4 aperture and a built-in 1.4 x extender it 's a lens that 's packed with features, optical excellence, flexibility and reliability.
11643	incentive scheme	incentive	scheme	3.900000	1.852930	3.600000	1.955050	LABGI is an incentive scheme that aims to encourage local authorities to increase business growth in their areas.
11644	incentive scheme	incentive	scheme	3.900000	1.791960	3.700000	1.702940	Their backer Nigel Wray and marketing manager Peter Deakin are planning to step up the pre-kick-off entertainment on match days, and want to build on their successful cashback and kit incentive schemes for local clubs who sell match tickets.
11645	incentive scheme	incentive	scheme	3.500000	1.900290	3.800000	1.873800	Under an incentive scheme introduced by the Home Office, the CPS can receive up to 18 per cent of a confiscation order, thus helping to recoup some of the costs of the original prosecution.
11646	incentive scheme	incentive	scheme	3.800000	2.043960	4.100000	1.449140	We have launched the world 's first incentive scheme for renewable heat, which should increase investment in green-heat technologies by Â£7.5 billion by 2020.
11647	incentive scheme	incentive	scheme	3.600000	2.065590	4.200000	1.229270	The group also said it was increasing the emphasis on returns in management incentive schemes.
11648	independence day	independence	day	3.800000	2.097620	3.300000	2.311810	Why, there is a threaten to come forward with an assault that happened at the last independence day; but I?
11649	independence day	independence	day	4.100000	1.449140	3.700000	1.946510	I am traveling to Juba, its capital, for the independence day ceremonies on July 9.
11650	independence day	independence	day	4.300000	1.059350	4.100000	1.595130	This is a country where about 60% of the adult population owns a folk costume from their home valley, and proudly wears it in public on independence day!
11651	independence day	independence	day	4.200000	0.918937	4.300000	1.567020	""" I certainly should be such a subject soon, if two or three independence days came together, and if I were obliged to live through their din and dust in Boston. """
11652	independence day	independence	day	4.400000	0.699206	4.800000	0.421637	It starts and ends with Israeli independence day, one year apart.
11653	independence day	independence	day	4.700000	0.674949	4.800000	0.632456	To celebrate Bolivian independence day, on 6 August, TelevisiÃ³n Boliviana broadcast the national anthem in four languages: Spanish, Aymara, Quechua, and GuaranÃ­.
11654	independence day	independence	day	4.600000	0.516398	4.900000	0.316228	Do you still come across people who think that Cinco de Mayo is Mexico 's independence day?
11655	injury time	injury	time	3.222220	2.223610	3.555560	1.666670	Town again suffered injury time heartbreak as Watford sub Nathan Ellington netted a late equaliser to stretch the Blues ' winless run to 13 games.
11656	injury time	injury	time	3.111110	1.763830	3.777780	1.922090	Where the referee gets seven minutes of injury time from is beyond me.
11657	injury time	injury	time	2.000000	2.211080	4.300000	1.567020	Town continued to press but were unable to test Loach again, despite Delaney being sent forward as an additional striker in three minutes of injury time.
11658	injury time	injury	time	4.000000	1.333330	4.400000	1.264910	The Whites looked comfortable enough in protecting their lead but it required a wonderful point blank save from Neil Sullivan in injury time to deny Derby 's Brazilian striker Junior and secure the points.
11659	injury time	injury	time	2.800000	1.873800	4.600000	0.699206	As injury time beckoned Hleb managed to get free in the box, he fizzed it across the face of goal and all it needed was a decent contact and it would have gone in.
11660	insurance company	insurance	company	3.700000	1.828780	3.200000	1.932180	An attorney can help you get the medical care you need, negotiate with your insurance company, and seek damages from the parties responsible for your injuries.
11661	insurance company	insurance	company	4.300000	1.159500	4.200000	1.316560	All it will really do is tilt the retail financial services field hugely in favour of banks and insurance companies and against the consumer.
11662	insurance company	insurance	company	4.700000	0.674949	4.200000	1.475730	Daniel k inouye for us senate on 06 / 30 / 04 godwin, michael chicago title insurance company / cou, zip code.
11663	insurance company	insurance	company	4.100000	1.595130	4.300000	1.567020	The case of an employee injured in a factory and suing for damages is being tried in the courts by the insurance company.
11664	insurance company	insurance	company	4.222220	1.092910	4.444440	1.013790	The one example he gave was the outrageous cost of covering pre-existing conditions under Obamacare In addition to the high cost, he said Obamacare allows insurance companies to write the rules for covering pre-existing conditions.
11665	insurance company	insurance	company	4.200000	1.229270	4.500000	0.971825	The Western States will cut their own throats if they drive the Eastern insurance companies out of their limits by excessive?
11666	insurance company	insurance	company	5.000000	0.000000	4.600000	0.966092	Mandates insure that insurance companies get paid, not that people get healthcare, especially if co-pays are too high for lower premium plans.
11667	insurance company	insurance	company	4.700000	0.483046	4.700000	0.483046	H. McGee &; Co., Associated Aviation...... last March it groups 13 fire and marine insurance companies and three casualty companies, whose aggregate assets were then $330,000,000.
11668	insurance company	insurance	company	4.500000	1.581140	4.700000	0.674949	The United Pipe Lines is not only a transportation company, but also a bank of deposit for oil and an insurance company, and it keeps the books of every well it serves.
11669	insurance company	insurance	company	4.900000	0.316228	4.700000	0.948683	He lost every residence he possessed, and as the insurance companies...... on the expiration of his policies, the loss was a total one, and reduced him to almost beggary.
11670	iodine solution	iodine	solution	4.600000	0.699206	2.800000	1.873800	You can soak your bottles for 30 minutes in a iodine solution made from one ounce of Iodophor to five gallons of water.
11671	iodine solution	iodine	solution	4.600000	0.966092	3.400000	1.897370	Inquire of your doctor NOW if there is any reason why anybody in your household should not use KI, or iodine solutions topically applied on their skin, in a future nuclear emergency, just to be sure.
11672	iodine solution	iodine	solution	4.300000	1.567020	3.400000	1.955050	I think it was fortunate that the iodine solutions have been used since the 19th century.
11673	iodine solution	iodine	solution	4.600000	0.699206	3.900000	1.449140	...... HOST-PARASITE RELATIONS: INTESTINAL PROTOZOA iodine solution or of methylene blue for flagellate infections.
11674	iodine solution	iodine	solution	4.500000	1.269300	4.100000	1.100500	Withdrawing, for example, our iodine solution, an intensely luminous inverted image of the...... focus of the mirror employed in the foregoing experiments.
11675	iodine solution	iodine	solution	4.000000	2.108190	4.300000	1.159500	You observe a positive response with Lugol 's iodine solution and Biuret solution.
11676	iodine solution	iodine	solution	4.900000	0.316228	4.300000	1.337490	Place a slice of a potato on a paper towel atop a paper plate and add a drop of the iodine solution to the potato slice.
11677	iodine solution	iodine	solution	4.900000	0.316228	4.400000	1.074970	The containing cell-wall of the mycelial threads is of fungicellulose which yields no coloration with iodine solution; the protoplasm that fills the cells is free from nuclei, and contains neither chlorophyll nor starch granules.
11678	iron cylinder	iron	cylinder	3.600000	1.897370	3.300000	1.946510	As the Knights advanced on horseback, in their metal coating, they looked more like iron cylinders filled with flesh and blood, than like lithe and limber human combatants.
11679	iron cylinder	iron	cylinder	4.400000	1.264910	4.300000	1.337490	It has a single span of 100 ft. and a breadth of 26 ft. The new bridge will have the same span, but will be supported by three iron cylinders, in the middle, not, however, concreted together.
11680	iron cylinder	iron	cylinder	3.800000	1.873800	4.300000	1.337490	It is caused when small particles of the ' soft ' cast iron cylinder head in the valve seat area become embedded in the valve.
11681	iron cylinder	iron	cylinder	4.100000	1.523880	4.400000	1.074970	These are perforated iron cylinders set in tubs of water, and fitted with movable iron bottoms placed at a slight angle.
11682	iron cylinder	iron	cylinder	4.600000	0.966092	4.400000	1.264910	It consisted of seven 185 - foot spans, supported on eight piers having two iron cylinders each; and was remarkable for the ingenious boring gear used to sink the cylinders to a depth of nearly 100 feet.
11683	iron cylinder	iron	cylinder	4.500000	1.269300	4.400000	1.577620	It has a four-ring aluminium alloy piston, and a cast iron cylinder with a vertically - finned detachable head.
11684	iron cylinder	iron	cylinder	3.700000	1.702940	4.500000	0.849837	It consisted of a large cast iron cylinder, about six feet in diameter and four feet high.
11685	iron cylinder	iron	cylinder	4.300000	1.337490	4.700000	0.674949	Suddenly, on the ground in front of her, she caught sight of a small iron cylinder.
11686	iron cylinder	iron	cylinder	4.800000	0.632456	4.800000	0.421637	The European manufacturers employ iron cylinders turned by steam or water power; also lift and force pumps, which quickly convey the sap into the basins in which it is to be clarified by fermentation.
11687	iron cylinder	iron	cylinder	4.400000	1.074970	4.800000	0.632456	My 1.6 AFH was very good with the iron cylinder block, but it burned oil on both the ally blocks and there was nothing wrong with them.
11688	iron door	iron	door	4.700000	0.674949	3.800000	1.751190	It exasperated Father that rather than play the golden harp or admire rainbow diamonds and butterfly lace, rather than groom the razor swans and cuddle the exotic blue cats, I 'd lean this stool against the iron door to climb up and watch the man-eater.
11689	iron door	iron	door	3.100000	1.852930	4.400000	1.074970	You see that judge in a wig coming out at the iron door?
11690	iron door	iron	door	4.500000	1.269300	4.600000	0.966092	The iron chest measured about nine feet square, and was closed by a strong iron door with heavy bolts and locks.
11691	iron door	iron	door	4.600000	0.699206	4.700000	0.674949	It is 26 feet square, floored with iron plates, and heated with peat brought from the Mannoch Hills, five miles distant, and shut off from the adjoining department by a pair of stout iron doors.
11692	iron door	iron	door	4.300000	1.636390	4.800000	0.632456	There was an alley-way passing beneath the spar-deck, but this could easily be closed by the iron doors in the two bulk-heads, which fastened inside with heavy clamping screws.
11693	iron door	iron	door	4.100000	0.994429	4.800000	0.632456	Calling loudly for help, and beating upon the iron door of their prison, they indulged in the futile hope that some one would hear their cries and come to their rescue.
11694	iron door	iron	door	4.600000	0.699206	4.900000	0.316228	"Crossing the cellar the Englishman opened an iron door in a brick wall and literally threw Adam Adams into the inky darkness beyond. """
11695	iron door	iron	door	4.400000	1.264910	4.900000	0.316228	Here he opened a large, heavy iron door, and entered the spinning room, down which he passed until he came to the overseer 's desk.
11696	iron door	iron	door	4.200000	1.751190	5.000000	0.000000	She went down the wide stairway quickly; but suddenly she was brought to a standstill by meeting with a great iron door which was closed, and which absolutely shut the way.
11697	iron door	iron	door	5.000000	0.000000	5.000000	0.000000	Driving the police-officers before them, they wrenched by main force one of the heavy iron doors from its hinges.
11698	iron tube	iron	tube	3.700000	1.636390	3.000000	1.632990	There were 11,400 F all over the place, napolÃ©ons (coins ) of 20 and 10 F contained in odd bits of a stovepipe, or in white iron tubes.
11699	iron tube	iron	tube	3.700000	1.766980	3.300000	2.002780	It downloads the entire Journal at 4:00 4:00 in the morning and lets me read the whole thing while I 'm inside cast iron tubes underneath the Hudson with no cell signal.
11700	iron tube	iron	tube	4.300000	0.674949	3.600000	1.897370	During the reception a richly-dressed attendant sat on the floor with an iron tube like an Italian iron in his hand, in which he slowly worked an arrangement which might be supposed to be a heater up and down.
11701	iron tube	iron	tube	4.500000	0.849837	3.700000	1.828780	There are twin tunnels under Bergen Hill, West Hoboken, Weehawken, becoming two single track iron tube tunnels as they pass under the Hudson into New York City.
11702	iron tube	iron	tube	3.500000	2.121320	4.100000	1.663330	When the substances mentioned above are...... hollow iron tube into a pot filled with the boiling liquid glass, and takes up a little on the end of it.
11703	iron tube	iron	tube	4.900000	0.316228	4.300000	1.494430	He started work in 6 August in a glass factory where he moulded melted glass into shapes by blowing through an iron tube.
11704	iron tube	iron	tube	4.800000	0.632456	4.300000	1.636390	I had a Wand eight inches long, all precious stones and enamel, to represent the Tree of Life; within, an iron tube containing quicksilver-very correct, lordly, and damsilly.
11705	iron tube	iron	tube	3.800000	1.988860	4.300000	1.636390	The plungers or screws, or whatever they are called, which work this mechanism are about twenty feet long and six inches thick, with an enormous threading, and fit into iron tubes resting on solid concrete.
11706	iron tube	iron	tube	4.200000	1.751190	4.600000	0.699206	C. and passed through iron tubes containing balls of clay or pieces of brick previously saturated with copper chloride.
11707	iron tube	iron	tube	4.900000	0.316228	4.700000	0.674949	"When the well is down about three hundred feet, the "" casing, "" a six-inch iron tube, is put in to keep the water from veins in the rock from getting into the well."
11708	iron wire	iron	wire	4.000000	1.563470	3.600000	1.646550	300, authorized in 1775, to aid the manufacture of iron wire in Norwich.
11709	iron wire	iron	wire	3.200000	2.149940	3.800000	1.873800	The outer coating of the cable consists of hemp and iron wire.
11710	iron wire	iron	wire	3.900000	1.911950	3.800000	2.043960	The core in shallow water is protected from the bites of teredoes by a brass tape, and the envelope or armour consists of hemp and iron wire preserved from corrosion by a covering of tape and a compound of mineral pitch and sand.
11711	iron wire	iron	wire	4.800000	0.421637	4.300000	1.251670	It was a four-core cable, insulated with india-rubber by S W Silver & Company of Silvertown, London, and armoured with iron wire by Glass, Elliot & Company of London, who laid the cable from the chartered steamer Berwick.
11712	iron wire	iron	wire	4.500000	0.849837	4.300000	1.494430	There are embedded in it three iron wires with a mean diameter of 1.84 mm (about 0.072 in.
11713	iron wire	iron	wire	4.200000	1.316560	4.400000	0.843274	There is a filling valve to one side, for which 1 mm diameter wire (florists iron wire will do for this in N ) bent into an L shape and fixed in a hole bored in the tank top will do.
11714	iron wire	iron	wire	5.000000	0.000000	4.600000	1.264910	I sent in one with iron wires coated with hemp spun into a strand.
11715	iron wire	iron	wire	4.200000	1.475730	4.700000	0.674949	It is surprising to those who have never before seen the experiment, with what promptitude and accuracy a copper and iron wire, soldered thus together, will indicate temperatures.
11716	iron wire	iron	wire	4.800000	0.421637	4.700000	0.948683	He intended to have poles in India fourteen feet high and a furlong (one-eighth of a mile ) apart, with especially thick iron wire.
11717	iron wire	iron	wire	4.700000	0.483046	4.800000	0.632456	It will be noted in Table VI that the tensile strength of the iron wire is about 14 per cent higher than that of the - in.
11718	iron work	iron	work	3.700000	1.418140	1.500000	1.433720	BENTWATER Stunning waterfrnt home on Lake Con roe.Fea tures custom iron work, Pella doors & windows, imported stone & wood flooring,2 laundry rms,2 game rms, home theater, wine grotto, 2-sto ry study & 3 car garage.
11719	iron work	iron	work	4.200000	1.316560	1.600000	1.955050	The hotel is to be twenty stories high, and six stories of the iron work had been completed.
11720	iron work	iron	work	4.300000	1.567020	1.800000	2.097620	"Great teams, loaded with fancy and ornamental wood and iron work, labored through the streets, and "" Summer Home "" was rising from its ruins in all its former magnificence and splendor."
11721	iron work	iron	work	4.100000	1.728840	1.800000	2.250930	As you walk through the station you ca n't help but notice the vast expanses of wrought iron work.
11722	iron work	iron	work	4.400000	1.264910	2.100000	1.852930	A few years after this several coal mines were opened in the vicinity, iron works were erected, and as Hagen became a thriving, flourishing city it naturally extended its industries.
11723	iron work	iron	work	4.000000	1.414210	2.200000	1.813530	It is attached by massive iron work to the ends of the * There are nine of these presses in the printing-rooms of Harper and Brothers, all constantlyemployed in smoothing sheets ef paper after the printing.
11724	iron work	iron	work	3.700000	1.567020	2.800000	2.097620	Bartlett must have given that order, and if so he means to either open up the safe at the iron works or else the safe at Bangs 's house.
11725	iron work	iron	work	3.800000	2.043960	2.900000	2.131770	We are negotiating with the Contractor in an attempt to have at least the wrought iron work preserved, perhaps for presentation to the Barnet Museum.
11726	iron work	iron	work	4.300000	1.337490	3.300000	1.766980	The proximity of this ore encouraged the sinking of more collieries and the establishment of iron works.
11727	iron work	iron	work	4.500000	0.849837	4.000000	1.333330	"1927 A "" working arrangement "" was made to form a new company Gwynnes Pumps to acquire the Hammersmith iron works, which made pumps, of Gwynnes Engineering Co [7 ] which was in liquidation."
11728	judiciary committee	judiciary	committee	3.200000	1.873800	3.600000	2.118700	They come as senior intelligence officials testify to the Senate judiciary committee on Wednesday, releasing classified documents in response to the Guardian 's earlier storieson bulk collection of phone records and Fisa surveillance court oversight.
11729	judiciary committee	judiciary	committee	3.800000	1.549190	3.700000	1.766980	There is now a Ministry of Justice judiciary committee or judiciary working party and we have had our first meeting where, again, we explored all these issues.
11730	judiciary committee	judiciary	committee	4.000000	1.632990	4.000000	1.414210	But the mover chose to assume that there was no question of expediency or public policy in the case; and assuring the house that the only points to be...... of his bill to the judiciary committee.
11731	judiciary committee	judiciary	committee	4.300000	1.251670	4.200000	1.549190	Mr. Bradish offered a resolution to wait for the report of the judiciary committee.
11732	judiciary committee	judiciary	committee	3.700000	1.567020	4.300000	1.059350	Such an interpretation will bear investigation; for if the judiciary committee did not mean to give such a judgment, there are many people who apparently do.
11733	judiciary committee	judiciary	committee	4.300000	1.636390	4.300000	1.567020	He resumed practice in Savannah; was a state representative in 1874; a delegate and vice-president of the state constitutional convention of 1877, and was chairman of its judiciary committee.
11734	judiciary committee	judiciary	committee	4.000000	1.699670	4.400000	1.074970	I think so, too, and that is where it shall go, but simply refer it to the judiciary committee with a view to putting it back in the bill of rights.
11735	judiciary committee	judiciary	committee	4.700000	0.674949	4.400000	1.074970	The judiciary committee pronounced this unconstitutional, and recommended the making of two new Territories out of the ceded domain.
11736	judiciary committee	judiciary	committee	3.800000	1.686550	4.500000	0.707107	He, too, has a bill introduced there, and there referred to the judiciary committee; and there, too, he applies for a hearing.
11737	judiciary committee	judiciary	committee	4.400000	1.264910	4.500000	1.269300	When the senate judiciary committee took up the bill, lawmakers revised it again to reflect the backlash against the exemption, with many expressing strong convictions that police should not have the legal ability to bed prostitutes.
11738	kangaroo court	kangaroo	court	0.200000	0.421637	2.400000	2.065590	Due to limitations of time, I 'm afraid this is going to have to be a kangaroo court.
11739	kangaroo court	kangaroo	court	0.300000	0.674949	2.800000	1.549190	"They represent "" kangaroo court "" sensibilities and the postings should be discontinued across the country."
11740	kangaroo court	kangaroo	court	0.000000	0.000000	3.300000	1.946510	"She had been caught watching outside of a house while two grown-up negro women went...... morning "" kangaroo court "" was called... that court which prisoners hold, mimicking the legal procedure to which they grow so accustomed during their lives."
11741	kangaroo court	kangaroo	court	0.800000	1.686550	3.500000	1.779510	In 2001 in Jalal-Abad region a crowd of several hundred people even tried to set up a kangaroo court to judge some Muslims who had adopted Christianity.
11742	kangaroo court	kangaroo	court	0.600000	1.577620	3.500000	1.779510	"Now, on the basis of this "" kangaroo court, "" you or your relatives could lose all of your gun rights."
11743	kangaroo court	kangaroo	court	0.200000	0.632456	3.800000	2.043960	"Evans presidea at somo of the "" kangaroo courts, "" the witness said, and at such a court'sentenced a- man named Smith to be flogged and tarred at Dallas on a charge of not supporting his wife."
11744	kangaroo court	kangaroo	court	0.100000	0.316228	4.600000	0.699206	- Tariq Aziz, former Iraqi Deputy Prime Minister These are the words of Mr Tariq Aziz, Iraq 's former foreign minister and a deputy prime minister, who has been sentenced to death by a kangaroo court in the U.S...
11745	kind friend	kind	friend	2.700000	2.002780	3.600000	1.776390	You 'll need ADSL or cable internet (or a kind friend or business ) to download it -- note it 's about 700 MB in total!
11746	kind friend	kind	friend	2.900000	2.233580	3.800000	1.873800	She has plenty to read sent her by a kind friend, librarian to the king.
11747	kind friend	kind	friend	3.700000	1.946510	4.000000	1.885620	"Timothy was nowhere to be found, or he would go and be glad to do the trifling service for his kind friend without other remuneration than a cordial "" Thank you. """
11748	kind friend	kind	friend	4.000000	2.108190	4.000000	2.108190	We understand from the Vice-president Mrs. W. N. Jones ), who has supplied us with the list, that it has given her the greatest pleasure to work again with the kind friends in each district.
11749	kind friend	kind	friend	4.100000	1.286680	4.500000	0.849837	"how glad I am that he has such kind friends as yourself and husband. """
11750	kind friend	kind	friend	4.100000	1.663330	4.500000	0.971825	We would like to express our heartfelt thanks to all our kind friends and neighbours for their wonderful support during our recent illnesses.
11751	kind friend	kind	friend	4.400000	1.577620	4.500000	0.971825	""" Then you have come as a kind friend to warn me of my danger? """
11752	kind friend	kind	friend	4.200000	1.751190	4.600000	0.966092	Leaving Alice, therefore, in the care of her kind friends at the parsonage, let us glance briefly at some other friends of hers, whom it is desirable...... a word about Martin and his literary prospects.
11753	kind friend	kind	friend	4.100000	1.911950	4.600000	1.264910	I think he especially enjoys our visits because although he has lots of kind friends calling on him, few if any have any interest in hearing about the past.
11754	kind friend	kind	friend	4.300000	1.251670	4.800000	0.632456	But kind friends prevented the future secretary of state from shooting at his president.
11755	kitchen table	kitchen	table	3.400000	2.065590	4.000000	2.108190	Alice and I had long late-night talks at the kitchen table.
11756	kitchen table	kitchen	table	3.500000	2.013840	4.300000	1.636390	Sary showed it to the gals, and they liked it fust-rate; then she laid it on the kitchen table, an ' went upstairs to git some ribbons an ' stuff to put on it.
11757	kitchen table	kitchen	table	4.000000	1.885620	4.600000	1.264910	Susan, who was seven, was putting raisins, a few at a time, into a meat chopper screwed down on the kitchen table.
11758	kitchen table	kitchen	table	4.400000	0.699206	4.900000	0.316228	""" Sitting at the kitchen table of the Shaw family 's tiny hunting cabin in Lakeland, Georgia, I 'm struck by the sharp contrasts of the modern South."
11759	kitchen table	kitchen	table	4.100000	1.523880	4.900000	0.316228	Best leave them downstairs on the kitchen table, or whereever out of sight of a chancer looking in through the window but not locked away, so someone minded to take your car that night can do so without interacting with the family.
11760	kitchen table	kitchen	table	4.900000	0.316228	4.900000	0.316228	Donna was seated at the kitchen table, her face in her hands, when he arrived.
11761	kitchen table	kitchen	table	4.200000	1.475730	4.900000	0.316228	She sat by the kitchen table to write to me, and the cook overturned her ink, making a blot upon the page: all of these little details made up a perfect picture of her life.
11762	kitchen table	kitchen	table	4.600000	1.264910	5.000000	0.000000	""" "" If the behaviour we just witnessed is anything to go by, Mum and Dad are about to Christen the kitchen table!"
11763	kitchen table	kitchen	table	4.300000	0.823273	5.000000	0.000000	March 13, 2005 By MICHELLE YORK Published: July 11, 2005 ITHACA, N.Y. - Some people looking at the crocheted objects on Daina Taimina 's kitchen table would see funky modern art.
11764	kitchen table	kitchen	table	4.200000	1.619330	5.000000	0.000000	That aroused envy; every one rummaged his memory and dragged out whatever he could find there of old scandals, adventures of betrayed husbands, all the domestic secrets that are poured out on the kitchen table with the remains of dishes and the dregs of bottles.
11765	laboratory temperature	laboratory	temperature	3.500000	1.779510	3.200000	1.686550	It is probable that the chromosomes from the two sources do not pair off before the first division, which occurs within 2 Vi hours after insemination at normal laboratory temperatures.
11766	laboratory temperature	laboratory	temperature	3.200000	1.873800	3.800000	2.097620	Using a laboratory temperature control chamber, all measurements were made at 99 degrees Celsius (error factor of plus or minus 0.5 degrees ), which is about 210 degrees Fahrenheit.
11767	laboratory temperature	laboratory	temperature	4.700000	0.483046	4.000000	2.108190	Thus, simply increasing laboratory temperatures, as proposed by other authors [7 ], is not a viable solution, and providing mice with different ambient temperatures within the home cage is impractical in current systems.
11768	laboratory temperature	laboratory	temperature	3.500000	2.223610	4.600000	1.264910	When subjected to laboratory temperatures below 9 Â° C, R. marmoratus became moribund (Taylor 1992, 1993 ).
11769	laboratory temperature	laboratory	temperature	4.400000	0.966092	4.800000	0.421637	In an experiment with dying AKR mice (mice carrying leukemia ), a constant laboratory temperature of 35 degrees C was maintained.
11770	laboratory work	laboratory	work	3.800000	2.043960	3.100000	2.079000	Co-supervised the laboratory work and was co-Investigator on the trial 's First Phase and co-PI on the Long-Term Evaluation Phase: JC.
11771	laboratory work	laboratory	work	4.500000	0.971825	3.600000	1.349900	It is declared on the highest authority that this is perhaps the most important of the young scientist 's many wonderful surgical and biological discoveries, as well as the culmination of his laboratory work.
11772	laboratory work	laboratory	work	4.500000	1.080120	3.800000	1.619330	--  For uses see Reduction of Ag and Au, pages 165 and 170; amalgams, page 137; laboratory work, page 68.
11773	laboratory work	laboratory	work	3.500000	1.779510	3.800000	1.619330	Second, to provide sufficient laboratory work to meet college entrance requirements.
11774	laboratory work	laboratory	work	4.600000	0.516398	3.900000	1.370320	In addition, quality of collaboration and meeting frequency varied significantly across collaborations using different research methods (e.g, laboratory work, theory building ) and disciplinary paradigms (i.e., high and low consensus ).
11775	laboratory work	laboratory	work	3.800000	1.316560	4.000000	1.054090	It provides relevant laboratory work; and no school, from the kindergarten to the university, is a good school unless it has laboratory work.
11776	laboratory work	laboratory	work	4.600000	0.966092	4.100000	1.595130	Mode of study will include: lectures, workshops, laboratory work, seminars, project based learning, independent learning and team working activities.
11777	laboratory work	laboratory	work	4.555560	0.527046	4.111110	1.364230	Protect yourself, your lab equipment and your samples against the safety hazards exposed to in your laboratory work.
11778	laboratory work	laboratory	work	4.500000	0.971825	4.300000	1.251670	This course consists of one lecture and six hours of laboratory work per week.
11779	laboratory work	laboratory	work	4.900000	0.316228	4.600000	0.699206	In the class-room tasks his lessons are generally learned from books, he is tied to print; in laboratory work he deals with natural objects, and finds in...... be conceived needs to be felt.
11780	land force	land	force	2.400000	2.221110	2.100000	2.233580	Such action may include demonstrations, blockade, and other operations by air, sea, or land forces of Members of the United Nations.
11781	land force	land	force	3.100000	1.595130	2.500000	1.509230	For this purpose we furnished a commander-in-chief to the land forces, money, and a fleet.
11782	land force	land	force	2.700000	2.002780	2.600000	1.712700	He had intended to join the land forces of Mark Antony and help crush the rebellious Pompey, but Antony had done the trick alone; and only a few days before, word had come that Pompey was dead.
11783	land force	land	force	3.700000	1.766980	2.600000	2.065590	The land forces were commanded by TRANKwo-Taurr, brother of the viceroy; and the naval forces placed themselves under the conduct of Capt.
11784	land force	land	force	3.800000	1.988860	2.800000	2.097620	Should the Security Council consider that measures provided for in Article 41 would be inadequate or have proved to be inadequate, it may take such action by air, sea, or land forces as may be necessary to maintain or restore international peace and security.
11785	land force	land	force	2.500000	2.013840	3.000000	1.632990	She never brings into the field in European wars a land force of over 40,000 men, and if hostilities are protracted beyond one campaign, sbe invariably resorts to foreign levies to fill up the gap.
11786	land force	land	force	3.100000	2.079000	3.200000	2.097620	After this the Locrians retired from the Rhegian territory, and the ships of the Syracusans and their allies united and came to anchor at Cape Pelorus, in the territory of Messina, where their land forces joined them.
11787	land force	land	force	3.000000	2.211080	3.500000	1.840890	"But one could read the 1980 example as talking about the actual "" US combat boots "" that would touch ground if land forces were to arrive in Iran for a rescue operation."
11788	land force	land	force	3.500000	1.715940	3.500000	1.840890	Neither in the matter of reparations nor in the handing over of the guilty, or the supplying of coal or disarmament of the land forces have the Allies received the...... the British Government well considered all the danger from these excessive and systematic violations.
11789	land force	land	force	3.800000	0.788811	3.900000	1.100500	The BAYEUX MEMORIAL stands opposite the cemetery and bears the names of more than 1,800 men of the Commonwealth land forces who died in the early stages of the campaign and have no known grave.
11790	land office	land	office	3.000000	1.943650	2.800000	2.250930	On that plan, the machinery of the land office was to remain in the hands of the Federal Government, and the money so collected paid out to states.
11791	land office	land	office	2.400000	2.118700	3.100000	1.969210	it 's the land office and condo owner that are apparently adamant about it, so they 're up to something or just idiots.
11792	land office	land	office	2.700000	1.702940	3.600000	1.505550	They have more or less evidence to reduce to...... general land office permits them to receive private compensation.
11793	land office	land	office	3.200000	2.394440	3.600000	2.065590	I would like to ask the gentleman whether the school lands or any other in the county of Utah were assessed previous to the obtaining of title, the establishment of the land office in the Territory of Utah_any of our farming land?
11794	land office	land	office	2.300000	1.702940	3.800000	1.813530	It opened in July 1800 and was a result of the Act of May 10, 1800 that established four land offices in Ohio.
11795	land office	land	office	3.200000	1.932180	4.100000	1.523880	He returned to Minnesota, and has much of the time since, been in the real estate business; he was in the United States land office from 1870 to 1874, and was one year special agent in the pension department.
11796	land office	land	office	2.900000	1.286680	4.200000	1.032800	In a short time, however, some of the land offices will be removed further west for the convenience of settlers.
11797	land office	land	office	2.300000	1.888560	4.800000	0.421637	There was an accurate physical file with actuall paper documents in coutry clerk 's or land offices.
11798	land office	land	office	3.400000	1.955050	4.800000	0.421637	Through my friend in the land office I would have primary access to the field notes of the chief of staff in the field, and I would have advance information of where losses of school lands were soon to occur.
11799	land office	land	office	3.100000	2.131770	4.800000	0.632456	Bob decided, therefore...... day must be confined to the state capital, Sacramento, where the state land office was located.
11800	language barrier	language	barrier	3.300000	2.110820	2.100000	2.024850	"The reality of the language barrier is that even the best translations cannot be considered as "" equally authentic."
11801	language barrier	language	barrier	4.800000	0.421637	2.500000	1.715940	This whole experience is greatly unsettling, and because of language barriers it is very difficult getting a straight answer on anything.
11802	language barrier	language	barrier	4.100000	1.523880	2.600000	1.837870	These sophisticated Pocket PC applications significantly reduce the obstacles to effective communication and help you to overcome the language barrier with ease.
11803	language barrier	language	barrier	4.800000	0.421637	3.800000	1.988860	ASMP: How often do you confront language barriers during your travels, and what steps do you take to build rapport when you do n't share a common language?
11804	language barrier	language	barrier	4.400000	1.264910	4.200000	1.135290	This was echoed by a staff member who wrote Ã¢ÂÂwhen employing overseas staff they need to be checked on how well they can speak English Ã¢ÂÂ itÃ¢ÂÂs very hard sometimes for residents and staff to communicate with certain people as the language barrier needs to improveÃ¢ Â Â.
11805	law book	law	book	3.400000	1.776390	4.300000	1.251670	Most of the standard law books are Tue Meaze Yazikees at Home.
11806	law book	law	book	3.900000	1.911950	4.300000	1.636390	Nolo began publishing do-it-yourself law books written by Jake and his colleagues after numerous publishers rejected them.
11807	law book	law	book	4.900000	0.316228	4.400000	1.264910	On the table lay some half a dozen law books, mostly reports of important cases.
11808	law book	law	book	3.600000	1.897370	4.400000	1.577620	He has also written eleven novels, five volumes of short stories, six matchless yarns about Mr. Tutt (funny lawyer ), three law books.
11809	law book	law	book	3.800000	1.619330	4.500000	1.269300	Another gift made by Marie Estaire Baumert in the name of her brother Guillermo Butler Sherwell, eventually also would be used for the purchase of law books.
11810	law book	law	book	4.100000	1.595130	4.700000	0.674949	The Ford Foundation gave us $192,000 in 1964 -1970 under four heads, including the purchase of American law books, and a further grant of $80,000 in 1971, of which $16,000 was earmarked for library acquisitions.
11811	law book	law	book	4.000000	1.885620	4.700000	0.948683	You should start with a simple moral premise - this group of crooks ripped off X group of victims for fifty million dollars - and then you should bury yourself in law books until you find a way to put them all in jail.
11812	law book	law	book	3.800000	1.988860	4.800000	0.421637	Jun the law book written by a lawyer i have said though in his own words under a chapter or chapter bankruptcy any inheritance.
11813	law book	law	book	4.100000	1.100500	4.800000	0.421637	I had, with one law book and two six-shooters, administered justice successfully for four years, and was then an aspirant for a seat on the Supreme Bench of the State.
11814	law book	law	book	4.200000	1.751190	4.800000	0.421637	"The locking up of juries, actually imprisoning them, maybe necessary; but any agreement reached in that way appears to correspond pretty closely in terms to what the law books call an agreement extorted "" under duress of imprisonment, "" which is fraudulent and invalid."
11815	law student	law	student	3.600000	1.837870	3.800000	1.813530	But, as any law student who has taken a trusts & estates course can tell you, the devil is in the details.
11816	law student	law	student	3.700000	1.766980	4.300000	1.567020	Many first-year law students will be participating in write-on competitions right after the end of the semester.
11817	law student	law	student	3.400000	1.955050	4.400000	1.074970	And her grief was as real as it was violent; for she had loved the handsome young law student, and she mourned the loss of his love.
11818	law student	law	student	3.700000	1.059350	4.500000	0.707107	"Milton was describing the scenes of the meeting to Bradley Talcott and Douglas Radbourn the next day, and Radbourn, a young law student, said: --  "" I 'd like to see him."
11819	law student	law	student	3.500000	1.779510	4.500000	1.080120	He started drawing one of his main characters, Rat, when he was a law student.
11820	law student	law	student	4.500000	0.971825	4.600000	1.264910	He was still a law student at that place when the event occurred which called him into public life.
11821	law student	law	student	3.100000	1.911950	4.700000	0.483046	Scholarships are to be awarded to full-time law students based on academic merit.
11822	law student	law	student	4.200000	1.316560	4.800000	0.421637	As a law student, he won the respect of Governor Gore, who, on introducing him to the bar, foretold his future eminence.
11823	law student	law	student	4.400000	1.577620	4.800000	0.632456	"So neglected was it that a young man of neat habits who entered the office as a law student under Lincoln could not refrain from cleaning it up, and the next visitor exclaimed in astonishment, "" What 's happened here! """
11824	law student	law	student	4.600000	0.966092	4.900000	0.316228	The 3 L curriculum is the most forward-looking and comÂ­prehensive curricular reform in any law school, and the first-year curriculum combines the traditional courses with those that prepare law students for practice in the 21st century.
11825	leaf surface	leaf	surface	3.100000	2.079000	3.000000	2.054800	It usually lives in colonies, depositing eggs upright in irregular rows in clusters on the lower leaf surface.
11826	leaf surface	leaf	surface	3.500000	1.779510	3.100000	2.131770	The larvae feed gregariously side-by-side on the lower leaf surface consuming everything except the veins and upper leaf epidermis.
11827	leaf surface	leaf	surface	4.200000	1.549190	3.700000	1.828780	Mycelial growth was amphigenous, forming thin, irregular white patches, sometimes effused to cover the whole leaf surface, stem and inflorescences, and had well developed multilobed appressoria.
11828	leaf surface	leaf	surface	4.100000	1.728840	4.000000	1.632990	Leaves chartaceous, midveins not noticeably prominent on abaxial leaf surface; inflorescence racemose or paniculate appearing stalked because of marked reduction in leaf size immediately below the inflorescence; capsules septicidal and slightly loculicidal at apex.
11829	leaf surface	leaf	surface	3.222220	2.438120	4.111110	1.615890	The spots were equally visible on lower and upper leaf surfaces.
11830	leaf surface	leaf	surface	3.400000	2.366430	4.400000	1.264910	The aecidia usually appear in groups on the lower leaf surface, each opening upon the surface as a cup containing numerous simple sporophores bearing rows of spores, the aecidiospores (fig.
11831	leaf surface	leaf	surface	4.600000	0.966092	4.500000	0.707107	Occasionally even the upper leaf surfaces are dotted over with prickles enough to tear a tender tongue.
11832	leisure time	leisure	time	3.700000	1.946510	3.200000	1.813530	During our encampment at Hampton, I occupied much of my leisure time in conversations with the contrabands, both at their work and in their shanties, endeavoring to...... for me to give the results, so far as any could be arrived at.
11833	leisure time	leisure	time	3.700000	1.828780	3.400000	2.011080	You ca n't expect RJ chat shows, but games are something that you would love to have for killing the boredom in leisure time.
11834	leisure time	leisure	time	3.222220	1.787300	3.444440	1.943650	When we 're not at the job we 're travelling to or from it, preparing or recovering from it, trying to forget about it or attempting to escape from it in what is, laughably, called our leisure time!
11835	leisure time	leisure	time	4.200000	1.619330	3.500000	1.840890	But now I wish to leave these finished tasks, to return to my profession of the law, and to give all my leisure time to fight as hard for the political freedom of women as I have always fought for your liberal leadership.
11836	leisure time	leisure	time	4.000000	1.247220	3.600000	1.712700	Martin enjoys organising the leisure time of his neighbours and is involved in various ' good works '.
11837	leisure time	leisure	time	4.100000	1.523880	3.600000	1.776390	For some of the money my brother and I bought a yacht, and took up sailing, and this has since been an important part of my leisure time life.
11838	leisure time	leisure	time	3.700000	1.828780	3.900000	1.852930	The boys have the temptations of their homes and of the streets, to which no small part of their leisure time is given.
11839	leisure time	leisure	time	4.100000	0.875595	4.000000	1.247220	Words air cur'ous things sometimes, as I know, hevin ' had consid'able leisure time to read when I was joggin ' ' bout the country an ' bein ' brought into contack with men o ' learnin '.
11840	leisure time	leisure	time	4.600000	0.516398	4.200000	1.229270	A state-by-state analysis showed that adults with arthritis accounted for 25 to 47 percent of all adults who did no physical activity in their leisure time.
11841	leisure time	leisure	time	4.800000	0.421637	4.300000	1.251670	Nevertheless, he likes to...... that he can indulge, without being extravagant, in choice cigars and Christmas presents, and he therefore employs his leisure time in writing for the press.
11842	letter box	letter	box	3.400000	1.712700	2.300000	1.702940	Lamp post and letter box, R. C. HAND PROPERTIES Stamped letter --  JOSH.
11843	letter box	letter	box	4.600000	1.264910	2.800000	1.751190	The doors feature a timber-like grain surface and are available in various standard colours on both sides and a complete range of coordinating sidelights, toplights, handles, letter boxes, knockers and accessories are also available.
11844	letter box	letter	box	4.700000	0.674949	2.800000	2.043960	Thankfully no one was silly enough to put their fingers through the door but when post would come through the letter box she would grab for it.
11845	letter box	letter	box	3.700000	1.567020	3.100000	1.523880	I was there behind the letter boxes when you came in, and I know that you left these shoes because you thought he sent them to you.
11846	letter box	letter	box	3.300000	1.702940	3.300000	1.702940	Down at the post office at mail time he would feel his coat-tail pulled and looking up would see the face of Mr. Pulcifer solemnly gazing over his head at the rows of letter boxes.
11847	letter box	letter	box	3.900000	1.663330	3.300000	2.057510	Also the opening up of the postal market to competition which reduced Royal Mails income, yet the postmen have to deliver this mail to our letter boxes.
11848	letter box	letter	box	2.700000	2.057510	3.900000	1.449140	What was so exciting about JP 's find was that he definitely, absolutely and certainly had the whole of the Swildon 's flow going through the squeeze which was a rock letter box off to the right of the main tube.
11849	letter box	letter	box	4.600000	0.699206	4.200000	1.619330	By and by, Faith being in her own room, took out from her letter box the last missive from abroad.
11850	letter box	letter	box	3.900000	1.728840	4.300000	1.567020	"She stood a long time hesitating with the typewritten letter in her hand, but finally dropped it in the letter box also. """
11851	letter box	letter	box	4.200000	1.475730	4.600000	0.699206	You can get a booklet from the post office telling you how much different weights cost, then put stamps on and drop into a letter box.
11852	library card	library	card	4.800000	0.632456	3.800000	1.549190	There are many other useful family history resources available within libraries and also from home with your library card number and PIN through the Source!
11853	library card	library	card	4.400000	1.577620	4.100000	1.728840	I could n't even not get a New Haven library card last summer, using my valid CT driver 's License.
11854	library card	library	card	4.800000	0.421637	4.200000	1.316560	Apply for a library card at the O ' Neill Circulation Desk.
11855	library card	library	card	4.600000	0.699206	4.200000	1.549190	The group shelved 4,100 books, issued 540 library cards, hosted community meetings and offered innovative programming, including a Drawing Lab and zine-making workshops led by the Papercut Zine Library.
11856	library card	library	card	4.900000	0.316228	4.400000	1.577620	For all non-University libraries, you can acquire a Leeds library card by inquiring at the front desks of the library in question.
11857	library door	library	door	3.600000	1.837870	4.200000	1.135290	"She had risen, and now he rose, too, and went with her to the library door, and opened it for her. """
11858	library door	library	door	3.600000	2.011080	4.200000	1.619330	She looked for her journal and reached for it just as there was a light tap on the library door; she called out ' Enter.
11859	library door	library	door	4.000000	1.699670	4.200000	1.751190	""" There came a light tap at the library door, and pale as the tenant of a tomb, a menial entered upon tiptoe."
11860	library door	library	door	4.400000	1.577620	4.400000	1.577620	"It was after five when Mary pushed the library door open softly, and looked in, and then beckoned mysteriously to Gifford. """
11861	library door	library	door	4.700000	0.674949	4.800000	0.421637	There is a book drop outside the main library doors for returns made when the library is closed.
11862	library door	library	door	3.600000	2.118700	4.800000	0.421637	"She waited in the hallway, outside the library door, until Duncan reappeared, after his talk with Jack Gardner over the telephone, and she stopped him, by a gesture. """
11863	library door	library	door	4.300000	1.059350	4.900000	0.316228	I think people tend to forget this, and it may be useful to post a sign on the library doors reminding students of the noise policy during this particularly stressful time.
11864	library door	library	door	4.700000	0.674949	5.000000	0.000000	There was another level and there was a library door on the left and several men were waiting for me to help me go inside.
11865	library door	library	door	4.800000	0.421637	5.000000	0.000000	After a few minutes of waiting, Noll made his appearance at the library door, looking a little surprised, perhaps, at this unusual summons.
11866	library door	library	door	4.500000	0.849837	5.000000	0.000000	I hurried by them and stood in front of the library door with the key trembling in my hand.
11867	licensing agreement	licensing	agreement	3.500000	1.957890	3.500000	1.900290	So long as the change does not involve alcohol, licensed premises could save up to Â£2.5 m a year by using a quicker, simpler and cheaper method to alter minor terms in their licensing agreement, such as small-scale refurbishments.
11868	licensing agreement	licensing	agreement	4.500000	0.849837	3.800000	1.398410	Although the company only has five employees, they earn $80 million to $90 million annually on its licensing agreements.
11869	licensing agreement	licensing	agreement	4.500000	0.707107	4.000000	1.414210	Another $11.6 billion was lost due to royalties and licensing agreements.
11870	licensing agreement	licensing	agreement	4.000000	1.563470	4.000000	1.632990	However, bear in mind that to truly understand what all the fees, licensing and issues are for you, you 're really going to have to hit up the AACS site and download all the licensing agreements.
11871	licensing agreement	licensing	agreement	4.900000	0.316228	4.900000	0.316228	I spoke to a 7 Digital representative who described the complications of getting licensing agreements when launching a digital music service.
11872	line spectrum	line	spectrum	2.400000	2.118700	2.600000	2.118700	In contrast, an emission line spectrum consists of light at only a few wavelengths, i.e., at only a few discrete colors (Fig 1 b ).
11873	line spectrum	line	spectrum	2.100000	1.852930	3.100000	1.852930	We expect suchemission occurs in a discrete set of frequencies depending on the composition of the radiating matter creating a so-called line spectrum.
11874	line spectrum	line	spectrum	2.200000	1.686550	3.400000	1.505550	Using old theory of classical electrodynamics, it was not possible to explain the observed line spectrum of H-atom.
11875	line spectrum	line	spectrum	3.100000	2.131770	3.600000	1.577620	A cool, transparent gas in front of a source of a continous spectrum produces an absorption line spectrum - a series of dark spectral lines among the colors of the continuous spectrum.
11876	line spectrum	line	spectrum	3.100000	1.969210	3.700000	1.567020	In the visible region, the sun shows an absorption line spectrum, that is, absorption features superimposed on a continuum.
11877	lip service	lip	service	1.300000	1.702940	0.800000	1.032800	"But honesty of the mind, an absolute unwillingness to take a position, no matter how popular, that a trained intellect and that secret patriotism which is far removed from lip service can not accept, is a finer and a rarer Using. """
11878	lip service	lip	service	1.700000	1.946510	0.900000	1.100500	Looks like you are against ' lip service ' Do you want the ' others ' to actually come and sort out the uglies from the lovelies, or what?
11879	lip service	lip	service	2.400000	1.577620	1.200000	1.316560	Many of the nobles gave him, he well knew, but lip service.
11880	lip service	lip	service	1.600000	1.349900	1.300000	1.159500	Especially is it wearisome to those like Miss Arthur --  maidens whose waists are too tight, whose complexions will ill-endure lip service, and whose tresses are liable to become not only dishevelled but dislocated.
11881	lip service	lip	service	0.800000	1.135290	1.300000	1.946510	Ever since the NPT came into force in 1970, the major powers have been paying lip service about reducing their arsenals and establishing nuclear-free zones.
11882	lip service	lip	service	2.000000	1.632990	1.400000	1.577620	Thou knowest who stand before Thee to do lip service.
11883	lip service	lip	service	1.200000	1.619330	1.400000	1.646550	They do give lip service to women deacons on the website there may be a few in Seattle but I think it is probably more like your token affirmative action deacon, not an empowered to lead one.
11884	lip service	lip	service	1.500000	1.354010	1.500000	1.715940	Loyalty does not consist in shouting and singing and marching and lip service.
11885	lip service	lip	service	1.200000	1.751190	1.500000	2.013840	It is the imagery of metaphor and its value in description and explanation, which makes it such a powerful teaching tool which course materials and syllabuses barely pay lip service to.
11886	lip service	lip	service	1.800000	1.813530	1.600000	1.577620	It pays lip service to the aim of getting more equal representation between men and women in the D & aacute; il rather than actually achieving something.
11887	litmus paper	litmus	paper	2.400000	1.955050	2.800000	2.299760	I can live with loosing Fox, provided it is n't the litmus paper that tells us we 're on a sell, sell, sell mission.
11888	litmus paper	litmus	paper	3.100000	1.911950	3.700000	1.251670	Dip into it the end of a piece of blue litmus paper, and record the result.
11889	litmus paper	litmus	paper	4.000000	1.563470	4.000000	1.414210	20 ), and testing it with litmus paper, until the liquid is neutral, i.e. will not turn the test paper from blue to red, or red to blue.
11890	litmus paper	litmus	paper	3.700000	1.702940	4.000000	1.490710	He pulled open the top small drawer in the chest and exposed a cardboard container with bottles, litmus paper and tweezers.
11891	litmus paper	litmus	paper	3.900000	1.595130	4.200000	1.549190	Once in a while a sailor would take from a jar a piece of litmus paper and expose it, showing only a slight discolouration due to carbon dioxide.
11892	litmus paper	litmus	paper	3.500000	1.581140	4.500000	0.707107	Neutral litmus paper can be used for either test and is more sensitive when moistened, preferably with distilled water.
11893	litmus paper	litmus	paper	4.800000	0.421637	4.500000	1.269300	I understand how to test for PH, but i thought litmus paper etc tested liquids?
11894	litmus paper	litmus	paper	4.200000	1.619330	4.700000	0.674949	She observed that the blue litmus paper turned pink, but the pink litmuspaper did not change color.
11895	litmus paper	litmus	paper	4.200000	1.549190	4.700000	0.674949	(2 ) Test the gas with wet red litmus paper.
11896	litmus paper	litmus	paper	3.400000	1.837870	4.800000	0.421637	He dropped a piece of litmus paper into an acid, when it changed instantly to red, and on floating it in an alkali it turned as quickly to blue.
11897	loan agreement	loan	agreement	4.900000	0.316228	4.100000	1.663330	It is important that you take your loan seriously and give due attention to the requirements you will face as a borrower before agreeing to the final loan agreement.
11898	loan agreement	loan	agreement	4.800000	0.421637	4.400000	1.074970	posted 04-18-2005 05:19 05:19 AM Having worked at KSC for many years, I know how easy it is to borrow stuff for a project, usually documented by loan agreement that only states what the equipment is, and approximately how long one needs it.
11899	loan agreement	loan	agreement	4.800000	0.632456	4.600000	0.966092	"The only satisfaction the British Government has so far been able to obtain is the solemn assurance that "" no change in the customs administration as fixed by the loan agreements of 1896 and 1898 is contemplated. """
11900	loan agreement	loan	agreement	4.100000	1.286680	4.800000	0.421637	Proposals by the Accounting Standards Board to change financial reporting guidelines could result in some charities inadvertently breaching loan agreements with their banks, according to the financial services firm PricewaterhouseCoopers.
11901	loan agreement	loan	agreement	5.000000	0.000000	4.900000	0.316228	Keywords free personal loan agreement form personal loan refinanace home refinance house debts pay bills agreement loan agreement loan repayment terms free.
11902	loan agreement	loan	agreement	4.400000	1.074970	4.900000	0.316228	Real estate is, of course, one sector of the service industry Aug we also nationally offer installment loans with terms of days this loan agreement involves fifth third bank a loan agreement.
11903	loyalty card	loyalty	card	3.200000	1.316560	3.400000	1.349900	Apple wants to make life simple for users by aggregating their tickets and loyalty cards into one easy-to-access app.
11904	loyalty card	loyalty	card	3.400000	1.776390	3.500000	1.649920	I have a loyalty card at my local Oxfam bookshop!
11905	loyalty card	loyalty	card	4.000000	1.054090	4.300000	1.251670	Use your loyalty card for discounts or rebates: If you do n't have a loyalty card, sign up for one at customer service before you shop.
11906	loyalty card	loyalty	card	2.900000	1.969210	4.700000	0.674949	Customers using other loyalty cards have often faced problems such as points not appearing in the Nectar account when using the card at BP but Tesco has managed to run the scheme in a more reliable and user friendly way then any other retailer.
11907	loyalty card	loyalty	card	3.800000	1.229270	4.700000	0.674949	"He was COO at the time, overseeing a new loyalty card program that aspired to be "" something other than a promotional tool, "" he recalls."
11908	luminosity curve	luminosity	curve	2.200000	1.475730	2.200000	1.813530	"The shape of the Cephiad luminosity curve is often referred to as a "" shark fin "" shape when plotted as magnitude vs period."
11909	luminosity curve	luminosity	curve	3.200000	2.299760	3.000000	2.403700	The most direct method to find the absolute magnitude of a specific spectral type and luminosity class is to read the value from the average luminosity curves for the corresponding spectral type and luminosity class (chart, below ).
11910	luminosity curve	luminosity	curve	2.800000	2.299760	3.600000	1.429840	When you get a Cepheid that 's been reasonably calculated, the period will tell you where it sits on the luminosity curve, and from that you can calculate a distance.
11911	luminosity curve	luminosity	curve	3.800000	1.316560	3.800000	1.316560	The gamut boundary chromaticity coordinates are converted to XYZ tristimulus values normalized to the Judd-Vos modified CIE 2 - degree photopic luminosity curve,, as follows:.
11912	luminosity curve	luminosity	curve	4.200000	1.619330	3.800000	1.686550	Because the rod and cone outputs are pooled in shared nerve pathways in mesopic vision, the photopic luminosity curve shifts toward blue and long wavelength hues become darker.
11913	lunch box	lunch	box	3.900000	2.079000	3.700000	1.702940	"He handed Elnora the leather lunch box, with her name carved across the strap in artistic lettering. """
11914	lunch box	lunch	box	4.100000	1.595130	3.900000	1.728840	Around Notes notes lunch box notes for kids, romance Kids Chronicle Love and Romance personal and Family Tweens and Teens Jokes Pop a.
11915	lunch box	lunch	box	4.200000	1.398410	4.000000	1.333330	Mothers while sending their children to school in the mornings do not forget to hide a nail or something made of iron in the lunch box.
11916	lunch box	lunch	box	3.500000	2.121320	4.200000	0.918937	The niftiest 120 volt welding tool I have ever seen is the Miller Maxstar 150 STH - its the size of a lunch box, will run on either 120 or 220 volts, and will tig weld like nobodies business.
11917	lunch box	lunch	box	4.200000	1.619330	4.400000	0.699206	The band was aggressively merchandised - Beatle wigs, Beatle clothes, Beatle dolls, lunch boxes, a cartoon series - from which, because of Epstein 's ineptitude at business, the band made surprisingly little money.
11918	lunch box	lunch	box	4.000000	1.885620	4.700000	0.483046	Both are easier to carry in lunch boxes, quicker to peel and less messy to eat.
11919	lunch box	lunch	box	3.700000	1.494430	4.800000	0.421637	"Wesley opened the package and laid a brown leather lunch box on the table. """
11920	macro photography	macro	photography	3.000000	1.943650	4.500000	0.971825	I love the world of nature photography, and the addition of macro photography opens up a whole new world.
11921	macro photography	macro	photography	2.800000	1.988860	4.700000	0.674949	As I mentioned in an earlier reply, in macro photography perspective is very important.
11922	macro photography	macro	photography	3.600000	1.776390	4.900000	0.316228	I am also pretty impressed by the bokeh I obtain in macro photography, and the small amount of noise in night photography.
11923	macro photography	macro	photography	4.100000	1.523880	4.900000	0.316228	There are many other uses for macro photography, take for example one use I made of it many years ago.
11924	macro photography	macro	photography	4.000000	1.632990	4.900000	0.316228	There is also a starting aperature of f 2.8 which is good, but with this lens this stays all the way out to 75 mm which is a very handy feature and makes this lens useable for macro photography.
11925	mahogany table	mahogany	table	3.600000	2.270580	3.900000	2.079000	I know the cupboard of Spode the boat of ice, solid silver, where the butter sits in neat squares like strange giant 's teeth on the big mahogany table.
11926	mahogany table	mahogany	table	4.200000	1.619330	4.400000	1.577620	"Or, better than that, I ' ll take ' em all in and show ' em our best chairs, andirons, and mahogany table, and then we can come out and be comfortable. """
11927	mahogany table	mahogany	table	4.100000	1.663330	4.500000	1.269300	A huge old mahogany table and sideboard, ill kept and dusty, filled the bow window end of the room.
11928	mahogany table	mahogany	table	4.900000	0.316228	4.500000	1.581140	A polished mahogany table holds among its treasures a card-receiver, which has the honor to be the only article of furnishing left whole in the room after a raid of the federal soldiers in 1862.
11929	mahogany table	mahogany	table	4.800000	0.421637	4.700000	0.674949	It is conventional in furnishing, with a family portrait or two looking down complacently upon the methodically placed chairs, sofa and large mahogany table.
11930	mahogany table	mahogany	table	3.900000	1.663330	4.900000	0.316228	He 'd been engaged in a good book and gently closed its hand-tooled leather cover, placing it on the mahogany table next to the chair where he sat.
11931	mahogany table	mahogany	table	4.800000	0.632456	4.900000	0.316228	Her hand small and death-like, with long and tapering fingers, rests upon the mahogany table, on which the lamp is burning, and her eyes gleaming beneath their dark lashes, are fixed intently upon the person seated opposite.
11932	mahogany table	mahogany	table	4.800000	0.632456	5.000000	0.000000	She opened the door and stepped inside, silently taking her place at the round mahogany table.
11933	mahogany table	mahogany	table	4.700000	0.674949	5.000000	0.000000	There is a 14.5 cm long scratch to the top of the mahogany table.
11934	mahogany table	mahogany	table	4.900000	0.316228	5.000000	0.000000	The whist party sat in high-backed chairs about a square mahogany table, whose shining top betokened much muscle on the part of Sally.
11935	mail service	mail	service	4.600000	0.516398	3.000000	2.054800	But the Japanese were encouraged by General Grant 's administration to pursue their purpose, and it presently became apparent that the Americans were reaping the advantages of a mail service so incomparably superior...... all the other nationalities.
11936	mail service	mail	service	4.000000	1.632990	3.200000	1.932180	Copyright 2005 wilful mail services long free nudist camp pics supported are the charges that we could belong secure and feel for civil that we had privacy.
11937	mail service	mail	service	4.700000	0.483046	3.400000	1.837870	Moreover, the things transported in mail service are so slight in bulk that the cost of transportation in each instance is negligible as compared to the cost of handling.
11938	mail service	mail	service	4.200000	1.475730	3.800000	1.988860	That it has been more or less delinquent in regard to the ocean mail service, can not be denied.
11939	mail service	mail	service	3.200000	1.475730	4.000000	1.054090	The hypothetical question today is: What if Google started charging a dollar for every search you perform, ten for its mail service, fifty for access to its online book collections?
11940	mail service	mail	service	3.900000	1.852930	4.100000	1.370320	Private mail services nudist sex camps teen 2005 nail payphones are criticising wet potions through the internet.
11941	mail service	mail	service	4.300000	0.823273	4.200000	1.229270	Or, your PCs can use an outside store - and-forward mail service from a service provider.
11942	mail service	mail	service	4.200000	1.619330	4.200000	1.619330	male nudist gatherings About the author steve is the fun teen boot camp and broadcast for damaging mail services.
11943	mail service	mail	service	4.400000	1.577620	4.200000	1.619330	Mr. Bynuin 's bill provided for the reinstatement of the Democrats who were turned out by the Republicans just before the classification of the railway mail service.
11944	mail service	mail	service	4.200000	1.135290	4.300000	0.948683	It will take several weeks, for they do n't have good mail service to that part of Africa.
11945	manor house	manor	house	3.700000	1.828780	4.000000	1.490710	"Cecil did not know that a hundred dogs made a pack, for he had passed all his life in India, until a few months previous to his coming to the manor house. """
11946	manor house	manor	house	3.700000	1.159500	4.000000	1.763830	Burnville House is a beautiful old manor house with stunning views across Dartmoor set in working farmland.
11947	manor house	manor	house	4.400000	1.264910	4.300000	0.948683	Take in the splendour of the English landscape by staying at a local manor house.
11948	manor house	manor	house	3.200000	2.299760	4.500000	1.581140	We all had walked to church, and on reaching the hall of the manor house, ' every one immediately retired to be rid of furs and moccasins, and to dress, for the.......
11949	manor house	manor	house	3.500000	1.779510	4.600000	0.699206	An old manor house, the property......, situated on the top of a little knoll at Plandome, is the residence of a half-brother of our wife, Martin Littleton, the well-known criminal attorney.
11950	manor house	manor	house	3.600000	1.776390	4.600000	1.264910	But it is n't happily ever after, with secret marriages, a creepy manor house, chained madwomen, missing babies, and a too-helpful brother (Ultraviolet 's Jack Davenport ) threatening the woman at every turn.
11951	manor house	manor	house	3.700000	1.828780	4.800000	0.632456	Tidwell Manor offers high qulity bed and breakfast accommodation in Budleigh Salterton, East Devon, in a fine Georgian manor house.
11952	manor house	manor	house	3.500000	2.223610	4.900000	0.316228	Rawmarsh Hall was one of the three manor houses of the manor of Rawmarsh.
11953	manor house	manor	house	4.100000	1.100500	4.900000	0.316228	"In the midst of such reflections as these, came a card from the "" manor house. """
11954	manor house	manor	house	3.900000	1.852930	4.900000	0.316228	There is nothing nest-like about our homes, either in their...... aids rarely attain that cozy, mellowing atmosphere that pervades not only the lowly birthplaces but the halls and manor houses of older lands.
11955	mansion house	mansion	house	3.400000	2.366430	4.300000	1.636390	Of this useful commodity, however, he had a supply in the mansion house, which he had saved from the presents made him by Colonel Dumont and his guests.
11956	mansion house	mansion	house	3.800000	1.873800	4.500000	1.269300	"And how have you all been at the mansion house? """
11957	mansion house	mansion	house	5.000000	0.000000	4.500000	1.581140	Gatiss is the museum curator with tales to tell about a mansion house with a sinister history.
11958	mansion house	mansion	house	4.300000	1.567020	4.500000	1.581140	"yeres, without lerning or other promocion "" and that he was living "" in a mansion house which Master Bagenham 5 hath gyven hym duringe his life and no longer."
11959	mansion house	mansion	house	4.100000	1.595130	4.500000	1.581140	""" I done remember, all right, ' bout that time in ol ' Virginia, an ' the day I taken you the letteh up in the little glen behind the ol ' mansion house whah hit wah so cool and the watah 's so cleah."
11960	mansion house	mansion	house	3.900000	1.197220	4.600000	0.699206	The number of brochs on the island of Barra in the Western Isles suggests that most landowners (as distinct from tenant farmers ) had a broch, much as 19th century gentry had their mansion house.
11961	mansion house	mansion	house	5.000000	0.000000	4.800000	0.421637	Lydiard House Conference Centre is set within an elegant Grade I listed mansion house overlooking 260 acres of parkland very close to junction 16 of the M 4.
11962	mansion house	mansion	house	4.800000	0.421637	4.800000	0.421637	In the building of the Aydelot home there was a memory of the old farmhouse beside the National pike road in Ohio and the old Thaine mansion house of the South.
11963	mansion house	mansion	house	4.100000	1.595130	4.800000	0.421637	The kitchen proper had, about ten yards from the mansion house, a whole cabin to itself.
11964	mansion house	mansion	house	4.800000	0.632456	4.800000	0.632456	[17 ] Glentanar Ballroom is the ballroom of a now demolished mansion house.
11965	marble table	marble	table	2.500000	2.121320	4.400000	1.349900	At the far end Nina was seated before a marble table, with Madame Chanve in smiles and tears beside her.
11966	marble table	marble	table	3.600000	2.011080	4.400000	1.577620	"Jack, "" said Bill, smiting the marble table emphatically, "" you are my best friend. """
11967	marble table	marble	table	4.000000	1.563470	4.700000	0.483046	I wake to a mausoleum; you are here, Ticking your fingers on the marble table, looking for cigarettes, Spiteful as a woman, but not so nervous, And dying to say something unanswerable.
11968	marble table	marble	table	3.700000	1.567020	4.700000	0.674949	She thought the heat and pain would n't end until her companions led her to a low, cool marble table where she was made to lie.
11969	marble table	marble	table	3.888890	1.615890	4.888890	0.333333	I loved the bright modern decor and the marble tables with the smiley waiting staff.
11970	marble table	marble	table	4.400000	1.264910	4.900000	0.316228	There is a large patio and BBQ area shaded by a pergola with marble tables and seating for 10 +.
11971	marble table	marble	table	4.600000	0.699206	4.900000	0.316228	Near the entrance, a small, dark woman was leaning upon a marble table, and as she saw him she held out a cordial hand.
11972	marble table	marble	table	4.300000	1.337490	4.900000	0.316228	Upon a marble table close by lay the jewels she had worn --  a glittering and neglected heap of fire, which gave out more light than the shaded lamps that threw their beams brightly on them, and shed tender moonlight on that lovely old face.
11973	marble table	marble	table	3.700000	1.946510	5.000000	0.000000	It is furnished with 6 sun loungers and 3 parasols, a marble table with seating for 6.
11974	marble table	marble	table	3.500000	2.223610	5.000000	0.000000	O, what a large room, with mirrors reaching from the floor to the ceiling, and a small lamp standing upon a white marble table.
11975	market town	market	town	3.200000	1.873800	4.300000	1.159500	Pub for sale Fakenham Norfolk NR 21 1 Freehold Pub For Sale In Fakenham, Norfolk LOCATION Fakenham is a popular tourist market town, located to the North of Norfolk, about 11 miles from the coast.
11976	market town	market	town	3.800000	1.686550	4.400000	1.264910	There are some wonderful little market towns and villages here in the UK.
11977	market town	market	town	2.900000	2.024850	4.400000	1.577620	The bustling market town of Bridport lies one mile north of West Bay.
11978	market town	market	town	2.700000	1.828780	4.500000	0.971825	For example, market towns can play an important role in meeting housing needs, particularly for single person households by the re-use of vacant properties or redevelopment in declining town centres, thereby improving the vitality of the town as well as providing accommodation.
11979	market town	market	town	3.700000	0.948683	4.600000	0.516398	How he and Martha had always watched for that Christmas basket from Cousin John 's folks over at the market town!
11980	market town	market	town	4.000000	1.054090	4.600000	0.699206	The market town of Thirsk, with its famous racecourse and 100 - year-old cinema, is just 10 minutes ' drive away..
11981	market town	market	town	3.400000	1.712700	4.700000	0.674949	He always fixed his headquarters at a market town, kept a table there, and, by his decent hospitality and munificent charities, tried to conciliate those who were prejudiced against his doctrines.
11982	market town	market	town	3.000000	2.000000	4.800000	0.421637	It is perfectly true that the law was defective, and that the profusion with which mansions, abbeys, chaces, warrens, beds of ore, whole streets, whole market towns, had been bestowed on courtiers was greatly to be lamented.
11983	market town	market	town	3.400000	1.646550	4.800000	0.421637	There for instance is Banbury, a thriving market town.
11984	market town	market	town	4.300000	0.948683	5.000000	0.000000	He passed on, and the little faces seemed to brighten for a moment;...... their father had started for the market town, some five miles off, in the vain hope that an old friend there would help him.
11985	material processing	material	processing	2.900000	2.024850	3.000000	2.309400	It also allows for a greater diversity in material processing and this includes the process reliable cutting of ferrous material with Trumpf standard cutting data for copper and brass.
11986	material processing	material	processing	3.600000	2.118700	3.800000	1.813530	It includes techniques and material processing, inorganic semiconductor nanostructures, nanomagnets, electro-optical materials, self assembly and soft nanotech subjects.
11987	material processing	material	processing	3.700000	1.494430	3.900000	1.449140	If trend 's in material processing continue, they lead to atomic precision.
11988	material processing	material	processing	3.800000	1.619330	4.000000	2.108190	I am focussed on composite material processing, particularly resin infusion and vacuum resin transfer moulding and in association with Composite Integration Ltd, I have been working with the application of this technology with a number of Cornish composite companies.
11989	material processing	material	processing	4.500000	0.707107	4.600000	0.966092	Observes material processing to determine material and material processing specifications or specifications for manufacturing and operation of equipment 3.
11990	meal time	meal	time	3.100000	2.024850	2.000000	2.108190	Particularly was this true when we assembled together at meal time, when, grouped in squads of half a dozen or more, each usually found himself in the midst of his personal friends.
11991	meal time	meal	time	4.600000	0.516398	2.800000	1.751190	The butler 's face was rather an enigma, particularly at meal times, when Gissing sat at the dinner table surrounded by the three puppies in their high chairs, with a spindrift of milk and prune-juice spattering generously as the youngsters plied their spoons.
11992	meal time	meal	time	4.800000	0.421637	2.800000	2.347580	Not satisfied with these proceedings, he had a fashion of living wholly on bread and water, and studying astronomy at meal time --  a thing which has brought affliction to millions of boys since, whose fathers...... full of animosity towards boys.
11993	meal time	meal	time	4.500000	1.581140	3.600000	1.837870	There should be a record of the choices offered at each meal time to ensure people are being offered food of their choice which is healthy, varied and nutritious.
11994	meal time	meal	time	3.800000	1.751190	3.900000	1.595130	"Yet when meal time came there were these same two vacant seats. """
11995	meal time	meal	time	4.400000	1.349900	4.000000	1.490710	She sought him out at meal times, sitting at his table and cheerfully attempting to engage him in conversation about everything and anything.
11996	meal time	meal	time	4.400000	1.349900	4.100000	1.286680	How do you respond to her behaviour at meal times?
11997	meal time	meal	time	4.700000	0.674949	4.100000	1.286680	The residents sitting in the lounge looked well groomed and wore protective clothing at the meal time.
11998	meal time	meal	time	5.000000	0.000000	4.400000	1.074970	From the jungles of the Amazon to the highlands of Southeast Asia, there is a consistent joy, contentment, and gratitude at meal times among traditional peoples.
11999	meal time	meal	time	4.700000	0.674949	4.400000	1.074970	Except at meal time, he sticks close to his quarters.
12000	medicine man	medicine	man	2.700000	2.057510	3.200000	2.394440	He is a great spell caster (medicine man ).
12001	medicine man	medicine	man	3.700000	1.828780	3.300000	2.162820	The sparse aborigines still acknowledged the rule of their chiefs and medicine men, drove out bad spirits, burned their witches, fought their neighbors, and ate their enemies with a relish which spoke well of their bellies.
12002	medicine man	medicine	man	3.200000	2.299760	3.400000	1.955050	' You 've got the bedside manners of a Piute medicine man, ' says I. '
12003	medicine man	medicine	man	4.000000	1.563470	4.000000	1.763830	He knew that before the sky turned black overhead the young Oglala would bring him a gift in acknowledgment for all the help that the medicine man had given him during this most special of moments in a father 's life.
12004	medicine man	medicine	man	3.200000	1.751190	4.100000	1.595130	"Immediately a feast was ordered by the parents of the child, the white dog was killed, his carcass was roasted, and all the wise men and medicine men of the village assembled to witness the ceremony. """
12005	medicine man	medicine	man	3.400000	1.429840	4.200000	1.619330	We encamped on a narrow flat between the high hill just descended and the wide and noisy river, near an old ruined log-hut, the former residence of a once famed Indian medicine man, who, after the laudable custom of his race, had.......
12006	medicine man	medicine	man	4.100000	1.100500	4.300000	1.059350	Violent in its operations, certainly; but the medicine man had given me a pretty strong dose, as my long lethargy (which must have extended over some fifteen hours ) sufficiently testified.
12007	medicine man	medicine	man	3.800000	1.032800	4.300000	1.337490	Until the treaty, the Navajos governed themselves in clan units with the eldest or medicine man acting as head or chief.
12008	medicine man	medicine	man	3.600000	1.837870	4.500000	1.581140	This the stimulation analogue are same branded the in our every version and somewhere not beside the sincere usa tale in cialis samples always generic cialis samples direct the absolutely Viagra and may help eldery due of medicine men this medicine with contents ED get.
12009	medicine man	medicine	man	3.000000	2.160250	4.600000	0.843274	""" I want Lakota tribal history to come up before vision quest safaris by fake Sioux medicine men and inaccurate, misspelled grade-school reports about "" mean "" Indians who steal each other 's horses."
12010	memory box	memory	box	2.800000	2.201010	3.600000	2.118700	She indicated that memory boxes may be put up for individuals, to also help people find their own room.
12011	memory box	memory	box	3.600000	1.712700	4.000000	1.763830	He has a memory box, which he is sharing with the viewers of American Idol; in it is his father 's rosary.
12012	memory box	memory	box	3.700000	1.059350	4.100000	1.663330	There was a large memory box on the wall displaying reminiscence objects from the war, and the manager stated that there were plans to provide memory boxes for all the residents.
12013	memory box	memory	box	3.200000	1.873800	4.400000	1.264910	We noted that the bedroom doors were different colours with nameplates, letter boxes and memory boxes holding personal effects hung outside.
12014	memory box	memory	box	3.400000	1.837870	4.700000	0.948683	She never said a word to me about - I found it in her ' treasure memory box '.
12015	memory card	memory	card	4.200000	1.398410	2.500000	1.957890	You then need to configure the type of device that you are going to use as external drive (flash drive, memory card, etc. ).
12016	memory card	memory	card	3.800000	1.229270	3.100000	1.852930	A combination of 8, 16, 32, or 64 MB memory cards, up to a maximum of two cards may be installed.
12017	memory card	memory	card	3.700000	1.636390	3.100000	1.969210	Hold this and the other FORMAT button on the top left rear to format the memory card.
12018	memory card	memory	card	3.000000	2.211080	3.100000	2.024850	The only thing that I hate is that the package has no complimentary memory card (micro-SD ) included.
12019	memory card	memory	card	2.600000	1.837870	4.200000	1.316560	The other alternative is to stream it straight from the camera to TV using the supplied dock and HDMI cable, though youre going to get through a lot of memory cards its MPEG -4 compression promises 87 minutes of full-resolution footage on an 8 GB memory card.
12020	metal plate	metal	plate	4.100000	1.523880	2.700000	1.567020	""" I now have a metal plate in my neck."
12021	metal plate	metal	plate	4.200000	0.918937	2.900000	2.131770	There has been, however, hitherto a great practical difficulty in the way of using iron for such a purpose, namely that of giving to these metal plates a sufficient stiffness.
12022	metal plate	metal	plate	4.700000	0.483046	3.000000	2.000000	In a city where lives can end with lightning randomness and in darkly unpredictable ways - just last week, a woman walking her dogs in the East Village was electrocuted by a metal plate in the street - the death of Ms.
12023	metal plate	metal	plate	3.700000	1.567020	3.400000	1.776390	I could not describe it...... evening with some of his metal plates and discoursed upon them.
12024	metal plate	metal	plate	4.800000	0.632456	3.600000	1.505550	That despite more than 200 staples and stitches - 157 in one leg, a metal plate with five screws holding his hip together and three surgeries.
12025	metal plate	metal	plate	4.600000	0.843274	3.600000	1.897370	His victim needed surgery to insert metal plates into his jaw.
12026	metal plate	metal	plate	4.400000	0.966092	3.700000	1.567020	Lithograph is a planographic technique in which the artist draws directly on a flat stone or specially prepared metal plate (usually with a greasy crayon ).
12027	metal plate	metal	plate	4.600000	0.699206	3.700000	1.828780	The heat, Lee protested, grew worse with evening; not a stir of air brought out the dry scraping rustle of the palms, a sound like the friction of thin metal plates.
12028	metal plate	metal	plate	4.900000	0.316228	4.000000	1.247220	Whenever her heels came together, a pretty musical clink came from them -- Maida discovered that on her shoes were tiny metal plates.
12029	metal plate	metal	plate	4.500000	1.269300	4.300000	1.567020	The said plate arrived when I was out, and Squintibus, to whom I had mentioned my wish to put a metal plate behind the fire, mistook it for that, and was on the point of sacrificing my new copper to that purpose.
12030	metal surface	metal	surface	3.800000	1.619330	3.400000	2.065590	Its new outdoor bleach can be used in a diluted solution on decks, driveways, sidewalks, metal surfaces and patio furniture.
12031	metal surface	metal	surface	4.400000	1.577620	3.500000	2.121320	A magnet on the back allows it to be placed on metal surfaces.
12032	metal surface	metal	surface	4.500000	1.581140	4.200000	1.619330	Uzi Landman, director of Georgia Tech 's Center for Computational Materials Science, poses with an image from the 1990 molecular dynamics simulation that predicted how metal surfaces would jump to contact one another at the nanoscale.
12033	metal surface	metal	surface	4.888890	0.333333	4.333330	1.658310	Observations of the peculiar effects of ultraviolet radiation on metal surfaces led to the discovery of the photoelectric effect, a phenomenon that defied explanation based on the electromagnetic wave theory of light.
12034	metal surface	metal	surface	4.700000	0.948683	4.500000	0.849837	On the outside of the car the rear section of the propshaft had to be removed then the area was cleaned of sealant and sanded to give a clean metal surface for welding onto.
12035	metal surface	metal	surface	4.900000	0.316228	4.700000	0.674949	When carbon brushes are working properly, the metal surface on which they rub becomes finely polished, and...... the case of copper commutators on direct current machines.
12036	metal surface	metal	surface	4.700000	0.674949	4.700000	0.674949	a condition which is most unplea for the employee, and which makes it almost impossible for him to obs accurately the details of his work, particularly when he is working polished metal surfaces.
12037	mine company	mine	company	2.900000	2.183270	3.400000	2.221110	Whereas we once experienced the brutal tactics of mine company owners at Cripple Creek, Colorado, we now experience the brutal tactics of Wal-Mart thugs at Loveland, Colorado, where they recently broke the back of a fledgling organizing campaign.
12038	mine company	mine	company	2.100000	2.233580	3.800000	1.475730	I had nussing; I could not ask Miss Lang to be my vife; all ze world would hafe said he marry her for...... of mine company --  and Mr. Tompson when he would come he vill make ze number.
12039	mine company	mine	company	2.900000	2.079000	4.200000	1.549190	"Keep in mind that in the above story the mine company was "" given permission "" - these means a government agency and / or politician sold out the farmer."
12040	mine company	mine	company	3.500000	2.415230	4.300000	1.636390	The low prices prompted mine companies to suck in their tummies, and mine employment in the state dropped from 15,000 to 10,000.
12041	mine company	mine	company	4.300000	1.567020	4.400000	1.264910	I would like to know the following: To date what has been the response of the Sago mine company to provide for the families impacted by this disaster?
12042	mine company	mine	company	3.400000	1.955050	4.600000	0.699206	There are pits in area left by the mine companies.
12043	money market	money	market	4.400000	1.577620	1.900000	2.131770	Many like the safety of cash-like instruments such as savings deposits and money market funds.
12044	money market	money	market	4.700000	0.483046	2.500000	2.173070	If someone needs to unload some cash in the meantime, they should put it in a money market fund, or yes, even a bank account, until they complete their basic training.
12045	money market	money	market	3.600000	1.897370	2.600000	1.646550	We had the close money market, the dull trade, more suspicion and distrust of certain important classes of merchants, than...... the crops, &c., &c.
12046	money market	money	market	4.300000	1.494430	2.600000	1.712700	Because 1 ) No new loans = no fees 2 ) money markets remain closed to some banks and expensive to the rest 3 ) savers (if they bother shop around ) can still get 2 -3% 4 ) risk of losses on mortgages much higher.
12047	money market	money	market	3.900000	1.663330	2.700000	1.702940	I does n't know what I shall do; I ' gin to feel de ' pression in de money market ' siderable.
12048	money market	money	market	4.900000	0.316228	3.200000	1.398410	The following figures, designed to make a technical subject as untechnical as possible, have been discussed with English bankers and money market experts.
12049	money market	money	market	3.800000	1.619330	3.200000	1.813530	When Assistant Secretary of the Treasury Lemngweli came to New York in March for a conference with bankers, he was apprised of money market conditions.
12050	money market	money	market	4.200000	1.619330	3.200000	1.932180	""" You always talk of the money market, Frank, "" said little Alfred: "" what do you mean by the money market?"
12051	money market	money	market	4.500000	1.080120	3.200000	2.201010	And we met on the eve of some $89 billion in one day 's withdrawals from money market funds.
12052	money market	money	market	3.600000	2.065590	3.500000	1.649920	I 've always used money markets, but more so in the current very low interest rate environment.
12053	morning air	morning	air	3.400000	1.712700	3.600000	1.837870	And then the early morning air is so fresh and so inspiriting;......, the rising of the sun so majestic, that even the dull soul feels, and the dull eye gazes, with an admiration not unmixed with awe.
12054	morning air	morning	air	3.400000	1.712700	3.800000	1.549190	I 'm Å¿ure it will; - but Å¿ee increaÅ¿ing light, Commands the imps oÅ¿ darkneÅ¿s down to night Bid raiÅ¿e my Å¿ervants, and my horÅ¿e prepare, WhilÅ¿t I walk out to take the morning air.
12055	morning air	morning	air	3.900000	1.449140	3.800000	1.932180	We had a couple of hours to wait in the cold morning air for the canon that would start the race - no pip-squeak starter 's pistol for this collection - so I eased over to the Jewish services being held.
12056	morning air	morning	air	4.700000	0.483046	4.300000	1.251670	"She was dressed very prettily and the cold morning air had given her a fine colour. """
12057	morning air	morning	air	4.600000	0.699206	4.300000	1.251670	Steadily the dawn came creeping up; the morning air -- raw and damp -- floated off the horses ' tails, and flickered the lights, and even handled Wych Hazel 's new veil.
12058	morning air	morning	air	3.100000	2.131770	4.600000	0.699206	Do you want to walk out on deck and watch your breath as it comes out in the cool morning air?
12059	morning air	morning	air	4.300000	1.059350	4.700000	0.483046	He stopped and listened to the larks as he breathed in the sweet morning air, pleased that the sweltering heat wave had finally broken.
12060	morning air	morning	air	4.600000	0.699206	4.700000	0.948683	The morning air was chilling, and grass, bushes, everything, dripping with dew.
12061	morning air	morning	air	4.500000	1.269300	4.800000	0.421637	The world was now a flood of sunshine, the mist on the river vanishing, the birds singing, the trees waving in the pleasant morning air.
12062	morning air	morning	air	4.600000	0.699206	4.800000	0.632456	She shivered once as the cool, early morning air touched her skin.
12063	motive force	motive	force	2.100000	1.595130	1.500000	1.649920	To produce this, a series of contrivances is made to intervene between the point of action and the motive force, and accordingly as the result is different, so must that intervening mechanism vary.
12064	motive force	motive	force	2.900000	1.663330	2.000000	1.763830	It was the class struggles of the peasants, the peasant uprisings and peasant wars that constituted the real motive force of historical development in Chinese feudal society.
12065	motive force	motive	force	3.000000	1.825740	2.800000	1.988860	It is the motive force of their work to build bridges, develop ideas, and to protect psychoanalytic ideas in a cultural context which is massively hostile to it, rather than wishing to destroy them.
12066	motive force	motive	force	3.200000	1.619330	3.000000	1.943650	That is to say, there is among the inhabitants of India no such body of sentiment and opinion as could be expressed in political action and serve as the guide and motive force of Governmental administration.
12067	motive force	motive	force	3.200000	1.932180	3.100000	1.852930	The motive force of these undertakings was - - as has so often been the...... power saw in their mind 's eye an increase of their possessions.
12068	motive force	motive	force	3.200000	1.229270	3.200000	1.032800	He constructed the ethnic identity of bahujan (shudra-atishudra ), castigating Brahmins as invaders who enslaved the natives, and thus provided the lower castes with the motive force to fight.
12069	motive force	motive	force	4.000000	1.563470	3.300000	2.110820	She really cared little for that divin sens du genesiaque concerning which she prattled so freely to her intimates; and therefore she was cool and sure in her coquetries, at the same time that vanity gave her motive force which some naughty flirts derive from passion.
12070	motive force	motive	force	3.100000	1.728840	3.600000	0.966092	This, however, was a mere boyish fancy, the impulse of which would not long have acted even upon the youthful aspirations of such a man as he, had it not accorded with the great motive force of his nature.
12071	motive force	motive	force	2.600000	1.837870	4.000000	1.333330	As we know today, ATP synthesis follows electron transport steps that first store energy temporarily by creating a proton motive force; this energy would be otherwise lost if not used for ATP formation (see the scheme of Hill & Bendall, 1960 ).
12072	motive force	motive	force	1.666670	1.870830	4.111110	1.536590	The motive force is in front of it, pulling it down slope.
12073	motive power	motive	power	2.400000	1.577620	2.800000	2.201010	In the unlawful sale of patented articles the holder of the patent furnishes the motive power to start and keep in action the machinery of the law.
12074	motive power	motive	power	2.400000	2.011080	3.100000	1.663330	The return journey was with identical stock and motive power.
12075	motive power	motive	power	2.300000	1.828780	3.100000	1.663330	Turning to the depot, an impressive line-up of GM motive power was on display, with (left to right ) 59 004, 101, 201 and 005.
12076	motive power	motive	power	1.800000	1.751190	3.200000	1.549190	The dignified parts of Government are those which bring it force --  which attract its motive power.
12077	motive power	motive	power	3.800000	1.475730	3.200000	1.751190	The principal affluents of the Connecticut in this town are Mill River on the north and Fort River on the south, both furnishing motive power.
12078	motive power	motive	power	3.100000	2.233580	3.400000	2.011080	The reduction in operational motive power was caused by a number of factors: war damage, reduced capacity for maintenance, higher usage rates, retirement of aging equipment and the decline in the numbers of new locomotives constructed created by the switch to munitions production.
12079	motive power	motive	power	3.100000	1.911950	3.500000	1.649920	For its designers, the sweetest irony of all must have been when it became the motive power for the A 30 's bitterest rival, the Morris Minor.
12080	motive power	motive	power	3.700000	1.494430	3.600000	1.173790	It is the active motive power of character; and if combined with sagacity and self-possession, will enable a man to employ his powers to the best advantage in all the affairs of life.
12081	motive power	motive	power	0.800000	1.316560	3.600000	1.712700	"My purpose is to use it to supply our shops and motive power. """
12082	motive power	motive	power	2.500000	1.715940	3.900000	1.449140	"This is one of the changes we intend to work out by degrees in connection with the change of motive power and the enlargement and improvement of the elevated roads. """
12083	motor area	motor	area	2.600000	2.170510	1.700000	2.162820	In other words, it is n't the failure of integration with visual information that is responsible for lack of felt hurt, but rather the failure of the results of sensory-discriminatory analysis to reach the motor areas at all.
12084	motor area	motor	area	2.800000	2.097620	3.000000	1.699670	The motor area, ' in fact, is not purely motor, but has sensory functions as well.
12085	motor area	motor	area	2.900000	1.852930	3.000000	1.885620	We tested whether autistic traits revealed by high and low scores on the Autistic Quotient (AQ ) in the normal population are linked to variations in the electroencephalogram (EEG ) over motor, pre-motor cortex and supplementary motor area (SMA ) during action observation.
12086	motor area	motor	area	1.900000	1.791960	3.500000	1.779510	Significantly increased power of response was observed in the right precentral gyrus and the right supplementary motor area.
12087	motor area	motor	area	2.500000	2.121320	3.900000	1.663330	In front of the central fissure is situated the motor area, or that region destruction of which causes paralysis of the muscles moving the structures of the opposite half of the body.
12088	motor area	motor	area	2.000000	2.160250	4.200000	1.229270	"He suggested that there was an impairment of "" callosal gating "" between the two hemispheres, in particular the two supplementary motor areas (see below )."
12089	motor area	motor	area	1.888890	1.763830	4.222220	1.394430	There are other motor areas: the pre-motor area (Brodman area 6 ), supplementary motor area, secondary motor area and frontal eye field (BA 8).
12090	motor power	motor	power	2.500000	2.273030	2.700000	2.110820	The old man looked wistfully after him a moment, then turned his mind, like a strong motor power, to the complicated machinery that was coining wealth.
12091	motor power	motor	power	1.700000	2.213590	2.800000	2.043960	Now the sun 's out, and that 's the greatest motor power of all.
12092	motor power	motor	power	4.600000	0.699206	3.000000	2.108190	Driving the rear wheels is a 47 kW permanent magnet electric motor with about 120 NM of torque; while a second electric motor powers the front wheels at speeds of around 25 mph for city use.
12093	motor power	motor	power	4.000000	1.490710	3.100000	0.875595	In hydrogen vehicles, an electric motor powers the wheels.
12094	motor power	motor	power	4.700000	0.483046	3.400000	1.646550	It is suitable for scroll, bevel and plunge cutting in wood, metal and plas tic.A 480 W motor powers the blade at variable speeds of up to 3000 rpm, providing you quick and controlled cutting.
12095	motor power	motor	power	4.000000	1.154700	3.700000	1.702940	Activated by means of the Multi-information switch on the steering wheel, EV mode allows the RX 450 h to be driven under electric motor power alone.
12096	motor power	motor	power	2.200000	2.250930	3.900000	1.370320	In some regions they employ a stump extractor, a rude but strong machine, worked by blocks and pulleys, with oxen as motor power.
12097	motor power	motor	power	3.400000	1.897370	4.000000	1.154700	The sensation of being carried down in spite of the motor power, complicated with the rapid approach of the stranger in his skiff, was novel and amusing.
12098	motor power	motor	power	4.000000	1.563470	4.200000	1.032800	The capacity of an engine with a given motor power can be measured, and certain and unvarying results predicted; but who can measure the resources of an acre through varying seasons and under differing culture, or foretell the price of the crops?
12099	motor power	motor	power	1.800000	2.149940	4.500000	0.707107	That is, the ability of a bicycle to carry me to work (given motor power from my legs ) is an emergent property of the complete system.
12100	mountain air	mountain	air	2.400000	2.170510	3.900000	1.728840	Greetings from Namche Bazaar, our third day of mountain air at the start of the Everest season.
12101	mountain air	mountain	air	3.900000	1.852930	4.200000	1.398410	I 'm hungry for a breath of mountain air, for a glimpse of the old trails.
12102	mountain air	mountain	air	3.800000	1.813530	4.300000	1.494430	This mountain air, in fact, all the atmosphere of the Far West, is delusive to a stranger, but this of the Sierras, and at that particular time, was peculiarly so.
12103	mountain air	mountain	air	3.700000	1.636390	4.400000	1.074970	There was also the unmistakeable - but not unpleasant - smell of the woodburning stove being started up to take the chill out of the morning mountain air.
12104	mountain air	mountain	air	4.000000	1.632990	4.500000	0.971825	We will miss the spectacular views, the cool mountain air, the snow capped peaks, continental breakfasts, the wonderful bread and all of the really nice people we have met. We anticipate good American coffee, iceberg lettuce, ice cold drinks and hamburgers.
12105	mountain air	mountain	air	3.700000	1.888560	4.600000	1.264910	At that distance the horse looked no bigger than a greyhound, yet so marvelously transparent was the mountain air, that I distinctly recognized Yoletta in the rider.
12106	mountain air	mountain	air	4.000000	1.632990	4.700000	0.948683	He gives them to me - pacing up and down at the end of the bed - when he sees me gasping and knows I need some clear mountain air to brace me.
12107	mountain air	mountain	air	4.500000	1.269300	4.900000	0.316228	Gut twisting, she snapped off her safety belt and pushed open her door to step out into the cold mountain air, summer a distant memory this far up.
12108	mountain air	mountain	air	3.400000	2.170510	5.000000	0.000000	It is well established, that a clear sky, and a pure mountain air invigorate, while a gloomy and moist atmosphere depresses.
12109	mountain air	mountain	air	3.888890	2.204790	5.000000	0.000000	Meanwhile, constant but not excessive labour, the mountain air, the quiet life, and the kindly hearts around her, restored to Hilda more than her original loveliness.
12110	mountain man	mountain	man	2.900000	1.911950	3.500000	2.223610	Bob M. Bob Mason You cowards and shunks, to turn on a mountain man for darin ' to do right.
12111	mountain man	mountain	man	2.400000	1.429840	3.600000	2.011080	"He keeps telling people he wants to grow it out and go "" mountain man."
12112	mountain man	mountain	man	1.800000	1.988860	4.200000	1.619330	"I have heard old Jephthah Turrentine make his protest against the government 's attitude toward the mountain man and his "" blockaded still. """
12113	mountain man	mountain	man	2.500000	1.840890	4.300000	1.567020	"He differs much from the genuine "" mountain man, "" the wild prairie hunter, as a Canadian voyageur, paddling his canoe on the rapids of the Ottawa, differs from an American sailor among the storms of Cape Horn."
12114	mountain man	mountain	man	2.600000	2.221110	4.400000	1.577620	Was there no other question you asked yourself about the old mountain man which he can answer?
12115	mountain man	mountain	man	2.800000	2.485510	4.500000	1.581140	He had the vigilance and stealth of the born woodsman, the iron-hardness of the mountain man, and the Herculean physique of his blacksmith father.
12116	mountain man	mountain	man	2.200000	1.619330	4.600000	0.843274	There are those who say that mountain men Jedediah Smith, George C. Yount, and William Wolfskill passed this way.
12117	mountain man	mountain	man	2.500000	2.368780	4.600000	0.966092	He established an annual rendezvous tradition of mountain men, leaving the upper Missouri fur trade to John Jacob Astor 's American Fur Company.
12118	mountain man	mountain	man	2.900000	2.079000	4.700000	0.674949	Most of these savory delights require an old tyme starved cowboy or mountain man with excellent hunting skills.
12119	mountain man	mountain	man	1.900000	1.728840	4.700000	0.674949	This called forth a look of compassion from the girl, a movement of exasperation from the mountain man.
12120	movie critic	movie	critic	3.800000	1.619330	3.700000	1.567020	Did Gary Cogill 's movie critic tenure prepare him for reviews of his first movie?
12121	movie critic	movie	critic	4.200000	1.619330	4.100000	1.728840	It 's written by a movie critic, not an industry analyst.
12122	movie critic	movie	critic	3.400000	1.955050	4.300000	1.636390	There 's an eight-minute featurette on the DVD where movie critic Morten Piil discusses the deleted scenes with director Susanne Bier.
12123	movie critic	movie	critic	4.444440	1.666670	4.444440	1.666670	Whatever smugness there is on the part of movie critics, M. Night Shyamalan appears disingenuous by not giving credit where credit is due.
12124	movie critic	movie	critic	4.300000	1.494430	4.500000	1.080120	"I have a number of screenplays, and have developed two ideas for television shows: Of the latter, one a comedy centered around movie critics and the other, a family comedy that I call a cross between "" What 's Happening!"
12125	mud wall	mud	wall	3.800000	1.873800	3.400000	2.011080	There are much better examples of mud walls in the North, but I could only get the people in the car I was in to stop once.
12126	mud wall	mud	wall	3.500000	2.013840	4.000000	1.885620	Two houses, more dismally pretentious than the rest, with mud walls and corrugated-iron roofs, marked the local seat of government.
12127	mud wall	mud	wall	3.900000	1.449140	4.400000	0.843274	The mud of the Nile is the sole article now in use for Egyptian housebuilding, and this is either roughly plastered up in mud walls, or is shaped in the form of brick, and dried in the sun.
12128	mud wall	mud	wall	3.600000	1.712700	4.400000	1.577620	They lived two families to a two-room shack with mud walls, papered with the pictures cut from old newspapers.
12129	mud wall	mud	wall	4.700000	0.674949	4.500000	0.707107	For two hours we rode through the darkness, until we found ourselves riding between low mud walls that lined the trail on either side; beyond them the dim shadows of mud huts announced the presence of an Indian village.
12130	mud wall	mud	wall	4.100000	1.728840	4.500000	1.080120	They dug so quietly, they could hear the voices of the men tunneling the opposite direction-guttural noises through a mud wall.
12131	mud wall	mud	wall	4.200000	1.316560	4.600000	0.699206	The designs are from the walls of the Meena tribes mud walls of their homes in Rajasthan, India.
12132	mud wall	mud	wall	4.300000	1.251670	4.800000	0.632456	He drove on as fast as possible, but when his car was opposite the house, the robbers opened fire with Luger pistols from behind a mud wall.
12133	mud wall	mud	wall	3.700000	2.057510	4.900000	0.316228	abode of the principal cacique in one of these towns was, a few years since, a thatched house, with mud walls, sixty feet long, and twenty broad.
12134	mud wall	mud	wall	4.400000	1.349900	5.000000	0.000000	Around a great portion of ' the city stretches a mud wall with embrasures and loopholes for musketry, which was built under Young 's direction in 1853, ostensibly to guard against Indian attacks, but really to keep the people busy and prevent their murmuring.
12135	multiplication table	multiplication	table	4.200000	1.549190	1.500000	1.581140	Two cubic feet of figures, and a solid yard of multiplication table!
12136	multiplication table	multiplication	table	4.800000	0.421637	1.500000	1.840890	"Yet here were the undeniable facts which 1 kept repeating over to myself like statements of the multiplication table: "" Tom is, in spite of all, a human being."
12137	multiplication table	multiplication	table	4.200000	1.398410	1.500000	2.013840	You very likely spent a great deal of time at home studying your multiplication tables, maybe with flashcards.
12138	multiplication table	multiplication	table	4.300000	1.567020	2.600000	1.897370	"She said her prayer as if it were the multiplication table, and having finished, slid gently into bed, and held up her face to be kissed. """
12139	multiplication table	multiplication	table	4.000000	1.763830	2.700000	2.162820	""" Lily 's been doing the multiplication table, "" cried Rosalie. """
12140	multiplication table	multiplication	table	4.900000	0.316228	2.800000	1.932180	Construction table trainer - free times table games online The decimal multiplication table was traditionally taught as an essential part of.
12141	multiplication table	multiplication	table	4.500000	1.581140	2.800000	2.394440	KidZone Math: Index by Activity composite drill available on this Single Digit multiplication tables Farm Theme Jungle Theme Ocean Theme.
12142	multiplication table	multiplication	table	3.900000	1.728840	2.900000	2.233580	But the multiplication table, Miss Pinshon said, was easy work; and at that and reading and writing, the morning crept away.
12143	multiplication table	multiplication	table	4.400000	0.843274	2.900000	2.330950	Blank multiplication table Free Download, Blank multiplication table Software Collection Download.
12144	multiplication table	multiplication	table	5.000000	0.000000	2.900000	2.378140	For older children the work included the full range of multiplication tables and finding multiples and divisors beyond the limits of the tables.
12145	music album	music	album	4.700000	0.483046	3.600000	1.577620	What are some of your favorite books, movies, and music albums?
12146	music album	music	album	5.000000	0.000000	3.700000	1.946510	He came back forÃ the 1989 European Tour and left again aÃ short time later to continueÃ as a solo artist, releasing a well-received country music album in 1999.
12147	music album	music	album	4.600000	0.699206	3.700000	2.057510	It was nice, every seat had choose your own movies, music albums, and video games (even in coach ).
12148	music album	music	album	4.400000	1.577620	3.800000	1.135290	It 's like playing a music album, there is always something new to discover each time you play it.
12149	music album	music	album	4.400000	1.577620	4.800000	0.421637	I used their filter to come up what their users thought were the top new wave music albums of all time, and this one came up in the Top Ten.
12150	music critic	music	critic	3.500000	2.223610	3.600000	2.118700	The public expects a music critic to be a sort of walking thematic catalogue.
12151	music critic	music	critic	4.600000	0.699206	3.900000	1.197220	The concert was a blast, fantastic fun, that is why we attended, we like Adam Lambert - and we are not alone, the music critics who have actually studied music and voice all like him.
12152	music critic	music	critic	3.800000	1.686550	4.100000	1.595130	When, in 1955 and 1956, Sir Thomas came to record Solomon, the eminent music critic and scholar Alec Robertson, reviewing this recording at length in the November 1956 issue of The Gramophone, made a number of complimentary remarks.
12153	music critic	music	critic	3.600000	1.776390	4.300000	0.948683	I also do n't like how music critics take songs too seriously...
12154	music critic	music	critic	4.400000	1.074970	4.400000	1.074970	The former is a music critic for The New Yorker.
12155	music critic	music	critic	4.600000	0.699206	4.400000	1.349900	"Besides writing his biography, I attended all the concerts I could as music critic, I was doing special work for a New York newspaper under the pseudonym "" I was writing short stories, and studying nihilism and Russian."
12156	music critic	music	critic	4.000000	1.885620	4.900000	0.316228	Upon its release, All the Women I Am received generally positive reviews from most music critics.
12157	music fan	music	fan	5.000000	0.000000	3.000000	2.211080	If you 're not a country music fan, you 'll still likely enjoy the casual dining experience of Toby Keith 's I Love This Bar and Grill.
12158	music fan	music	fan	5.000000	0.000000	3.100000	1.911950	But she already was familiar to Bay Area music fans as one of the hosts of the Bridge School Benefit, the all-star acoustic show put on by the Youngs each year at Shoreline Amphitheatre.
12159	music fan	music	fan	4.555560	0.881917	3.666670	1.581140	This week saw music fans watch the now traditional (it 's been on our screens since 1977! ) ' Brit Awards '.
12160	music fan	music	fan	4.800000	0.421637	3.800000	1.873800	Although some DJs and hardcore club music fans will write off dance music compilations, it cannot be denied that good quality collections such as this one keep dance music in the public eye (and ears ) at a time when radio exposure is at a minimum.
12161	music fan	music	fan	5.000000	0.000000	4.100000	1.663330	has been hugely successful over the past three years, quickly establishing itself as an important date in the calendar for music fans.
12162	music hall	music	hall	3.000000	2.054800	2.800000	1.932180	The truth of the music hall is much messier, but I made a conscious choice to really choreograph that and give it a style.
12163	music hall	music	hall	4.100000	1.286680	3.000000	1.763830	Virginia, with its stately warehouses and gay shops; its splendid streets, paved with silver ore; its banking houses and faro-banks; its attractive coffee-houses and elegant theatre; its music halls and its three daily newspapers.
12164	music hall	music	hall	3.900000	1.595130	3.000000	2.211080	On the other hand, we also have distinctly British music hall tunes and joyful parlor dances.
12165	music hall	music	hall	4.400000	0.843274	3.100000	2.079000	"At one of these music halls the woman in char *, e informed me that "" the expenses of the establishment "" averaged two hundred dollars per month, and I visited several places which did a much larger business than this one."
12166	music hall	music	hall	3.600000	1.712700	3.400000	1.955050	His father was a minor star of the music halls - he was good enough for the song publishers to put his picture on the front of their music.
12167	music hall	music	hall	3.100000	2.233580	3.500000	2.223610	""" Our church is n't a music hall, old man; and do n't put a vaudeville show in it."
12168	music hall	music	hall	3.700000	1.766980	3.600000	1.776390	Former Prime Minister John Major takes a remarkable journey into his own unconventional family past to tell the richly colourful story of the British music hall.
12169	music hall	music	hall	4.500000	0.707107	3.800000	1.398410	Two music hall artists on the run from Australia and a shotgun wedding are hired as deep sea divers for a treasure hunt.
12170	music hall	music	hall	3.200000	1.932180	3.900000	1.595130	It is built of brick, stone, and terra-cotta, has a main hall so large that a national political convention took up only one nave in it, contains the largest music hall in the country...... a smaller entertainment hall to accommodate 1500 persons.
12171	music hall	music	hall	4.000000	1.247220	4.000000	1.632990	The attendance at the music halls and theatres shows no diminution, and many Americans spend their.
12172	music room	music	room	4.300000	1.251670	3.500000	2.013840	"Dr. Hartwell emerged from the music room and advanced to meet him. """
12173	music room	music	room	3.300000	1.766980	3.900000	1.663330	The reception hall and grand staircase as seen when you first enter the inn with view through to the music room and adjoining side porch.
12174	music room	music	room	3.500000	1.715940	4.000000	1.247220	The inner circle has a number of shared rooms including technology and music rooms.
12175	music room	music	room	3.600000	1.776390	4.100000	1.197220	CLAYTON goes to the door of the music room and calls.
12176	music room	music	room	4.111110	1.536590	4.444440	1.333330	There are dozens of class rooms, trainings rooms, drama studios, music rooms with high ceilings and large windows providing an immense amount of natural light, as well as information technology suites and a large library.
12177	music room	music	room	3.100000	1.791960	4.500000	1.269300	Someone --  important --  has evidently entered another part of the music room.
12178	music room	music	room	3.400000	2.221110	4.600000	0.966092	BURRILL joins VEDAH and disappears with her in music room.
12179	music room	music	room	4.200000	1.135290	4.800000	0.632456	The Accommodation - Summary: Ground Floor: Hall, lounge, music room / 4th bedroom, rear porch, cloaks, dining room, utility, kitchen, snug and study.
12180	music room	music	room	3.500000	2.223610	4.900000	0.316228	Suitability to bookshelf placement, and a supplied pair of matching single-pillar stands, also meant the Iota could be used in my music room as well as my office.
12181	music room	music	room	2.800000	2.097620	5.000000	0.000000	Two more bridesmaids are shown in by the servant and mount the steps to the music room.
12182	navy officer	navy	officer	3.000000	2.054800	3.300000	2.110820	The navy officers absorbed the British conviction that the Navy was the Senior Service; the army officers the Prussian attitude that the Army pretty much was the State.
12183	navy officer	navy	officer	3.600000	1.712700	4.100000	1.595130	At around 8:30 8:30 pm on Sunday, December 15th, IDF navy officer Shlomi Cohen aged 31 from Afula was driving in his vehicle near Rosh Hanikra, some 50 meters south of the border between Israel and Lebanon, when he was hit by cross-border sniper fire.
12184	navy officer	navy	officer	3.600000	1.776390	4.400000	0.966092	For the first time the Chicago is out of the hands of navy yard bosses and machine-shop foremen and under the control of regular navy officers.
12185	navy officer	navy	officer	4.200000	1.316560	4.400000	1.264910	They have established government schools for the instruction of their army and navy officers and for experimental work.
12186	navy officer	navy	officer	4.200000	1.316560	4.500000	0.849837	He added all those scenes of those navy officers in that base on the mainland.
12187	navy officer	navy	officer	3.600000	1.577620	4.600000	0.699206	"According to the "" old spies, "" Allen Dulles made a deal with the young navy officer who was reviewing the Konti files - Richard Nixon."
12188	navy officer	navy	officer	4.000000	1.632990	4.700000	0.483046	Between 1998 and 2000, I advised Captain Alexander Nikitin, a dissident former Russian navy officer, on his application to the European Court of Human Rights on charges of espionage and high treason, of which he was eventually acquitted.
12189	navy officer	navy	officer	3.800000	1.813530	4.700000	0.674949	Even the Chinese...... the navy officer had been very busy in talking over something when they came in the boat from the Bellevite, and after they landed on the island.
12190	navy officer	navy	officer	4.000000	1.885620	4.900000	0.316228	...... The three American navy officers, Lieutenants Hinton, Kloor and Farrell, who abandoned their wrecked balloon near Moose Factory on the shore of James Bay on Dec. 14, are?
12191	navy officer	navy	officer	3.400000	1.955050	4.900000	0.316228	The poor child 's mother, ardent, beautiful and enthusiastic, had incurred the everlasting displeasure of her parents by marrying, for love, a poor but handsome navy officer.
12192	needle point	needle	point	1.300000	2.057510	2.000000	2.108190	Under his eye, in a chink of the embankment, waved a little glimmering cobweb, woven there by a small brown spider, to whose shrewd needle point wit the work no doubt appeared prodigious, --  the one great affair of the universe.
12193	needle point	needle	point	3.800000	1.619330	2.300000	2.162820	she kept track, indelible by way of needle points and chemical burns, so that every single day, she could tell him.
12194	needle point	needle	point	3.900000	1.286680	2.400000	1.776390	There is far more heat in your thigh than in the needle point - but I think we know which way the heat in the needle point is going!
12195	needle point	needle	point	3.800000	1.549190	2.500000	2.173070	"There are sooooo many things going on in this photo from the gamish of data to the "" fucking "" needle point next to the mom picture... do n't ever let anybody tell you that you do n't have an artistic side Isis!"
12196	needle point	needle	point	2.900000	2.183270	2.900000	1.852930	""" But in what manner does that make the needle point in one...... thing."
12197	needle point	needle	point	4.800000	0.421637	3.000000	2.211080	It includes needle points from size 2 to 15 and cords to make lengths of 20, 24, 29 and 36 inches.
12198	needle point	needle	point	3.100000	2.024850	3.400000	1.505550	"That 's the way she goes, the way the needle points, "" he said to himself. """
12199	needle point	needle	point	3.100000	1.852930	3.400000	1.955050	and sprang upon him, seizing the squaw-knife, which was sharpened at the back as well as at the front, and ground at the tip to a needle point.
12200	needle point	needle	point	3.600000	1.712700	4.100000	0.994429	It will turn gently until one end of the needle points to north.
12201	nerve cell	nerve	cell	4.333330	1.322880	3.111110	1.536590	These drugs affect the brain chemical serotonin which allows certain nerve cells, called neurons, to communicate with each other.
12202	nerve cell	nerve	cell	4.100000	1.523880	3.600000	1.712700	Laboratory and animal studies showed that this medicine may do more and actually protect nerve cells from degeneration or death - a process called...
12203	nerve cell	nerve	cell	3.500000	1.900290	3.800000	1.873800	Nor can any difference be discerned between the bioplasm matter of the lowest, simplest, epithelial scale of man 's organism and that from which the nerve cells of his brain are to be evolved.
12204	nerve cell	nerve	cell	4.600000	0.699206	4.100000	1.911950	Multiple sclerosis (MS ) is a chronic auto-immune neurological disease characterised by damage to the myelin coating of nerve cells in the brain, spinal cord and the central nervous system (CNS ).
12205	nerve cell	nerve	cell	4.300000	1.337490	4.200000	1.316560	Calling into play a new group of nerve cells gives a chance for rest to many cells which have previously been active.
12206	nerve cell	nerve	cell	4.600000	0.843274	4.200000	1.619330	The only // difference between the nerve cells of the ectoderm and those of the endoderm is that they are much more numerous in the former than in the latter.
12207	nerve cell	nerve	cell	4.800000	0.632456	4.300000	1.636390	The drug 's active ingredient, THC, affects nerve cells in the part of the brain where memories are formed.
12208	nerve cell	nerve	cell	3.500000	1.900290	4.800000	0.632456	The investigators have confirmed that although stem cells injected into the spinal cords of SOD 1 mice form neurons, the new nerve cells do not extend axons (long fibers that carry nerve cell signals to the spinal cord or directly to muscles ).
12209	newspaper office	newspaper	office	3.800000	1.475730	3.600000	1.897370	In 1840 set type in the same newspaper office with Horace Greely at Lodi (Gowanda ) NY.
12210	newspaper office	newspaper	office	3.600000	1.646550	4.000000	1.632990	He had been the first telegrapher to send a complete report of a baseball game direct from a park to a newspaper office --  this he did for the Sun from the old National League haseball field in 1586.
12211	newspaper office	newspaper	office	4.600000	0.699206	4.100000	1.663330	And I ca n't remember the year directly but it was when he was going for his Nobel prize, he stop at the newspaper office there, West Indian.
12212	newspaper office	newspaper	office	4.100000	1.286680	4.300000	1.251670	It contains 1 Presbyterian, 1 Methodist, 1 Catholic, 1 Lutheran, 1 Protestant Methodist, 1 Baptist and 1 German Reformed church, about 20 mercantile stores, 2 newspaper offices, and had, in 1840, 2,120 inhabitants.
12213	newspaper office	newspaper	office	3.100000	2.131770	4.300000	1.567020	"You say she arrives daily at the newspaper office about nine and leaves between five and six? """
12214	newspaper office	newspaper	office	3.900000	1.852930	4.500000	1.581140	There is no newspaper office in the world where real journalistic efficiency is more certain to meet prompt recognition and just reward than in this.
12215	newspaper office	newspaper	office	4.000000	1.632990	4.600000	0.699206	FYFE, John R. reporter newspaper office Edinburgh of the Scotsman Office 179 Canongate 1834 17 St Patrick Square 1835 -43 Theree are two shorthand reports by Fyfe in the National Library of Scotland, of discussions on church establishments 1838, and the Corn Laws 1842.
12216	newspaper office	newspaper	office	2.800000	2.149940	4.700000	0.483046	"Those secret enemies might originate the falsehoods aimed at him from their safe refuge in some newspaper office, or behind some other "" bomb-proof "" shelter --  he would fight."
12217	newspaper office	newspaper	office	4.200000	1.316560	4.800000	0.421637	No violent attacks or hostage taking will take place at TV or radio stations or newspaper offices, because terrorists know they need media publicity.
12218	newspaper office	newspaper	office	3.900000	1.370320	4.800000	0.421637	The big hotels were gutted, banks robbed, and newspaper offices burnt.
12219	night air	night	air	3.800000	2.097620	2.800000	2.250930	She opened intercourse with them by a little sympathetic advice as to night air, & c.
12220	night air	night	air	4.200000	1.475730	3.100000	1.852930	"As Mr. Middleton looked back for the last time upon that hospitable doorway, he saw the gigantic figure of Mesrour silhouetted against the dim glow beyond and there solemnly boomed on the night air, the Arabic salutation, "" Salaam aleikoom. """
12221	night air	night	air	4.000000	1.699670	3.300000	2.057510	But his voice, which rang out on the night air as clear as a bugle, had there been no light, would have betrayed him.
12222	night air	night	air	3.700000	1.946510	3.800000	1.475730	In the morning, when he stirred out, he found Carline lying in the engine pit, oblivious to the night air that had fallen upon him, protected as he was by his absorption of the sure preventive of night air getting him first.
12223	night air	night	air	2.400000	2.412930	3.900000	1.663330	""" If you 'll excuse me, I think I 'd best go fetch my daughter before she catches a chill from the night air."
12224	night air	night	air	4.200000	1.316560	4.000000	1.247220	Greenish-gray smoke wafted up from her fin Â­ ger Â­ tips, and she blew it away into the frosty night air, like an Old West gunÂ­fighter coolÂ­ing down his Colt after some sort of shootout.
12225	night air	night	air	3.600000	1.712700	4.300000	1.337490	One great log, that hissed with a soothing sound of slow burning, sent sometimes a shower of sparks into the night air, and sometimes dropped its tribute of brilliants into the pit of intenser light beneath it.
12226	night air	night	air	4.300000	1.567020	4.500000	1.581140	Michael Jamel closed his eyes, enjoying the night air whipping against his face as they flew through the darkness.
12227	night air	night	air	3.900000	1.911950	4.600000	0.699206	With no camping on the route, you 'll spend one night in a hotel in Aguas Calientes, so no roughing-it in the cold night air.
12228	night air	night	air	4.700000	0.483046	4.700000	0.483046	Dilly did not wait to receive this unfeeling message, but pulled her thin blanket around her, and stole out in the chill night air, and ran toward home as swiftly as possible.
12229	night time	night	time	4.800000	0.421637	3.500000	1.649920	In the daytime, there is, therefore, an abatement of the annual motion, while in the night time, there is an addition to it.
12230	night time	night	time	4.600000	0.699206	3.600000	1.897370	Malaria generally lurks near the surface of the earth, and seems to be more abundant in the night time...... may escape its morbid influence, while those occupying apartments on the lower floor, become affected.
12231	night time	night	time	4.600000	0.516398	3.700000	1.251670	Whist this is being undertaken the service has arranged for a safety gate to be installed and used during night time hours to reduce the risk of this person falling down the stairs.
12232	night time	night	time	5.000000	0.000000	3.700000	1.828780	I know it 's not ideal but helps me sleep at night - plus I had a ferocious dog in the tent at night time.
12233	night time	night	time	4.800000	0.421637	3.900000	1.728840	""" Did they leave their hiding-places only in the night time, mamma? """
12234	night time	night	time	4.888890	0.333333	4.000000	1.581140	I do have a code management tool but find easier & faster to have word documents to browse or search through (a little night time reading ).
12235	night time	night	time	4.900000	0.316228	4.100000	1.449140	The size and form of the girl were so much like Luce that Fanny concluded it must be she, at the same time wondering how,...... grave in the night time.
12236	night time	night	time	4.700000	0.674949	4.300000	1.059350	As it is, I have to look after DD 1 at night time anyway cos her oxygen levels drop so I only sleep very lightly anyway.
12237	night time	night	time	4.900000	0.316228	4.500000	0.849837	At night time I tell her tales of my adventures and her face lights up every time I tell her about saving the princess.
12238	night time	night	time	4.800000	0.421637	4.500000	1.269300	From the mud of the turtle and the scaly snake they come, rising out of the deep night time, out of the mire and swampy slime, where the owl and the bat and the fever are.
12239	noise barrier	noise	barrier	4.200000	1.229270	3.300000	1.418140	In the noise report, FDOT dismissed three mitigation measures (eliminating trucks, realigning the highway, or constructing noise barriers ) as impractical.
12240	noise barrier	noise	barrier	4.100000	1.286680	3.600000	1.712700	I am wondering if I can further reduce the noise with a wind / noise barrier of native shrubs and trees.
12241	noise barrier	noise	barrier	3.900000	2.079000	3.600000	2.270580	is a provider of noise control and soundproofing solutions; including acoustical wall panels, ceiling tiles, noise barriers, outdoor sound walls and vibration isolation products.
12242	noise barrier	noise	barrier	4.400000	1.264910	4.100000	1.663330	It is noted that to minimise the potential effects of road traffic upon residents in this location, a 2 m noise barrier in the form of an acoustic barrier or a landscaped earth bund would be introduced.
12243	noise barrier	noise	barrier	4.500000	1.269300	4.300000	1.059350	We require to know what mitigation procedures / noise barriers are intended to ' prevent any significant community annoyance '.
12244	novelty cake	novelty	cake	3.200000	1.549190	4.300000	1.567020	I specialise in custom made cakes including birhday cakes, wedding cakes, celebration cakes, novelty cakes, children 's cakes and corporate cakes.
12245	novelty cake	novelty	cake	2.500000	1.581140	4.300000	1.567020	We offer wedding cakes, novelty cakes, oggys cakes, cake shop, birthday cakes, sugarcraft, lichfield cakes, christening cakes and diy cake equipments.
12246	novelty cake	novelty	cake	3.200000	1.873800	4.400000	1.577620	We also specialise in producing novelty cakes for children and adults, either as flat images on traditional cakes or as 3 D character cakes and can replicate almost any caracter, figure or design.
12247	novelty cake	novelty	cake	3.200000	1.619330	4.700000	0.674949	She operates a novelty cake making business in her spare time.
12248	novelty cake	novelty	cake	3.600000	1.646550	4.900000	0.316228	It is perfect for cakes that do n't need to sit out at room temperature for many hours, such as birthday cakes or novelty cakes.
12249	nut case	nut	case	0.100000	0.316228	0.100000	0.316228	You are so gunn ho go serve your Country then an only then will you and your Right Wing nut cases have the right to insult me Until then do not ever use my name again in your post you have not earned that right.
12250	nut case	nut	case	0.100000	0.316228	0.400000	0.516398	To appease the nut case, he told her he does n't like his white half either.
12251	nut case	nut	case	0.100000	0.316228	0.400000	0.966092	Would anyone believe a man that said it today except nut cases?
12252	nut case	nut	case	0.500000	1.581140	1.000000	2.108190	This is it: Only nut cases want to be president.
12253	nut case	nut	case	1.100000	1.852930	1.900000	1.852930	This is very good news because soon we will have all the right wing nut cases isolated at one network.
12254	object glass	object	glass	2.100000	1.663330	1.500000	1.715940	To give our readers a clear idea of the subsequent operations, we must describe the construction of an achromatic object glass, or objective, as it is usually termed.
12255	object glass	object	glass	2.333330	1.870830	2.444440	1.740050	He returned briefly to the subject in his annual report to the RAS for 1878 [1879 b ], writing that his observation afforded gratifying proof of the excellence of definition of the object glass.
12256	object glass	object	glass	2.200000	2.043960	3.700000	1.337490	The object glass is three inches; the focal length forty-three inches; and the telescope, when drawn out, with the pancratic eyepiece attached, is about four feet.
12257	object glass	object	glass	2.100000	1.523880	4.400000	1.349900	There is a telescope, with a six inch object glass, a splendid altitude and Azimuth instrument, so constructed as to be used for meridian transits.
12258	object glass	object	glass	3.100000	1.595130	4.500000	0.971825	When you want to look at a certain subject under the light microscope you have to put it on a object glass and cover it with a coverslip.
12259	object glass	object	glass	2.500000	1.779510	4.600000	0.699206	The tube // was scarcely larger on the inside than the aperture of the object glass.
12260	object glass	object	glass	3.400000	1.955050	4.700000	0.483046	The second aim calls for an object glass of large diameter.
12261	object glass	object	glass	1.800000	1.873800	4.700000	0.674949	When a thirteen-inch telescope was constructed for the Royal Observatory, Greenwich, it was found necessary to send to Munich for the object glass.
12262	office boy	office	boy	3.200000	2.149940	1.700000	2.110820	He began as an office boy on 01 May 1889 with the Mutual Life Insurance Company of New York.
12263	office boy	office	boy	4.000000	1.699670	2.200000	1.229270	He attended common schools and held various jobs in his 20 s, including the positions of office boy, coal teamster and blacksmith.
12264	office boy	office	boy	4.000000	1.154700	2.700000	1.636390	He attended Brooklyn public schools, Wright 's (Brooklyn ) Business College, was office boy, bookkeeper, traveling salesman and insurance agent.
12265	office boy	office	boy	3.100000	2.079000	3.700000	1.337490	She takes up a government job, and soon enough begins to have feelings for the office boy, Hamdi.
12266	office boy	office	boy	3.500000	1.509230	3.800000	1.229270	"The ultimate result was a very creditable-looking office boy. """
12267	office boy	office	boy	3.900000	1.852930	3.900000	1.728840	It 's clear to me that both Ferris and Braun used this poor office boy as a spy on Clayton; only, for different...... were both mere puppets!
12268	office boy	office	boy	3.500000	2.223610	4.000000	1.563470	He made a sorry fag of the office boy, and advised us every day to beware of cutting the files, as if that were the one vice of authors.
12269	office boy	office	boy	4.300000	1.567020	4.000000	1.763830	He excitedly grabbed an office boy, William Taynton, from a nearby office and put him in front of the system, thereby making his the first human face to be shown on television.
12270	office boy	office	boy	4.100000	1.197220	4.400000	1.074970	As office boy among the lawyers, as a hanger-on of the criminal courts, he had scrambled into a certain kind of legal knowledge and had gained a small pettifogging practice when an opening in Mr. Allen 's business led to his present connection.
12271	office boy	office	boy	4.200000	1.398410	4.500000	0.971825	At the age of twelve he went to Silcoates School near Wakefield and after two years he became an office boy in a merchant 's counting house on Quayside, Newcastle-upon-Tyne.
12272	opposition party	opposition	party	4.200000	0.788811	1.500000	1.715940	The opposition party was daily gaining ground, and was threatening the government with ruin.
12273	opposition party	opposition	party	4.000000	1.632990	1.700000	1.766980	Tell you what, to prevent confusion, why do n't you just use the term ' the opposition parties ' and then you can add bah!
12274	opposition party	opposition	party	4.200000	1.686550	2.300000	1.828780	According to the paper, RHDP (a coalition of opposition parties ) said that Gbagbo 's decisions are ill-conceived and insufficient.
12275	opposition party	opposition	party	3.700000	1.828780	2.400000	2.270580	The Legislative Body endeavored to act as an opposition party in France after the disasters of 1813, and the Emperor, after giving them a lecture, dismissed them.
12276	opposition party	opposition	party	4.100000	0.994429	2.500000	2.273030	They are going to cheat him out of this money and use it for campaign funds to fight the opposition party at the next election.
12277	opposition party	opposition	party	3.400000	1.646550	2.700000	2.002780	It seldom happens to an opposition party to come into power, to have the same question proposed to it as to its predecessor, and to put its own policy to trial.
12278	opposition party	opposition	party	4.600000	0.699206	2.800000	1.988860	"Members of his own party who have withheld their support as well as those of the opposition party will now have a kindlier feeling for him and an appreciation of the great service he has rendered. """
12279	opposition party	opposition	party	4.300000	1.494430	2.900000	1.449140	This is because they have very deliberately directed all these costs onto the shoulders of the general population, a population that is considered deserving of both punishment and contempt because the majority has transferred its loyalty to the opposition party.
12280	opposition party	opposition	party	4.700000	0.674949	3.000000	2.000000	Having won 12 out of the 15 seats it contested in, what is next for the largest opposition party in Sarawak?
12281	opposition party	opposition	party	4.600000	0.699206	3.500000	2.013840	There was full consultation on the Bill with the National Assembly for Wales and it is progressing on a fast-track procedure, with the support of my party and other opposition parties, because we know that the devolution settlement has worked in relation to that example.
12282	oxygen pressure	oxygen	pressure	3.200000	1.988860	2.900000	1.911950	He says that people were smarter before the Flood, attributing this to a supposedly higher oxygen pressure.
12283	oxygen pressure	oxygen	pressure	3.500000	2.013840	3.300000	1.828780	When you are pre 16 years old, you have 100% oxygen pressure to the skin.
12284	oxygen pressure	oxygen	pressure	4.400000	1.264910	4.000000	1.699670	Regarding the influence of oxygen pressure, XRD measurements indicate that the ZnO thin films deposited at the oxygen pressure of 10 mTorr (1.3 Pa ) crystallize well.
12285	oxygen pressure	oxygen	pressure	4.300000	1.059350	4.300000	0.823273	They found that nitrogenase from symbiotic cyanobacteria was irreversibly inactivated by ambient oxygen pressure, whereas oxygen inhibition of nitrogenase isolated from free-living forms is completely reversible.
12286	oxygen pressure	oxygen	pressure	4.800000	0.632456	4.800000	0.421637	Improved blood supply increases the oxygen pressure, activating and regenerating cells.
12287	pain barrier	pain	barrier	3.800000	1.549190	1.700000	1.251670	I do n't think you can teach yourself to go beyond the pain barrier.
12288	pain barrier	pain	barrier	4.300000	1.251670	1.800000	1.549190	He says that Mills is carrying a knock and playing through the pain barrier so he could go straight in with Fofana i would imagine if everything goes through ok.
12289	pain barrier	pain	barrier	4.500000	0.527046	2.200000	1.686550	He believes it 's much easier to gain flexion than gain extension - although I have been warned that with my history I will have to push though the pain barrier.
12290	pain barrier	pain	barrier	3.300000	2.057510	2.200000	1.813530	We have to do it as she starts proper school in September; we either wade through the pain barrier now or face that particular obstacle in September when the problem could be even more deep rooted.
12291	pain barrier	pain	barrier	4.400000	1.577620	2.500000	2.121320	He knew and has admitted he has been off the pace, has been distracted by the responsibilities of the armband and has playing through the pain barrier after an early season knock left him with fluid on his knee that restricts his mobility.
12292	paper loss	paper	loss	3.600000	1.776390	3.000000	1.885620	There is a small area of paper loss, affecting one word, caused by the removal of the seal.
12293	paper loss	paper	loss	3.300000	1.888560	3.200000	2.043960	There is paper loss to the back cover and creases to both front and back.
12294	paper loss	paper	loss	1.800000	1.873800	3.200000	2.299760	......, so that buyers at the higher level no doubt have paper losses in excess of the profits of traders who bought lower down.
12295	paper loss	paper	loss	3.400000	1.776390	3.400000	1.577620	There is some paper loss particularly around the left margin not affecting the image.
12296	paper loss	paper	loss	0.600000	0.843274	3.600000	2.011080	"It lets "" professional "" real-estate investors use paper losses like depreciation on their buildings against any cash income, even if they end up with negative incomes like Trump."
12297	paper loss	paper	loss	2.100000	1.663330	4.300000	1.567020	Betting that the stock price would rise before the day was out, Tim was sitting on a paper loss of over 18 million pounds!
12298	paper loss	paper	loss	2.500000	2.121320	4.900000	0.316228	In a revaluation of his holdings he must be prepared for some paper losses.
12299	parent cell	parent	cell	2.000000	2.260780	2.800000	2.440400	Ehrenberg, another high authority of the time, contended that no such division occurs, and the matter was stillin dispute when Schleiden came forward with his discovery ofso-called free cell-formation within the parent cell,...... of divisionwhich Von Mohl had described.
12300	parent cell	parent	cell	3.300000	1.702940	3.500000	2.223610	There are the same number (46 ) of chromosomes as the parent cell.
12301	parent cell	parent	cell	2.500000	1.957890	3.700000	1.828780	I have a design with multiple hierarchy, if I make any change in the some schematic deep down the hierarchy (specially related to ports ) I start seeing issues of port order or sub-circuit not matching with the call instance in the parent cell.
12302	parent cell	parent	cell	2.600000	2.011080	4.000000	1.490710	When the parent cells come to maturity, they burst and liberate the granules, which immediately develope themselves into new cells, thus repeating the life of their original.
12303	parent cell	parent	cell	3.000000	1.563470	4.100000	1.663330	"Using the script "" evolveColorfulCe lls.py "", you can evolve cells which inherit color from their parent cells."
12304	parent cell	parent	cell	2.100000	1.728840	4.100000	1.663330	The parent cell, arrived at maturity by the exercise of its organic functions, bursts, and liberates its contained granules.
12305	parent cell	parent	cell	2.600000	2.221110	4.200000	1.619330	H. Vesicles of evolution from the seminal fluid of the dog in the parent cell I.
12306	parent cell	parent	cell	3.000000	2.108190	4.300000	1.636390	Being like the parent cell, each daughter cell itself is capable of diving into two, making four granddaughter cells.
12307	parent cell	parent	cell	2.900000	2.378140	4.300000	1.636390	There is a production of two daughter cells from a single parent cell which make daughter cells identical to the parent cells.
12308	parent cell	parent	cell	2.700000	1.888560	4.800000	0.421637	The bud thus formed is partially separated from the parent cell by a cellulosic diaphragm through which the food supply to the young cell passes.
12309	parking area	parking	area	4.300000	1.251670	3.000000	1.943650	As you came in to the parking area you will have noticed signs directing you to the pick up area located on the south side of the parking lot.
12310	parking area	parking	area	4.777780	0.440959	4.000000	1.581140	The gate has been closed at the parking area below the lake and handicapped access is no longer available to the lake area.
12311	parking area	parking	area	4.888890	0.333333	4.000000	1.581140	Turn right (south ) onto Town Hill Road and follow 1.4 miles to parking area for four vehicles.
12312	parking area	parking	area	4.600000	0.699206	4.000000	1.699670	There is a parking area to the front with two vehicular accesses.
12313	parking area	parking	area	5.000000	0.000000	4.800000	0.632456	Others are concerned about the existing infrastructure; how many more cars can area roads handle; bridges; parking areas, etc. Of course, there are also statements about the effect on our rural culture.
12314	party conference	party	conference	2.500000	1.715940	3.500000	1.715940	They also prepare for the party conference season with a focus on unemployment, and more.
12315	party conference	party	conference	2.000000	1.825740	3.800000	1.686550	Arthur Garfield Hays, selected as State Chairman of the La FolletteWheeler movement at the third party conference at Albany on Saturday, sale!
12316	party conference	party	conference	2.700000	2.162820	4.300000	1.567020	""" His veto of my appointment, artlessly leaked to the Times during the Tory party conference, was as subtle as his frenetic solo standing ovation for Gordon Brown during Labour 's party conference."
12317	party conference	party	conference	2.600000	1.837870	4.400000	0.699206	Jacqui McCluskey, Director of Policy and Knowledge, is on the party conference trail with the Liberal Democrats in Liverpool...
12318	party conference	party	conference	3.200000	1.751190	4.500000	1.269300	The water industry is well represented at fringe meetings at the party conferences this autumn, in partnership with the All Party Parliamentary Water Group.
12319	party conference	party	conference	2.400000	2.221110	4.600000	1.264910	When the IRA bombed the Grand Hotel at Brighton during the 1984 party conference he was at his wife 's side, and was almost killed with her.
12320	party conference	party	conference	2.100000	2.330950	4.900000	0.316228	As it was a party conference, I had really no right to be there, but Radek had arranged with Rostopchin that I should come in with himself, and be allowed to sit in the wings at the side of the stage.
12321	patent office	patent	office	2.900000	2.079000	3.400000	1.837870	A patent office, or a school for the application of science to the arts in a IMlahometan or Pagan nation would be as great an anomaly, as the idol of Juggernaut in a Christian temple.
12322	patent office	patent	office	4.400000	1.264910	3.800000	1.229270	This is a key question-if someone has beaten you to the patent office and already gotten a patent, you 'll be out of luck.
12323	patent office	patent	office	3.000000	2.160250	3.800000	1.686550	If the records of patent offices, the statistics of production, and the reports of laboratories furnish evidence worthy of credence, technological civilization,...... and transform the whole globe.
12324	patent office	patent	office	3.900000	1.852930	3.900000	1.595130	I think the patent office has gone to pot granting patents on various inventions and ideas that have been in prior existence.
12325	patent office	patent	office	4.400000	1.264910	4.000000	1.763830	The US patent office on principle does not look at patents for devices that violate the second law of thermodynamics as this implies a perpetual motion machine.
12326	patent office	patent	office	4.600000	0.843274	4.300000	1.567020	Slaves, because they were not citizens, could not register any invention with the patent office.
12327	patent office	patent	office	4.200000	1.316560	4.400000	0.966092	In all factories and shops, as well as in the patent office, do we find records and samples of these inventions in practical operation.
12328	patent office	patent	office	3.700000	2.002780	4.400000	1.074970	"I learned that Mr. Watkins worked for the United States government and I thought it was for the patent office. """
12329	patent office	patent	office	4.900000	0.316228	4.400000	1.349900	The only way a court can be consistent is to follow exactly what the patent office has already decided.
12330	patent office	patent	office	4.600000	0.699206	4.500000	1.080120	Invention exhausts itself upon machines and finance; our trophies may be found chiefly at the patent office.
12331	percentage difference	percentage	difference	3.700000	1.766980	3.200000	2.201010	There is however less of a percentage difference between both CPUs with Tri-SLI as there was with Dual-SLI.
12332	percentage difference	percentage	difference	3.900000	2.079000	3.700000	1.702940	The effect of a given percentage difference in grain size is greater the smaller the grains.
12333	percentage difference	percentage	difference	4.800000	0.632456	3.900000	1.728840	It said it was particularly concerned that the researchers dismissed higher levels of beneficial nutrients in organic food - such as 53.6 higher levels of beta-carotene and 38.4 per cent more flavonoids in organic foods - according to the mean percentage difference of samples analysed.
12334	percentage difference	percentage	difference	4.200000	1.475730	4.100000	1.523880	Even for those constituents with large relative percentage differences between the measured and estimated loads, the estimation of constituent concentrations with regression analysis and real-time water-quality monitoring has numerous advantages over periodic manual sampling.
12335	percentage difference	percentage	difference	4.100000	1.728840	4.100000	1.663330	I define the ' money gap ' the percentage difference between the actual M 3 level and the pre -2008 trend-level.
12336	percentage difference	percentage	difference	4.800000	0.632456	4.300000	1.494430	That should make the percentage difference * really * tiny.
12337	phone book	phone	book	4.000000	1.885620	1.700000	2.002780	These include up to 10 hours talk time and 200 hours in stand-by mode, graphical colour display, with illuminated keypad, a Bluetooth headset connection and PC interface, plus a 250 name and number phone book.
12338	phone book	phone	book	2.700000	2.057510	3.300000	2.162820	Artist: Laetitia Sadier | Release: Silencio | Label: Drag City Style: Post-rock / singer-songwriter | Web preview: here Full disclosure: I would probably pay to listen to Laetitia Sadier recite the phone book.
12339	phone book	phone	book	3.700000	1.567020	3.800000	2.043960	""" rather than going through your phone book one after the other."
12340	phone book	phone	book	3.200000	1.686550	4.400000	1.264910	Your local phone book probably includes a list of free parks in your area.
12341	phone book	phone	book	2.900000	1.852930	4.900000	0.316228	Expose THE LATEST addition to the repertory of parlor tricksters is an involved bit of pseudo-clairvoyance done with paper, pencil and a tele phone book.
12342	phone book	phone	book	3.500000	1.840890	4.900000	0.316228	Not locating his name in phone book or directory, lie set about the novel task of calling various livery stables to ascertain where his friend kept his horses.
12343	phone book	phone	book	2.600000	1.776390	5.000000	0.000000	If they had looked in the phone book, they would have seen Hinckley listed as a Lubbock resident.
12344	pine table	pine	table	3.700000	1.702940	4.100000	1.728840	In the centre of the room, near the foot of the bed, and in the light of the southern window, appeared a small pine table, standing on four rickety legs, and covered with papers and parchments.
12345	pine table	pine	table	3.900000	1.852930	4.600000	0.699206	It held an old iron bed and a pine table and a cheap wicker rocking chair.
12346	pine table	pine	table	3.500000	1.779510	4.700000	0.483046	Had the pine table started from the floor...... Had the elderly gentleman been summoned, by a spell, from some uneasy resting-place in some forgotten graveyard?
12347	pine table	pine	table	4.200000	1.619330	4.700000	0.674949	There is a dining area with pine table and chairs for 4.
12348	pine table	pine	table	4.300000	1.251670	4.700000	0.674949	"But now I know that nothing was real, not even the little pine table --  not even the man! """
12349	pine table	pine	table	3.800000	1.398410	4.800000	0.421637	There is a log burning fire surrounded by comfortable settees and many pine tables and chairs.
12350	pine table	pine	table	4.300000	0.948683	4.800000	0.421637	Never lay hot bread on a pine table, as it will sweat, and absorb the pitchy odor and taste; but tilt, so that air may pass around it freely.
12351	pine table	pine	table	4.500000	1.080120	4.800000	0.632456	I look about our kitchen, over the granite tops, the little breakfast bar, the pine table from Habitat, the dresser (an heirloom of Roger 's ) and even, standing on tip toes, the top of the fridge freezer.
12352	pine table	pine	table	4.000000	1.581140	4.888890	0.333333	It was a modern single-bar room, fairly large, with plain brickwork and pine tables.
12353	pine table	pine	table	3.900000	1.663330	4.900000	0.316228	It has a seating area with two leather club chairs and antique pine table overlooking the garden and the countryside beyond.
12354	plate glass	plate	glass	1.800000	1.932180	3.400000	2.011080	"And again one has the impression that the red earth has blossomed spontaneously and monstrously with red brick and plate glass; as if the God of Machines of the industrial revolution had said "" Let there be factories "" and there were factories."
12355	plate glass	plate	glass	1.700000	1.494430	3.600000	1.646550	Darling, you broke my heart When you threw me through the plate glass.
12356	plate glass	plate	glass	1.700000	1.946510	3.900000	1.728840	"An elegant counter of various kinds of marble, --  surmounted by a partition of mahogany and plate glass, --  over which checks, drafts, notes, coupons, and interest are paid and deposits received, protects the treasure from the "" great unwashed. """
12357	plate glass	plate	glass	1.100000	1.852930	4.000000	1.885620	For the perfect working surface, find an old entertainment center for a decently-sized sheet of plate glass.
12358	plate glass	plate	glass	1.900000	1.523880	4.100000	1.286680	Filled with wonder and delight the girl glided across the shining mosaic floor, gazing now at the glowing garlands, and winged figures on the wall, and now at the elegantly bound books Whose gilded titles gleamed through the plate glass.
12359	plate glass	plate	glass	1.200000	1.398410	4.100000	1.595130	Part of the rear wall of the structure and large plate glass windows in the front of the studio were blown out.
12360	plate glass	plate	glass	1.000000	1.054090	4.300000	1.059350	I spent a few minutes staring out the plate glass windows at my office, watching a solid wall of water exploding inches in front of my face, before I grew chicken.
12361	plate glass	plate	glass	1.800000	1.751190	4.500000	0.527046	LONDON, March ** explosion was undoubtedly the work of...... fragments of glass, and heavy plate glass is lying.
12362	plate glass	plate	glass	2.500000	1.779510	4.700000	0.483046	Charles Montague 's son Frederick replaced the Old Hall by the present mansion, indulging in the then novel luxury of plate glass windows.
12363	plate glass	plate	glass	1.200000	1.398410	4.900000	0.316228	The blocks are sitting on a sheet of plate glass where sheets of 80, 120, 150 and 220 grit have been glued.
12364	platina wire	platina	wire	4.000000	1.247220	3.300000	1.888560	C is a platina wire, hermetically sealed into the tube; and having a piece of charcoal attached to its top.
12365	platina wire	platina	wire	3.600000	1.897370	3.600000	1.955050	The current so conducted into the vacuum bulb through platina wires scaled into the glass.
12366	platina wire	platina	wire	3.300000	1.766980	3.800000	1.686550	undergoing an increased oxydation, which is proportionate to the quantity of hydrogen evolved at the platina wire; since the oxygen of that, and hydrogen, both of which are derived from the water, are disposed of in the oxydation of the zinc.
12367	platina wire	platina	wire	2.600000	2.065590	4.400000	1.074970	A and B are the communicating platina wires, to which the charcoal is fastened; and C is the graduated tube in which the gas is acted upon.
12368	platina wire	platina	wire	3.500000	1.649920	4.700000	0.674949	As soon as the opposite ends of the wires were brought in contact, beautiful ramifications of silver soon began to appear from the platina wire, but no gas was observed.
12369	platina wire	platina	wire	3.300000	1.337490	4.700000	0.674949	In these processes I employed the agate cups with platina wires, connected by amianthus moistened in pure water; the solutions were introduced into the cups, {18 } and the electrifying power applied from batteries of 50 pairs of plates, in the usual way.
12370	platinum salt	platinum	salt	2.300000	2.162820	3.300000	2.002780	The print must be absolutely freed from soluble silver salts before toning, the toning bath must be acid, and the paper must be free from all acid and soluble platinum salts before fixing, or else the whites become yellowed.
12371	platinum salt	platinum	salt	3.000000	1.632990	3.500000	1.178510	Although Atrasentan did not achieve its objectives, Satraplatin (an oral platinum salt ) seems to be of interest in second line chemotherapy in a large phase 3 trial of more than 900 patients with hormone-refractory metastases.
12372	platinum salt	platinum	salt	1.900000	1.911950	4.000000	1.632990	Basis for original (SCP ) IDLH: Air concentrations at or slightly above the OSHA PEL for soluble platinum salts can elicit an allergic response in sensitized workers.
12373	platinum salt	platinum	salt	3.700000	1.766980	4.300000	1.059350	In addition to outdoor exposure to ozone and sulfur dioxide, these include indoor exposure to environmental tobacco smoke, toluene, anhydrides, platinum salts, and some acids and aerosols.
12374	platinum salt	platinum	salt	3.300000	2.162820	4.500000	0.707107	He was well known for his topographical work, and produced some of this as platinotypes 45 Platinotypes give an especially beautiful kind of print and are made by using paper coated with platinum salts.
12375	platinum surface	platinum	surface	2.900000	2.233580	2.400000	2.011080	But the introduction of powdered platinum leads to an explosion as the platinum surface becomes covered with adsorbed oxygen.
12376	platinum surface	platinum	surface	3.500000	2.068280	3.600000	1.897370	Resonance Raman spectroscopy on roughened polycrystalline platinum macro electrodes show that the molecule undergoes adsorption through the sulphur atom onto the platinum surface.
12377	platinum surface	platinum	surface	4.200000	1.619330	4.200000	1.619330	This illustration shows four layers of transformed graphene (single sheets of graphite, with carbon atoms represented as black spheres ) on a platinum surface (blue spheres ).
12378	platinum surface	platinum	surface	4.300000	1.636390	4.200000	1.751190	She saw this also in a research study done at the University of California where the researchers put atoms on a heated platinum surface causing them to form ordered patterns.
12379	platinum surface	platinum	surface	4.700000	0.674949	4.500000	0.707107	The latter is seldom used in routine electrochemical measurements because it is more difficult to prepare; the platinum surface has to be specially treated by preliminary electrolysis.
12380	platinum tube	platinum	tube	3.700000	2.002780	3.600000	2.118700	Quantity of air State of platinum tube State of experimental tube 15 inches Cold Full of particles.
12381	platinum tube	platinum	tube	4.200000	1.751190	3.700000	2.162820	By carefully passing the air through the flame of a spirit lamp, or through a platinum tube heated to bright redness, the floating matter was sensibly destroyed.
12382	platinum tube	platinum	tube	3.300000	1.494430	4.000000	1.414210	In the first place, they do away with the ordinary burners for heating the platinum tubes, by means of a tube with a platinum brush point inserted inside the tube itself, and connected with the pressure system of the petrol tank.
12383	platinum tube	platinum	tube	3.550000	1.959460	4.050000	1.731290	He constructed the three drop shapes from sheet and the round bezels from platinum tubes formed through a draw plate.
12384	platinum tube	platinum	tube	3.555560	1.810460	4.111110	1.615890	Sweep molybdenum around, center its ground in a platinum tube which I will get you and then draw the whole thing and it give it to me.
12385	platinum tube	platinum	tube	3.900000	1.852930	4.200000	1.549190	I had constructed a small gas-furnace, now much employed by chemists, containing a platinum tube, which could be heated to vivid redness.
12386	platinum tube	platinum	tube	4.500000	1.269300	4.900000	0.316228	A separation capillary that was inserted into a platinum tube in the detector acted as a grounded electrode for electrophoresis and as a flow channel for sheath liquid.
12387	platinum wire	platinum	wire	2.600000	2.270580	3.500000	2.223610	To display all these colours at the same time the platinum wire must be white-hot: the impression of whiteness being in fact produced by the simultaneous action of all these colours on the optic nerve.
12388	platinum wire	platinum	wire	3.700000	1.567020	4.000000	1.247220	But when the platinum wire is intensely heated, the floating matter is not only displaced...... inches long through the air of an ordinary glass shade resting on cotton-wool, which also surrounded the rim.
12389	platinum wire	platinum	wire	3.900000	2.079000	4.000000	1.885620	It used a heavier magnet to balance the mirror and more robust construction using platinum wire to suspend the mirror in order to balance the effects of the ship 's motion and earth 's magnetism.
12390	platinum wire	platinum	wire	4.400000	0.699206	4.400000	1.074970	We oxidized the surface of the bottom platinum wire to make an extremely thin layer of platinum dioxide, which is highly conducting.
12391	platinum wire	platinum	wire	4.400000	0.966092	4.400000	1.074970	Look through it at the platinum wire in the flame.
12392	platinum wire	platinum	wire	4.700000	0.674949	4.400000	1.349900	Each ring is constructed of 3 solid strands of platinum wire woven together.
12393	platinum wire	platinum	wire	4.500000	1.269300	4.600000	1.264910	By such prismatic analysis Dr. Draper has shown, that when the platinum wire first begins to glow, the light emitted is sensibly red.
12394	platinum wire	platinum	wire	4.700000	0.948683	4.900000	0.316228	It comprised a globe b, in the neck of which was sealed a platinum wire w, carrying a thin lamp filament f.
12395	platinum wire	platinum	wire	4.100000	1.728840	4.900000	0.316228	It consists of a box of...... and a platinum wire P soldered to a pair of stout copper wires W, insulated with gutta-percha.
12396	platinum wire	platinum	wire	4.500000	1.269300	5.000000	0.000000	He used platinum wires in his experiments and finally settled on a carbon filament.
12397	plea agreement	plea	agreement	2.600000	1.505550	3.600000	2.011080	The plea agreement provided that the State would recommend a sentence of eight years with two years suspended to probation.
12398	plea agreement	plea	agreement	2.800000	1.932180	3.900000	1.663330	Balderama-Mendez pleaded guilty, without a plea agreement, to one count of unlawful reentry by a deported alien previously convicted for an aggravated felony, in violation of 8 U.S.C. Â§ 1326 (a ) and (b ) (2 ).
12399	plea agreement	plea	agreement	4.100000	0.875595	4.100000	1.100500	Although here we are faced with an appeal of the conviction itself, we find Hahn 's analytical structure equally applicable to conditional plea agreements that waive the right to appeal a conviction.
12400	plea agreement	plea	agreement	3.600000	1.577620	4.400000	1.577620	The DOJ 's complaint is comprehensive and GSKs plea agreement is unequivocal.
12401	plea agreement	plea	agreement	3.800000	1.751190	4.900000	0.316228	In this particular instance, once the Attorney General approves a plea agreement, he will be bound by that plea agreement, and he cannot turn around against it.
12402	police officer	police	officer	4.900000	0.316228	3.900000	1.728840	The iconic boat, which usually brings commuters and tourists to and from Manhattan past the Statue of Liberty, was filled with police officers, firefighters and their equipment.
12403	police officer	police	officer	4.500000	1.080120	4.100000	1.100500	"Martin Tiplady - Director of Human Resources said: "" It 's easy to forget but the pioneering attitude of the first female police officers made a significant impact on policing and London."
12404	police officer	police	officer	4.900000	0.316228	4.300000	0.948683	We deplore the necessity for the assignment of trained police officers to this wasteful Work.
12405	police officer	police	officer	4.400000	1.074970	4.400000	0.843274	I know your police officers now quite well and know that they are most happy when they are permitted to do their duty.
12406	police officer	police	officer	4.500000	0.849837	4.400000	1.264910	Mr. Rencelaw Run to the bank directly, call for a police officer as you pass.
12407	police officer	police	officer	4.900000	0.316228	4.400000	1.577620	Do you still believe that support staff are as important to your objective of delivering safe communities as is the number of police officers?
12408	police officer	police	officer	4.700000	0.674949	4.600000	0.516398	Joan 's relationship with local police officer Fred Lundquist is traced in the tentative dance of older lovers, as the debris of their past (she 's a widow; he 's divorced ) swirls about them.
12409	police officer	police	officer	4.700000	0.674949	4.600000	0.516398	Still, with the directory, with the advice of a saloon-keeper and the information of a police officer, Beverly tracked Mr. Bundy to his lair.
12410	police officer	police	officer	5.000000	0.000000	4.666670	1.000000	"Now, sir, "" said he, leaving his...... face close to the witness; "" Do you mean to say that a police officer has sufficient knowledge of law to know how to arrest a criminal in a case of arson?"
12411	police officer	police	officer	4.800000	0.421637	4.700000	0.674949	But I 'm also a police officer, indeed the one responsible for the delivery of the policing operation for the two Portsmouth and Southampton derbies this season.
12412	police station	police	station	4.300000	1.567020	2.800000	2.149940	The meeting had been hosted by sub-inspector Hindveer Singh at the Shahpur police station, and the Muslim pradhan of Sohram, Tanvir.
12413	police station	police	station	3.800000	1.686550	2.900000	2.233580	At the police station police did n't fingerprint him right away for fear of taking off his cuffs.
12414	police station	police	station	4.600000	0.699206	3.200000	1.988860	Throughout her detention, Shouwang church members, including the wife of senior pastor Jin Tianming, took turns waiting outside the police station for her release.
12415	police station	police	station	4.700000	0.483046	3.400000	1.429840	It is understood the victim, a former pupil of the Christian Brothers Grammar School in Omagh, was leaving to start a shift at Enniskillen police station.
12416	police station	police	station	4.900000	0.316228	3.800000	1.549190	The long wooden platform extending from Collinsville-avenue to the police station became ignited, but, in the general destruction on all sides, attracted no attention till the doors and A. portion of the floor began to burn.
12417	police station	police	station	4.800000	0.421637	4.200000	0.632456	"She arose, and as she passed out of the room she added, "" You will have to find him, in the first place, and you had better go round to the police stations and the tramps ' lodging-houses and begin looking. """
12418	police station	police	station	5.000000	0.000000	4.200000	1.135290	The landing is up a great face of smooth rock, near the top of which is a pretty police station, and higher still, nearly concealed by bananas and cocoa-palms, is the large bungalow of the revenue officer and police magistrate of Langat.
12419	police station	police	station	4.900000	0.316228	4.400000	0.966092	In Milwaukee he had been a police station janitor, in San Francisco a lawyer 's clerk, in Chicago a news-vender, in New York an independent druggist, and for three years he had been cook on a steamer plying between New York and Brazil.
12420	police station	police	station	4.900000	0.316228	4.400000	1.577620	Ours were worsened by the destruction of police stations, court buildings, evidence rooms, crime labs, etc. But, things are definitely improving and if you use the same common sense rules you would use in any other city, you 'll be fine.
12421	police station	police	station	4.900000	0.316228	4.600000	0.699206	taken to the police station, hut no marks could be found on the dead Man 's head or body to indicate that it had struck him.
12422	porcelain tube	porcelain	tube	3.100000	1.728840	2.400000	2.011080	In his hands he is tumbling what looks like an aged white porcelain tube.
12423	porcelain tube	porcelain	tube	3.700000	1.828780	3.700000	1.946510	"Designed in collaboration with ceramicist and fellow product designer, Birgitte Due Madsen, the L-Lamp is composed of a simple, unglazed porcelain tube that gives the "" normally cold, energy efficient bulb "" a warmth and radiant glow."
12424	porcelain tube	porcelain	tube	4.100000	1.523880	3.900000	1.523880	Two fine porcelain tubes for stibium, or eye-paint, are exhibited in Wall-Case 272 (Sixth Egyptian Room ).
12425	porcelain tube	porcelain	tube	3.700000	1.828780	3.900000	1.728840	are contained in horizontal Herkolite and porcelain tubes which are supported on vertical columns (Fig.
12426	porcelain tube	porcelain	tube	3.900000	1.911950	4.300000	1.567020	"The built-in plug the light connects to acts as a counterweight so that the porcelain tube "" appears to balance magically."
12427	porcelain tube	porcelain	tube	4.900000	0.316228	5.000000	0.000000	Halcyon signs can supply letters complete with selected back trays pre-drilled with cable entry and exit holes, neon mounted on porcelain tube supports, appropriate transformers and calibration diagrams.
12428	portal system	portal	system	3.700000	1.946510	3.300000	1.828780	"Moreover, with the loss of the tail the caudal vein vanishes, and in consequence the "" portal, "" or carrying, part of the renal portal system, is transferred entirely to the iliac veins."
12429	portal system	portal	system	2.500000	2.273030	3.300000	1.946510	There is a new captive portal system, allowing you to create wireless hotspots for guests in your company, hotels, coffee shops, or other public places.
12430	portal system	portal	system	2.500000	1.840890	3.400000	1.429840	271 ), by the development of a heart, and the introduction of an additional capillary complex involving the kidneys, called the renal portal system.
12431	portal system	portal	system	2.800000	1.813530	3.600000	1.505550	There is thus present a true renal portal system, similar to the hepatic portal system.
12432	portal system	portal	system	3.400000	1.712700	4.000000	1.490710	It appears that coherence of the crystals and water inside the pineal gland, as well as other places in the body, plays a large role in it function as a portal system to lucid dreaming, psychic events, vision and possible spiritual evolution.
12433	portal system	portal	system	2.111110	1.615890	4.000000	1.802780	Simply put liver disease tends to alter the blood pressure in the portal system, the albumin and salt concentration in the serum, the water retention in the body, the function of the surrounding organs and the permeability of the portal vessels.
12434	portal system	portal	system	2.400000	1.264910	4.200000	1.032800	This is especially relevant in relation to locum staff that may move between health board areas at short notice and be required to have access to, and operate on, several different portal systems.
12435	portrait photography	portrait	photography	3.100000	1.791960	3.900000	1.852930	So just to get this straight; you want to start doing portrait photography but you would be standing behind the camera naked?
12436	portrait photography	portrait	photography	4.100000	1.523880	4.300000	0.823273	Andrew 's contemporary and vibrant style of portrait photography is at the forefront of a move away from traditional posed portrait photography.
12437	portrait photography	portrait	photography	4.100000	0.994429	4.600000	0.516398	Of particular importance was his friendship with fellow German Georg Reisner, who, in the summer of 1935, invited Namuth to assist him in a portrait photography studio that he had established in Puerto de Pollensa, Majorca.
12438	portrait photography	portrait	photography	4.200000	1.619330	4.800000	0.421637	The Cabinet Portrait, a larger format for portrait photography, had first been introduced by the London photographer Frederick Richard Window in 1866.
12439	portrait photography	portrait	photography	3.900000	1.595130	4.800000	0.632456	Sstudio is known to offer outstanding photography services that cater areas like wedding photography, portrait photography, discount wedding photography, videography services and creating special prints and creative wedding albums for all budgets.
12440	post office	post	office	3.700000	2.002780	2.700000	1.946510	In Canyon Village there is a post office, general store, gift shops, ranger station, and very good...
12441	post office	post	office	3.400000	2.065590	2.700000	2.213590	"Issy entered the combination grocery store and post office. """
12442	post office	post	office	3.900000	2.079000	3.000000	2.403700	The answer is this: Imperfect as are our modes of civil government, they are the only means......, parks, municipal improvements, the post office, the courts of justice, the militia, may not be perfect.
12443	post office	post	office	4.000000	2.108190	3.100000	2.024850	The lines allowed the movement of mail between post offices and neighbourhood post offices, and to railway terminals.
12444	post office	post	office	3.500000	1.840890	3.100000	2.079000	Whether they have withdrawn services from post offices under European Union directive 2002 / 39 / EC regarding the further opening to competition of community postal services.
12445	post office	post	office	3.800000	1.619330	3.500000	1.080120	As there was no post office at that time in Willington, the letter went to Abbeville Court House, where it remained three weeks from its date before it was called for.
12446	post office	post	office	3.800000	1.873800	3.500000	1.649920	It is needless to say that, although Julia went to the post office, this letter never did but was placed in a little box by the side of two others, which had arrived from Dr. Lacey that week.
12447	post office	post	office	3.600000	1.712700	3.700000	1.567020	The compensation of postmasters and the allowances issued to post offices are controlled to a large extent by the stamps sold at each post office.
12448	post office	post	office	3.800000	1.873800	4.500000	0.707107	i posted 6 parcels at norwood post office @ 3 years ago at this time of year 1 arrived opened, the rest never arrived.
12449	post office	post	office	4.200000	1.751190	4.700000	0.674949	Today, the government has announced that 2500 post offices are to close.
12450	potash solution	potash	solution	3.600000	1.577620	2.900000	1.969210	A coat of the bichromate of potash solution referred to on page 4 will make wildly-figured mahogany have the appearance of rosewood.
12451	potash solution	potash	solution	3.700000	1.828780	3.200000	2.201010	"Permission To Be Melted And Flushed Der Spiegel | Submitted by: Porkus_Aurlieus "" The Flemish Association of Undertakers is seeking permission to process corpses by placing them in a caustic potash solution that would turn them into liquid and mineral ash..."
12452	potash solution	potash	solution	3.400000	2.065590	3.300000	2.162820	It is recommended for acidifying the oxalate of potash solution for ferrous oxalate developer, but its chief use is in the preparation of oxalate of potash, ferric oxalate, and other stable salts.
12453	potash solution	potash	solution	3.200000	1.813530	3.800000	1.873800	Sirius and the University of Queensland designed this technology to work in conjunction with potash solution mining.
12454	potato cake	potato	cake	4.000000	1.632990	1.600000	2.170510	They are excellent at a fried breakfast as an alternative to a potato cake.
12455	potato cake	potato	cake	4.400000	1.577620	2.200000	2.043960	Cut out discs of potato cake, turning each over to rub flour on the topside, and pop it onto a greased baking tray.
12456	potato cake	potato	cake	2.900000	1.852930	2.400000	1.577620	There is a knack to turning the tortilla and this might fill the novice cook with fear, but persist and you will have a potato cake of which to be proud.
12457	potato cake	potato	cake	5.000000	0.000000	3.000000	1.563470	There are gorgeous potato cakes with apple sauce, wurst with sauerkraut or green cabbage, hot, fresh smoked salmon served in brotchen (bread rolls ), and the most amazing cherry strudels, covered in custard.
12458	potato cake	potato	cake	4.400000	0.966092	3.100000	1.852930	Cakes of white flour and of whole meal are to be seen, as in other places; but potato cakes belong more especially to Ireland.
12459	potato cake	potato	cake	3.900000	2.079000	3.100000	1.911950	"I like a Scottish breakfast now and again (no I do n't mean salty porridge ), and without a doubt potato cakes, or should I say "" tattie scones "" are an essential part of this."
12460	pressure curve	pressure	curve	4.100000	1.286680	2.300000	1.888560	The pressure curve for Shot 4 was used which gives a velocity of 3423 fps with a 70 gr bullet exiting the muzzle at 0.0009413 seconds.
12461	pressure curve	pressure	curve	3.000000	1.943650	2.700000	1.888560	It attempts to replicate the full-belly snap of a real sable brush thanks to a tailor-made pressure curve.
12462	pressure curve	pressure	curve	4.500000	0.971825	3.600000	1.897370	Slowing down the frame speed has the effect of shifting the peak cylinder pressure curve during the power stroke.
12463	pressure curve	pressure	curve	3.800000	1.751190	3.600000	1.955050	If you have the complete vapour pressure curve, you could equally well find the boiling point corresponding to any other external pressure.
12464	pressure curve	pressure	curve	3.300000	1.946510	4.100000	1.663330	Although the aortic pressure curve shape per se contains valuable haemodynamic information, precise analysis of the shape of the peripheral arterial pressure curve cannot be recommended for assessment of haemodynamic status at the bedside.
12465	pressure difference	pressure	difference	3.100000	2.330950	2.700000	2.406010	The Southern Oscillation Index (SOI ), a measure of the strength of tropical Pacific atmospheric circulation based on the sea level pressure difference between Tahiti, French Polynesia, and Darwin, Australia, was between 0 and -1 during this time.
12466	pressure difference	pressure	difference	3.900000	1.663330	3.800000	1.813530	Times gravity: a pressure difference of ~ 4 MPa (about 40 atmospheres, ~ 600 psi ).
12467	pressure difference	pressure	difference	4.200000	1.316560	3.900000	1.852930	Blood pressure differences between lonely and non-lonely people were smallest at age 50 and greatest among the oldest adults tested, those at retirement age.
12468	pressure difference	pressure	difference	4.400000	0.699206	4.100000	0.994429	But the pressure difference across the throttle butterfly (which is almost completely closed ) can be as high as 25 + mm Hg.
12469	pressure difference	pressure	difference	4.400000	0.843274	4.200000	1.032800	So pressure differences can exist even on (what appears to be ) the same boost signal path.
12470	prison wall	prison	wall	3.400000	2.011080	2.700000	2.406010	Strange to say, not one word had yet been exchanged between them since that bitter farewell was uttered in the prison walls of the military keep.
12471	prison wall	prison	wall	4.000000	1.699670	2.800000	1.873800	We are all, willy nilly, confined within the prison walls of our every-day vocabulary.
12472	prison wall	prison	wall	3.900000	2.079000	3.900000	2.079000	Everyone wants a vision, and struggles to see the other side, not realizing that these features - images and sounds - are more of the HMS, just a more subtle rendering of the prison walls in the outer reaches of the labyrinth...
12473	prison wall	prison	wall	4.500000	1.581140	4.100000	1.663330	Few people outside the prison walls know what is going on or care if they do know.
12474	prison wall	prison	wall	3.500000	2.013840	4.100000	1.663330	there are no prison walls in the universe strong enough to keep me from wreaking upon you a terrible revenge!
12475	prison wall	prison	wall	4.200000	1.751190	4.200000	1.619330	You do know that they paint prison walls pink to keep inmates zoned.
12476	prison wall	prison	wall	4.100000	1.523880	4.400000	1.349900	I saw a hasty rush of men to the parapet that topped the prison wall; they leaned there, looking over.
12477	prison wall	prison	wall	4.900000	0.316228	4.600000	1.264910	Facing discovery and the consequent gray of prison walls, the boy pleaded for some miracle to make his forty dollars a week meet both the orehidaceous tastes of the siren and the need of restitution.
12478	prison wall	prison	wall	4.400000	1.074970	4.700000	0.674949	"Like Roland Graeme, the Queen may...... Loch Leven, "" where, in spring, all seems so beautiful, the trees budding freshly above the yellow celandine and among the grey prison walls."
12479	prison wall	prison	wall	4.400000	1.264910	4.800000	0.421637	Howard Wilson is quoted as saying that the difference between tax evasion and tax avoidance is the thickness of a prison wall.
12480	prom queen	prom	queen	4.600000	1.264910	2.200000	1.873800	I do n't think I 've ever escaped - to this day I ca n't see a roll of plastic lying in the street without thinking it 's wrapped round the corpse of high-school prom queen, Laura Palmer.
12481	prom queen	prom	queen	3.800000	2.043960	2.500000	1.957890	I think you have been watching too many of those underdog team triumphs / boy from the wrong side of the tracks gets the prom queen movies and managed to get the wong end of the stick.
12482	prom queen	prom	queen	4.400000	1.264910	2.600000	1.429840	I 'm not gonna be afraid of prom queens now that I saw Carrie.
12483	prom queen	prom	queen	3.900000	1.791960	2.600000	2.011080	It 'll be just like those movies where they take the mousy little girl and turn her into the prom queen by taking off her glasses and letting down her hair.
12484	prom queen	prom	queen	4.400000	0.843274	3.300000	1.636390	"She purchased a wedding gown as the base of her costume stating, "" It 's okay to be a zombie prom queen, but a zombie bride trumps a zombie prom queen."
12485	public service	public	service	4.300000	1.494430	3.400000	1.837870	Speaking as Democrats, we say, and know, that the public service is safer in the hands of the Democratic party than...... action of the people evinces their steady belief in its truth.
12486	public service	public	service	3.000000	2.108190	3.800000	1.988860	At the beginning, every public utility or public service was started as an improvement upon something, some method, or some practice?
12487	public service	public	service	3.700000	1.567020	4.000000	1.632990	"The company alleges that the contract with the company union assures it the "" cooperation "" of the employees in the interest of public service, meaning, apparently, that it is a protection against strikes."
12488	public service	public	service	4.100000	1.197220	4.200000	1.316560	The moral effect of such examples must be felt in every branch of the public service, and in a great degree among.
12489	public service	public	service	3.700000	1.567020	4.300000	0.674949	"We agree with Mark Serwotka, general secretary of the Public and Commercial Services Union, when he blasted the report for its "" blatant robbery "" and for acting as a "" stepping stone towards the wholesale privatisation of public services ""."
12490	public service	public	service	4.000000	1.414210	4.400000	1.074970	Will the Government look at that relationship and ensure that it is valued, so that both HMRC staff, who do an excellent job, and its customers, are treated the same way as we would expect in any public service?
12491	public service	public	service	3.800000	1.873800	4.400000	1.264910	He began his career in public service as the mayor of the city of Boise (1985 -1992 ).
12492	public service	public	service	4.500000	0.527046	4.500000	1.269300	It will promote a public service economy based on open ICT markets with increased participation of SMEs, the voluntary and community sector, and other diverse providers to raise standards across public service delivery.
12493	public service	public	service	4.200000	0.918937	4.700000	0.483046	"In official matters, and wherever "" duty "" was concerned, he was rigid and immovable, exacted from every man under him the strictest obedience, and was wholly inaccessible to any prayer which came in conflict with the good of the public service."
12494	public service	public	service	4.900000	0.316228	4.700000	0.674949	Assisting with the regeneration of disadvantaged areas through the location of public service facilities there, the promotion of local employment policies and local purchasing of goods and services.
12495	puppy dog	puppy	dog	3.100000	2.469820	3.600000	2.270580	Many people went to prison, but so far, AG Holder always finds new distractions which the MSM, like a puppy dog, follows gleefully, never providing info the voter should have.
12496	puppy dog	puppy	dog	3.000000	2.108190	3.700000	1.946510	It 's still Fantastic Fest after all, it 'll never be puppy dogs and ice cream.
12497	puppy dog	puppy	dog	4.200000	1.751190	4.300000	1.636390	12 week old black toy poodle puppy dogs for sale.
12498	puppy dog	puppy	dog	4.400000	1.577620	4.600000	0.516398	"Richey 's just forgiven for everything he does in my book b / c I just imagine those big eyes and a little puppy dog face with his soft voice saying, "" I 'm sorry Mommy."
12499	puppy dog	puppy	dog	4.700000	0.674949	4.600000	0.699206	""" Well, now, you cuddle right up in my arms, like a little puppy dog, and you 'll feel all right. """
12500	puppy dog	puppy	dog	4.900000	0.316228	4.600000	1.264910	Keep your puppy dog busy with plenty of play sessions, games and training - this way your pooch will have limited energy left and will hopefully just rest instead of chewing on your household items.
12501	puppy dog	puppy	dog	4.800000	0.421637	4.700000	0.674949	"No one to love; "" not even a puppy dog."
12502	puppy dog	puppy	dog	4.700000	0.948683	4.800000	0.421637	"Of course, I wo n't tell them you really were afraid to take it, "" and without saying any more Uncle Wiggily began to draw the puppy dog boy 's picture on the paper. """
12503	puppy dog	puppy	dog	4.800000	0.632456	4.900000	0.316228	"No, that was the Siberian puppy dog, "" said Ned."
12504	pyramid scheme	pyramid	scheme	1.700000	1.636390	3.000000	1.885620	"You agree not to upload, post, email, transmit or otherwise make available any unauthorized advertising, promotional materials, "" spam, "" chain letters, pyramid schemes, or any other form of unauthorized solicitation."
12505	pyramid scheme	pyramid	scheme	2.900000	2.079000	3.200000	2.097620	evolut ion.htm l Chain Letter Evolution - analysis and history of paper chain letters bibliogra phy.htm Annotated Bibliography on chain letters and pyramid schemes gloss ary.htm Definitions of terms used for paper chain letters - THIS FILE / archive /!
12506	pyramid scheme	pyramid	scheme	2.200000	1.686550	4.100000	1.370320	It 's amazing how many versions of pyramid schemes or Nigerian scams there are out there.
12507	pyramid scheme	pyramid	scheme	1.500000	2.068280	4.300000	1.567020	While MLMs are trying to distance themselves from pyramid schemes by claiming differences, MLMs are also blurring the line between it and pyramid scheme with autoship, internal consumption, and such abuses of the very safeguard they themselves have came up with.
12508	pyramid scheme	pyramid	scheme	1.600000	1.429840	4.400000	1.349900	the best way for a society to evolve, is to have the workers own the companies themselves and borrowing money as necessary from the mutual societies which removes the Stock market, and the possibility this kind of pyramid scheme can bring down our economy.
12509	quartz plate	quartz	plate	3.900000	1.852930	2.600000	1.897370	"Curve (c ) from figure 3 was obtained when a ground quartz plate was used to "" fuzz "" the line over the cathode to produce stable average sensitivity."
12510	quartz plate	quartz	plate	2.500000	2.460800	2.800000	2.485510	It starts on fancy pink quartz plates and then takes a weakness in the slightly overhanging bands just left of the crack above.
12511	quartz plate	quartz	plate	3.900000	1.852930	2.900000	2.079000	This is currently achieved by the use of a device known as a photomask - a quartz plate coated with a layer of material on which the circuitry is chemically reproduced.
12512	quartz plate	quartz	plate	3.500000	1.900290	3.300000	1.946510	The researchers found that by placing a slice of excised breast tissue on a special quartz plate and exposing it to terahertz light, the light waves reflected from the tissue contained unique information about its state.
12513	quartz plate	quartz	plate	4.100000	1.286680	3.800000	1.873800	utilizes 2 optically flat quartz plates that are brought together by applying a known external force.
12514	radio station	radio	station	4.500000	0.707107	2.800000	1.475730	iHeartRadio - Free Music & Internet AM / FM Radio Stations is a streaming radio application that gathers a compendium of radio stations from all around the world.
12515	radio station	radio	station	4.700000	0.483046	2.800000	1.813530	Mr.Kaz i Akhtaruddin Ahmed, Additional Secretary and DG, Bangladesh Betar mentioned community radio stations as ally of public service broadcasting.
12516	radio station	radio	station	5.000000	0.000000	3.100000	1.523880	While gigging he also worked for some radio stations giving him the opportunity to learn about the music business.
12517	radio station	radio	station	4.400000	1.349900	3.200000	1.932180	"Beat 102 -103 is a regional youth radio station broadcasting across the South East of Ireland, it is based at "" The Broadcast Centre "" in Ardkeen, along with sister station WLR FM."
12518	radio station	radio	station	4.800000	0.632456	3.400000	1.776390	"Mr. Hansen did...... some Canadian radio station had picked up a message from the Dawn. """
12519	radio station	radio	station	5.000000	0.000000	3.500000	1.178510	My work on the BBC 's Empire Service (the original World Service radio station ) and the launch of the BBC 's Arabic television channel addresses overlapping themes.
12520	radio station	radio	station	4.600000	0.699206	3.500000	1.649920	The Burgess Battery radio station at 1:57 P. M. received the letter signal which indicated that Hassell was over or near Rupert House, Quebec.
12521	railroad company	railroad	company	3.900000	1.286680	3.700000	1.946510	He did not sell his sleeping cars; instead he leased them to railroad companies.
12522	railroad company	railroad	company	3.800000	1.873800	3.700000	2.057510	A skilled corporate lawyer, he became rich representing many railroad companies during the shaky railroad boom decade of the 1850 s.
12523	railroad company	railroad	company	3.600000	1.955050	3.800000	1.686550	Lord Campbell 's Act gives right of action to personal representative of deceased for death of passenger and does not deprive railroad companies of their property without due process of law.
12524	railroad company	railroad	company	4.000000	1.885620	4.000000	2.108190	Along the platforms of the railroad company 's train house, however, a large crowd of idlers had assembled.
12525	railroad company	railroad	company	3.500000	1.840890	4.300000	1.059350	Our government has no power to make these wholesome restrictions, but the same result would be accomplished by adopting a system which would make it a matter...... it is unquestionably of remote interest, for railroad companies to use the superior American iron.
12526	railroad company	railroad	company	4.100000	1.595130	4.300000	1.337490	Sometimes, where one competitor was overwhelmingly strong, the pretence of secrecy was thrown aside, and the railroad companies so far forgot their public duties as almost openly to assist one concern in crushing its rivals.
12527	railroad company	railroad	company	3.800000	1.619330	4.400000	0.966092	A railroad company may attempt to obtain legislation in its interest by corrupting influences.
12528	railroad company	railroad	company	3.900000	1.663330	4.600000	0.843274	"This is exactly what he said: (reading ) "" Whenever capital goes into the railroad business it organizes a railroad company, and the railroad companies, variously as they are grouped together, come together as railroad companies."
12529	railroad company	railroad	company	4.000000	1.490710	4.600000	0.966092	The railroad company pays overhead cost for the electric company, as defined above.
12530	railroad company	railroad	company	4.200000	1.229270	4.700000	0.483046	A reciprocal demurrage law would penalize the shipper or the consignee for failure to release a car after a specified period; it would also penalize a railroad company for delays in transit, mil for failure to supply a shipper promptly with cars upon demand.
12531	rain water	rain	water	4.500000	1.581140	4.400000	1.577620	The rain garden, which will be located within an existing traffic circle just south of Cunz Hall, will contain a natural draining system for rain water that uses native Ohio plants and soil.
12532	rain water	rain	water	4.700000	0.483046	4.500000	1.581140	Other features include a rain water recycling system that could reduce water consumption to 80 litres per day - around half the current national average water consumption of 150 litres.
12533	rain water	rain	water	5.000000	0.000000	4.700000	0.674949	If we consider, in addition to this, the amount of water drained away, we shall see that the soil has sufficient capacity for the reception of all the rain water that falls upon it.
12534	rain water	rain	water	4.400000	1.577620	4.800000	0.421637	A rectangular basin in the ground (impluvium ) corresponded to the opening above in order to collect rain water.
12535	rain water	rain	water	4.800000	0.421637	4.800000	0.421637	""" But this is not rain water, "" said his cousin. """
12536	rain water	rain	water	4.900000	0.316228	4.900000	0.316228	A common matter I see is rain water being dumped directly next to the home.
12537	rain water	rain	water	4.600000	0.699206	4.900000	0.316228	When you are constructing your tree house roof, remember to create fall to your roof, just the same as your own house, to make sure rain water is carried off and does not collect.
12538	rain water	rain	water	4.900000	0.316228	4.900000	0.316228	I am a woodland flower and I have...... put my head up out of the ground, to get air, and drink the rain water, I find I can not do it.
12539	rain water	rain	water	3.900000	1.791960	5.000000	0.000000	"--  "" Purchase the best ground rotten stone of the druggist, put a few ounces at a time in a wedgewood or porcelain mortar, with plenty of clean rain water."
12540	rain water	rain	water	4.800000	0.421637	5.000000	0.000000	Trask caught a foreign sound, a gurgle which he at first mistook for rain water running from the scuppers.
12541	record book	record	book	2.600000	2.221110	2.900000	2.330950	As Veva said, you ca n't put the soul of a good time down on the club 's record book, and I find I ca n't put it down here in black and white.
12542	record book	record	book	2.700000	2.311810	3.800000	1.873800	A grade record book is available from: Merle J. Whaley 2941 B Â½ Road Grand Junction, CO 81503 TEL: (970 ) 241 -7777 FAX: (970 ) 241 -0016 37.
12543	record book	record	book	2.600000	2.011080	4.000000	1.563470	I replaced the record books in the office drawer, and retired to my apartment.
12544	record book	record	book	4.000000	1.563470	4.400000	0.843274	She set her sights on finishing in her second year in the Parish Walk and the record book shows that she retired at Maughold.
12545	record book	record	book	2.000000	2.260780	4.600000	0.516398	This record book is in the Berks County Historical Society in Reading.
12546	record book	record	book	3.800000	2.043960	4.600000	0.699206	"The record book of the lodge, under date of November 30, 1773, says: "" Lodge met and adjourned."
12547	record book	record	book	3.400000	1.837870	4.600000	0.843274	And you will discover in the record books and learn that that city is a rebellious city and damaging to kings and provinces, and that they have incited revolt within it in past days; therefore that city was laid waste.
12548	record book	record	book	3.300000	1.946510	4.600000	0.843274	I hurried down with my record books and inkstand, which I had transferred for security to my sleeping quarters.
12549	record book	record	book	3.100000	2.131770	4.900000	0.316228	C Manoharan Snake Manu of Madras, India, hopes to put his name in the record books through his snake act.
12550	record book	record	book	3.400000	1.712700	4.900000	0.316228	This society // publishes a record book in which may be recorded the ancestors of each animal of the breed.
12551	recording equipment	recording	equipment	3.600000	1.897370	3.800000	2.043960	To achieve this aim, organisations considered rerouting all mobile calls through existing call recording equipment attached to their centralised PABX or conferencing in third party call recording equipment.
12552	recording equipment	recording	equipment	4.100000	1.595130	4.000000	1.885620	Professional cameras, including detachable zoom lenses, flashes, tripods, monopods and any other professional recording equipment.
12553	recording equipment	recording	equipment	4.100000	1.197220	4.200000	1.316560	Ben and our roadie / tour manager Kyle [Keays-Hagermann ] brought all their recording equipment up and turned a vacation house into a full-fledged studio.
12554	recording equipment	recording	equipment	4.300000	1.567020	4.600000	0.699206	In December government officials reported they had installed recording equipment in 26 interrogation rooms and signed an agreement with a German company to equip 60 additional interrogation rooms.
12555	recording equipment	recording	equipment	4.700000	0.674949	4.900000	0.316228	Visit the ' Gallery ' page if you want to see pictures of my studio, recording equipment and guitars.
12556	revenue service	revenue	service	3.800000	1.475730	2.400000	1.712700	We have no revenue service, no swarm of tax assessors and collectors.
12557	revenue service	revenue	service	3.700000	2.057510	2.700000	2.002780	It also focuses on careers and jobs in nigeria, nigeria jobs, vacancies citi cash payday loans career opportunities in the federal inland revenue service firs.
12558	revenue service	revenue	service	4.200000	1.032800	2.800000	1.619330	There are many reasons why farmville is so enjoyable Filing your taxes when you file your taxes, you can ask the internal revenue service irs to figure the amount of your eitc, or you can do the calculations yourself.
12559	revenue service	revenue	service	3.800000	1.549190	3.100000	1.911950	It was from her that the Japanese detective in the revenue service got his information- - and both of them have paid the price.
12560	revenue service	revenue	service	4.000000	1.414210	3.300000	1.702940	General Grant may, indeed, purify the revenue service, but his successor will with much less effort corrupt it again, unless the public takes its stand upon some solid principle which shall remove the Government patronage from the shifting influence of politics.
12561	revenue service	revenue	service	2.600000	2.270580	3.300000	1.828780	We have no departments of state or treasury, no excise or [208 ] revenue services, no taxes or tax collectors.
12562	revenue service	revenue	service	4.000000	1.414210	3.500000	1.509230	This bus was developed under the FTA 's National Fuel Cell Bus Program, which promotes the development of commercially viable fuel cell bus technologies and related infrastructure for deployment in revenue service.
12563	revenue service	revenue	service	3.600000	1.776390	3.800000	1.686550	His unflinching prosecution of fraud in the revenue service had been in the face of influences which few men would have had the nerve to resist.
12564	revenue service	revenue	service	3.600000	1.955050	3.900000	1.286680	This blended annual rate is published by the internal revenue service in the following is a chart of the blended annual rates from to the present.
12565	revenue service	revenue	service	4.300000	1.251670	4.300000	0.948683	Sm: I shall be obliged if you will inform me what amount of naval force you could at once place at the control of the revenue service.
12566	rice paper	rice	paper	1.700000	1.828780	1.700000	1.418140	Even now it is distinguished for its silk man ufactures, for the Nankeen cotton which bears its name, as well as for the production of that singular substance which is called rice paper, and composed from the pith of a plant.
12567	rice paper	rice	paper	3.700000	2.057510	2.800000	1.686550	It 's a simple dish; just boiled pork wrapped in thin rice paper with an assortment of herbs, pickled onions & carrots, cucumber, and raw bean sprouts.
12568	rice paper	rice	paper	2.800000	1.873800	3.400000	2.170510	The stems are filled with pith of very fine texture and white as snow, from which is derived the article known as rice paper, much used in preparing artificial flowers.
12569	rice paper	rice	paper	2.100000	2.024850	3.400000	2.366430	He had undergone bone-marrow therapy for myelodysplasia, a rare blood disease, and the procedure had cost him his hair and left his skin the color of rice paper.
12570	rice paper	rice	paper	2.700000	2.002780	3.700000	1.828780	Do not let the paper become completely soggy or the rice paper will split while baking.
12571	rice paper	rice	paper	2.900000	2.079000	3.900000	1.370320	I make one samosa at a time and after taking the rice paper wrap out of the water I immediately cut it in half with scissors which worked a lot better for me.
12572	rice paper	rice	paper	3.300000	2.162820	4.100000	1.523880	It 's so fine, it sticks to the eye tissue, like rice paper to a damp surface.
12573	rice paper	rice	paper	4.300000	1.251670	4.500000	0.849837	Deliberately, as though the occasion were one of unquestioned peace, he drew out some tobacco and several strips of rice paper.
12574	ridge line	ridge	line	4.100000	0.737865	1.800000	1.619330	We looked up the hill where bulldozers were kicking up dust, inching across a ridge line, moving closer, I suppose, to surrounding the village.
12575	ridge line	ridge	line	2.900000	1.791960	2.400000	2.011080	There are also loops in the middle and in the centre of the ridge line.
12576	ridge line	ridge	line	3.500000	2.223610	2.500000	2.121320	Northward the ridge line and the long, gradual slope seemed alive with swarms of Indian warriors, many of them darting about in wild commotion.
12577	ridge line	ridge	line	3.000000	2.054800	2.700000	2.057510	There is a circular opening for a ventilator on one side of the building, and two roof vents on the ridge line of each half.
12578	ridge line	ridge	line	3.700000	1.567020	3.000000	1.825740	There is a ridge line to the south of the Hemlington Grange site that can act as a visual barrier when viewing the development from the south.
12579	ridge line	ridge	line	3.500000	1.779510	3.000000	1.825740	All of a sudden there blazed from the ridge line across the stream the fire of a dozen rifles.
12580	ridge line	ridge	line	4.300000	0.823273	3.500000	1.779510	"He described the impact of the flue currently under consideration as "" significant "", he noted that it goes above the ridge line."
12581	river water	river	water	4.444440	1.666670	4.333330	1.658310	Also on riverside rocks, and presumably benefiting from the calcareous river water, were Anomodon viticulosus, Rhynchostegiella teesdalei and Jungermannia atrovirens.
12582	river water	river	water	4.700000	0.483046	4.600000	0.699206	He scooped up some river water with his wings and splashed it into his eyes.
12583	river water	river	water	4.600000	0.516398	4.600000	0.699206	I do n't know how that happened, but I suppose somebody must have found in my pocket the card with Alden Lytton written upon it, and perhaps blotted with the river water, and had misread it Albert Little.
12584	river water	river	water	4.555560	1.013790	4.666670	1.000000	(b ) There are no measures being undertaken to contain the river water.
12585	river water	river	water	4.600000	0.843274	4.700000	0.674949	When it is to be employed, pour a small quantity, say fifteen drops, by means of a dropping-tube, into a bottle containing about half an ounce of filtered river water.
12586	river water	river	water	4.700000	0.948683	4.800000	0.421637	However, when the Hurricane Canal was built in 1906 that delivered the river waters to a wide bench 20 miles downstream, many Grafton families packed up and moved to Hurricane.
12587	river water	river	water	4.800000	0.421637	4.800000	0.421637	"I hate to think of drinking that warm river water;....... """
12588	river water	river	water	4.100000	1.449140	4.900000	0.316228	Such are the hardening results of war, that some soldiers, who were unhurt, actually refused to give a trifle of river water from their canteens to their expiring comrades.
12589	river water	river	water	4.900000	0.316228	5.000000	0.000000	In 2010 the Environment Agency assessed 4,771 of these river water bodies in England 1,028 (22% ) of these were at either good status / potential or better 3,743 (78% ) of English river water bodies were failing to meet good ecological status.
12590	river water	river	water	4.800000	0.421637	5.000000	0.000000	These carbonates are freely soluble and contribute potash and soda to soils and river waters.
12591	road trip	road	trip	3.600000	1.646550	3.300000	1.636390	When Drew goes on his road trip, it means something to us because of all we 've seen him go through.
12592	road trip	road	trip	2.800000	2.201010	3.900000	1.663330	- Whiz did n't want it to be an excuse, but it did seem like the Cards were like an NBA team at the end of a long road trip, out of gas.
12593	road trip	road	trip	4.600000	0.516398	4.000000	1.885620	I still remember having tickets with my grandfather to a Penguins game when they were supposed to be led into town by Lemieux, but Mario missed the Jets game on that road trip while recovering from injury.
12594	road trip	road	trip	4.000000	1.414210	4.100000	1.663330	The exhibit will take visitors through the history of the American road trip.
12595	road trip	road	trip	4.300000	1.059350	4.300000	1.059350	Join Red Sox Destinations ' late season road trip south to Baltimore and the beautiful Oriole Ballpark at Camden Yards.
12596	road trip	road	trip	4.500000	0.527046	4.500000	1.080120	He never brings as many books as he would like, however, for his road trips are long, and frequently he complains of being deprived of his library; but he loves travel too, and he confesses that this partially makes up for his loss.
12597	romance movie	romance	movie	3.500000	1.957890	3.300000	2.263230	It was like something from a romance movie or novel.
12598	romance movie	romance	movie	3.600000	1.776390	4.000000	1.563470	Malaysia 's first gay romance movie opens with playful scenes of a bare-chested male couple massaging each other on a beach at night - but their euphoria soon evaporates in a story that seeks to placate both conservative government censors and contemporary audiences hungry for edgy material.
12599	romance movie	romance	movie	4.700000	0.674949	4.700000	0.483046	There is no romance movie that is as epic and iconic as Gone With The Wind, the movie that both Clark Gable and Vivien Leigh are remembered.
12600	romance movie	romance	movie	4.000000	1.885620	4.700000	0.483046	What do you mean this is n't a romance movie poster.
12601	romance movie	romance	movie	4.200000	1.549190	5.000000	0.000000	There are romance movies and then there 's Pandora and the Flying Dutchman.
12602	room service	room	service	4.000000	1.563470	3.600000	1.776390	That bikini teens deployed that colorspectrum shares can expect that the complex mobility they nudist camp clothing optional resorts in california stick their room service bounds are assured private.
12603	room service	room	service	4.100000	0.994429	4.200000	0.918937	With lunch at noon and dinner at 8:30 8:30 PM, everyone starved all afternoon with nothing but room service possible, not even a croissant (there was an afternoon tea with a few cookies ).
12604	room service	room	service	3.600000	2.065590	4.400000	0.966092	Services and facilities available for guests at this magnificent Boston (MA ) hotel comprise of 24 hour room service, car rental, room service, laundry service, shops and city transfer.
12605	room service	room	service	3.100000	2.183270	4.400000	1.074970	Hint: If Gammie asks for some mineral water, go to the hallway door east of the Blues Bar to find a room service tray.
12606	room service	room	service	4.500000	0.971825	4.600000	0.699206	Some rooms have striking views over the river, mountains and woodland 24 - hour room service is available.
12607	room temperature	room	temperature	2.600000	2.270580	3.900000	1.728840	It is best given at room temperature or blood heat, i.m., either into triceps, deltoid, or glutens maximus slowly over 1 -2 minutes.
12608	room temperature	room	temperature	3.000000	1.632990	4.500000	1.269300	On the other hand, olive oil, canola oil, peanut oil, and liquid margarine are liquid at room temperature because they contain mainly unsaturated fat.
12609	room temperature	room	temperature	3.300000	1.888560	4.600000	0.966092	Muffins taste best on the same day though they can be stored at room temperature for 3 extra days.
12610	room temperature	room	temperature	3.600000	1.349900	4.700000	0.674949	The equiaxing temperatures of severely cold-worked lead and tin are considerably below room temperature, and the hardness results given in Table VIII would indicate that their equi-cohesive temperatures would also be considerably below room temperature.
12611	room temperature	room	temperature	2.300000	1.946510	4.800000	0.421637	To make the sugar water mixture for rehydrating dissolve 4 to 6 tablespoons of sugar in 4 cups of water and let cool to room temperature.
12612	room temperature	room	temperature	3.700000	1.828780	5.000000	0.000000	Serve warm, at room temperature, or cover tightly and chill for at least 1 1 / 2 hours.
12613	room temperature	room	temperature	2.300000	2.213590	5.000000	0.000000	The temperatures // at which the Brinell hardness is independent of the grain size are, for lead and tin, above room temperature for rapid loading but below room temperature for slow or prolonged loading.
12614	rowing machine	rowing	machine	3.400000	2.170510	3.700000	1.702940	' And I do count my blessings, even when I 'm stressed at work or heaving away on my new rowing machine.
12615	rowing machine	rowing	machine	3.800000	1.813530	4.000000	1.414210	Volunteer crew members of Weston Lifeboat Station, accompanied by members of the public, will attempt to row the miles from Weston to Sharpness on state of the art rowing machines, a distance of 50 miles.
12616	rowing machine	rowing	machine	3.800000	2.097620	4.200000	1.619330	You may use a total body arc trainer, rowing machine, and versa climber for a total body and cardio workout.
12617	rowing machine	rowing	machine	4.500000	0.707107	4.900000	0.316228	Love - because they are fantastic low impact high result training devices and without doubt the best rowing machines available.
12618	rowing machine	rowing	machine	4.200000	1.229270	4.900000	0.316228	One guy has done 80 km - 60 km on a bike and 20 km on a rowing machine.
12619	ruling party	ruling	party	2.800000	1.932180	1.300000	1.636390	What is more, the intense political crisis of 2005, when the leftist ruling party lost power after a series of corruption scandals, was probably reason enough to account for the rapid increase in anti-establishment attitudes at the time.
12620	ruling party	ruling	party	3.200000	1.813530	2.100000	2.024850	Nomalanga Mkhize, a historian at Rhodes University, said that while Madonsela 's gender - and the criticism she 's received from the ruling party and its allies - is not an issue, Zuma 's power and esteem are based in his being a man.
12621	ruling party	ruling	party	4.100000	1.663330	2.200000	1.686550	Google 's relationship with China 's ruling party has been on shaky ground since the company blamed hackers in that country for breaking into its computers two years ago.
12622	ruling party	ruling	party	3.700000	1.828780	2.200000	2.043960	It would be easy to multiply illustrations; but enough has been said to show that in the eyes of the ruling party in England, the object of civil government was practically nothing else than to satisfy the whims and caprices of the prince and his favorites.
12623	ruling party	ruling	party	3.800000	1.619330	2.500000	2.273030	"The NRC complained: "" She used to join hands with the conservative regime and ruling party when the situation turned favorable, but coldheartedly turned her back if she found it unfavorable even a bit."
12624	ruling party	ruling	party	4.400000	0.966092	2.900000	2.079000	Others mentioned the unsettled condition of government affairs in...... close to the ruling party, for several of the letters were from a man who evidently stood high in the ministry, judged by the intimacy which he displayed with affairs of state.
12625	ruling party	ruling	party	3.900000	1.449140	3.000000	2.211080	From a work-buried Cabinet officer, which he had so enjoyed being that he half hoped President Coolidge would not accept his resignation, Herbert Clark Hoover had to change last week into the ruling party 's actual, active heir presumptive.
12626	ruling party	ruling	party	3.600000	1.712700	3.100000	1.595130	"But that has reached its limits, "" said Kimitaka Kuze, a ruling party legislator and a member of the committee."
12627	ruling party	ruling	party	4.100000	1.100500	3.200000	1.873800	The incessant tyranny of Parliament over the public offices is prevented and can only be prevented by the appointment of a Parliamentary head, connected by close ties with the present Ministry and the ruling party in Parliament The Parliamentary head is a protecting machine.
12628	ruling party	ruling	party	3.700000	2.002780	3.300000	1.567020	should believe that it was the ruling party while it was ruled; that it did everything when it did nothing.
12629	safety barrier	safety	barrier	4.500000	1.581140	4.200000	1.751190	There are no easy options, no sanitising of trails, no warnings, no protection, no safety barriers and absolutely no apologies.
12630	safety barrier	safety	barrier	4.800000	0.421637	4.600000	0.699206	This is in order to move safety barriers as work continues to strengthen the verge and replace the parapet on the elevated section of the...
12631	safety barrier	safety	barrier	3.800000	1.549190	4.600000	0.699206	We have captured, utilised our knowledge of traffic calming, vehicle impact testing, accident investigation and safety barrier design to pioneer and develop the science behind protective security and hostile vehicle mitigation.
12632	safety barrier	safety	barrier	4.600000	0.966092	4.900000	0.316228	Are manufacturers, suppliers and installers of safety barriers for car parks and industrial premises.
12633	safety barrier	safety	barrier	4.000000	1.699670	4.900000	0.316228	There is a safety barrier between the patio doors and the pool itself that can easily be moved by an adult.
12634	safety equipment	safety	equipment	4.300000	1.636390	4.100000	1.911950	Standard safety equipment for the 2011 BMW 5 Series includes stability and traction control, antilock disc brakes, front-seat side airbags, side curtain airbags, active front head restraints and the BMW Assist emergency communications system.
12635	safety equipment	safety	equipment	3.800000	1.619330	4.500000	1.581140	Renting Bike Safety Equipment [10 / 09 / 2001 ] The Park Department rents a bike with safety equipment for $5 a day.
12636	safety equipment	safety	equipment	4.200000	1.229270	4.700000	0.483046	All boxing jurisdictions should be urged to mandate the use of safety equipment such as plastic safety mats and padded cornerposts and to encourage continued development of safety equipment.
12637	safety equipment	safety	equipment	4.900000	0.316228	4.900000	0.316228	Yes: if you are an amateur without safety equipment, but not if you know what you are doing, have the right gear, and are not doing it in dumb weather conditions.
12638	safety equipment	safety	equipment	4.200000	1.619330	5.000000	0.000000	Fire procedures were displayed in prominent positions and regular checks of fire alarms and safety equipment had been undertaken.
12639	safety helmet	safety	helmet	3.700000	1.828780	4.400000	1.577620	He began giving away safety helmets 1997 and has donated over 1,000 helmets during his personal campaign.
12640	safety helmet	safety	helmet	4.111110	1.536590	4.555560	1.013790	We have a selection of children 's and adults bikes for hire together with safety helmets and baby seats.
12641	safety helmet	safety	helmet	3.900000	1.728840	4.700000	0.674949	This may be simple e.g. pegs for weather-proof clothing or safety helmets, or a suitable carrying case for safety spectacles.
12642	safety helmet	safety	helmet	3.900000	1.728840	4.800000	0.421637	It includes safety helmets, gloves, eye protection, high-visibility clothing, safety footwear, safety harnesses, hearing and respiratory protection equipment, and clothing protecting against extremes of weather.
12643	safety helmet	safety	helmet	4.300000	1.059350	5.000000	0.000000	He attempted to raise the moral sense of State 4 - H Leaders by providing evidence that needless traumatic brain injuries occur in children because they are not wearing equestrian safety helmets while riding.
12644	safety shoe	safety	shoe	4.200000	0.632456	4.200000	1.686550	There is a history of cement burns where cement has gone into the safety shoe or boots and Wellington boots may provide more protection for groundwork using cement.
12645	safety shoe	safety	shoe	3.600000	2.011080	4.300000	1.567020	He testified that Norac provided Sangji with lab coats, goggles, safety shoes, a hard hat, and a respirator, and that there was no record of her returning the lab coats.
12646	safety shoe	safety	shoe	3.700000	1.159500	4.400000	1.349900	we sell unisex workwear, safety shoes overalls and waterproof jackets.
12647	safety shoe	safety	shoe	4.600000	0.699206	4.600000	0.966092	You will need to have a clean driving licence A current CSCS card ideally Own safety shoes and worked within a similar role The person Flexible, dynamic Highly MotivatedExcellent Communication SkillsHands on approachClean LicensePhysically... 7.0000...
12648	safety shoe	safety	shoe	3.500000	2.223610	4.900000	0.316228	There is advice on workers ' rights and how to choose the most suitable footwear for the job, especially for workers who need to wear safety shoes.
12649	salt solution	salt	solution	3.900000	1.728840	2.700000	2.057510	I 'm using 0.3% salt solution, that 's 3 g aquarium salt per litre.
12650	salt solution	salt	solution	4.500000	0.707107	3.100000	1.969210	If I have anything that is yellowing, I just clean it and toss it in the pool, but you can make a salt solution.
12651	salt solution	salt	solution	4.400000	0.843274	3.200000	1.475730	They were minced and digested in Hank 's balanced salt solution with 1 mg / mL collagenase A and 0.2 mg / mL of DNase 1 (both from Sigma Chemical Co.
12652	salt solution	salt	solution	4.300000	1.251670	3.300000	1.636390	Can I use salt solutions to generate values of relative humidity?...
12653	salt solution	salt	solution	4.300000	0.948683	3.400000	1.897370	Now it can readily be shown in certain organisms that the toxic action of the pure sodium salt solution is associated with a strong permeability-increasing action.
12654	salt solution	salt	solution	4.100000	1.728840	3.700000	1.636390	I resorted to the use of salt solution, and found it to answer well.
12655	salt solution	salt	solution	5.000000	0.000000	3.900000	1.595130	Soaking in salt solution at least once a day helps cure.
12656	salt solution	salt	solution	4.700000	0.483046	3.900000	1.911950	Another process with a salt solution of half the strength of the above is very interesting and effectual.
12657	salt solution	salt	solution	4.600000	0.699206	4.200000	1.316560	For lung homogenate preparations, the whole right lung was removed and kept on ice in 3 - ml of Hanks balanced salt solution without magnesium or calcium containing one Complete protease inhibitor tablet (Roche, Mannheim, Germany ) and 0.01% Triton-X.
12658	salt water	salt	water	3.200000	1.932180	3.500000	2.121320	"Oh, "" she breathed, with white lips, "" if you can --  if you only can --  "" "" We 'll have a try for it, "" he said, then continued, kindly: "" no salt water upstairs, you know. """
12659	salt water	salt	water	4.600000	0.516398	4.200000	1.619330	The salt water got in all of our bruises and cracked our hands and feet, but there was no help for us, and we had to grin and bear it.
12660	salt water	salt	water	4.400000	0.699206	4.200000	1.686550	The salt water pool er fantastic and a great place to cool down.
12661	salt water	salt	water	4.700000	0.674949	4.500000	1.080120	But if the bomb has been disturbed and came in contact with salt water, the metal would quickly erode, allowing the contents to seep out and distributing uranium into the water.
12662	salt water	salt	water	4.200000	1.549190	4.500000	1.581140	Through sheer serendipity, Kanzius, a former broadcast engineer, found out something incredible -- under the right conditions, salt water can burn at high temperatures.
12663	salt water	salt	water	4.000000	1.333330	4.600000	0.843274	In the mean time a well was bored on the bank of the Alleghany, within two miles of the mouth of Oil Creek, in quest of salt water, with...... some forty years ago.
12664	salt water	salt	water	4.100000	1.595130	4.700000	0.674949	I should also mention gargling with salt water really helps me every time I get a sore throat.
12665	salt water	salt	water	3.700000	2.057510	4.800000	0.632456	It would only require, therefore, a slight subsidence to allow the salt water to reach Menchecourt, as it did in the Pleistocene period.
12666	salt water	salt	water	4.600000	0.699206	4.900000	0.316228	I rinse thoroughly but you are right about the eyes - like any salt water, it stings!
12667	salt water	salt	water	4.200000	1.619330	4.900000	0.316228	Bid adieu to our friends for us; We are going to the great salt water.
12668	sausage dog	sausage	dog	1.600000	2.011080	4.100000	1.911950	She used to teach music (I do n't think I ever saw a musical instrument all the time she taught us ) Had a little sausage dog that followed her around.
12669	sausage dog	sausage	dog	1.700000	1.702940	4.300000	1.494430	There will also be a variety of unique donations to bid for, such as a ' giant apple ' from the Mulberry winter window display and an iconic print ' sausage dog ' from Erdem.
12670	sausage dog	sausage	dog	0.600000	1.577620	4.500000	1.581140	I 've got a new neighbour that has a minature sausage dog.
12671	sausage dog	sausage	dog	1.000000	1.699670	4.600000	0.966092	Known as sausage dog in the UK or ' wiener dogs ' in the USA for their elongated bodies, Dachshunds have not, until now, had a fearsome reputation, although they were originally bred to hunt badgers in their setts.
12672	sausage dog	sausage	dog	0.800000	1.316560	4.900000	0.316228	Post by: Blue Jam on November 27, 2011, 10:29:4 8 pm When I lived in London I used to see sausage dogs on my commute on numerous occasions.
12673	school book	school	book	3.800000	2.097620	4.400000	1.577620	History, in the British school book, does not think the young and vulnerable should hear such gruesome stories, or perhaps get a glimpse of the forerunner of to-days military industrial complex.
12674	school book	school	book	4.400000	0.966092	4.500000	0.707107	We 'll tackle the shortage of school books by guaranteeing ten pounds for new books for every school child and we 'll cut class sizes so that children get the personal attention they need.
12675	school book	school	book	4.800000	0.632456	4.500000	0.849837	Does your school run a school book club for parents and pupils - and in return, receive free and discounted books for school?
12676	school book	school	book	4.100000	1.449140	4.600000	1.264910	She had also purchased some rudimentary school books, and the poor child, on her return home, soon distracted herself by a sudden plunge into vulgar fractions.
12677	school book	school	book	4.700000	0.483046	4.700000	0.948683	In the evening, when she made the boy read to her out of one of the school books or do sums on a slate, she kept her hands busy knitting socks for him or for her husband.
12678	school book	school	book	4.100000	1.197220	4.700000	0.948683	Moving and noble passages of his orations are found in all our school books, committed to memory by young men for declamation, read aloud in the evening circle, repeated in quotations, and dwelt upon as we muse in our solitary walks.
12679	school book	school	book	2.500000	2.321400	4.800000	0.421637	His passion for drawing began a lot sooner than that, in school books and sketch pads.
12680	school book	school	book	3.700000	1.702940	4.900000	0.316228	If Mrs Dunbar is good enough for Eagle Forum, she is good enough for me, my friend, and by extension, school book reading students in general - arguably, Mr.
12681	school book	school	book	4.300000	1.059350	4.900000	0.316228	Then, when I was about twelve years old, a little girl who stayed here one summer with her governess, left some of her old, worn-out school books and writing books.
12682	school book	school	book	2.600000	2.319000	5.000000	0.000000	The trash of the Sunday school book is better than the trash of the juvenile weekly; there is at least more morality in it.
12683	school day	school	day	3.900000	1.852930	2.100000	1.852930	""" Oh, thank you Billy, "" her face wreathed in wavering smiles brought another thought of school days and life and how queer it was that grown folks had been children sometime and children had to be grown folks. """
12684	school day	school	day	4.300000	1.251670	3.200000	1.932180	""" Do n't say that, Cornelia; I think our school days are the happiest, and feel sad when I remember that mine are numbered. """
12685	school day	school	day	4.100000	1.663330	3.200000	2.097620	However, these youngsters are still exposed to business as usual education in the rest of the school day.
12686	school day	school	day	4.400000	1.264910	3.600000	1.646550	This defendant may not have been a military hero as was the defendant in Porter, but the jury should have known that this defendant was under stress and suffered severe problems not of his own creation from his early elementary school days.
12687	school day	school	day	4.700000	0.674949	3.600000	1.712700	It is not our intention to linger over the first few months of Jerry 's school days at Tracy Park, but rather to hasten on to the summer four years after her introduction to Tracy Park as Arthur 's pupil.
12688	school day	school	day	4.600000	0.843274	3.600000	1.955050	Wander around the house and grounds during the school day to witness the energy, enthusiasm and joy.
12689	school day	school	day	4.200000	1.398410	3.700000	1.828780	"A recent cartoon in the New York World showed two little boys engaged in a gutter conversation about the approach of school days. """
12690	school day	school	day	4.900000	0.316228	3.800000	1.686550	High quality is a theme which runs through all elements of the school curriculum and school day and your rugby union programme should be no different, regardless of its size.
12691	school day	school	day	3.700000	2.110820	4.200000	1.619330	Dr. Isaac Anderson, and here he finished his school days at the age of eighteen.
12692	school day	school	day	4.800000	0.421637	4.800000	0.421637	We are delighted to offer our learners an excellent range of activities during and after the school day.
12693	school dinner	school	dinner	4.200000	1.135290	3.000000	2.108190	Following a very successful Jamie Oliver Week, his recipes are now regularly included in the rolling school dinner menus.
12694	school dinner	school	dinner	4.400000	1.264910	4.000000	1.563470	""" No, not even my school dinners ever tasted as bad as what I get served here, "" muttered Mick."
12695	school dinner	school	dinner	4.500000	1.080120	4.300000	1.159500	Bracknell Foodbank says it is expecting a rise in demand when children from low-income families, who are usually eligible for school dinner vouchers from the Government, are at home during the six-week break.
12696	school dinner	school	dinner	4.200000	1.229270	4.300000	1.251670	Yes, beetroot is now much more Jamie Oliver than school dinners.
12697	school dinner	school	dinner	4.400000	1.264910	4.600000	0.699206	Gunwharf 's Chinese canteen has a hint of school dinners about it; a vast hall with the constant clatter of cutlery and scraping of chairs as diners make multiple visits to the food counters.
12698	school girl	school	girl	3.600000	2.065590	4.000000	1.885620	"I think that will have to suffice for the question of dress but you may be sure that I am capable of wearing the loveliest dress imaginable, that would be for a school girl, if I had it to wear. """
12699	school girl	school	girl	3.700000	1.702940	4.200000	1.475730	They 're NYC 's first and only writing and mentoring program for high school girls, and the program is truly amazing.
12700	school girl	school	girl	3.300000	1.946510	4.200000	1.751190	Local well-wishers expressed shock and anger that the school girl 's body had not been found during earlier searches of the property in which she was last seen.
12701	school girl	school	girl	4.000000	1.763830	4.200000	1.751190	Being literary editor of two or more daily papers, publishers hold him in great respect, and employ him at reading the novels of ambitious school girls, which he will aid them in cramming down the spacious throat of the public.
12702	school girl	school	girl	3.200000	2.149940	4.500000	0.849837	We met also a large cavalcade of school girls mounted on pretty ponies, and every face was handsome.
12703	school girl	school	girl	3.700000	1.946510	4.600000	0.966092	This story of the doings of several bright school girls is sure to interest girl readers.
12704	school girl	school	girl	2.300000	2.002780	4.700000	0.483046	I dated this high school girl who 's first name is maybe Anna from Westbourne park area.
12705	school girl	school	girl	2.900000	2.131770	4.900000	0.316228	We giggle like school girls, oh please, oh please.
12706	school girl	school	girl	2.800000	1.932180	4.900000	0.316228	"And he would be sure to consult Mrs. Grandon, who draws a little, like every school girl! """
12707	school girl	school	girl	4.400000	0.966092	5.000000	0.000000	Turkey has revoked a controversial law authorising schools to conduct virginity tests on high school girls suspected of having premarital sex.
12708	school system	school	system	3.600000	2.011080	2.600000	2.270580	Some would pretend to believe that Horace Mann, or Henry Barnard, or the Prussian school system, or Teachers ' Institutes, or Normal Schools, have introduced these changes into modern society.
12709	school system	school	system	4.400000	1.074970	2.800000	1.988860	The school system was found to be at fault, as it should have disciplined the bus driver or terminated her contract.
12710	school system	school	system	4.600000	0.516398	2.900000	1.728840	OLPC Rwanda lead Nkubito Bakuramutsa was interviewed recently by Matthew Stein of The Independent, about Rwanda 's plan for wiring and revolutionizing its school system, and how OLPC fits into it.
12711	school system	school	system	4.000000	1.563470	3.100000	1.791960	Between 1920 -30 the school system spent over $18 million to construct 32 buildings.
12712	school system	school	system	3.900000	1.852930	3.100000	1.791960	In any event there is complete connection between the lowest units and the highest powers of state in educational affairs, and in a few cantons the state associations of teachers and inspectors are assured a legal influence upon the management of the school system.
12713	school system	school	system	4.700000	0.674949	3.300000	1.766980	To remove this difficulty, the relations of the library to the school system should be such that teachers should be able to regulate the use of the library by those pupils whose studies are evidently interfered with by their miscellaneous reading.
12714	school system	school	system	4.700000	0.483046	3.400000	1.505550	And additional school systems will be added to the program each year.
12715	school system	school	system	4.900000	0.316228	3.700000	1.636390	Aud it only needs vigilance during every session of the Legislature and at every election to prevent,...... best inheritance from Dutch Protestants --  our common school system.
12716	school system	school	system	4.500000	1.080120	3.800000	1.316560	None but ignorant or bitter opponents of a good school system ob, ject to the gradation or classification of scholars.
12717	school system	school	system	4.666670	0.500000	3.888890	1.364230	Wherever she has served in our school system, Pat has been appreciated for her quiet efficiency and for, her hard work and dedication to the needs of children and the needs of the system.
12718	school trip	school	trip	3.300000	1.946510	3.700000	1.702940	People booking for large groups, an office retreat, a school trip, or a large family 's vacation, would feel the burdens of this tax increase.
12719	school trip	school	trip	4.800000	0.421637	3.700000	2.057510	What does a typical school trip or educational visit include?
12720	school trip	school	trip	4.100000	1.663330	3.900000	1.728840	Whilst nerdy student Peter Parker is on a school trip to a scientific expedition, he is accidentally bitten by a mutated spider.
12721	school trip	school	trip	4.100000	1.523880	4.000000	1.632990	My EEAFP, with a Residence Permit, is due to go on a school trip to France with his co-students.
12722	school trip	school	trip	4.200000	1.135290	4.600000	1.264910	She kept the children off school for more than half of the year, banning them from school trips and swimming.
12723	sea air	sea	air	2.400000	2.270580	3.900000	1.911950	"Coincidentally, the sea air of Aix-en-Provence that Guest mentions in "" The Brown Studio "" is the same air Ashbery had invited her to breathe during her next sojourn to France."
12724	sea air	sea	air	2.800000	1.932180	4.000000	1.414210	the sea air is having a perceptible effect for the better upon the President 's general condition, so that, far from being worse, as the prevailing reports would seem to indicate, the change has already proved of benefit to him.
12725	sea air	sea	air	4.100000	1.728840	4.200000	1.751190	Enjoy the fresh sea air to awaken your senses before the start of the day.
12726	sea air	sea	air	4.200000	0.918937	4.500000	0.971825	It must be the sea air which makes me so.
12727	sea air	sea	air	3.100000	1.100500	4.500000	0.971825	"The present writer saw her one day as she alighted from a carriage at the Ocean House, her face flushed with the sea air, and he remembers that he thought her a fine girl. """
12728	sea air	sea	air	2.800000	2.347580	4.500000	1.581140	Rest, sea air, and pleasant people: Good food and plenty of it.
12729	sea air	sea	air	4.100000	1.595130	4.900000	0.316228	Hastings for many people provides a healthy lifestyle, many people from other parts of the United Kingdom have moved to the Hastings area to enjoy the sea air, the walks, recreation and the laid back lifestyle that many parts of the town offers.
12730	sea air	sea	air	3.200000	1.549190	4.900000	0.316228	One of the few unspoilt, non-commercialised coastal sites with unpolluted sea air, situated on the beautiful s.w. coast, with easy access to our sandy beach and picturesque views of our Chine and Brighstone Forest.
12731	sea air	sea	air	3.300000	1.946510	5.000000	0.000000	That 's because the water vapour in the air suspends micro-sized salt particles, which you can taste and smell (the sea air ).
12732	sea air	sea	air	3.400000	2.065590	5.000000	0.000000	""" But how charming it is --  the soft sea air, the low...... the haze, and the peaceful old fort!"
12733	sea salt	sea	salt	3.900000	1.911950	3.900000	1.728840	According to another version the quern is still grinding away and keeping the sea salt, and over the place where it lies there is a prodigious whirlpool or maelstrom which sucks down ships.
12734	sea salt	sea	salt	2.900000	2.024850	4.000000	1.563470	On side one if the chop sprinkle on the sea salt and pepper, then rub in.
12735	sea salt	sea	salt	4.300000	1.337490	4.000000	1.699670	Down through the hatchway there came a blast of wind strong and cool, and full of sea salt.
12736	sea salt	sea	salt	4.100000	1.370320	4.200000	1.398410	The serum retains in solution sea salt and other salts of potash and soda, in which the acids are carbonic, phosphoric, and sulphuric acids.
12737	sea salt	sea	salt	3.500000	1.957890	4.600000	0.699206	This floor piece involved alternating connected stripes of sea salt crystals and table salt in a rectangle.
12738	sea salt	sea	salt	3.500000	2.223610	4.800000	0.421637	Add spinach and the cooked pasta, cook until the spinach is wilted and season to taste with sea salt and freshly ground black pepper.
12739	sea salt	sea	salt	3.900000	1.728840	4.800000	0.421637	At Restaurant Marc Forgione, that reverence informs thoughtful dishes like BBQ baked oysters with sea salt and pancetta powder, and John Dory served with lobster and foie gras sausage.
12740	sea salt	sea	salt	4.200000	1.619330	4.900000	0.316228	sea salt and a mixture of other energy-rich minerals ) provide the organism with vital trace elements and minerals via the skin.
12741	section area	section	area	2.600000	1.897370	3.500000	1.581140	It remained hidden in a remote and heavily overgrown section area until being discovered, partially still intact, in 2004.
12742	section area	section	area	4.100000	1.595130	4.100000	1.370320	There are a few general parts to each XML file: the report, the data source description, parameter definitions, formula definitions, and the report section areas and sections that contain the fields and strings to output.
12743	section area	section	area	3.500000	1.840890	4.200000	1.549190	As we 've seen, as we change the size, your strength will grow just as the square of your size, because it depends on the cross section area of your muscles and so on.
12744	section area	section	area	3.700000	1.251670	4.500000	0.707107	To obtain the increment in CD based on wing area, remember to multiply by the ratio of fuselage cross section area to wing area.
12745	section area	section	area	3.800000	1.475730	4.700000	0.483046	We need to know the cross section area of the building columns.
12746	selection box	selection	box	3.500000	1.581140	2.200000	1.475730	To set track colors, select the unoccupied track color in the Track Color: selection box, and select the occupied track color in the Occupied Track Color: selection box.
12747	selection box	selection	box	4.200000	1.549190	3.000000	2.260780	If you 'd rather look at colour charts, scroll down the left-hand selection box to pick one of a huge selection of named colours.
12748	selection box	selection	box	3.800000	2.097620	3.800000	1.751190	When typing Pinyin, InputKing presents a selection box allowing to choose the appropriate chararacter, or scroll for more choices.
12749	selection box	selection	box	3.300000	2.057510	3.800000	2.043960	They say their best value deal is the Â£50 Black Jaguar large selection box containing 17 pieces and with every box you get either a free pack of rockets or pack of fireworks.
12750	selection box	selection	box	3.100000	1.852930	4.300000	0.823273	Hotel Chocolat do so many different products, from selection boxes of individual chocolates to giant slabs, from chocolate enrobed fruit to dipping kits, from hot chocolate to chocolate spread...
12751	servant girl	servant	girl	3.600000	2.118700	3.600000	2.118700	""" You never did give up your wicked ways with the servant girls."
12752	servant girl	servant	girl	3.400000	2.011080	3.900000	1.523880	She would be an answer to our American servant girl question, flood your fireside with invigorating music, and rear a house full of robust children.
12753	servant girl	servant	girl	3.700000	1.766980	3.900000	1.595130	A servant girl answered the summons, and in reply to their inquiries informed them that the ladies were both in the parlor. '
12754	servant girl	servant	girl	5.000000	0.000000	4.200000	1.686550	"I guess it was the son-of-a-gun that kicked him, "" said the grocery man, as he winked at a servant girl who came in with her apron over her head, after two cents worth of yeast. """
12755	servant girl	servant	girl	4.888890	0.333333	4.222220	1.715940	A Dane in that city saw the servant girl of Mr. Nathan as the one who committed the murder.
12756	servant girl	servant	girl	4.300000	1.251670	4.300000	1.636390	A retired innkeeper aged 85 lived with them as a boarder, and they had a 14 - year-old servant girl.
12757	servant girl	servant	girl	5.000000	0.000000	4.300000	1.636390	So many were the acceptances that a downtown hall had been taken; the floor was more than filled, and in the gallery sat a block of servant girls, more gorgeous in array than the ladies below whispering excitedly among themselves.
12758	servant girl	servant	girl	4.200000	1.751190	4.500000	1.080120	And there was a servant girl, shy and lovely, who had been fond of the youngest son, and he of her, and he caught her eye again as she worked, and again her heart was softened.
12759	servant girl	servant	girl	4.900000	0.316228	4.700000	0.948683	A young orphan poses nervously for a Renaissance maestro in medieval Siena, and an artist 's servant girl in 17th- century Amsterdam snatches a moment away from her work to lose herself in tales of knights and battles.
12760	servant girl	servant	girl	4.800000	0.421637	4.900000	0.316228	So the other disciple, who was known to the high priest, went out and spoke to the servant girl who kept watch at the door, and brought Peter in.
12761	service agreement	service	agreement	3.400000	2.011080	3.600000	2.065590	Depending upon your service agreement, you have the option of adding a green salad or prepared vegetable dish as well.
12762	service agreement	service	agreement	4.200000	0.788811	4.300000	1.251670	But no oil burner is sold without a time limit on the free service agreement, and after that period expires you will be expected to pay a service charge for each visit of the repair man.
12763	service agreement	service	agreement	4.300000	1.251670	4.500000	1.269300	That is, pipelines must highlight all provisions that deviate from a pipeline 's pro-forma service agreement.
12764	service agreement	service	agreement	3.000000	2.236070	4.666670	0.707107	(C ) That the affiliate site agreement is clearly noted as either a marketing or service agreement.
12765	service agreement	service	agreement	4.000000	1.500000	4.666670	0.707107	New activation on a two-year cellular service agreement required $175 early termination fee, other charges and restrictions apply.
12766	service agreement	service	agreement	4.100000	1.286680	4.700000	0.674949	Transform mainstream services at the local level Develop a clear neighbourhood focus for services and experiment with new local service agreements and partnerships, progressively establishing city-wide arrangements.
12767	service area	service	area	3.400000	1.712700	3.200000	1.988860	Celia Moss / 815 Boulder Creek Lane / Stated she is a Board Member of Mountain Meadows Owners Association and shared her concern with the Valley Lift service area limitation.
12768	service area	service	area	2.400000	1.897370	3.300000	1.888560	Objective: To examine the effectiveness of HIV prevention efforts by identifying and evaluating key indicators of HIV prevention using local data from various realms including: biological, behavioral, social and service areas.
12769	service area	service	area	3.500000	1.957890	3.700000	1.766980	you will be part of the site management team and be involved in a.. salary - Â£18,000 moto hospitality is the uk 's leader in motorway service areas.
12770	service area	service	area	3.200000	1.813530	3.900000	0.994429	"Any time you walked anywhere near a food service area, there was a "" Purell Attendant "" to squirt the stuff in your hands or offer you a Purell wipe."
12771	service area	service	area	3.400000	2.011080	4.300000	1.337490	Vision: Our vision is to be the FIRST CHOICE for healthcare in our service area.
12772	service dog	service	dog	3.100000	2.079000	4.700000	0.674949	Spokesman Mark Vernarelli said Maryland 's is the first state prison system to have incarcerated former service members training service dogs for wounded veterans, to have them cleaning state veterans cemeteries and to have them recording their stories for the Library of Congress ' Veterans History Project.
12773	service dog	service	dog	3.444440	1.589900	4.888890	0.333333	A man suffering from PTSD lost his service dog on July 4.
12774	service dog	service	dog	3.400000	2.011080	5.000000	0.000000	Less familiar, but just as dramatic, are the hearing and service dogs who, through an incredible diversity of tasks, improve the quality of life for people with other disabilities.
12775	service dog	service	dog	4.400000	1.577620	5.000000	0.000000	She hadÃ¯ Â» Â¿ a standard poodle named Morgan as her narcolepsy service dog, and to our knowledge he was the first in the world.
12776	service dog	service	dog	3.400000	1.897370	5.000000	0.000000	What is the difference between a psychiatric service dog and an emotional support animal?
12777	service quality	service	quality	4.300000	1.059350	4.100000	1.728840	We are very sorry that your expectations did not met with our service quality.
12778	service quality	service	quality	4.400000	0.843274	4.200000	0.918937	Reports library users ' perceptions and expectations of service quality and information literacy outcomes, such as contribution of the library to advancing in a discipline.
12779	service quality	service	quality	3.900000	1.595130	4.500000	0.707107	The company, steered by chief executive Jamie Buchan, says occupancy and service quality improvement remain its chief focus and suggests occupancy levels for the rest of this year will ' continue to follow a similar, improving pattern to last year '.
12780	service quality	service	quality	4.500000	0.707107	4.500000	0.849837	The most critical aspect of service quality specifications is managers ' commitment to service quality.
12781	service quality	service	quality	3.400000	1.776390	4.500000	1.269300	According to Zeithaml et al. (1988 ), research and company experience reveals that utter superior service quality generates calculable gains in return, cost savings and market share.
12782	sewing machine	sewing	machine	4.400000	1.264910	3.300000	1.636390	Patchwork and Progress September 11 - December 29, 2000 This special exhibit offered a look at quilts and sewing machines from the Nebraska State Historical Society 's collections, with twenty-three quilts displayed.
12783	sewing machine	sewing	machine	4.700000	0.674949	4.100000	1.728840	A large table, covered with various materials; at each side of the table a sewing machine.
12784	sewing machine	sewing	machine	4.600000	0.966092	4.300000	1.251670	"A sewing machine costs more money than we can afford. """
12785	sewing machine	sewing	machine	4.777780	0.440959	4.333330	1.118030	Brumfield moved to grant permission to advertise and purchase vocational equipment and software as budgeted using federal and local funds including computers, printers, welding machines, marine operations software and sewing machines.
12786	sewing machine	sewing	machine	5.000000	0.000000	4.400000	1.349900	I ca n't say I 've had a lot of experience with sewing machine software but a quick visit to Bernina 's support page brought me up to speed but I 'm afraid that it 's all bad news.
12787	sewing machine	sewing	machine	4.600000	0.516398	4.500000	0.971825	It was to secure a sewing machine for his mother, and thus increase her earnings while diminishing her labors.
12788	sewing machine	sewing	machine	4.100000	1.523880	4.700000	0.483046	We have also Downloaded relaxation music to play when she is going to sleep and I have made her a weighted blanket - if you are handy with a sewing machine, you can download the instructions for these online somewhere in cyberspace!!
12789	sewing machine	sewing	machine	4.700000	0.948683	4.700000	0.948683	"I 'm conceited enough to think I could wield a pair of shears and cut out garments, by a pattern or under instruction; and I know I can run a sewing machine, for I 've tried it. """
12790	sewing machine	sewing	machine	4.500000	1.080120	4.800000	0.421637	She observed once or twice that she wanted to do her bit, but that she considered digging trenches considerably easier than driving a sewing machine twelve miles a day.
12791	sewing machine	sewing	machine	5.000000	0.000000	5.000000	0.000000	My Mother was quite handy with the sewing machine so I had many a dress made from a length of material from Chester market.
12792	sheep dog	sheep	dog	1.500000	1.900290	3.400000	2.366430	What sport to tame the spirit of this wild desert beauty until she should come like one of her own sheep dogs at his beck and call!
12793	sheep dog	sheep	dog	1.900000	1.595130	4.600000	1.264910	Recently, the President 's sheep dog, Rolf, took up his residence at the Presidential Palace in the Wilhelmstrasse.
12794	sheep dog	sheep	dog	2.900000	1.852930	4.800000	0.421637	Being a carriage dog is just ONE thing DalmatiAns have done during their long and varied history (they 've also been sheep dogs and guard dogs ) and they do need a lot of exercise.
12795	sheep dog	sheep	dog	2.200000	2.043960	4.800000	0.421637	Mr. Lockwood visits Mr. Heathcliff, and is attacked by sheep dogs in his parlor.
12796	sheep dog	sheep	dog	2.000000	1.632990	4.900000	0.316228	He spends most days sitting on a park bench with his large sheep dog, doodling, jotting and thinking, off in his own world.
12797	sheep dog	sheep	dog	2.000000	1.632990	5.000000	0.000000	She 's 80 lbs - she 's a big boned sheep dog.
12798	sheep dog	sheep	dog	2.600000	2.065590	5.000000	0.000000	"The author states that "" Inuit "" children had never seen a sheep dog - in 1988?"
12799	sheep dog	sheep	dog	2.500000	2.173070	5.000000	0.000000	There were two really cute Icelandic sheep dog pups running around the place.
12800	sheet music	sheet	music	3.300000	1.828780	3.000000	2.211080	Young Magritte made rent by working as a draughtsman at a wallpaper factory and designing graphic ephemera, among which were some 40 sheet music covers he produced in the 1920 s, nearly two decades before Alex Steinweiss invented the album cover as we know it today.
12801	sheet music	sheet	music	3.000000	2.260780	3.200000	1.813530	Finally, to top my valor, I have bought sheet music of the lighter kind and have pronounced the softest titles so that all could hear.
12802	sheet music	sheet	music	3.200000	1.932180	3.500000	1.715940	It is one of the largest collections of sheet music in any library in the United States.
12803	sheet music	sheet	music	2.900000	1.969210	3.500000	1.779510	I 've been trying to find a good tool to create drum-specific sheet music on my Mac, and have largely been frustrated.
12804	sheet music	sheet	music	3.400000	1.577620	3.700000	1.828780	Drawing from her pocket a slender roll of sheet music fastened with rose ribbon, and a tiny envelope addressed to her mother, she placed them upon Mrs. Laurance 's plate, crowning all with the white heart of tuberoses.
12805	sheet music	sheet	music	2.400000	1.837870	3.800000	1.398410	A chafing-dish stood on the piano; a leaf of sheet music supported a stack of sandwiches in a chair.
12806	sheet music	sheet	music	2.100000	1.852930	4.300000	1.636390	> 3 ) Where can we find some nice books of sheet music for period songs?
12807	sheet music	sheet	music	3.200000	1.686550	4.300000	1.636390	Free sheet music for eletronic keyboard; Klavier Free sheet music for eletronic keyboard; Klavier At 1001 Sheets free piano sheet music is great!
12808	sheet music	sheet	music	3.100000	1.852930	4.400000	0.966092	Down stage, at R., a piano and stool with vase of flowers on top, sheet music.
12809	sheet music	sheet	music	2.400000	2.011080	4.600000	0.966092	The book contains 130 songs besides the ones mentioned here and would cost $50 in sheet music form.
12810	shelf life	shelf	life	2.400000	1.646550	2.400000	1.837870	This allows easier monitoring of medication and ensure that medication with a short shelf life is not kept too long once opened.
12811	shelf life	shelf	life	1.400000	1.646550	2.900000	1.911950	Affirmative action had a short shelf life before it was challenged in 1978, just 14 years after the passage of the Civil Rights Act.
12812	shelf life	shelf	life	1.800000	1.932180	3.400000	1.776390	The materials used in the manufacture of Amtico are responsible for the long shelf life.
12813	shelf life	shelf	life	2.100000	2.024850	3.500000	1.080120	Most important, you will be creating a natural product that has a shelf life.
12814	shelf life	shelf	life	1.800000	1.549190	3.500000	2.013840	""" A greater affinity of antimicrobials to the film matrix will facilitate sustained release of antimicrobials and will extend the shelf life of the product."
12815	shoe box	shoe	box	3.700000	1.636390	4.100000	1.728840	it 's nuffin ' but an old shoe box covered ober wid whitewash.
12816	shoe box	shoe	box	3.700000	1.702940	4.300000	1.337490	You must also send the item(s) in original packaging, making sure the parcel is secure and packaged appropriately (using a postal bag or box to protect the shoe box and contents ).
12817	shoe box	shoe	box	3.800000	1.316560	4.400000	1.264910	All money raised is to help fund the shoe box gifts to needy children in Eastern Europe, Central Asia and Africa.
12818	shoe box	shoe	box	4.200000	1.316560	4.600000	0.966092	Imelda Marcos is hailed as queen of shoes with her impressive collection of over 2,500 pairs - we can only feel awe at the sheer number of bills she must have hidden away, ignored, in a tottering mountain of shoe boxes!
12819	shoe box	shoe	box	4.300000	1.059350	4.800000	0.421637	There is no need to stop doing the shoe box collection - just pick a charity with ethics, like - uriblank uriblank would do, too - it has several suggestions for shoeboxes, good gifts (chickens etc ).
12820	shoe box	shoe	box	3.800000	1.316560	4.800000	0.421637	She pointed out a shoe box covered with paper similar to that on the walls.
12821	shoe box	shoe	box	4.500000	0.707107	4.800000	0.632456	Finally if theres any stock left over I use shoe boxes!
12822	shoe box	shoe	box	4.400000	1.577620	5.000000	0.000000	LIZZIE (Opening a shoe box ) To be sure there is.
12823	shop window	shop	window	2.200000	2.299760	2.400000	2.319000	We hope that The Psychologist will become a major shop window for these roles.
12824	shop window	shop	window	3.100000	2.079000	4.000000	1.885620	He saw himself just as he was, not as he had looked in the shop windows, for it was a truthful mirror and it told everything.
12825	shop window	shop	window	3.300000	2.162820	4.100000	1.728840	"Adding vehicle graphics which display your company 's corporate branding and messages to a vehicle is a very rewarding form of marketing which transfers your "" shop window "" to your prospective clients in the community."
12826	shop window	shop	window	3.800000	1.813530	4.200000	1.549190	She was gayer than was her usual wont as she swept about the room and courteseyed with much solemnity to Jim, and turned herself round and round after the manner of a revolving figure in the shop windows.
12827	shop window	shop	window	4.500000	1.080120	4.200000	1.686550	His shop window, seldom dusted or set in order, held a few clay pipes, some glass jars of peppermint or sassafras lozenges, black licorice, stick-candy, and sugar gooseberries.
12828	shop window	shop	window	4.300000	1.337490	4.400000	1.577620	A poor boy, living in the neighborhood, had closed the doors, and put up the shutters of the shop windows.
12829	shop window	shop	window	3.800000	1.475730	4.600000	0.516398	Catching a reflection of myself in a shop window, the violets in my mitt, I suddenly felt so foolish that I dropped the violets and walked away.
12830	shop window	shop	window	3.777780	1.922090	4.666670	1.000000	He remarks that, when fully employed, he never looked in a shop window, but now he admires them and defers to the extraordinary range of skills which women bring to the art of shopping.
12831	shop window	shop	window	4.300000	1.567020	4.900000	0.316228	"A funny sign I saw in a shop window was "" Thirty Bob Aprons."
12832	shop window	shop	window	4.800000	0.421637	4.900000	0.316228	This only made the gloom deeper and drearier than before; and she kept, while she could, in the streets where the shop windows blazed upon the pavement.
12833	side table	side	table	3.200000	1.686550	3.400000	1.955050	Take a night table from the bedroom and use it as a chair side table in the living room.
12834	side table	side	table	2.200000	2.250930	3.500000	1.779510	Furniture includes: Double Bed Large book shelf Bed side table Wardrobe Chest of drawers Other stuff... quarterly.
12835	side table	side	table	2.500000	2.013840	3.500000	2.415230	Ashmael placed his goblet down with a loud thud onto a side table and rose from his chair.
12836	side table	side	table	2.200000	2.149940	4.400000	1.264910	My mistress pulled my dress and directed me to bring a bottle of champagne from the side table.
12837	side table	side	table	3.500000	1.900290	4.600000	0.966092	"On a side table were Mr. Finley 's "" shaving things, "" a dirty dickey, and sundry little bits of paper with floating islands of soap-suds, left there by his razor. """
12838	side table	side	table	2.600000	1.712700	4.800000	0.421637	"During the silence that ensued, the brave Scout, who had been really half famished, helped himself to the cold beef, and bread and wine he happened to espy on a side table. """
12839	side table	side	table	2.700000	2.002780	4.900000	0.316228	from Â£16.99 The Rig and Tackle Station side tables are a great addition to your rig station.
12840	side table	side	table	2.500000	2.121320	5.000000	0.000000	The seats are very important for the space, they need to fit with a small side table and lamp as well as be comfortable.
12841	side table	side	table	3.100000	1.791960	5.000000	0.000000	"The other patrons sat at the long board, while the little side table for two was filled today with Champers, the real estate man, and the latest arrival, Mr. Thomas Smith, of Wilmington, Delaware. """
12842	side table	side	table	3.000000	2.211080	5.000000	0.000000	he said, glancing round, and seeing his own particular paper neatly folded and lying still on the side table. '
12843	side tube	side	tube	2.400000	2.221110	3.000000	2.211080	I use the side tubes for coat on one side and ground pad on the other.
12844	side tube	side	tube	1.900000	1.663330	3.200000	1.873800	It was found during trials that greater accuracy and reliability could be achieved with two side tubes and her original arrangement was permanently changed to two 21 inch tubes, angled at 10 degrees from the centre line.
12845	side tube	side	tube	2.600000	1.712700	3.500000	1.433720	I cross drilled the main upright to inset the side tubes and then, once the solder had chilled sufficiently, I then drilled through the main tube to remove the excess brass & solder internally again to give free running to the cabling.
12846	side tube	side	tube	3.000000	2.160250	3.900000	2.079000	I am told the late 09 out side tubes are thicker walled.
12847	side tube	side	tube	4.200000	1.475730	4.400000	1.074970	I have a modded Monarchy NM 24 DAC... very well designed DAC... you can replace the stock dac side tubes with Amperex NOS and will be a great improvement.
12848	side wall	side	wall	2.400000	1.837870	2.600000	2.118700	"275 / 30 20 "" and run them at 45 psi anything less and the side walls start to scrub:eek: 45 was recommend by the tyre fitting place as that what most range rovers run on with that spec of tyre."
12849	side wall	side	wall	3.200000	1.932180	3.600000	1.646550	All the time the treacherous high stone-front, with its score of pinnacles was growing weaker and the high side walls on the front part of the building seemed to sway in the wind and everybody expected them to fall.
12850	side wall	side	wall	3.300000	1.702940	4.000000	1.154700	The corrugated tin segments for side walls and roof had been delivered already, stacked up on the property, covered with oil cloth to protect against the persistent Siegerland mist and rain.
12851	side wall	side	wall	3.600000	1.776390	4.200000	1.316560	Data on the side walls and tunnel agreed fairly well with those obtained from 1 / 10 scale model drops; this was not the case with pressures on the top deck, however.
12852	side wall	side	wall	3.200000	1.751190	4.300000	1.567020	In the brickwork of the side walls a course of // reeds, such as occurs at Warka and elsewhere, was noticed.
12853	side wall	side	wall	3.300000	1.766980	4.300000	1.636390	When everything is ready, say some night, we 'll pull the side wall down, start the aeroplane out as it falls, and sail away.
12854	side wall	side	wall	3.900000	1.911950	4.900000	0.316228	Inside width of the nave, 66 feet; thickness of the two side walls, 8 feet; making the whole width of the nave, 74 feet.
12855	side wall	side	wall	3.700000	2.057510	4.900000	0.316228	It includes top, front and side walls; the top wall has a downward slope towards the front edge.
12856	side wall	side	wall	3.500000	1.649920	5.000000	0.000000	"And there, completely filling the...... from ceiling to floor and from side wall to side wall, completely cutting off all escape. """
12857	side wall	side	wall	3.000000	1.885620	5.000000	0.000000	On the side wall opposite the sofa is a quaint oblong table, holding a lamp, a bit of pewter, and.
12858	side window	side	window	2.600000	2.221110	3.500000	1.779510	The 600 T in Ford model T black is a great looking case, and aside from the side window and the faster 200 mm fans of this white edition, it 's exactly the same.
12859	side window	side	window	3.500000	1.900290	4.000000	2.108190	is that just the back side windows or the boot window too?
12860	side window	side	window	4.100000	1.100500	4.200000	1.229270	Ray Ingraham sat in the side window, and crocheted thread edging, of which she had already yards rolled up and pinned together in a white ball upon her lap, - - while Sylvie sipped her tea.
12861	side window	side	window	3.600000	1.955050	4.200000	1.751190	The 800 D 's anodised, brushed aluminium front panel comes with protective plastic tapes all over it, as does the side window.
12862	side window	side	window	2.700000	1.888560	4.300000	1.567020	:wave: The law regards tints is anything forward of the ' B ' pillar, ie front side windows cannot be tinted any more than 30% but this INCLUDES factory tints.
12863	side window	side	window	3.300000	2.057510	4.300000	1.567020	But, as he did so, the negro boy happened to look up at a side window, and there, on a table behind the glass, sat the China Cat!
12864	side window	side	window	3.600000	1.577620	4.500000	1.269300	About a foot below one of the side windows was a circular opening, eight inches in diameter, and fitted with a brass rim adapted in its inner edge to the windings of a screw.
12865	side window	side	window	3.100000	1.911950	4.500000	1.269300	When she left for town, two hours after him, the library door was open, also the side window.
12866	side window	side	window	3.300000	1.766980	5.000000	0.000000	Upvc double glazed entrance porch with white aluminium double glazed sliding patio door leading to glazed front door with side windows leading into: - Hall Radiator with shelf over.
12867	side window	side	window	3.000000	1.763830	5.000000	0.000000	Through the side windows of the library they could see the company pouring in.
12868	silver chain	silver	chain	3.000000	2.160250	2.600000	2.319000	From the mouth of that stream on the Pacific to the Bay of New-York, with the exception of this one mile, there is an unbroken silver chain of water.
12869	silver chain	silver	chain	3.900000	2.079000	3.500000	2.013840	"Tell me how many beads there are In a silver chain Of evening rain Unraveled from the tumbling main And threading the eye of a yellow star -- So many times -- "" It looks, "" she broke off, "" a little black in the west?"
12870	silver chain	silver	chain	3.900000	1.595130	4.100000	1.728840	She grabbed the silver chain around her neck and pulled the gem out to where she could see it.
12871	silver chain	silver	chain	4.200000	1.619330	4.200000	1.751190	It has a removable lightweight gold or silver chain that transforms it from a shoulder bag to a cute purse clutch.
12872	silver chain	silver	chain	4.700000	0.948683	4.600000	0.966092	"The dog was remarkably tall, silky, beautifully...... his neck a collar formed of four small silver chains, bore an oval silver plate on which was engraved in German text, "" Ich Dien --  Agla Gerome. """
12873	silver chain	silver	chain	3.400000	1.837870	4.700000	0.483046	There are marble basins, with silver chains and stoppers, at Tracy Pack, and you can have a hot bath every day if you like, in a room which would not shame Caracalla himself.
12874	silver chain	silver	chain	4.800000	0.421637	4.800000	0.421637	"She said she would much rather wear it on a black velvet ribbon than on a silver chain. """
12875	silver chain	silver	chain	4.600000	1.264910	4.900000	0.316228	He had dressed appropriately himself, donning a rich red shirt and adorning his neck and ears with silver chains, but he was nowhere near overdressed as some of the occupants of this room.
12876	silver chain	silver	chain	4.300000	1.567020	4.900000	0.316228	He turned his back on her and settled the silver chain over his head, the long red-gold strands dangling like decorations.
12877	silver chain	silver	chain	4.600000	1.264910	4.900000	0.316228	It directly-follows why it takes a silver chain to involve her.
12878	silver mine	silver	mine	3.000000	2.160250	3.300000	2.162820	Also, the ear is not deaf to the alluring and enticing invitation of Demas to look into the silver mine!
12879	silver mine	silver	mine	4.800000	0.421637	3.900000	1.852930	Captured by the Spanish conquistadors at age 14, only moments before she was to marry her beloved Coyomo, Ipa and her younger brother, Kadoh, are forcibly taken to the silver mines in Mexico to work.
12880	silver mine	silver	mine	4.600000	0.699206	4.100000	1.370320	This is Cerro Rico, a majestic mountain in Bolivia that was once the world 's greatest treasure trove, an immense silver mine that for centuries bankrolled Spain 's empire.
12881	silver mine	silver	mine	4.100000	1.370320	4.300000	1.337490	Well, well, there is no hurry about the silver mine, just now; another time will do as well.
12882	silver mine	silver	mine	4.600000	0.699206	4.400000	1.577620	In some parts of this territory are to be found the best gold and silver mines in Europe.
12883	silver mine	silver	mine	4.100000	1.286680	4.600000	0.516398	You can then continue travelling onto Potosi for our Potosi silver mine tour, ' Searching in the silver mines ' and then onto the beautiful city of Sucre, for our Bolivia trip, ' Springtime in the white city '.
12884	silver mine	silver	mine	4.600000	0.966092	4.700000	0.674949	And now Nevada 's silver mines, Or Erie 's fall and Central 's rise, Or lots upon improvement lines, Have no attraction in my eyes.
12885	silver mine	silver	mine	4.600000	0.966092	4.800000	0.632456	From 1889 when prospectors first staked gold and silver mine claims in Monte Cristo to 1907 when the mines closed, hundreds of tons of metal waste was left in the mining area.
12886	silver mine	silver	mine	4.100000	1.911950	4.800000	0.632456	The gold and silver mines of Libertad are richer than those of Santo Domingo, and many of the owners of them have extracted great quantities of the precious metals.
12887	silver mine	silver	mine	4.800000	0.632456	5.000000	0.000000	He would be pleased because his friend had risen in public esteem, so to speak, and his feelings would be as unselfish as those of all owners of silver mines are when the price of silver stirs up their emotions.
12888	silver salt	silver	salt	3.600000	1.955050	2.500000	2.321400	AgNO3 is a soluble, colorless crystal, and is the basis of the silver salts.
12889	silver salt	silver	salt	3.100000	2.330950	2.500000	2.460800	I leave to Thomas Kelsham my best gown, a silver salt, two bulls, two bullocks, two mares, 6 seams of whete and 6 of oats.
12890	silver salt	silver	salt	3.800000	1.549190	2.900000	1.852930	It will dissolve the unexposed silver salt from the light sensitive emulsion while leaving the metalic silver in tact.
12891	silver salt	silver	salt	3.200000	1.988860	3.200000	2.097620	Another mode of reduction is to change the silver salt to its chloride, and then remove the Cl with Fe.
12892	silver salt	silver	salt	2.900000	2.514400	3.200000	2.299760	He printed them on albumen paper, which is paper that has been floated on an emulsion of egg white containing light-sensitive silver salts.
12893	silver salt	silver	salt	3.900000	1.595130	3.400000	1.837870	This is not to be confused with ionic silver, an inferior form of neutral silver / silver salt that is in solution (dissolved ) rather than in a colloidal suspension.
12894	silver salt	silver	salt	2.700000	2.451760	3.700000	1.888560	seeking...... waiter to the Coolidge suite a silver salt shaker but no explanation.
12895	silver salt	silver	salt	4.200000	1.549190	4.400000	0.699206	We know that silver is not an essential metal for human nutrition and that the FDA has banned any nonprescription colloidal silver or silver salt product claimed to be effective in preventing or treating any disease.
12896	silver salt	silver	salt	3.600000	1.955050	4.400000	1.577620	This difference of color appears to be owing to the admixture of the earth or alkali used with the silver salt.
12897	silver wire	silver	wire	1.200000	2.043960	1.200000	1.873800	As I left, I remembered with gratitude the silver wire of sound which had guided me, and in a far corner of my mind I stored a new memory?
12898	silver wire	silver	wire	2.100000	2.330950	2.200000	2.440400	"How often have we heard her murmuring to herself, "" The wind sounds like a silver wire, "" or, "" To watch the emerald-colored water falling, "" or, "" Black as ash-buds on the front of March. """
12899	silver wire	silver	wire	4.300000	1.059350	3.500000	1.900290	Learn how to make a pendant from sterling silver wire, set with a stone cabochon.
12900	silver wire	silver	wire	3.900000	1.595130	3.700000	1.494430	The manufacture and decoration of this small vase is extremely finely executed and fit has been finished in the enamel style known in the West as plique-a-jour (Japanese: shotai-jippo ) and decorated with silver wire chrysanthemums in polychrome enamels.
12901	silver wire	silver	wire	3.400000	1.505550	3.800000	1.475730	I think the silver wire and the hovlands, the kiwames and the BGs all helped.
12902	silver wire	silver	wire	4.300000	1.059350	4.200000	1.316560	But the most beautiful offering there was a basket of delicate silver wire filled with fragrant pure white lilies sent by Emma Cavendish to Alden Lytton.
12903	silver wire	silver	wire	4.000000	1.699670	4.500000	1.269300	By and by the royal minstrels came, --  sleek,...... and having harps inlaid with pearl, and strung with silver wires.
12904	silver wire	silver	wire	4.400000	1.577620	4.600000	0.843274	Pt is so tenacious that it can be drawn into wire invisible to the naked eye, being drawn out in the center of a silver wire, which is afterwards dissolved away from the Pt by HNO3.
12905	silver wire	silver	wire	4.700000	0.674949	4.600000	1.264910	Their silver wire is, I think, claimed to be 99.9% pure.
12906	silver wire	silver	wire	4.300000	1.567020	5.000000	0.000000	If you touch the silver wires together you would probably see the lamp light; however, when they 're in the water there is not enough current flow to make the lamp give off any light.
12907	soda solution	soda	solution	3.900000	1.728840	2.800000	2.201010	Fill two tubs with lukewarm water; pour a soap solution into one tub and a weak soda solution into the other.
12908	soda solution	soda	solution	2.900000	2.183270	2.900000	1.969210	Be sure to rinze, neutralize with weak acid (vinegar ), rinse and neutralize again with baking soda solution.
12909	soda solution	soda	solution	2.500000	2.460800	2.900000	2.330950	Is it OK for me to use PH indicators for the ACV and baking soda solution?
12910	soda solution	soda	solution	1.500000	2.013840	3.400000	1.955050	Does anyone know what effect caustic soda solution has on rusty / siezed parts and rubber seals out of interest...??
12911	soda solution	soda	solution	2.700000	2.110820	3.500000	1.649920	It is treated with caustic soda solution, forming a compound called soda cellulose.
12912	soda solution	soda	solution	2.600000	2.170510	4.100000	1.595130	The soda solution must not be poured into the gold, as the gold would be immediately decomposed, and the solution turn black, and be unfit for use.
12913	soda solution	soda	solution	2.700000	2.359380	4.200000	1.316560	I think you can soak it in a water / baking soda solution.
12914	soda solution	soda	solution	2.600000	2.366430	4.300000	0.823273	I also have a bucket of washing soda solution to clean off tools so rinse hands.
12915	sodium line	sodium	line	3.000000	2.236070	2.000000	2.121320	Rose Didymium Developed for high temperature glass work, this glass offers protection at the sodium line (589 nm ) and UV spectral wavelengths.
12916	sodium line	sodium	line	3.400000	2.065590	2.300000	2.002780	Some stars have strong (dark ) hydrogen lines, other stars have no hydrogen lines but strong calcium and sodium lines.
12917	sodium line	sodium	line	4.000000	1.563470	2.300000	2.110820	The yellow-red band on the left is the atomic sodium D-line emission; the turquoise line is a sodium line that is otherwise quite weak in a low pressure discharge, but become intense in a high pressure discharge.
12918	sodium line	sodium	line	4.100000	1.911950	2.300000	2.162820	If while examining our sodium flame through the spectroscope we were to hold the flame between the poles of a powerful electro-magnet, we should observe that the sodium lines which before appeared single are now split in two and separated.
12919	sodium line	sodium	line	3.600000	1.646550	2.500000	1.957890	Emission lines are radiated by street lamps (the orange ones radiating sodium lines, the blue ones mercury lines ), neon signs, and fluorescent bulbs.
12920	sodium line	sodium	line	2.700000	2.263230	2.700000	1.946510	"Upon applying a greater dispersive power he noticed that the line "" D "" was a double one; but so also was the sodium line under these conditions."
12921	sodium line	sodium	line	4.200000	1.619330	3.900000	1.728840	It then acquires a bluish tinge as it sinks deeper, because the absorption by the broad wings of the neutral sodium lines (the spectral lines responsible for the gloomy orange of sodium street lighting ) remove the red and orange from the star light.
12922	sodium salt	sodium	salt	3.500000	2.121320	3.600000	2.118700	There are low and no sodium salt substitutes available at your food store, just ask the clerk.
12923	sodium salt	sodium	salt	4.200000	1.619330	4.100000	1.286680	It is distributed as the sodium salt in powder or tablet form and is commonly dissolved in water.
12924	sodium salt	sodium	salt	4.200000	1.032800	4.100000	1.370320	There was evidence of retention of sodium salts in the results of SEM examination of some Method B cleaned sandstones.
12925	sodium salt	sodium	salt	3.700000	2.110820	4.100000	1.595130	According to the authors ' experiments on man, ingestion of 7.6 grams of benzoic acid as sodium salt in solution after breakfast was followed suddenly, 30 minutes later, by nausea and vomiting.
12926	sodium salt	sodium	salt	4.700000	0.674949	4.200000	1.135290	"It 's created by freeing naturally occurring glutamate via the fermentation process then forming a chemical bond between glutamate and a particle of sodium to make what is referred to as a sodium salt; hence its name mono - "" sodium "" "" glutamate ""."
12927	sodium salt	sodium	salt	4.500000	1.269300	4.200000	1.475730	The eggs or larwe die rapidly in pure isotonic solutions of sodium salts, and this toxic action is associated with a loss...... particular it employed ), e., with a marked increase in permeability.
12928	sodium salt	sodium	salt	4.400000	1.074970	4.600000	0.699206	It is very insoluble but Evosina (Variati ) is the sodium salt sodium usinate which overcomes this problem.
12929	soul music	soul	music	2.800000	1.549190	3.600000	2.011080	Hopefully it will show what a total misnomer the tag R & B that is given to so much of todays soul music.
12930	soul music	soul	music	2.700000	1.567020	4.400000	1.264910	""" Blues, rock-and-roll, and soul music, that 's what I 'm going for, "" he said."
12931	soul music	soul	music	2.400000	2.221110	4.600000	1.264910	Stevie not only plays soul music like few ever have, he has brought ' soul music ' to a level that can never matched by any future performers.
12932	soul music	soul	music	1.000000	1.333330	4.800000	0.632456	This project examines the forms of transcultural dialogue that were established around the making of soul music in the United States during the 1960 s and 1970 s.
12933	soul music	soul	music	1.600000	1.776390	4.900000	0.316228	I 've found loads of classic Capitol years Sinatra, loads of great 80 s soul music, heaps of Nat King Cole and many a classic rarity lurking in an unsuspecting crate - all usually looking like they have never actually been played.
12934	space helmet	space	helmet	4.200000	1.549190	4.100000	1.911950	There 's what looks like Alien acid, the big spaceship from the first Alien, eggs galore in a chamber which is being called the ampule room, screaming and someone holding their space helmet as though they were in great distress and pain.
12935	space helmet	space	helmet	3.100000	1.663330	4.700000	0.674949	""" We might as well add that space helmets and anti-gravity belts should also be removed, since even to mention the use of the slides as rafts is to enter the realm of science fiction."
12936	space helmet	space	helmet	3.800000	1.873800	4.700000	0.674949	You can see his space helmet in all the old paintings.
12937	space helmet	space	helmet	3.600000	1.776390	4.800000	0.421637	If you wore an insulated very shiny suit and space helmet you could probably be a good burglar as long the place only used PIR.
12938	space helmet	space	helmet	2.100000	2.079000	4.900000	0.316228	He holds his space helmet, and wears a metal eyepatch over his left eye.
12939	space station	space	station	4.100000	1.663330	3.200000	2.149940	Is it possible to reach the space station via trampoline?
12940	space station	space	station	4.600000	1.264910	3.600000	1.264910	What to Do Climb aboard a space station simulation and then have a ball with sci-fi memorabilia, movie costumes, photos and hands-on exhibits.
12941	space station	space	station	4.000000	2.108190	3.700000	1.567020	Wait, you can dock and refuel at space stations?
12942	space station	space	station	4.400000	1.264910	3.700000	2.057510	Russian cosmonaut Valery Polyakov spent nearly 438 consecutive days aboard the Mir space station, from January 1994 to March 1995.
12943	space station	space	station	4.900000	0.316228	4.300000	1.337490	As to Russia, all it will take is political change in Washington or Moscow that would cast us as adversaries rather than partners and the space station comes unglued.
12944	spark length	spark	length	2.400000	2.270580	1.900000	2.183270	It was found, for instance, that whereas the conditions maintained in these forms were favorable for the production of a great spark length, the current so obtained was not best suited to the production of light effects.
12945	spark length	spark	length	2.600000	2.366430	2.900000	2.183270	He observed no decrease in spark length when he substituted quartz for glass, as quartz does not absorb UV radiation.
12946	spark length	spark	length	2.100000	1.969210	3.200000	1.873800	I would that spark length increased by something like 10 or 15%.
12947	spark length	spark	length	2.300000	1.888560	3.500000	1.900290	There are specified max spark lengths specified in the manual.
12948	spark length	spark	length	1.800000	2.250930	3.600000	1.837870	I have no plans to increase the spark length of this particular design, as it is intended as a compact portable unit.
12949	spirit photography	spirit	photography	2.300000	2.002780	3.600000	2.065590	But thanks to advances in film, cameras and technology over the last several decades, it may be that the controversial science of spirit photography is finally coming of age.
12950	spirit photography	spirit	photography	3.100000	2.233580	4.000000	2.108190	He endorses such dubious activities as slate-writing and spirit photography, and seems genuinely peeved at the efforts of the Society for Psychical Research to tighten up the experimental controls on mediums.
12951	spirit photography	spirit	photography	2.200000	2.201010	4.100000	1.911950	I am not sure when or where we bought our first item of spirit photography.
12952	spirit photography	spirit	photography	3.200000	1.932180	4.400000	1.577620	He is the editor of The Sources of Surrealism, a major sourcebook of surrealist writings and has written on Belgian surrealism, the English surrealist movement, contemporary German photography, memory and spirit photography, and the late drawings of Artaud.
12953	spirit photography	spirit	photography	2.600000	1.955050	4.500000	1.269300	There are separate pages for many states and some cities, vanishing hitchhikers, as well as a section on spirit photography.
12954	spot area	spot	area	2.333330	1.802780	3.222220	1.986060	There is a blind spot area directly behind the driver 's seat as well as a large blind spot area that begins at the rear bumper and could extend up to 400 feet or more behind the bus.
12955	spot area	spot	area	1.700000	1.766980	3.800000	1.549190	You 'll naturally spot areas where you 'll want to dive in to a deeper subset of project work; a dashboard is a living page, and you should tweak and evolve things as necessary.
12956	spot area	spot	area	1.600000	1.646550	3.900000	1.197220	"The program will be able to "" move, "" "" grow, "" or "" shrink "" the sweet spot area to provide the best acoustic experience for the greatest number of audience members, or as determined by some other user selectable criteria."
12957	spot area	spot	area	1.400000	1.173790	4.300000	0.823273	I belong to teessidebikers.co.uk we have a brilliant bond with Durham Police and the bikewise team, We attend briefings at Police HQ, to get advice and guidance re-riding in the Dales, They also show us black spot area, s.
12958	spot area	spot	area	1.700000	1.567020	4.600000	0.699206	It is about time that they stopped trying to source the money they need to increase efficiency from innocent law abiding drivers and started concentrating their energies on the hot spot areas where crimes are happening.
12959	staff officer	staff	officer	3.300000	2.162820	3.300000	2.359380	Mostly Cs: Congratulations, you have all the overarching attributes that underpin the requirements of a successful staff officer in the 21st Century.
12960	staff officer	staff	officer	3.500000	1.581140	3.500000	1.649920	In Sherman 's Army, the returns and muster rolls were greatly in arrears and the line and staff officers are busy bringing their accounts up to data.
12961	staff officer	staff	officer	4.100000	1.370320	3.800000	1.549190	We need not inquire to what extent he imbibed and assimilated the wisdom, the knowledge, or the morality...... and staff officers, such as McPherson, and Rawlins, and Wilson, and Bowers.
12962	staff officer	staff	officer	3.800000	1.549190	3.900000	1.449140	The...... several staff officers came on board, and after the usual interchange of civilities, the officers withdrew to arrange matters.
12963	staff officer	staff	officer	3.400000	1.349900	4.300000	1.337490	In April 1951 he returned to Headquarters U.S. Air Force as an operations staff officer in the Directorate of Operations, Office of the Deputy Chief of Staff, Plans and Operations.
12964	staff officer	staff	officer	2.900000	1.595130	4.400000	1.264910	A boy of the Fifth-fourth Ohio, whose home was at or near Lima, O., wore a blue vest, with the gilt, bright-trimmed buttons of a staff officer.
12965	staff officer	staff	officer	3.100000	1.969210	4.500000	1.269300	The opportunities for observation of one whose principal duty it was to dash from one part of the front to another carrying staff officers in a high-powered automobile were naturally exceptional, and Mr. Coleman has made of them a singularly vivid and interesting narrative.
12966	staff officer	staff	officer	3.700000	1.159500	4.600000	0.699206	The Governor shall appoint his aids-de-camp; majors general, their aids-de-camp, and all division and staff officers; brigadiers general shall appoint their aids, and all other brigade staff officers; and colonels shall appoint their regimental staff officers.
12967	staff officer	staff	officer	3.900000	0.875595	4.700000	0.674949	""" His photograph showed MacArthur sloshing towards the camera in his open-necked uniform and signature dark glasses, accompanied by staff officers and helmeted troops."
12968	staff officer	staff	officer	3.500000	2.223610	4.700000	0.674949	"and the British staff officer replied: "" Really! """
12969	state house	state	house	2.900000	2.233580	1.000000	1.490710	Boyle 's brother, Kevin, also serves in the state House from a neighboring district.
12970	state house	state	house	2.800000	1.316560	1.800000	1.135290	If it were not for the expense of getting laws passed, many more people would doubtless be at the state house for new changes and adjustments in the social and business order.
12971	state house	state	house	3.600000	1.349900	2.000000	1.699670	We find that public financing has a moderate but significant effect on improving the number of races that are competitive in both the state House and the state Senate.
12972	state house	state	house	2.800000	1.932180	2.700000	2.002780	The Democratic speaker of the state House is among supporters who say that the state funds would easily be paid back by the tourism and economic development the library would bring.
12973	state house	state	house	3.700000	1.567020	3.000000	1.825740	He ran for the state house in 1964, probably '65, because you do n't run even years.
12974	state house	state	house	2.600000	1.646550	3.300000	1.828780	So nothing but the urgency of his needs will bring the average petitioner to the state house.
12975	state house	state	house	2.900000	2.131770	3.900000	0.994429	They drove to the state house, and the prisoners were conducted to the east wing, where malefactors of all grades and sexes were temporarily confined.
12976	state house	state	house	2.500000	1.900290	4.300000	1.059350	And to the confederate battle flag flying over the state house...
12977	state house	state	house	2.700000	1.702940	4.300000	1.059350	I think it was from the statement of dear John Farrar 's about the impossibility of there being a state house two hundred feet long not yet discovered, on the sunny side of old Thornbush.
12978	state house	state	house	2.400000	1.712700	4.600000	0.699206	The dome of the state house was especially imposing, and surpassed in grandeur the appearance of the great house.
12979	state line	state	line	4.100000	1.663330	1.700000	2.002780	You 'd think they 'd want to make it easer, to entice people to cross state lines.
12980	state line	state	line	2.900000	1.791960	1.800000	1.988860	""" Mother 's a first-rate woman, Dora, and...... better inside the state line; but, Do, she 's a woman, and women do n't know about these things, same as men do. """
12981	state line	state	line	2.600000	2.221110	2.100000	2.131770	(And Republicans took delight that a Pelosi fundraiser for Boswell earlier this year was held across the Nebraska state line in Omaha.
12982	state line	state	line	4.300000	1.251670	2.600000	1.646550	US 550 / NM SR 44 runs from I -25 in Bernalillo north and west to the New Mexico / Colorado state line.
12983	state line	state	line	3.500000	2.013840	2.700000	1.567020	Get her out of the state, and there ai n't no way under heaven that Silas can get hold of the girl unless she comes...... run beyond state lines, not unless they 're in the Federal court.
12984	state line	state	line	3.800000	1.316560	2.900000	1.370320	The last message had said that the car had passed the state line and would soon be coming to the last point of communication.
12985	state line	state	line	3.900000	1.663330	2.900000	1.791960	It so happened, also, that, as the government in making the concessions had followed no plan of districting the country, but had rather adopted a policy of competing lines, these lines competed not only with each other but also with the state lines.
12986	state line	state	line	4.400000	0.516398	3.200000	1.932180	Pa seemed offully relieved when we got across the state line into Wisconsin.
12987	state line	state	line	4.900000	0.316228	4.100000	1.595130	The bill would increase consumer choice by allowing individuals to shop for their health insurance across state lines, similar to how we purchase auto insurance, creating competition and giving Americans the greatest value for the coverage that best fits their needs.
12988	state line	state	line	4.800000	0.421637	4.500000	0.971825	The Jenkins Act applies to the sale or shipment through any means that cross state lines and has been in place since 1949.
12989	state office	state	office	2.500000	2.068280	2.900000	2.024850	Cuomo also proposed lower contribution limits for state offices, with much lower limits for candidates who receive matching funds through the public campaign finance system.
12990	state office	state	office	3.200000	1.751190	3.100000	1.969210	A great number of the grandees, who lived far from the court, either in state offices or on their own fiefs, had establishments similar to that of the King.
12991	state office	state	office	2.600000	1.955050	3.200000	1.988860	In that year he received an appointment to a state office, that of Gas Inspector, which has been described as being something of a sinecure.
12992	state office	state	office	3.800000	1.475730	3.300000	1.337490	The Republican claimants of state offices were to be informed that the administration shared the grave doubts of their predecessors as to the right to use the army as a garrison for the continuous support of a state government.
12993	state office	state	office	4.400000	1.577620	3.300000	2.162820	The Democrats have several strong men to put up next fall as candidates for state offices and for Congress.
12994	state office	state	office	2.900000	1.852930	3.400000	1.429840	"(2 ) "" State agency "" means any state office, officer, department, division, bureau, board, commission, or agency, or any subdivision thereof."
12995	state office	state	office	3.000000	1.943650	3.800000	1.813530	We work with you whether you have bad credit, no credit, bankruptcies, foreclosures, or repossessions National office completes a quality assurance review of every state office.
12996	state office	state	office	3.800000	1.813530	3.900000	1.595130	As we have before remarked, the distribution of state offices is granted to approved talent and learning, and the proportion of the community which is devoted to letters is very great.
12997	state office	state	office	4.000000	1.333330	4.100000	0.994429	""" After he became governor in 1996, he accepted tens of thousands in gifts from people - people whom he later appointed to state office!"
12998	state office	state	office	2.400000	2.118700	4.400000	1.264910	Check our state office list to determine if your home state supports your healthcare profession.
12999	state officer	state	officer	3.200000	1.873800	4.000000	1.333330	He joined the National Federation of the Blind of NH in 1975 and has been a state officer since 1976, ten of those years off and on as state president.
13000	state officer	state	officer	3.200000	1.988860	4.000000	1.490710	More than that it binds all state officers by oath to the observance of this supreme law.
13001	state officer	state	officer	3.000000	1.632990	4.100000	1.523880	They shall constitute a board of state canvassers, to determine the result of all elections for governor, lieutenant governor, and state officers, and of such other officers as shall by law be referred to them.
13002	state officer	state	officer	2.700000	2.162820	4.100000	1.595130	""" Any amount in reason that after the first of next January there 'll be a fresh deal in the way of state officers in every department in the Capitol."
13003	state officer	state	officer	3.400000	1.712700	4.600000	0.699206	"It follows that a determination must be made as to whether a "" motor vehicle enforcement officer "" is a "" state officer, "" and whether a "" special deputy sheriff "" is a "" county officer, "" or, an employee of a county."
13004	state officer	state	officer	4.400000	1.349900	4.700000	0.483046	Making a state officer a party does not make the state a party, although her law may have prompted his action, and the state may stand behind him as a real party in interest.
13005	state officer	state	officer	3.800000	1.229270	4.700000	0.483046	But in a very few cases, state officers are used.
13006	state officer	state	officer	3.500000	1.649920	4.700000	0.483046	It was followed by the appointment of a committee to visit the state officers and demand the punishment of the offenders.
13007	state officer	state	officer	3.000000	2.260780	4.700000	0.948683	In many colleges the names of the leading state officers adorn the catalogues as honorary governors.
13008	state officer	state	officer	3.500000	2.013840	4.800000	0.421637	"It merely specified that the state officers and officials covered by the Act were prohibited from receiving any increase in compensation based on the COLA provisions of SJR 192 "" for or during the fiscal year beginning July 1, 2002."
13009	statute book	statute	book	2.800000	2.201010	2.000000	2.211080	She concluded by stating bluntly that the Act did not deserve to remain on the statute books.
13010	statute book	statute	book	2.700000	1.828780	2.900000	2.183270	The great principle is still sung in our legislative halls, and stands on our statute books in all the sacredness of a treaty; an everlasting re- /z/ cord of our weakness and want of thought, or the proper sort of knowledge.
13011	statute book	statute	book	2.900000	2.378140	3.500000	1.649920	""" No private member 's Bill in memory has enjoyed such strong all-party support and if this one ca n't be given the chance of getting onto the statute book we might as well scrap the whole system of private members ' Bills."
13012	statute book	statute	book	3.800000	1.229270	3.600000	1.349900	I never knew before there were such laws on the statute books.
13013	statute book	statute	book	4.000000	1.247220	3.700000	1.418140	5.3 It is unlikely that the Government will get the new Act on the statute book before early 2000, and we could have a local referendum as early as 2001.
13014	statute book	statute	book	2.800000	2.440400	3.700000	1.636390	The higher allowances for individuals born before 6 April 1948 will not be increased and they will be removed from the statute book when the income tax personal allowance for individuals born after 5 April 1948 catches up.
13015	statute book	statute	book	3.700000	1.567020	3.800000	1.751190	That provision on the statute book is the only ray of light on the situation, otherwise so gloomy, of the business affairs of our country.
13016	statute book	statute	book	2.400000	2.170510	3.800000	1.873800	If you want an index to all human ills, read the table of contents of any statute book.
13017	statute book	statute	book	4.300000	1.337490	4.000000	1.490710	In point of fact it imposes a most absurd, unnecessary, and annoying delay on traveling, and rests upon the Connecticut statute book a curious illustration of what usually happens when legislators undertake to incorporate running railroad regulations into the statutes-at-large.
13018	statute book	statute	book	3.500000	2.013840	4.300000	0.823273	You cannot get charged with something that is not on the statute book, but you can draw unecessary attention to yourself and they will find something to ruin your day.
13019	steel helmet	steel	helmet	3.000000	2.211080	3.400000	2.221110	No; the great kaleidoscope of destiny has made a violent turn breaking the mold of established patterns and shaking out novel...... a steel helmet wreathed in smoke, marches across the face of the earth spreading restless democracy in its train.
13020	steel helmet	steel	helmet	3.300000	2.162820	4.200000	1.619330	I liken the approach to the guy who 's so afraid of getting struck by lightning that he puts on a steel helmet before he goes outside.
13021	steel helmet	steel	helmet	3.900000	1.911950	4.300000	1.567020	There was a gaping hole in my steel helmet, a piece of shrapnel in my towel, and the hut was riddled, but I was untouched.
13022	steel helmet	steel	helmet	3.900000	1.595130	4.400000	1.577620	A bunch of white plumes waved over his steel helmet, and beneath its raised vizor appeared his face.
13023	steel helmet	steel	helmet	3.888890	2.204790	4.444440	1.666670	He pulled his steel helmet firmly over his head and buckled the clasp below his chin.
13024	steel helmet	steel	helmet	4.300000	1.567020	4.500000	1.581140	Air-raid wardens in steel helmets stood guard beside sandbagged police boxes...
13025	steel helmet	steel	helmet	4.000000	1.699670	4.600000	1.264910	Besides...... papal dragoons, in steel helmets and white cloaks, were stationed at all the street corners.
13026	steel helmet	steel	helmet	4.100000	1.100500	4.800000	0.421637	......, put on their rain-coats, rubber boots, steel helmets, took their gas masks and went out in the fields where they could see.
13027	steel helmet	steel	helmet	4.900000	0.316228	4.900000	0.316228	Although we got shot at, we did n't wear steel helmets.
13028	steel helmet	steel	helmet	4.600000	1.264910	5.000000	0.000000	"shouted the...... a steel helmet, surmounted by a bucktail plume, on his brow, a sword gleaming in his hand. """
13029	steel point	steel	point	4.100000	1.595130	2.300000	2.110820	It is believed by people generally -- or at least by many -- that the exquisitely sharp sensation which results from plunging the steel point into the raw nerve is pain, but I think that this is doubtful.
13030	steel point	steel	point	3.000000	2.260780	2.600000	1.955050	"So I at once removed the flints from three of my best arrows, and quickly lashed on these long steel points with sinew. """
13031	steel point	steel	point	3.900000	1.852930	2.800000	2.201010	Away they dashed without a word, their horses maddened by the sharp steel points, bounding over the sod with an accelerating speed that seemed rather like the flight of a bird than the pace of an animal.
13032	steel point	steel	point	3.700000	2.002780	2.900000	2.024850	Having plain steel points they are not of the highest quality.
13033	steel point	steel	point	3.700000	2.002780	3.500000	1.900290	It was like penmanship in the old days, when it was the freedom from wrong curls of the steel point pen and black blots on the paper that earned you a good grade.
13034	steel point	steel	point	4.600000	0.966092	3.600000	1.897370	It did not move: the horses impaled their chests on the sharp steel points, but made no opening.
13035	steel point	steel	point	4.300000	1.059350	3.800000	1.316560	Press the steel point of your staff vigorously into the ice, if you falter, and secure a soft place for recuperation before you fall.
13036	steel point	steel	point	4.400000	1.577620	3.800000	1.686550	The weapons were a light spear, a pilum or javelin six feet long, terminated by a steel point, and a sword with a double edge, adapted to striking or pushing.
13037	steel point	steel	point	4.300000	1.567020	3.900000	1.911950	It has a rounded steel point set in a wooden, metal, or plastic handle.
13038	steel point	steel	point	4.300000	1.251670	4.100000	1.595130	They obeyed, and a double row of steel points was placed in front of the strikers ' breasts.
13039	stock market	stock	market	3.400000	2.170510	3.000000	2.260780	We discuss two stock market strategies so that when the conditions call upon us to trade the trend (DCH / ITCH ) we do so; when conditions require us to trade the consolidation (FBO / TIW ) we do so.
13040	stock market	stock	market	2.500000	2.321400	3.100000	1.728840	To the astonishment of thinking men, that sensitive barometer of public affairs, the stock market, did not show a...... noise as ever, and as if no such man as ROSCOE CONKLING had ever been heard of.
13041	stock market	stock	market	3.100000	2.282790	3.300000	2.162820	One needs only look at the stock market to see exactly how fictitious values work.
13042	stock market	stock	market	2.200000	2.201010	3.400000	1.776390	It is as easy to be a lamb in the real estate market as it is in the stock market.
13043	stock market	stock	market	3.500000	1.779510	3.400000	1.776390	The interest of the stock market centred in the combatants and on these two great corporations.
13044	stock market	stock	market	3.900000	1.449140	3.500000	1.649920	The shares of these societies are regularly quoted in the stock market, and while they do much to help the British workman to put up a decent roof-tree, they resemble jointstock companies more than building socie ties.
13045	stock market	stock	market	3.600000	1.505550	3.500000	1.900290	With amazing accuracy, Schiff predicts that a recession is coming, that it 's going to be a bad one and that the causes are over-inflated house prices and stock market values.
13046	stock market	stock	market	4.200000	1.032800	4.000000	1.490710	It is well known, I think, that these speculative movements in the stock market frequently do not represent the actual conditions of our business.
13047	stock market	stock	market	3.888890	1.833330	4.444440	0.881917	This is n't like the stock market crash of 1987 or the collapse of the dot-com bubble in 2001.
13048	stock market	stock	market	4.100000	1.197220	4.500000	0.971825	Americans in particular have become accustomed to easy money production within the stock markets, as well as lavish lifestyles.
13049	stone house	stone	house	4.000000	1.414210	3.300000	2.162820	Much has changed since Betjeman 's ' Edwardian Sunday '; the iron kings and their mills have gone, their stone houses are now occupied by students attending two universities that make up the mainstay of Sheffield 's twenty-first century economy.
13050	stone house	stone	house	3.100000	1.911950	4.100000	1.523880	"He 's beyant, --  wid Haley, --  in the stone house. """
13051	stone house	stone	house	3.700000	1.828780	4.400000	1.577620	Me quick find stone house; but Tillie is old, very old, and not much can hurry.
13052	stone house	stone	house	4.000000	2.108190	4.400000	1.577620	On the highest ground of the estate, with a perfect view of both harbour and sound, stood a large stone house, the home of Captain Shirley, of the United States navy, retired.
13053	stone house	stone	house	4.200000	1.619330	4.600000	0.516398	Now the inmates of the stone house were not well supplied with provisions, as the winter stores had not been laid in.
13054	stone house	stone	house	4.500000	0.971825	4.800000	0.421637	A beautifully renovated stone house near village square 2 en-suite bedrooms, lounge, kitchen and utility room.
13055	stone house	stone	house	4.600000	0.516398	4.800000	0.421637	Example Ad: This gorgeous stone house is situated in the heart of a peaceful PyrÃ©nÃ©es village and set on grounds of 900 m Â².
13056	stone house	stone	house	3.900000	1.852930	4.800000	0.632456	Example Ad: SAINT SATURNIN LES APT IN THE VAUCLUSE This stone house is close to several beautiful villages.
13057	stone house	stone	house	4.400000	0.843274	4.800000	0.632456	The core of Finstown lies in the solid, well established stone houses around the junction of the A 965 and A 966.
13058	stone house	stone	house	3.900000	1.728840	4.900000	0.316228	As they reached the old stone house and Sibyl greeted them with a bright smile, poor Aunt Faith felt very much...... and the fly.
13059	story book	story	book	4.100000	0.994429	3.800000	1.549190	Of sky and plain it was the rich adorner, And the full blaze of its enchantment fell On story books, that to the chimney corner Bound them as by a spell.
13060	story book	story	book	4.300000	1.567020	4.300000	1.567020	That is the way it would come out in a story book; and I ca n't see why it ca n't happen that way in real life, just this once.
13061	story book	story	book	4.800000	0.421637	4.400000	1.577620	"(The LA may want you to do a "" life story book "" for your child containing pictures of the family, etc so that the children have an understanding of where they are from )."
13062	story book	story	book	4.400000	1.264910	4.500000	0.971825	Staff should also think about developing their own life story books to share.
13063	story book	story	book	4.300000	1.636390	4.600000	0.699206	Both sites have educational packs we can work towards, in particular Claybury Parks story book is a great way of combining stories with the outdoors.
13064	story book	story	book	4.200000	0.918937	4.700000	0.483046	He was the best Kneazle a girl could ask for and she had named him herself after the Boy-Who-Lived from her story books.
13065	story book	story	book	4.200000	1.316560	4.800000	0.632456	But we do not want them...... publishers is to crowd the shelves of the Sunday school libraries with story books to the exclusion of other things.
13066	story book	story	book	4.800000	0.421637	4.900000	0.316228	These are similar in format to the picture story books, with the story being told under each strip.
13067	story book	story	book	4.400000	1.577620	4.900000	0.316228	Oh, it was at school to-day, when we were reading together at recess in a new story book of Elsie 's.
13068	story book	story	book	4.500000	1.269300	5.000000	0.000000	""" A wolf, child...... Hood and her grandmother, in the story book. """
13069	street door	street	door	3.500000	1.509230	3.900000	1.595130	Listen to me, kid -- She is interrupted by the opening and shutting of the street door in the bar and by hearing CHRIS ' voice.
13070	street door	street	door	3.200000	1.619330	4.100000	1.728840	He got up to close the street door and put the gas out in the shop.
13071	street door	street	door	3.700000	1.828780	4.200000	1.316560	I 've tried one A 3 print so far from a 35 mm negative [of a street door in old Quebec City, lots of textures ].
13072	street door	street	door	2.500000	1.900290	4.200000	1.549190	Grandon with a free hand deals his adversary a blow, and the next instant he has the street door open.
13073	street door	street	door	3.100000	1.911950	4.600000	0.966092	It 's no longer usual to enter through the street doors into the gloom of the original entrance lobby, which in some ways is a pity.
13074	street door	street	door	3.700000	1.337490	4.700000	0.674949	Anderson Mrs. Coulthard went outside the parlor door, but not outside the street door.
13075	street door	street	door	2.900000	2.079000	4.800000	0.632456	"--  how cautiously pass down the stair, and make his escape to the street door! """
13076	street door	street	door	3.600000	1.776390	5.000000	0.000000	There was an Old Man who supposed, That the street door was partially closed; But some very large rats, Ate his coats and his hats, While that futile old gentleman dozed 28.
13077	street door	street	door	3.555560	2.127860	5.000000	0.000000	ANDREW who has just opened the street door as MARTHA collides with him in the hall.Where you goin '?
13078	street door	street	door	2.900000	1.791960	5.000000	0.000000	"They went downstairs together, and at the street door Evans stopped again. """
13079	street food	street	food	3.400000	1.955050	2.600000	2.221110	Asmar is a street food vendor and his wife is a baby sitter.
13080	street food	street	food	3.200000	1.988860	4.400000	1.577620	On special occasions such as during Carnival season and most public holidays in Tobago, special street foods go on sale with wild meats such as opossum (Manicou ), deer, iguana and tatou, among others.
13081	street food	street	food	3.000000	1.885620	4.600000	1.264910	Pho opened in Clerkenwell in June 2005 as London 's first Vietnamese street food restaurant.
13082	street food	street	food	3.200000	1.873800	4.700000	0.674949	Mouth-watering street food and some of the friendliest locals in the world are probably my favorite things about this part of the world.
13083	street food	street	food	3.100000	2.079000	4.900000	0.316228	I 've had better burritos at Luardo 's and Daddy Donkey and they 're street food.
13084	street girl	street	girl	2.700000	2.162820	3.300000	2.110820	Following this theme, this paper is going to study about a deprived but major segment of girls who are street girls and their social connection in Dh...
13085	street girl	street	girl	2.100000	1.449140	3.400000	1.712700	There is of course a world of difference between escorts and street girls.
13086	street girl	street	girl	1.100000	1.449140	4.000000	1.563470	I know Nancy was a street girl but she would n't have walked like a bricklayer!
13087	street girl	street	girl	0.900000	1.370320	4.100000	1.663330	"She claims she likes to mix pieces from her workplace Miss Selfridge with items from other retailers, adding: "" I 'd say I 'm more of a high street girl than a vintage girl."
13088	street girl	street	girl	2.700000	1.828780	4.500000	0.849837	Its characters are well mannered in ' spite of their moral lapses, even the street girl 's type being indicated mainly in looks.
13089	street girl	street	girl	3.300000	1.494430	4.900000	0.316228	It 's a heartbreaking story about a destitute street girl forced to sell her only posession, her virginity, to a wealthy businessman for $10,000 to start a new life, but not realizing his incredible plot!
13090	street party	street	party	3.900000	1.663330	4.200000	1.229270	People in Mulberry Close, Paignton, came together for a street party on Sunday, June 3.
13091	street party	street	party	4.400000	1.577620	4.600000	1.264910	Note: if want to arrange a street party for your road, CEC has set a notification deadline of 9th April.
13092	street party	street	party	4.200000	1.549190	4.700000	0.483046	"Kevin Barron, licensing manager at City of Lincoln Council, said: "" We 'd ask anyone who is thinking of holding a street party in celebration of the royal wedding to give us a call to check if they need any licences or notices."
13093	street party	street	party	4.500000	0.849837	4.700000	0.948683	You enter a street party when you find the little alley packed with tapas bars.
13094	street party	street	party	4.100000	1.523880	4.800000	0.421637	' I judged a fancy dress competition at the street party outside my home in Limehouse, East London, and held a snooker tournament for 60 pals.
13095	studio album	studio	album	3.500000	1.779510	3.400000	2.065590	After 9 studio albums with over 35 million albums sold, it 's over for the band.
13096	studio album	studio	album	3.500000	1.715940	3.800000	1.686550	Acid Mothers Temple and the Melting Paraiso U.F.O. Mantra of Love (Alien 8 ) C: Speaking of lifting the veil: here 's the new Acid Mothers Temple studio album, two very long tracks.
13097	studio album	studio	album	3.200000	1.619330	4.700000	0.674949	Best Night of My Life (previously Body ) is the fourth studio album by American actor and singer Jamie Foxx.
13098	studio album	studio	album	3.600000	1.646550	4.800000	0.421637	"Dando releases his first all-new studio album, "" Baby, I 'm Bored, "" on Tuesday."
13099	studio album	studio	album	4.000000	1.333330	4.800000	0.421637	The Adicts release their tenth studio album, All The Young Droogs on Sept 11th - incredible that they 've been getting away with this shit for 35 years...
13100	subway system	subway	system	4.800000	0.421637	3.100000	2.233580	Washington has an extensive subway system, and a map with interactive options for directions can be found at WASHINGTON METRO.
13101	subway system	subway	system	4.400000	1.577620	3.200000	1.988860	"If you 've ever traveled to London and used their subway system, you 've heard the phrase "" mind the gap."
13102	subway system	subway	system	4.900000	0.316228	3.400000	1.505550	As a first step, on March 20, 1995, his disciples poured the deadly nerve gas sarin into the Tokyo subway system, killing 12 people and injuring 6,000 more.
13103	subway system	subway	system	4.500000	1.581140	3.500000	1.509230	It was truly the centerpiece of New York 's new subway system.
13104	subway system	subway	system	4.900000	0.316228	3.900000	1.728840	As outlined by a representative of the company, the B. M. T. will fight the recapture by the city of its subway system.
13105	subway system	subway	system	4.600000	0.699206	4.100000	1.286680	New York has the largest subway system in the U. S. and the question was: have rides-for-a-nickel joined the jitney bus and the horse-cab?
13106	subway system	subway	system	4.500000	1.581140	4.300000	1.567020	Great actions in the San Francisco Bay Area to expose Israeli violent racism on the subway systems there!
13107	sugar solution	sugar	solution	2.600000	2.170510	2.700000	2.057510	I know it seems there are some that just cant take change and get seemingly angry at looking at anything but a dribble of OA with sugar solution.
13108	sugar solution	sugar	solution	3.900000	1.852930	2.900000	1.969210	I know it does n't look much like a flower but the coloured discs represent the petals of the flower and in the centre is a small well where we can put the sugar solution, which they learn to feed from quite quickly.
13109	sugar solution	sugar	solution	3.300000	2.263230	2.900000	2.183270	Zymase itself is not sufficient to induce fermentation of sugar solutions.
13110	sugar solution	sugar	solution	4.300000	1.337490	3.000000	1.885620	We might have diluted the sugar solution many times more, and still the sweet taste would have remained.
13111	sugar solution	sugar	solution	5.000000	0.000000	3.000000	2.211080	--  Take the sugar solution saved from Experiment 4, and add slowly 4 cc.
13112	sugar solution	sugar	solution	4.300000	0.948683	3.200000	1.619330	As I sit here, they are gorging themselves on sugar solution and having a fine time (the bees that is )!
13113	sugar solution	sugar	solution	4.000000	1.763830	3.500000	2.415230	There are some available on the market from bee suppliers such as: Oxalic Acid from Endolapi SRL (Italy ) which is 6% of oxalic acid in a 30% sugar solution Oxuvar from Andermatt.
13114	sugar solution	sugar	solution	4.300000	1.636390	3.800000	1.686550	They are of a colloidal nature, readily coagulated by heat or very dilute acid; they combine with resins and tannins forming compounds, which are somewhat soluble in sugar solutions but easily thrown out of solution.
13115	sugar solution	sugar	solution	4.500000	1.269300	4.400000	1.577620	I think it is most likely that I used the wrong sugar solution; the others who were also measuring out used the right one.
13116	summer house	summer	house	2.500000	1.957890	3.000000	1.825740	We also have a number of sheds on display, from summer houses to tool sheds and workshops.
13117	summer house	summer	house	3.300000	1.251670	3.900000	1.286680	we stock a full range of products including fencing, sheds, patio slabs, timber, gates, railings, posts, summer house and many more.
13118	summer house	summer	house	2.200000	1.813530	4.000000	1.333330	The summer house (left ) was listed as ' the Carpenter 's Shop ' in the 1845 sales particulars, probably because of its rustic timbers which were '... tacked onto its walls to represent pediments, columns and entablatures...
13119	summer house	summer	house	3.200000	1.932180	4.000000	1.414210	The summer house at the top of the garden is to be moved to the side of the property to allow easier access for all residents.
13120	summer house	summer	house	1.700000	1.888560	4.000000	1.563470	At the farm where we lodged, a summer house was placed on a verdant curve, which swelled out into the lake, as if a breeze had floated it there in play.
13121	summer house	summer	house	2.700000	2.110820	4.200000	0.918937	I was going to propose that you and I should have a joint summer house here, with strawberries and cream.
13122	summer house	summer	house	1.600000	1.837870	4.200000	1.135290	"On the morning when Julia was snugly esconced in the summer house, Rondeau returned from the post office in great tribulation. """
13123	summer house	summer	house	3.000000	2.211080	4.500000	0.849837	Step out of the front stable door and duck under a honeysuckle arch and you find yourself in a secluded garden with a summer house equipped with table and chairs.
13124	summer house	summer	house	2.700000	1.828780	4.700000	0.483046	SCENE 118: Back of the Summer House and Gardens As Peggy comes round the back of the summer house, George thinks this is a pretty mood of Dorothy --  she does not usually frisk like this --  but there 's happiness in the air.
13125	summer house	summer	house	2.700000	2.162820	4.800000	0.632456	Colonel William Byrd, a planter on the James River, has told us all about this summer house of the governor.
13126	summer romance	summer	romance	2.700000	1.888560	2.100000	2.024850	Stylish, witty, charming and slick; I like my jazz the way I like my men, and this year The Oxford Gargoyles are my summer romance.
13127	summer romance	summer	romance	3.400000	1.646550	3.600000	2.065590	"It became the scene of summer romances; the student of manners went there to study the "" American girl. """
13128	summer romance	summer	romance	3.900000	1.728840	3.800000	1.873800	It had the glorious sound of a wonderful summer romance in the Weimar Republic.
13129	summer romance	summer	romance	3.600000	2.118700	3.800000	1.873800	She 's set to direct her first movie, which will be an adaptation of Truman Capote 's ' Summer Crossing ' based on an early novel about a summer romance in New York City.
13130	summer romance	summer	romance	3.600000	2.065590	4.000000	1.885620	This is not to say that summer love is n't real or that summer romance ca n't survive through the fall, it just means that keeping summer romance real has some special challenges.
13131	summer romance	summer	romance	3.600000	1.646550	4.100000	1.663330	This old house, with its sanded floors and high wainscots, and its narrow windows looking out upon a cluster of pines that turn themselves into aeolian harps every time the wind blows, would be the place in which to write a summer romance.
13132	summer romance	summer	romance	4.400000	1.074970	4.300000	1.567020	Could this be the Cape May about which hung so many traditions of summer romance?
13133	summer romance	summer	romance	4.500000	0.707107	4.700000	0.483046	Is there any reason he can think of that your summer romance ca n't become a steady thing?
13134	summer temperature	summer	temperature	4.900000	0.316228	3.700000	2.162820	In the uplands our winter temperature was commonly about 750 in the shade at noon, and the summer temperature about ten degrees higher.
13135	summer temperature	summer	temperature	4.000000	1.699670	4.100000	1.595130	The winter climate is relatively mild, and summer temperatures reaching 16 -18 Â° C are not uncommon.
13136	summer temperature	summer	temperature	3.300000	2.002780	4.100000	1.595130	Two regiments had crossed, through floating ice (eight horses at a trip ), by a rope-ferry, and at nine o'clock in the evening, under a full moon and a summer temperature, I crossed with staff and escort.
13137	summer temperature	summer	temperature	3.900000	2.079000	4.300000	1.567020	"It is best described as "" temperate "", with summer temperatures averaging around 20 centigrade and winter around 8 centigrade."
13138	summer temperature	summer	temperature	4.900000	0.316228	4.600000	0.699206	I was just tellin ' Pap Briggs here that I figgered Kilo had the hottest mean summer temperature, and the meanest hot summer temperature on earth, and it 's hotter over a kitchen stove than...... here hotel, unless some guest happens in.
13139	summer temperature	summer	temperature	3.900000	1.523880	4.600000	1.264910	In going down from the plateau into the Snake River Valley at Lexviston, you seem to pass in an hour from the summer temperature of Maine to that of South Carolina.
13140	summer temperature	summer	temperature	4.800000	0.632456	4.700000	0.674949	Icmeler has scorching summer temperatures that regularly top 30 Â° Celsius, perfect for topping up your tan.
13141	summer temperature	summer	temperature	4.400000	0.966092	4.800000	0.632456	10 C. Your koi will have been showing regular interest in food, with all koi feeding at this temperature (but still at reduced levels compared to summer temperatures ).
13142	summer temperature	summer	temperature	4.500000	1.269300	4.900000	0.316228	The average winter temperature, based on observations covering a long term of years, is 56 degrees; the spring temperature is 61.07; the summer temperature is 67.61; and the autumn temperature 62.31.
13143	summer temperature	summer	temperature	5.000000	0.000000	5.000000	0.000000	From summer temperatures hovering near 40 Â° Celsius to generous January averages of around 13 Â° Celsius, permanently clear skies mean you should pack your sunblock whenever you 're coming, and hit those golden beaches!
13144	sunspot area	sunspot	area	4.300000	1.337490	3.200000	2.394440	This image shows a record of sunspot area measures going back to solar cycle 12 in 1898.
13145	sunspot area	sunspot	area	4.000000	1.247220	3.500000	1.779510	"In fact it is the other way round, since active regions around the sunspots emit more radiation than is "" lost "" in the cooler sunspot areas."
13146	sunspot area	sunspot	area	3.100000	2.079000	3.900000	1.728840	We show that daily sunspot area can be used in simple models to reconstruct daily variations in total or spectral solar irradiance.
13147	sunspot area	sunspot	area	4.100000	1.595130	3.900000	1.911950	Plot the values on a graph You will compare the sunspot and x-ray areas on a graph with sunspot areas on the horizontal axis, and x-ray areas on the vertical axis.
13148	sunspot area	sunspot	area	4.600000	0.516398	4.600000	0.699206	Hence in any comparison of your integrated solar vs the SSTs, one needs to be aware that there are essentially two-parameters in that fit (this one and the one controlling the relative scaling of the SSTs vs the cumulative total sunspot area ).
13149	supper table	supper	table	3.400000	1.776390	3.500000	2.223610	tween them than the steaming dishes on the supper table and a hastily tossed bridle rein.
13150	supper table	supper	table	3.900000	1.595130	4.000000	1.632990	He left the supper table early, so that he might put in a good hour at the desperate gymnastics up the Roehampton Road before it would be time to come back for locking up.
13151	supper table	supper	table	2.500000	2.068280	4.500000	1.581140	Again I sat at the supper table, but could not smile with the rest.
13152	supper table	supper	table	3.100000	1.595130	4.600000	1.264910	He died on 3 December 1963 one week later while sitting at the supper table... by simply falling over in his plate.
13153	supper table	supper	table	3.700000	1.567020	4.700000	0.483046	And a very...... she placed upon the dresser the last dish which had been used at the supper table, which she neatly wiped down and set against the wall.
13154	supper table	supper	table	2.800000	2.043960	4.800000	0.421637	He had only to look inquiringly at the supper table, and the lady of whatever house he found himself in that night would feed him generous scraps.
13155	supper table	supper	table	3.400000	1.712700	4.800000	0.421637	It needed no Happy Jack, with his foreboding nature, to point out the unpleasant possibilities that night when the committee of two made their informal report at the supper table.
13156	supper table	supper	table	2.700000	2.406010	4.900000	0.316228	I 've been watching you at the supper table for some time now.
13157	supper table	supper	table	3.900000	1.286680	4.900000	0.316228	' I told you the supper tables stood ready all the evening, ' said the girl, sinking her voice; ' and -- it was plain -- now -- what he had found there. '
13158	supper table	supper	table	2.900000	2.330950	5.000000	0.000000	She found her seat at the supper table and ate quietly, hoping that her family would n't notice that she was acting weird.
13159	supper time	supper	time	4.800000	0.632456	3.200000	1.932180	Just before supper time Mrs. Coolidge went into the kitchen to help Aunt Aurora Pierce, the housekeeper, prepare the meal.
13160	supper time	supper	time	3.666670	2.061550	3.555560	1.810460	He eats soooooo slowly like someone off of master chef sampling cuisine.. he then eats half then leaves half for supper time snack.
13161	supper time	supper	time	4.100000	1.197220	3.600000	1.577620	If you choose to measure the fields (or have them measured for you ) the readings should be taken at a time of peak power usage - around supper time is best.
13162	supper time	supper	time	3.900000	1.663330	3.600000	1.837870	It is very pleasant to push the boat ashore in one of these coves, for in the little ravines that lead down to them there are crowds of ferns and wild flowers, and there will be just the place for a little feast at supper time.
13163	supper time	supper	time	3.900000	1.911950	3.700000	1.567020	There is a choice of food provided and generally most people were satisfied with the quality, additional choice may be required at supper time.
13164	supper time	supper	time	4.000000	1.054090	3.800000	1.316560	By supper time a fairly able storm had developed and promised to develop still more.
13165	supper time	supper	time	4.600000	0.516398	3.800000	1.813530	"said Mr. Carter when supper time came and he did not arrive. """
13166	supper time	supper	time	4.000000	1.563470	4.000000	1.333330	I have an extra 2 -3 units of NovoRapid at tea time (around 7:30 7:30 - 8 p.m. ) to cover my supper - that 's the theory anyway and avoids yet another injection at supper time, 5 a day is plenty already thanks very much!
13167	supper time	supper	time	4.300000	1.567020	4.100000	1.286680	As she was partial to a glass of wine at supper time she was not naturally drawn towards abstention but prolonged exposure to the teetotallers convinced her that it was the way forward.
13168	supper time	supper	time	4.900000	0.316228	4.400000	1.074970	At supper time they went into a car ahead, where Frank ate with his accustomed appetite and Nora pecked daintily at the cold chicken.
13169	surface area	surface	area	3.200000	1.549190	3.000000	1.885620	The Sea Surface Temperature anomalies of the East Pacific Ocean, or approximately 33% of the surface area of the global oceans, have shown little to no long-term warming since 1982 based on the linear trend.
13170	surface area	surface	area	4.100000	0.994429	4.100000	0.994429	Curtiss --  (Glenn H. Curtiss, operator ) --  plane length 25 feet, extreme breadth 26 feet, surface area 130 square feet, Curtiss 8-cylinder, 60 h. p. motor, Paragon propeller, 7 feet in diameter, 1,200 r. p. m.
13171	surface area	surface	area	4.200000	0.918937	4.100000	1.100500	The effect of the presence of the beam was to reduce the surface area of the pipe deck on which the container could safely be landed to approximately 9 feet.
13172	surface area	surface	area	3.900000	1.663330	4.100000	1.286680	"Then the binding force, says Mr. Coues, can not be the pressure of the atmosphere; for if so, "" the external pressure would be in proportion to the surface exposed, - to the surface area of the sphere. """
13173	surface area	surface	area	4.200000	1.475730	4.100000	1.663330	"Prof. Hitchcock also points out that the surface area of the very first period outlined the shape of the continent. """
13174	surface area	surface	area	4.200000	0.788811	4.200000	1.316560	The number concentration of the atmospheric aerosol is usually dominated by sub-micrometer particles, while the total particle surface area and volume (and thus mass ) are more influenced by larger particles.
13175	surface area	surface	area	4.300000	1.636390	4.400000	1.577620	Pond Size, Depth and Configuration - Determining adequate pond surface area and depth are often a function of volumes of water necessary to meet usage needs such as livestock watering, irrigation, or fire protection.
13176	surface area	surface	area	3.600000	1.776390	4.800000	0.421637	Italy, with a surface area one-half that of France, has but a quarter of the extent of the good roads.
13177	surface area	surface	area	4.200000	1.032800	5.000000	0.000000	Example Ad: CABESTANY - This beautiful plot of building land offers more than 1040 m Â² of surface area and it has great location in a well sought area near Cabestany.
13178	surface water	surface	water	3.900000	1.449140	3.800000	2.043960	"If the total loss of weight on drying was 8 per cent, then the "" surface water "" on the surface of the sand grains is 7 per cent of the weight of the sand."
13179	surface water	surface	water	3.100000	1.969210	4.000000	1.763830	Catch-water drains, made so as to intercept a flow of surface water, have been in use from immemorial time, and are described by the earliest writers.
13180	surface water	surface	water	4.444440	0.726483	4.333330	1.118030	Nobody at the moment has a system in place to warn about surface water flooding other than in a very general way to say that there is going to be a lot of water and we could find some surface water flooding.
13181	surface water	surface	water	3.900000	1.663330	4.600000	0.699206	Billions of gallons of untreated human wastewater enter U.S. surface waters annually.
13182	surface water	surface	water	4.000000	1.490710	4.600000	0.699206	What I should have said was that our last property had separate sewers (not drains ) for foul water and surface water.
13183	surface water	surface	water	3.500000	1.715940	4.600000	0.966092	bank the surface water is brackish and the deeper water is frankly salt.
13184	surface water	surface	water	4.700000	0.483046	4.700000	0.483046	When disease causing organisms such as bacteria and viruses get into surface water, they can spread dysentery, hepatitis, and other diseases.
13185	surface water	surface	water	4.200000	1.619330	4.700000	0.674949	It would be out of the question in...... unpaved, to establish any system which should include in its working the removal of surface water.
13186	surface water	surface	water	4.100000	1.286680	4.800000	0.421637	They have been drunk up...... tendency of the surface water is constantly to percolate through the soil of the land or sea-bottom, and thence through the rocks, downward towards the centre of the earth.
13187	surface water	surface	water	4.600000	0.843274	5.000000	0.000000	As a result, upwelling is enhanced along the coast of South America, contributing to colder than normal surface waters over the eastern tropical Pacific and warmer than normal surface waters in the western tropical Pacific.
13188	tea service	tea	service	4.400000	1.577620	1.200000	1.135290	My mother owned three sets of tea service made of fine English bone china.
13189	tea service	tea	service	2.900000	2.378140	1.400000	1.776390	In the compartments of the safe were a magnificent solid silver tea service and other silver nieces, in all 32, and a large pile of private papers, including insurance policies.
13190	tea service	tea	service	3.400000	2.011080	1.600000	2.221110	Entitled ' Cooks and Campaigners ', it displayed posters (from a collection of over 950 dating from the late 19 c and 20 c ), magazines, letters, photographs, recipes, a tea service and much else.
13191	tea service	tea	service	4.000000	1.632990	2.100000	1.663330	DISCOVERED......, three-cornered cloth on her head, with a salver in her hand, on which is a tea service for one, is about to go out C. HORST, opening the side door, C., cautiously.
13192	tea service	tea	service	3.800000	1.475730	2.100000	1.969210	There was also a comprehensive Fitness center and the Spas very own private sun terrace with tea service was on offer there.
13193	tea service	tea	service	3.800000	1.475730	2.300000	1.946510	Hence a tea service, to be successful, must be convenient, and must derive its chief beauty from the symmetry...... to have our tea-pots donbled in value by having a beautiful picture chased upon them of a scene in the tea country.
13194	tea service	tea	service	3.600000	1.897370	2.500000	1.840890	He at once bought a duplicate set and added a silver tea service.
13195	tea service	tea	service	3.600000	1.505550	2.700000	2.110820	The BUTLER enters with tea service --  lighted lamp, etc., which he puts on the table and goes out.
13196	tea service	tea	service	4.500000	0.707107	3.100000	2.183270	I spend many a morning with my laptop working at Quills, drinking China Black Tea from their beautiful little tea service and enjoying a banana chocolate chip muffin.
13197	tea service	tea	service	3.000000	2.000000	3.400000	2.170510	""" ) As I waited on our Savior to arrive, I sorted through a stack of mail that Laquitia had left for me next to the tea service."
13198	tea time	tea	time	2.900000	2.183270	2.600000	1.955050	At their usual tea time, Mr. Hayden, accompanied by Mr. Reade, came in, and all were presently called to the dining room.
13199	tea time	tea	time	3.300000	1.418140	3.200000	2.043960	If you know a little bit about Turkish tea and coffee culture, you 'll know that the English are n't the only ones who enjoy afternoon tea time.
13200	tea time	tea	time	3.800000	1.549190	3.700000	1.418140	"In Turkey, "" tea time "" is between 3:00 3:00 and 5:00 5:00 pm, and the best part is that tea and coffee are rarely consumed alone, especially when guests are invited."
13201	tea time	tea	time	2.600000	2.170510	3.700000	2.002780	Stefan in the bar, Gess in the restaurant, Vic at the excursions desks and Sanjay at tea time.
13202	tea time	tea	time	3.500000	2.121320	4.100000	0.994429	Detarmination was written in ivry face -- th ' detarmination to go on at anny risk till tea time.
13203	tea time	tea	time	2.600000	2.118700	4.200000	1.619330	There is a choice of cooked breakfast or cereals and a choice of two meals at both lunchtime and tea time.
13204	tea time	tea	time	2.800000	1.398410	4.300000	1.059350	The impracticable view seems to be, that it is tea time and I ought to go home. '
13205	tea time	tea	time	1.800000	1.686550	4.400000	0.699206	We have only had a few snacks to eat in there, but they do a great looking three course lunch and tea time special.
13206	tea time	tea	time	3.300000	2.162820	4.700000	0.674949	It was tea time when we had...... soon after.
13207	tea time	tea	time	3.400000	1.712700	4.700000	0.674949	No one was missing from that boating excursion, and on their return, a little before tea time, all spoke of having had a most enjoyable afternoon.
13208	telegraph office	telegraph	office	2.600000	1.955050	3.500000	1.900290	There was a curious situation in 1900 when the seven post of fines at the International Exhibition were temporarily allotted telegraph office numbers from 10 to 16, numbers which were being used at the same time by the normal Paris post of fices 10 to 16.
13209	telegraph office	telegraph	office	3.000000	1.490710	3.600000	1.264910	As fate would have it, Uncle Charlie Oakley (Joseph Cotten ) is already on his way to his sister 's home when Charlotte rushes to the telegraph office to invite him.
13210	telegraph office	telegraph	office	2.100000	2.330950	3.600000	2.011080	The party separated about 4 P. M., the others to go to the dinner table, and myself to go to the railroad station and the telegraph office.
13211	telegraph office	telegraph	office	3.000000	2.108190	3.800000	1.686550	""" No, I do n't know them, "" is the prompt reply, "" but I was in the telegraph office yesterday, and saw your acceptance when it arrived. """
13212	telegraph office	telegraph	office	3.700000	1.567020	4.200000	1.316560	Ah Cum went directly to the telegraph office, and his message was devoted particularly to a description of The Tigress.
13213	telegraph office	telegraph	office	3.500000	1.354010	4.300000	0.948683	Therefore sophisticated persons were not surprised to learn that while riots and rebellious outbursts occurred generally throughout Athens last week they were most frequent near the central telegraph office.
13214	telegraph office	telegraph	office	2.700000	2.110820	4.300000	1.251670	It has a station on the L. & S.W.R., 156 miles from London, and a post, money order, and telegraph office.
13215	telegraph office	telegraph	office	2.700000	2.311810	4.500000	0.707107	It has a station on the South Wales branch of the G.W.R. and a post, money order, and telegraph office.
13216	telegraph office	telegraph	office	3.100000	2.131770	4.500000	1.080120	There is a post, money order, and telegraph office.
13217	telegraph office	telegraph	office	3.300000	2.110820	4.600000	0.516398	It has cost me how many journeying to Washington, how many hot midnights at the telegraph office, how many gallops into wild places, and how much revolting familiarity with blood.
13218	temperature curve	temperature	curve	4.000000	1.632990	2.100000	1.523880	"There 's always the time / temperature curve that firefighters have to consider when making a decision on how far to advance into a burning building, Castro said, and the absence of any "" pre-fire intell "" like inspections or pre-planned responses or building schematics."
13219	temperature curve	temperature	curve	3.800000	1.549190	2.500000	1.840890	You may find it useful to record the amount of leachate produced by each system, for comparison with initial moisture content, temperature curves, or other variables.
13220	temperature curve	temperature	curve	3.900000	2.079000	2.600000	2.118700	There was no significant difference in the temperature curves or in the chemical analyses of the material at different intervals during the composting period.
13221	temperature curve	temperature	curve	4.700000	0.483046	2.900000	1.969210	Plot the temperature curves for Oswego and I thaca (use about three // small squares for each degree ).
13222	temperature curve	temperature	curve	4.300000	1.059350	2.900000	2.131770	NOAA, however, and Hansen 's other temperature curves show a non-existent late twentieth century warming in that time slot.
13223	temperature curve	temperature	curve	4.100000	1.911950	3.200000	2.097620	She shows the ice core temperature curves for the past 400,000 years and says to notice the sudden jagged lurches up and down.
13224	temperature curve	temperature	curve	4.300000	1.567020	3.200000	2.201010	Structural observations must be made, and if the results are not in accordance with the temperature curves the work requires revision.
13225	tennis shoe	tennis	shoe	3.200000	1.873800	4.200000	1.619330	It is a pair of new tennis shoes, the first harvest of dandelions for Grandfather 's renowned intoxicant, the distant clang of the trolley bell on a hazy afternoon.
13226	tennis shoe	tennis	shoe	2.000000	1.490710	4.500000	0.849837	Although I love my 80 's runners, classic tennis shoes or heartbreakingly PU-soled Trimm Trab / Munchen style of trainer - nothing comes close to the look of a simple, flat-soled suede trainer, especially if it 's in a particularly striking combination of colours.
13227	tennis shoe	tennis	shoe	3.400000	2.170510	4.500000	1.581140	The hall was uncarpeted, but the tennis shoes she wore made no sound, nor did the door of her bedroom when she pushed it open.
13228	tennis shoe	tennis	shoe	2.300000	2.213590	4.600000	0.966092	p. 77 JOHNNY WHITE rising to his knees and seeming to paddle with his racquet at the tennis shoes in her hand.
13229	tennis shoe	tennis	shoe	3.400000	1.505550	4.700000	0.674949	With a lighter construction than most tennis shoes, you 'll be able to maneuver around the tennis courts very easily.
13230	tennis shoe	tennis	shoe	3.400000	1.712700	4.900000	0.316228	She was a big, husky girl in a short white silk sports dress, flat white tennis shoes, rolled down socks and a beret in her hand.
13231	tennis shoe	tennis	shoe	3.000000	2.054800	5.000000	0.000000	CosmoLava does not allow any athletic gear, hats, tennis shoes, shorts or flip-flops.
13232	ticket barrier	ticket	barrier	3.555560	1.424000	3.888890	1.763830	Surely this is really a case that there is bad programming in the ticket barriers and the railway company spokesperson is trying to justify his mistake by hiding behind unfair conditions and terms of service.
13233	ticket barrier	ticket	barrier	3.400000	1.712700	3.900000	1.449140	There are also ticket barriers to go through where you have to put your ticket in the machine to get through, and posters of either advertising, or maps to help you plan your journey.
13234	ticket barrier	ticket	barrier	4.000000	1.154700	4.300000	1.636390	Additional ticket barriers have been installed at King 's Cross as part of the station 's redevelopment.
13235	ticket barrier	ticket	barrier	4.300000	1.337490	4.600000	0.966092	There 's the usual collection of shops, and a ticket barrier that sometimes works and sometimes does n't, but there are plenty of staff about to help out if you need anything.
13236	ticket barrier	ticket	barrier	2.900000	1.595130	4.800000	0.421637	He was said to be wearing a bulky jacket, that he vaulted over the ticket barrier and that he ran in spite of police warnings.
13237	ticket machine	ticket	machine	3.800000	1.873800	4.200000	1.619330	It is reasonable to expect ticket machines to be working, they were not.
13238	ticket machine	ticket	machine	4.000000	1.699670	4.600000	0.516398	The saga began when Laura was unable to find a working ticket machine at a multi-storey car park in Stroud, Glos.
13239	ticket machine	ticket	machine	4.700000	0.483046	4.600000	0.699206	4.2 The implementation of the proposals for on and off street parking will require Traffic Regulation Orders to be made and will incur costs to alter the ticket machines, car park tariff boards and the signs at the entry to the City Centre Controlled Parking Zone.
13240	ticket machine	ticket	machine	4.400000	1.264910	4.600000	0.966092	Those who do not understand Japanese can easily buy tickets with touch-screen ticket machines, which have an English display option.
13241	ticket machine	ticket	machine	4.400000	1.264910	4.800000	0.421637	I have never had a problem with my card not working and so it seems like a very efficient system - and it saves you queuing at the ticket machines!
13242	time scale	time	scale	3.700000	1.567020	1.600000	1.955050	They formed festoons, remained motionless for twenty-four hours, and after a time scales of wax appeared.
13243	time scale	time	scale	4.800000	0.632456	2.300000	1.946510	"This well-known fact, that we can not measure dreams by our time scale, proves that subjective time does not correspond with objective, and that the "" dream organ "" of consciousness has a time scale of its own."
13244	time scale	time	scale	4.400000	1.577620	2.500000	1.840890	Hasheesh dreams, because they so often occur during some momentary lapse from normal consciousness and are therefore measurable by its time scale, are particularly rich in the evidence of the looping of time.
13245	time scale	time	scale	4.100000	1.595130	2.700000	1.702940	Where chronologies of dead and sub-fossil wood can be constructed, the time scale may potentially be increased to cover the whole of the Holocene.
13246	time scale	time	scale	4.400000	1.074970	3.100000	1.370320	The solvent quality has a dramatic effect on the time scales in which pPA 12 - mers fold.
13247	time scale	time	scale	3.800000	1.398410	3.100000	2.282790	On a much larger time scale, you can practice rescheduling conflicts so that you can better prepare for them.
13248	time scale	time	scale	4.400000	1.264910	3.200000	1.229270	""" Now the time scale we have to work on is lengthened."
13249	time scale	time	scale	4.100000	1.595130	3.200000	2.097620	Previous time scales unmet 01 May 2005, 01 February 2006 & May 2006 01 September 2006 Timescale for action 01 / 01 / 07 2 YA 6 15 (2 ) (b ) 01 / 01 / 07 Laurels, The DS 0000033658.
13250	tin plate	tin	plate	2.900000	2.079000	2.000000	2.108190	He is recorded here, in a trade directory of 1828 / 29, as being at 105 Walsall Street and as being a japanner and tin plate worker.
13251	tin plate	tin	plate	4.500000	1.269300	3.000000	2.260780	There is also a selection of old tin plate cars and toys available.
13252	tin plate	tin	plate	3.300000	2.359380	3.000000	2.309400	During his four years at Melyn he studied the processes, working methods, and ways of financing the tin plate trade, and he made contacts with important ironmasters and coal owners.
13253	tin plate	tin	plate	4.300000	1.567020	3.300000	2.057510	There is background music which sounds like someone hitting a dustbin with a tin plate, and sometimes one of the only two characters says something like.
13254	tin plate	tin	plate	4.111110	1.615890	3.888890	1.269300	It made sense to concentrate on tough pig iron, convertible into best merchant bar at the forge, and also suitable for making tin plate.
13255	tin plate	tin	plate	3.600000	1.837870	3.900000	1.663330	"Better draw up, pardner, "" he...... "" One of the thin slices of bacon and a hard biscuit were waiting for him on a tin plate."
13256	tin plate	tin	plate	4.600000	0.516398	4.200000	1.229270	Just why we should divert labor to the production of jute or tin plate for which we should have to pay more than we pay now has not been revealed except to the protectionists of the thirty-third degree.
13257	tin plate	tin	plate	3.300000	1.766980	4.200000	1.229270	MILLIE by this time has made all the dough into little loaves on a tin plate, and she now takes the plate to ANN.
13258	tin plate	tin	plate	4.400000	1.264910	4.500000	0.707107	The Committee of Ways and Means put tin plates on the free list upon the sordid and prosaic ground that the duty which enhanced the price of tin plates to the consumer was not needed for revenue and.......
13259	tin plate	tin	plate	4.800000	0.421637	4.700000	0.674949	In our hands we carry a tin plate, whereon we bring back a piece of bread (sour and tough most likely ), and a cup.
13260	tissue paper	tissue	paper	3.600000	1.776390	3.300000	1.946510	You wo n't believe how easy these beautiful tissue paper flowers are to make.
13261	tissue paper	tissue	paper	3.700000	1.418140	3.700000	1.636390	The package contained the baby 's lace cap, and in a small piece of white tissue paper, a little flat golden clasp for the arm of a child.
13262	tissue paper	tissue	paper	3.800000	1.549190	3.700000	1.946510	Then they can find rocks outside and glue pieces of green tissue paper to them.
13263	tissue paper	tissue	paper	3.000000	2.000000	3.900000	1.595130	Crosses, C. Holding the tissue paper up before his eyes.
13264	tissue paper	tissue	paper	3.500000	1.900290	4.100000	1.595130	Gift-packaged items will be placed in tissue paper in a gift box with a box wrap.
13265	tissue paper	tissue	paper	4.000000	1.333330	4.300000	1.337490	Rub this over the glass, and, when dry, remove the whiting with a soft cloth, and polish with tissue paper.
13266	tissue paper	tissue	paper	4.500000	1.269300	4.300000	1.567020	Use one large piece of white tissue paper folded in half.
13267	tissue paper	tissue	paper	4.400000	1.577620	4.600000	1.264910	It is made by cutting out the Arrow of Light symbol from the side of a large cardboard box and pasting yellow tissue paper behind the cutout section.
13268	tissue paper	tissue	paper	2.900000	2.131770	4.700000	0.483046	As Dick spoke he brought into view a fair-sized package wrapped in tissue paper.
13269	tissue paper	tissue	paper	4.300000	0.823273	4.700000	0.674949	Flying-kites and tissue paper balloons were articles that I was somewhat famed for producing.
13270	toilet paper	toilet	paper	3.200000	2.097620	3.700000	1.636390	They were very clean despite a lot of rain, and we 're well stocked with toilet paper and liquid soap.
13271	toilet paper	toilet	paper	3.800000	1.873800	3.700000	2.002780	- that would have been kitschy in the 1950 s, and when the plane took off the bathroom door flew open and a roll of toilet paper danced jauntily down the centre aisle, much to our amusement.
13272	toilet paper	toilet	paper	3.500000	2.068280	4.300000	0.948683	The respondent was a dealer in paper bags and toilet papers, and pro ceeded to do business under the same name.
13273	toilet paper	toilet	paper	3.900000	1.523880	4.300000	1.251670	This prevents your child from unrolling the toilet paper so easily.
13274	toilet paper	toilet	paper	2.900000	1.969210	4.400000	0.699206	A tip to reduce vaginal yeast infection is to wipe away from the vagina with toilet paper while cleaning the area when visiting the ladies room.
13275	toilet paper	toilet	paper	4.200000	1.686550	4.500000	0.849837	Lovely Cusarare Canyon near Creel, home of Eared Quetzals, Mountain Trogons and Rufous-capped Brush-Finches, was packed with about 300 people on Saturday; bathroom facilities are non-existent, so there were piles of feces and toilet paper all over.
13276	tool box	tool	box	2.700000	2.451760	2.000000	2.211080	If you adjust your attitude and stance to the dog, and keep your tool box of techniques full, you 'll do fine.
13277	tool box	tool	box	3.000000	2.054800	2.700000	1.766980	"If I right-click the text there is no "" properties "" option, which is how I 'd set the defaults for the text tool box."
13278	tool box	tool	box	3.100000	1.852930	2.700000	1.946510	"In an effort to broaden what is often referred to as the "" prevention tool box, "" researchers, activists, and HIV positive people have increasingly focused on biomedical prevention efforts such as topical microbicides and pre-exposure prophylaxis (PrEP )."
13279	tool box	tool	box	3.900000	1.852930	3.900000	1.449140	Before handing over the keys to the Council we gathered together ALL THE OLD WOODEN MOULDING, ROUTERS & ROUND BOTTOMED PLANES together with old cramps and other equipment and packed the small pieces in old chest-style tool boxes.
13280	tool box	tool	box	4.200000	1.135290	4.000000	1.333330	Was introduced to a wonderful product called Loctite, when the transmission fell out of my Volvo, and a tube remains in my tool box to this day.
13281	tool box	tool	box	4.600000	1.264910	4.400000	1.577620	He looked in the tool box, found a set, and put them on.
13282	tool box	tool	box	4.100000	1.449140	4.500000	0.707107	Then...... of the baggage and worked with a will, while the doctor held a screw driver he had fished out of a tool box.
13283	tool box	tool	box	4.100000	1.728840	4.800000	0.421637	Passengers had broken the tool boxes and were fighting the spreading flames with hand grenades and portable extinguishers.
13284	town house	town	house	4.000000	0.816497	4.300000	1.567020	Situated on Salisbury Road, one of the most sought after locations in Worcester Park, this gated development is comprises a selection of 4 and 5 bedroom town houses priced from Â£480,000.
13285	town house	town	house	3.000000	1.632990	4.500000	0.849837	A charming typical mallorcan town house sympathetically converted into a family run B & B. We slept extremely well and found our stay deeply relaxing.
13286	town house	town	house	2.300000	1.828780	4.700000	0.674949	"I presume a limn who has a town house which is usually vacant semis a crank to hint. """
13287	town house	town	house	2.200000	1.751190	4.800000	0.421637	It flamed high upward, and threw a ruddy light over the front of the town house, on which was displayed a carved representation of the royal arms.
13288	town house	town	house	1.700000	1.946510	4.800000	0.632456	"Being a man who "" lived for power, "" the probable unpresentableness of Maud in a town house would have been a constant thorn in his flesh."
13289	town house	town	house	1.800000	1.813530	4.900000	0.316228	From 1801 -1813, Robert Sewall leased his town house -- the Sewall House -- to the man who became its most notable resident, Albert Gallatin.
13290	town house	town	house	1.800000	1.932180	4.900000	0.316228	"And yet it looked very little like our breakfast-room, --  though that stream of sunlight was certainly "" heartsome, "" as we remarked to each other, and fairer than had ever entered our town house. """
13291	town house	town	house	3.400000	1.349900	4.900000	0.316228	He once came and invited me to go with him and spend the evening with the Earl of Warwick at his town house.
13292	town house	town	house	3.700000	1.494430	5.000000	0.000000	CERANS FOULLETOURTE (SARTHE, PAYS DE LA LOIRE ) Spacious and bright town house with a garden.
13293	town house	town	house	1.900000	2.079000	5.000000	0.000000	Doncaster Road, Wakefield Large 4 bed Victorian town house, Flexible furnished accommodation suitable for a family, couples or 4 people sharing 2 bathrooms, living room and fitted / equipped kitchen En...
13294	trade company	trade	company	3.700000	1.636390	3.700000	1.828780	Fully committed fair trade companies including Equal Exchange, Cooperative Coffees, Theo Chocolate and Dr.
13295	trade company	trade	company	3.300000	2.110820	3.900000	1.911950	I would like to once again confirm that the organization of the European Dog Show 2008 is proceeding very well; there is already a huge interest from exhibitors, guests and trade companies.
13296	trade company	trade	company	3.600000	1.505550	4.000000	1.333330	They have an enviable client base which includes trade companies, industrial, contracting, installation and maintenance.
13297	trade company	trade	company	3.500000	2.013840	4.300000	1.337490	I know of several small engineering and motor trade companies that have received threatening nastygrams from the PRS lawyers in the last couple of years.
13298	trade company	trade	company	4.800000	0.632456	4.800000	0.421637	We probably do all contract work a little differently from most of the other trade companies you deal with!
13299	trade company	trade	company	4.000000	1.632990	4.900000	0.316228	The trade companies which vindicated civic freedom from the tyranny of the older merchant gilds themselves tended to become a narrow and exclusive oligarchy.
13300	tree surgery	tree	surgery	3.600000	1.955050	1.600000	1.776390	They are veterans which, with props and bandages, are saved by the most wonderful tree surgery.
13301	tree surgery	tree	surgery	4.400000	1.577620	1.700000	2.002780	We have over 27 years of tree surgery expertise and aim to resolve any issues you may have as quickly as possible.
13302	tree surgery	tree	surgery	4.700000	0.674949	1.900000	1.663330	There is only one number to call 07759311802 (Also listed in Agriculture Directory ) Tree surgeons Broadacre Tree Service We are a tree surgery and woodland management company based in Telford.
13303	tree surgery	tree	surgery	4.500000	0.707107	2.300000	1.494430	We specialise in all aspects of tree surgery and arboricultral consultancy.
13304	tree surgery	tree	surgery	4.600000	0.699206	2.400000	1.646550	You can prevent damage to your house and avoid struggles with the insurance company with professional tree surgery in Cardiff.
13305	tree surgery	tree	surgery	4.100000	1.728840	2.800000	2.097620	We are fully qualified and fully insured and offer a wide range of services including hard landscaping, garden maintenance, tree surgery and grounds maintenence.
13306	tree surgery	tree	surgery	3.900000	2.079000	3.000000	1.943650	"But Martin L. Davey it is who cultivated to many-branched, nationwide spread the company planted in 1908 at Kent, Ohio, by the late John Davey, their father and "" the father of tree surgery. """
13307	turmeric paper	turmeric	paper	3.100000	1.791960	3.600000	1.712700	[Dipped in an alkaline solution so weak as not to affect turmeric paper, it assumes a bright green color.
13308	turmeric paper	turmeric	paper	2.500000	2.068280	3.900000	1.595130	The turning of the machine caused the corners of the piece of turmeric paper opposite to the point to turn brown, thus declaring the presence of alkali.
13309	turmeric paper	turmeric	paper	3.700000	2.002780	4.100000	1.523880	It is not, like turmeric paper, affected by boracic acid.
13310	turmeric paper	turmeric	paper	3.600000	2.118700	4.100000	1.663330	Faraday steeped a piece of litmus paper and a piece of turmeric paper in a solution of sulphate of soda: placing each of them upon a separate plate of glass, he connected them together by means of a string moistened with the same solution.
13311	turmeric paper	turmeric	paper	3.600000	1.897370	4.200000	1.316560	He then placed a series of pointed pieces of paper, each separate piece being composed of two halves, one of litmus and the other of turmeric paper, and all moistened with sulphate of soda, in the line of the current from the machine.
13312	turmeric paper	turmeric	paper	3.300000	1.946510	4.500000	0.707107	I filled the two gold cones with water in the usual manner; that negatively electrified, soon attained the maximum of its effect upon turmeric paper.
13313	unit area	unit	area	2.400000	1.897370	3.000000	2.054800	"Let the women of a state or other unit area take charge of prohibition enforcement, "" she urged President Harding. """
13314	unit area	unit	area	4.000000	1.699670	3.100000	2.233580	The constant defines the power per unit area emitted by a black body as a function of its thermodynamic temperature.
13315	unit area	unit	area	2.100000	1.791960	3.400000	1.776390	However, for the gas business the unit area used is the square inch.
13316	unit area	unit	area	2.200000	1.398410	3.600000	1.429840	The problem is evidently one of mechanics, and the pressure exerted by the gas is to be found by computing the change of momentum per unit time and per unit area of the atoms striking the walls of the enclosure.
13317	unit area	unit	area	2.900000	1.523880	3.700000	1.567020	Due to their early stage of development, they typically emit less light per unit area than inorganic solid-state based LED point-light sources.
13318	unit area	unit	area	3.200000	1.813530	4.500000	0.971825	The reconstruction cost equals the total deck area multiplied by the cost per unit area.
13319	unit area	unit	area	3.900000	0.994429	4.800000	0.421637	Stress has units of force per unit area, the same as pressure.
13320	unit length	unit	length	2.900000	2.024850	3.100000	2.079000	It takes 0.5 grams of DNA to make 256 strands of 1,000 - unit length.
13321	unit length	unit	length	2.100000	1.911950	3.800000	1.475730	In general, a short spark gap, has a larger conductivity per unit length than a long one...... than a single one of a length equal to the sung of the lengths of the shorter gaps.
13322	unit length	unit	length	3.300000	2.057510	3.800000	1.813530	--  UNIT CURRENT is that which in a wire of unit length, bent so as to form an arc of a circle of unit radius, would act upon a unit pole at the centre of the circle with unit force.
13323	unit length	unit	length	3.111110	1.964970	4.000000	1.581140	We first normalize each post memotype to unit length; this amounts to discarding text length information and representing only the relative strength of each meme within a text.
13324	unit length	unit	length	3.300000	1.888560	4.000000	1.699670	The first two components describe a unit length direction vector (also called a normal, sometimes ), the third represents the distance from the plane to the origin The normals point inwards so that everything inside the screen is a positive distance to each plane...
13325	unit length	unit	length	4.700000	0.483046	4.200000	1.549190	There is a two-dimensional analog of pressure -- the lateral force per unit length applied on a line perpendicular to the force.
13326	unit length	unit	length	3.800000	1.135290	4.800000	0.421637	Calculate the wave velocity on this cable in cm / nanosecond; also the inductance and capacitance per unit length of the cable.
13327	unit time	unit	time	4.000000	1.247220	3.100000	1.663330	We characterize the brightness of an object as some number of photons being collected per unit area per unit time.
13328	unit time	unit	time	2.900000	1.791960	3.500000	1.433720	metre / secondNotice that units for Kinematic Viscosity are Area / unit time, and these same units are used to measure Thermal Diffusivity FLUIDITY The measure of the fluidity of a substance is given by the reciprocal of its dynamic viscosity.
13329	unit time	unit	time	2.800000	2.201010	4.000000	1.885620	"Kimball also states and explains the second law: "" With increasing numbers the unit time tends to approach the actual operation time as a limit."
13330	unit time	unit	time	2.800000	1.813530	4.100000	1.595130	It gave you many accesses per unit time, as many as the PDP -6 could handle.
13331	unit time	unit	time	4.000000	1.414210	4.500000	0.527046	Let 's consider the spatial frequency F (which is defined as the number of cycles per unit distance ) rather than temporal frequency (number of cycles per unit time ).
13332	unit time	unit	time	3.300000	2.002780	4.500000	0.971825	We saw that there is a relationship between the temperature of a black body emitter and the amount of energy per unit area per unit time,, it emits.
13333	unit time	unit	time	4.500000	0.849837	4.600000	0.843274	The problem is evidently one of mechanics, and the pressure exerted by the gas is to be found by computing the change of momentum per unit time and per unit area of the atoms striking the walls of the enclosure.
13334	university student	university	student	4.100000	1.595130	4.300000	1.567020	New research shows two-thirds of Australian university students live below the poverty line and financial stress is on the rise.
13335	university student	university	student	3.700000	1.766980	4.500000	0.849837	In the present condition of our colleges, we can not hope to create the habit of passing from one seat of learning to...... has such a beneficial effect on the university students of that country.
13336	university student	university	student	3.800000	1.686550	4.700000	0.483046	the ' live ' method of attacking a subject and of...... especially to those of us in England who have to deal With the newer type of university student.
13337	university student	university	student	4.100000	1.595130	4.800000	0.421637	""" We 're here to think outside the box, "" Barzun said to an assembled group of about 15 Swedish high school and university students, all dressed like they had been posing for a Calvin Klein ad...."
13338	university student	university	student	3.900000	1.852930	4.800000	0.421637	SIFE UK has been established for 10 years with an estimated 2,500 university students taking part in the programme each year, making it the largest university enterprise competition in the UK.
13339	university student	university	student	4.600000	0.699206	4.900000	0.316228	The parents of most university students were not alive when there was no Jewish state.
13340	university student	university	student	4.600000	1.264910	4.900000	0.316228	The city has reason to be grateful for a collection that will mean much to specialists, university students, and the many with a natural interest in the early history of American races.
13341	university student	university	student	4.900000	0.316228	4.900000	0.316228	There is no possible way of making college students or university students good.
13342	university student	university	student	4.800000	0.421637	4.900000	0.316228	Why have the German university students been so turbulent, so insolent in their treatment of the town's-people, or Philisters, as they term them, and so much inclined to political conspiracies or reforms?
13343	university student	university	student	4.300000	1.636390	5.000000	0.000000	guardian.co.uk - Anti-terror raids: university students feared man had bomb in backpack - Shuja Khan, a fellow Pakistani PhD student visiting from Leicester University, agreed that the raids would put off overseas students from coming to the UK...
13344	vacuum tube	vacuum	tube	3.600000	1.955050	3.900000	1.911950	If the vacuum vessel containing a liquefied gas be kept in a cold medium, and particularly if two vacuum tubes be placed together so that no exposed surface remains, a portion of liquefied air, for example, may be kept almost indefinitely.
13345	vacuum tube	vacuum	tube	4.000000	1.699670	4.100000	1.595130	The project was thought impossible by the management of Bletchley Park, since vacuum tubes were notoriously unreliable, but Flowers was able to show that they would work if the power supplies were never turned off.
13346	vacuum tube	vacuum	tube	4.400000	1.577620	4.300000	1.636390	The transmitter consists of a parabolic reflector, at whose butt end is an enormous vacuum tube.
13347	vacuum tube	vacuum	tube	3.800000	1.873800	4.500000	1.269300	In the period 1948 -55 most computers used thermionic valves (or vacuum tubes ) in their processors.
13348	vacuum tube	vacuum	tube	3.600000	1.646550	4.600000	0.516398	As heavier bolts are needed for flat plates than for vacuum tube panels to take extra wind loading, pilot holes should be drilled in the rafter / noggin below.
13349	vacuum tube	vacuum	tube	3.100000	2.024850	4.600000	0.699206	It covers transmission lines and substrates, production of impedances and resonant circuits, filters, diodes, amplifiers, mixers, ICs, and vacuum tubes.
13350	vacuum tube	vacuum	tube	3.700000	1.828780	4.800000	0.421637	* Tube-driven VOX Valve Reactor circuit uses a 12 AX 7 vacuum tube for true-tube tone
13351	village girl	village	girl	1.700000	2.057510	3.000000	2.581990	"I laughed at one of the village girls who whispered to me with a smile on her face "" it 's going to rain really hard, not a good day for travel ""."
13352	village girl	village	girl	3.500000	1.840890	3.600000	2.011080	"You do n't mean to be such a violent village girl as to cut all your old friends? """
13353	village girl	village	girl	4.200000	1.751190	3.800000	1.751190	She took...... any other of the village girls, and they were much together.
13354	village girl	village	girl	3.900000	1.100500	4.100000	1.911950	"He grabs his translator by the collar (one of the village girls has said: "" He 's tall! "" ) and puts him next to the corn."
13355	village girl	village	girl	2.800000	1.813530	4.300000	1.159500	She is wearing cheap clothes and has the ruddy skin of a village girl.
13356	village girl	village	girl	4.100000	1.197220	4.400000	1.264910	' Act just as you would with any of the village girls, ' said Mr. Mohun. '
13357	village girl	village	girl	3.600000	1.505550	4.600000	0.699206	"how well she remembered him as he looked that very day --  so handsome, so splendidly dressed, so debonair; and how proud she had been to sit by his side that night, observed and envied of all the village girls. """
13358	village girl	village	girl	3.700000	1.828780	4.700000	0.674949	He has given it to a village girl for a kiss!
13359	village girl	village	girl	3.500000	1.649920	4.700000	0.948683	There were reports that men recruited village girls who had completed primary school but were not entering secondary school.
13360	village girl	village	girl	2.900000	1.791960	4.800000	0.421637	It starred Nirmal Pandey as transvestite and Sonali Kulkarni as the stolen village girl.
13361	viscosity work	viscosity	work	2.900000	2.233580	1.400000	1.955050	If a certain brand and viscosity works for you then that 's just fine.
13362	war movie	war	movie	3.300000	1.766980	3.700000	2.002780	Lots of westerns and war movies, some contemporary comedies and thrillers, a couple Kubrick movies, adaptations of G.B. Shaw, Tennesse Williams, and Jules Verne.
13363	war movie	war	movie	3.500000	1.779510	4.300000	1.059350	A film studio executive in Los Angeles and the self-described ' straightest guy on earth, ' he tried to tame TiVo 's gay fixation by recording war movies and other ' guy stuff.
13364	war movie	war	movie	3.700000	1.702940	4.300000	1.337490	PoolMan 's Review: You know, it 's with a deep shame that I own up to not having seen more war movies.
13365	war movie	war	movie	4.000000	1.885620	4.300000	1.494430	"Starring James Garner as a military diver "" Up Periscope "" is one of may war movies which takes us aboard a submarine and into danger...."
13366	war movie	war	movie	4.300000	1.251670	5.000000	0.000000	For the first time ever the film industry has thrown open its archives to create the definitive collection of the greatest war movies ever made!
13367	water surface	water	surface	3.888890	1.615890	3.000000	1.802780	not one to bump messages but wanted to double check that i am not going to have any probs with O 2 if the water surface isnt getting disturbed!
13368	water surface	water	surface	4.300000	1.636390	3.500000	2.223610	For about a thousand years all was stable, with about 19,800 square miles of lake water surface.
13369	water surface	water	surface	4.111110	1.833330	3.666670	1.658310	Lake Calumet is nearly a square mile of water surface, and the entire corridor is ready for ecological protection and recreational expansion.
13370	water surface	water	surface	4.600000	0.843274	3.800000	1.398410	How much, in each case, did the water surface fall before cutting a new beach?
13371	water surface	water	surface	4.500000	1.269300	3.800000	1.686550	They can be quite conspicuous as the GCN often uses leaves near the water surface.
13372	water surface	water	surface	4.100000	1.728840	3.900000	1.728840	"Ice has its grain as well as wood, and when a cake begins to rot or "" comb, "" that is, assume the appearance of honeycomb, whatever may be its position,...... the water surface."
13373	water surface	water	surface	4.800000	0.421637	4.200000	1.229270	duction the Ireland Aircraft company has aimed to meet the requirements of the sportsman and the aerial commuter for a ship easy to handle on water surfaces.
13374	water surface	water	surface	4.800000	0.421637	4.300000	1.059350	On the return voyage I saw about 13, 3 on the water surface and 10 in flight (most passed in front of the ship ).
13375	wave length	wave	length	1.700000	2.110820	1.700000	2.002780	We 're on the same ingredient wave length this week...
13376	wave length	wave	length	3.100000	2.233580	2.200000	2.394440	As a general rule waves start to break at depths of half their wave length.
13377	wave length	wave	length	2.500000	2.321400	2.300000	1.946510	The process could then be reversed, using mono-chromatic x-rays of known wave length to measure the spacing of the planes of atoms in a crystal.
13378	wave length	wave	length	2.100000	2.183270	2.500000	2.273030	You can see wave lengths, wave directions, wave grouping.
13379	wave length	wave	length	3.000000	1.763830	3.200000	1.932180	It is theoretically possible, approximately, t o double this resolving power by using ultraviolet light of short wave length, but this has not so far been accomplished in a practical manner.
13380	wave length	wave	length	2.800000	2.299760	3.800000	1.549190	The accuracy of such a measurement is limited by the wave length of the light illuminating the electron.
13381	wave length	wave	length	2.700000	2.496660	4.000000	1.490710	IDEN A: A single strand of fiber can be lit to 88 100 gigabyte wave lengths..
13382	way station	way	station	1.700000	1.636390	2.600000	1.646550	It served as a way station for Haitian refugees in the 1990 s, there are Jamacian and Filipino guest workers there now.
13383	way station	way	station	1.700000	2.002780	2.800000	1.988860	It was the kind of rented house that people use as a way station, before they move on to a bigger house, or to living in their car underneath the Ventura Freeway.
13384	way station	way	station	1.600000	2.065590	2.900000	1.969210	She ordered them to build there on Mars the first way station for the gold freighters.
13385	way station	way	station	2.100000	1.852930	3.200000	1.932180	It has also served as one of the sinister way stations in America 's global gulag.
13386	way station	way	station	1.500000	1.957890	3.400000	1.837870	And then, even if passengers were picked up in this way, they could not be comfortably tossed off at way stations in the same bags in which they were originally put on board.
13387	way station	way	station	2.000000	1.763830	3.500000	1.509230	"The petrifaction will be carried a little farther than usual, and, when the bell rings and the official calls out, "" Train made up for Babel, Hinnom, and way stations? """
13388	way station	way	station	1.100000	1.449140	3.500000	2.013840	Chicago has two of these, well managed and...... way stations for girls who have been indiscreet, perhaps, but are not reform school cases.
13389	way station	way	station	0.900000	1.370320	3.500000	2.068280	The journey was not a tedious one; the swift train bore them for a couple of hours along one of the Long Island railroads, to a way station...... quiet old house in which they were to spend the honeymoon.
13390	way station	way	station	2.900000	2.233580	3.600000	2.270580	There were various way stations on this road - including Somalia, Sierra Leone, Liberia, Sudan, East Timor and Afghanistan - but the two most influential were undoubtedly the war in Bosnia and the genocide in Rwanda.
13391	way station	way	station	2.100000	1.911950	4.600000	0.516398	but they were not required to stop at the way stations at which the rapid transit trains always stopped.
13392	web conference	web	conference	1.900000	1.852930	4.300000	0.823273	Another side project is Speak the Web, a series of small gig style web conferences.
13393	web conference	web	conference	2.400000	2.011080	4.300000	0.823273	You can hold online web conferences or other events using a system like Voice CafÃ©.
13394	web conference	web	conference	2.600000	2.065590	4.300000	1.337490	There are 29 people signed up so far for the second BPEX web conference on Monday.
13395	web conference	web	conference	3.600000	2.011080	4.300000	1.636390	They also contain speakerphones allowing users to participate in web conferences such as Ready Talk.
13396	web conference	web	conference	1.900000	2.079000	4.700000	0.483046	It 's been awhile since the last conversation about gender diversity at web conferences.
13397	wedding cake	wedding	cake	2.800000	2.299760	4.000000	1.885620	turnovers are nothing,...... We shall live on wedding cake and strawberries.
13398	wedding cake	wedding	cake	4.100000	1.728840	4.000000	2.108190	Classic and contemporary tiered wedding cakes, cupcakes, birthday, christening, celebration and cakes for corporate events.
13399	wedding cake	wedding	cake	4.600000	0.966092	4.500000	1.269300	"Libbie shall at least have the wedding cake, if she ca n't have a wedding. """
13400	wedding cake	wedding	cake	4.200000	1.619330	4.600000	0.699206	And you happen to know that all real space craft in the entire universe do not look like wedding cakes?
13401	wedding cake	wedding	cake	4.100000	1.370320	4.600000	0.699206	"The first course was vermicelli soup; next, a brace of ducks, beautifully roasted; then a black currant pudding, "" as rich as wedding cake, "" according to Mrs. Hopkins 's assertion, for the recipe was taken from an old English cook-book."
13402	wedding cake	wedding	cake	4.600000	0.699206	4.800000	0.421637	The news has some story about a bride who had a life-size replica of herself done in cake as her wedding cake.
13403	wedding cake	wedding	cake	3.300000	2.002780	4.800000	0.421637	Which is why we 're featuring our best selling bridesmaid gifts, wedding cake toppers, champagne flutes & more in handy location!
13404	wedding cake	wedding	cake	3.400000	1.837870	4.800000	0.421637	In about half a dozen houses, everybody was up early, with heads full of wedding dresses, and wedding fusses, and wedding cake.
13405	wedding cake	wedding	cake	4.000000	1.563470	4.800000	0.421637	The black waiter, in white gloves and white apron, stood in the hall to deliver boxes of wedding cake as the older people took their departure.
13406	wedding cake	wedding	cake	4.400000	1.577620	4.800000	0.632456	Imported $34.99 Awesomest Birthday Party Supplies | Facebook Awesomest Birthday Party Supplies | Facebook super mario wedding cakes Is a search birthday theme is amazing for Brother.
13407	wedding day	wedding	day	3.700000	2.057510	2.900000	2.131770	She had laid her woman 's hopes on the altar of commerce because of Steve O'Valley, and he rewarded her with a ten-dollar-a-week raise since a man was always generous on his wedding day.
13408	wedding day	wedding	day	4.300000	1.567020	3.400000	2.011080	The idea of Black Donald being hanged in their immediate neighborhood upon their wedding day was appalling!
13409	wedding day	wedding	day	4.500000	0.707107	3.700000	2.002780	They walked round the scorched walls of the drawing-room, with the blue sky overhead,......, given to me on my wedding day by my habit-maker, Alexander Scott (a Scotchman who at my suggestion had made the first patent safety riding-skirt ).
13410	wedding day	wedding	day	4.900000	0.316228	4.100000	1.728840	By tradition, bridesmaids were enlisted to accompany the bride on her wedding day.
13411	wedding day	wedding	day	4.500000	0.971825	4.200000	1.619330	At any rate, it 's what I do and I believe it helps for a better wedding day photography experience.
13412	wedding day	wedding	day	4.900000	0.316228	4.400000	1.264910	I brought my own wedding day necklace and my bridemaids ' necklaces from Tinysilver... they were absolutely beautiful.
13413	wedding day	wedding	day	4.900000	0.316228	4.400000	1.264910	"(reads ) "" All my property and jewels are to be given to my adopted daughter, Ramona Ortegna, on her wedding day, if she weds worthily and with your approval."
13414	wedding day	wedding	day	4.600000	1.264910	4.600000	0.699206	Can I please be blessed with people who care this much about style and vision on their wedding day?
13415	wedding day	wedding	day	4.700000	0.674949	4.800000	0.421637	To have a good shave on our wedding day (Saturday ) I went for broke and shaved this past Monday.
13416	wedding day	wedding	day	4.800000	0.632456	5.000000	0.000000	Don Gortez Well; come, come, do n't be in an ill humour; consider this is your son 's wedding day.
13417	wedding party	wedding	party	4.000000	1.333330	2.500000	1.840890	From ordering to serving took 35 minutes, they were catering for a wedding party but neglected to tell us this until we enquired about the lateness.
13418	wedding party	wedding	party	4.600000	0.699206	2.900000	1.911950	One day, very early in my experience, there came a wedding party, the bride all in white, the husband with a waistcoat -- oh!
13419	wedding party	wedding	party	4.700000	0.674949	3.000000	2.260780	"Well, then it will be a handsome wedding party. """
13420	wedding party	wedding	party	4.200000	1.549190	3.200000	1.873800	For hours the President did nothing but submit his hand to be shaken by his friends; and then, embracing the first good opportunity, Alice having preceded him, he made his escape into the green-room, where he found the wedding party awaiting his presence.
13421	wedding party	wedding	party	4.600000	0.699206	3.300000	1.828780	US warplanes killed at least 27 women and children who were escorting a bride to a wedding party in Afghanistan last Sunday.
13422	wedding party	wedding	party	4.200000	1.619330	3.300000	1.946510	"My friends laughingly replied: "" No, only a wedding party. """
13423	wedding party	wedding	party	4.800000	0.421637	3.700000	1.494430	Jillian and Kevin plus their entire wedding party of seven bridesmaids, five groomsmen, four ushers all boogied down the aisle to Chris Brown 's, Forever.
13424	wedding party	wedding	party	4.400000	0.699206	4.300000	1.059350	In the course of three months Mrs. Acton had made preparations for her approaching marriage, and at the end of that time there was a splendid wedding party given in Dr. Farley 's house.
13425	wedding party	wedding	party	5.000000	0.000000	4.300000	1.494430	Kill Bill - Volume 1 (2003 ): In part 1 of Quentin Tarantino 's delirious revenge movie Uma Thurman plays ' The Bride ' a woman seeking vengeance on those who massacred her wedding party...
13426	wedding party	wedding	party	5.000000	0.000000	4.500000	1.269300	Last night 's wedding party was the full stop in what can only be described as a hectic week.
13427	wedding photography	wedding	photography	3.700000	1.946510	4.100000	1.728840	By having your English, Asian or Indian wedding at the Bringewood Ludlow & Close Hotel Tetbury photographed by Cream Wedding Photography Ltd allows couples seeking a professional insured wedding photography service at an affordable price.
13428	wedding photography	wedding	photography	4.400000	1.074970	4.200000	1.398410	James 's wedding photography style is based on story telling, creating beautiful images to record the wedding day, sometimes referred to as reportage wedding photography or documentary wedding photography.
13429	wedding photography	wedding	photography	4.600000	0.966092	4.800000	0.421637	I offer a number of wedding photography payment plans, as well as offering wedding photography Cornwall vouchers for guests to purchase as gifts and a ' last minute ' wedding photography packages that offers significant wedding photographer discounts is also available.
13430	wedding photography	wedding	photography	4.700000	0.674949	4.900000	0.316228	Ives, wedding photography in Newquay, wedding photography in Perranporth, wedding photography in Truro, wedding photography at the Eden project, wedding photography in St.
13431	wedding photography	wedding	photography	4.600000	0.966092	5.000000	0.000000	We would be delighted if you chose us to cover your wedding photography at the St George Hotel London.
13432	wedding ring	wedding	ring	4.500000	0.971825	4.300000	1.567020	Becky 's 9 ct white gold ladies fitted wedding ring Albert and Becky commissioned this bespoke 9 ct white gold ladies fitted wedding ring to match Becky 's engagement ring.
13433	wedding ring	wedding	ring	3.400000	2.170510	4.500000	0.971825	Twelve days later, when the bands were announced, I had a strong desire to wear my wedding ring!
13434	wedding ring	wedding	ring	4.100000	1.370320	4.600000	0.699206	These wedding rings were handmade in the UK by our master goldsmiths and was a unique design which means it will never be exactly repeated, however the ideas behind this design could form the basis of your own unique wedding rings.
13435	wedding ring	wedding	ring	4.000000	1.247220	4.600000	0.966092	I 'll be hanged if I 'll see a wedding ring worn that way buried in unbought ground.
13436	wedding ring	wedding	ring	4.900000	0.316228	4.700000	0.674949	"A heavy wedding ring, the property of Drummond (who was not married ), was also lent as a graceful suggestion, and at the last moment Fauquier affixed to Cass 's scarf an enormous specimen pin of gold and quartz. """
13437	wedding ring	wedding	ring	3.900000	1.663330	4.700000	0.674949	And there was Harrie, out on a rock in the opal surf, --  a little scarlet mermaid, combing her hair with her thin fingers, from which the water almost washed the wedding ring.
13438	wedding ring	wedding	ring	4.000000	1.333330	4.800000	0.421637	For some of you, the concept of using something besides a wedding ring to symbolize marriage will be obvious, but for others, rings are all you know.
13439	wedding ring	wedding	ring	4.200000	1.475730	4.900000	0.316228	""" I did...... produced a worn old wedding ring (it had been her mother 's ) and handed it to Bob."
13440	wedding ring	wedding	ring	4.400000	1.349900	5.000000	0.000000	""" - Wisconsin football coach Bret Bielema, asked after getting married whether his wedding ring or his Big Ten championship ring felt more comfortable."
13441	wedding ring	wedding	ring	3.400000	1.955050	5.000000	0.000000	He had passed through the ceremony remarkably well, standing very erect, making the responses very loud, and squeezing very becomingly the soft white hand on whose third finger he placed the wedding ring --  a very small one, by the way.
13442	wine dinner	wine	dinner	4.300000	1.251670	3.300000	1.946510	He also runs wine dinners where experts guide you through their best quality tipples along with dishes that work perfectly with each selection.
13443	wine dinner	wine	dinner	2.700000	2.057510	3.400000	1.837870	What 's Happening lists wine dinners sponsored by restaurants, wine store tastings, some classes, and wine festivals.
13444	wine dinner	wine	dinner	3.700000	2.057510	3.500000	2.415230	We discussed their monthly wine dinners, and together we hatched the idea of having me host one to add a new dimension.
13445	wine dinner	wine	dinner	3.000000	2.000000	3.800000	2.097620	"The "" Commercial "" of those days was a well-salaried man, with an allowance of thirty shillings a day for expenses, and he always sat down to a "" wine dinner ""?"
13446	wine dinner	wine	dinner	4.500000	0.971825	4.200000	1.475730	There 's a Grand Gals in the beginning of the month, then the hotel brings in different wineries every Tuesday and Wednesday all month for a festive wine dinner.
13447	wine dinner	wine	dinner	2.900000	1.663330	4.300000	1.251670	Without the vocal expression of emotion, the conduct of these men after that wine dinner was very similar to that of such emancipated dogs.
13448	wine dinner	wine	dinner	4.600000	0.699206	4.500000	0.849837	There 's a reason we named Five Bistro 's Anthony Devoti Best Local Chef. | Evan C. Jones The latest in Five Bistro 's (5100 Daggett Avenue; 314 -773 -5553 ) celebrated wine dinners is Friday, August...
13449	winter temperature	winter	temperature	3.900000	1.852930	3.700000	2.057510	Three cold fronts are approaching us, and temperatures may fall in to the 30 's by tomorrow morning with a high of 60 degrees F. Most forecasts are that we 'll return to our normal winter temperatures of 60 -75 degrees F by Monday.
13450	winter temperature	winter	temperature	3.900000	2.079000	3.800000	2.097620	New York is comfortably in Zone 7 where the lowest winter temperature outside can get down to 5 degrees F. She purchases plants rated at Zone 7.
13451	winter temperature	winter	temperature	3.500000	1.509230	4.100000	1.100500	Ptolemy, at least, which lies upon the northern side of the...... Lake Ontario, has a much less variable winter temperature than the great valley, lying some thirty miles to the southward.
13452	winter temperature	winter	temperature	3.800000	1.873800	4.300000	1.567020	Low winter temperatures probably limit cabbage palmetto 's northern range.
13453	winter temperature	winter	temperature	4.700000	0.483046	4.400000	1.264910	But because of the short, cool summer and freezing winter temperatures, plants ca n't decompose.
13454	winter temperature	winter	temperature	4.600000	0.699206	4.600000	0.516398	From a comparison of numerous thermometrical observations, Mr. Dana has arrived at the conclusion that the coral animals may flourish when the winter temperature does not fall below 660; and he has drawn upon the chart accompanying his work the boundary of the coral region.
13455	winter temperature	winter	temperature	5.000000	0.000000	4.600000	1.264910	Mean winter temperatures vary from -20.5 Â° C in the west to -1 Â° C in the east.
13456	winter temperature	winter	temperature	4.800000	0.421637	4.700000	0.674949	On the sea,...... made between isothermal lines, isotheral lines, and isochimenal lines, where the mean general, the mean summer, and the mean winter temperatures are respectively meant.
13457	winter temperature	winter	temperature	3.900000	1.663330	4.800000	0.421637	The average winter temperature, based on observations covering a long term of years, is 56 degrees; the spring temperature is 61.07; the summer temperature is 67.61; and the autumn temperature 62.31.
13458	winter temperature	winter	temperature	4.300000	1.567020	4.900000	0.316228	In the uplands our winter temperature was commonly about 750 in the shade at noon, and the summer temperature about ten degrees higher.
13459	word processing	word	processing	3.800000	1.686550	3.000000	1.825740	However in practice, the area of information technology quite often focuses on using computers in graphics, word processing, charting, and spreadsheets.
13460	word processing	word	processing	3.800000	1.686550	3.000000	2.000000	Finally, Ester said he needed to learn to take care of his own searches and word processing.
13461	word processing	word	processing	4.400000	1.577620	3.100000	2.183270	"Knowing that I might search for "" darkness "" in the collections of poetry and song lyrics on the Net, an hour 's fishing resulted in a word processing file with more than 200 pages of poems and songs."
13462	word processing	word	processing	3.900000	1.852930	3.100000	2.233580	You use Linux in the same way you use Microsoft Windows - it runs on your PC to do word processing or spreadsheets or whatever.
13463	word processing	word	processing	4.700000	0.674949	3.900000	1.595130	"This natural, simple interface was eventually the one adopted (independently ) by "" stand-alone word processing machines "" (Wang, Xerox, Lanier, etc. )."
13464	yield point	yield	point	2.400000	1.897370	1.800000	1.813530	They show that, while a strain-aged steel shows the sharp yield point if it is strained in the same direction as before, it shows no trace of a yield point if the direction of straining is reversed.
13465	yield point	yield	point	3.700000	1.567020	2.100000	2.282790	There is the coefficient of elasticity that is true until the yield point is past etc. If you take your line of argument you might as well write science off all together.
13466	yield point	yield	point	2.800000	2.149940	2.400000	2.170510	Being thixotropic, solder pastes also have a yield point, a minimum shear stress below which the cream does not move.
13467	yield point	yield	point	3.700000	1.828780	2.600000	1.505550	There is so little deflection in a properly made leg vise spring that no special heat-treating is necessary because the spring will never be stressed past the yield point.
13468	yield point	yield	point	2.900000	1.791960	2.800000	2.043960	For the purpose of these specifications, the yield point shall be determined by...... or by other equally accurate methods.
13469	yield point	yield	point	2.200000	2.250930	3.200000	1.873800	The yield point is well marked in iron and mild steel, represent ing a considerable extension at nearly constant stress.
13470	yield point	yield	point	3.000000	2.108190	3.200000	2.299760	If there is no demand on any other phase, the cycle would continue in the coordinated phase until the end of one or more yield periods, or the next occurrence of the yield point, where the controller would serve the phases in sequence.
13471	zinc plate	zinc	plate	3.100000	2.469820	1.100000	1.449140	"The Smee cell is a zinc plate side by side with a "" platinised "" silver plate in dilute sulphuric acid."
13472	zinc plate	zinc	plate	4.400000	0.699206	2.500000	1.649920	"It bites because the term "" aqua fortis "" was the alchemical term for nitric acid, a necessary component in etching onto zinc plates for intaglio printmaking (which I happen to enjoy, though I use copper and ferric chloride now )."
13473	zinc plate	zinc	plate	3.200000	2.097620	2.500000	2.460800	I like letterpress at it 's purest form ' design by movable type ' rather than design in illustrator to produce a zinc plate to print with - you can emboss with the zinc plate.
13474	zinc plate	zinc	plate	3.600000	2.065590	2.600000	2.118700	The zinc plate being immersed in the acid, and the copper in the salt, a weak electric current is generated, which precipitates the silver in a very uniform manner over the entire surface.
13475	zinc plate	zinc	plate	4.400000	0.843274	2.900000	2.330950	And this current may be so intense, if the acid is strong or the zinc plate is large, as to attract the needle of a compass, or to heat the wire red-hot.
13476	zinc plate	zinc	plate	4.300000	1.337490	3.000000	2.054800	It consists of a small glass cell, containing a solution in which two zinc plates are immersed.
13477	zinc plate	zinc	plate	3.300000	1.494430	3.300000	1.888560	I went to the lab that day and Otto had a freshly-prepared sulfur coating on a zinc plate.
13478	zinc plate	zinc	plate	4.100000	1.728840	3.300000	1.946510	We had a talk about the process of stone and zinc plate lithography from Mary Dalton which was really interesting.
13479	zinc plate	zinc	plate	4.800000	0.421637	3.300000	2.110820	Designed in 1862, it was not issued until 1864, a delay that was due to Morris 's unsuccessful experiments with printing from zinc plates.
13480	zinc plate	zinc	plate	3.800000	2.097620	3.500000	1.354010	The zinc plates of the battery have been amalgamated with quicksilver, and when the battery is set into the jar of acid there should be no action percieved upon them when the poles F, G, are not in contact.
