ContextID	ParticleVerb	Base	Particle	Avg	Std	Context
30001	crack down	crack	down	0.300000	0.483046	The manifesto also committed the Tories to backing new ' drugalyser ' technology to crack down on drug driving.
30002	boil down	boil	down	0.300000	0.483046	His philosophy of life may be boiled down into a single sentence: Carry on and you will be happy.
30003	strike down	strike	down	0.500000	0.707107	If any number of your koi are struck down with disease, koi keeping can soon see your pond turning from a pleasure pool to a pond of despair.
30004	tear down	tear	down	0.600000	0.843274	Their false supremacism needs to be torn down by reality of facts.
30005	crack down	crack	down	0.600000	1.074970	Both reforms are part of the government 's wide-ranging plans to crack down on anti-social behaviour, ranging from violence in the street to noisy neighbours.
30006	take down	take	down	0.600000	1.577620	""" and I will take down your name and put you in queue and let you know when it is your turn."
30007	boil down	boil	down	0.700000	1.059350	The Rehabilitation of Offenders Act has been around since 1975, yet when it boils down to it, it is little better than useless with no real teeth.
30008	water down	water	down	0.700000	1.059350	Well; another decent episode that was watered down a bit.
30009	come down	come	down	0.700000	1.494430	Because the ones I see now are pretty meaningless and come down to something bad can happen, click Yes to say it 's your fault if it does.
30010	back down	back	down	0.777778	0.971825	He has got balls of steel and has had to put up with endless bullying but he did n't back down and pushed it to the hilt until he proved that he 'd been treated unfairly.
30011	crack down	crack	down	0.800000	0.788811	"This is shown by Ezra 's completely disingenuous "" Do n't crack down on illegal immigrants, crack down on employers who hire them!"
30012	break down	break	down	0.800000	1.229270	He submitted his report on 14 April, shortly before negotiations between Netherlands and republican representatives, under the chairmanship of a British official, broke down.
30013	let down	let	down	0.800000	1.316560	Drill saw her struggling, her body letting her down, not being able to flee.
30014	back down	back	down	0.888889	1.364230	Conservative London Assembly member Brian Coleman has backed down from his attempt to ban questions to him at London Fire Authority meetings.
30015	cut down	cut	down	0.900000	1.728840	To cut down their meat consumption was little hardship, except, perhaps, to Italian laborers who swung the pickax.
30016	let down	let	down	1.000000	1.154700	Although we were relatively impressed with many of its key features in our review back in issue 87, it was let down by its excessive weight and bulk, which was largely attributed to its otherwise effective slide-out Qwerty keyboard.
30017	let down	let	down	1.000000	1.333330	"That "" up the nose "" look is n't flattering at all, and whilst I love the creamy texture your images have, I feel that they 're let down by your viewpoint being too low."
30018	back down	back	down	1.000000	1.333330	""" But ca n't the Student Council make you back down and appoint others? """
30019	water down	water	down	1.000000	1.414210	It is wonderful what a quantity of the mere lees of such writers, more and more watered down, the libraries go on complacently circulating, and the reviews go on complacently reviewing.
30020	put down	put	down	1.000000	1.699670	I put it down to stubbornness and laziness of thought.
30021	water down	water	down	1.000000	1.699670	Chris Williamson: I think that the Minister should admit that the Government have watered down the Vickers commission.
30022	narrow down	narrow	down	1.090910	1.513570	"With us the question is narrowed down to this- "" Is the government administered according to the constitution? """
30023	track down	track	down	1.100000	1.595130	I have tracked it down until I am the master who by a touch can liberate elemental forces, which will not destroy, like those of Illowski 's, but will elevate the soul and make mankind one great nation, one loving brotherhood.
30024	break down	break	down	1.200000	1.549190	"I kept thinking I should tread on you, and I got so nervous toward the end I thought I should just break down and sob on your bosom and beg to be taken back to home and mother. """
30025	crack down	crack	down	1.200000	1.873800	Concerned with the perceived radicalization of this rights movement, in recent years, the Party-state has reacted harshly by cracking down on weiquan lawyers.
30026	drive down	drive	down	1.300000	1.337490	But I can tell you with absolute certainty that we 've done everything we possibly could to prevent that and to drive it down to an absolute minimum.
30027	settle down	settle	down	1.300000	1.337490	I had to advise my daughter, who is to be a professional photographer (when she settles down... ) that Pentax is not the best for her.
30028	back down	back	down	1.300000	1.418140	I wo n't offer any further argument on it when Knob retorts to it because this idiot never backs down.
30029	knock down	knock	down	1.300000	1.702940	The Tigers turned the ball over on their next possession, and Brady knocked down another 3 - pointer to make it a 69 -68 game with 3:21 3:21 to play.
30030	cut down	cut	down	1.300000	1.766980	I 'm trying desperatly to cut down on a ll mine as i think i was doing far too much!
30031	come down	come	down	1.300000	1.946510	"With that lead investigators confirmed that the toe was from a man with "" Greek Foot "", thought to have come down through the ages, but catalogued after cross breeding when the Greeks invaded Egypt and continued their rape and pillage."
30032	let down	let	down	1.300000	2.002780	Surely it would n't be a let down after all of this?
30033	let down	let	down	1.333330	0.866025	He 's not letting down his guard until the guy is either unconscious or safe in front of a TV.
30034	close down	close	down	1.400000	0.843274	1.11.1 If a team temporarily withdraws, e.g. to collect a piece of equipment or pass a message, but do not remove their face masks, close down their sets or collect their tallies they may immediately re-enter the risk area.
30035	strike down	strike	down	1.400000	1.074970	and struck down upon the last two days of our long journey.
30036	narrow down	narrow	down	1.400000	1.264910	The issue of the strike has now narrowed down to voluntary arbitration versus compulsory arbitration.
30037	send down	send	down	1.400000	1.349900	His mother, who is suffering from a tumour in her eye and was accompanied by his elderly father, wept in the public gallery as he was sent down.
30038	cool down	cool	down	1.400000	1.505550	"I apologise to all und beg they re-read me when "" cooled down "" Johnny.."
30039	hold down	hold	down	1.400000	1.505550	And why do so many of us seem to be working harder than ever, holding down multiple jobs for lesser pay, if we 're lucky enough to be in the job market at all?
30040	cut down	cut	down	1.400000	1.646550	Remove the army, allow the people back in, and then send in the police to cut them down.
30041	let down	let	down	1.400000	1.646550	But come, let us be off, or this old nor'wester will be down on us again.
30042	knock down	knock	down	1.400000	1.837870	The scene was the kirk itself, and the seats being put up to auction were knocked down to the highest bidder.
30043	pin down	pin	down	1.400000	1.897370	This need for freedom extends even to the personal sphere and though you are kind and gentle, you will often be hard to pin down to a monogamous lifestyle.
30044	narrow down	narrow	down	1.400000	1.955050	"Oh, by the way, they are still predicting the world will end but no longer have a date in mind, but they have it narrowed down to "" shortly ""."
30045	run down	run	down	1.400000	2.011080	The tide runs up, the tide runs down, The waves they rise and fall; But with a man whose mind is set It 's once and once for all.
30046	boil down	boil	down	1.500000	1.080120	This is, of course all boiling down to NIMBYism - because something does n't directly affect someone, therefore they do n't understand the limitations.
30047	back down	back	down	1.500000	1.269300	CHICAGO I had a customer for 3 pictures at about 700, and another for 6 at 1500 --  one got away and the other finally backed down.
30048	close down	close	down	1.500000	1.269300	The soft evening shadows began presently to close down and around him.
30049	shut down	shut	down	1.500000	1.433720	"But it wo n't do to shut down until I get over this bit of a fog I 'm now in. """
30050	boil down	boil	down	1.500000	1.649920	It is the essence of ALLEN 'S Voluminous speech es boiled down to the smallest possible dimensions.
30051	boil down	boil	down	1.500000	1.715940	"What this all boils down to is that "" The Cruel Sea "" is a surprisingly good movie and stands out as something a bit special when it comes to the war movies which focus on World War II."
30052	pin down	pin	down	1.500000	1.840890	How peurile the poet 's thought when he has it pinned down to earth in verse!
30053	put down	put	down	1.500000	1.840890	"John P. hale, never at a loss for a reply, hamediately arose and said, "" The senator from Kentucky says that I and my friends have been put down, down, - down, where we shall have to stay."
30054	crack down	crack	down	1.550000	1.932410	This canon was as black as Erebus down there --  a sea of sombre firs; and down, down as if the earth was cracked and cleft almost in two.
30055	run down	run	down	1.555560	1.333330	GPS use can run down your phone 's battery, and if you have it in your pocket (rather than on an arm band ), the satellite signals will be partially blocked by your body, which could easily lead to less accuracy.
30056	back down	back	down	1.555560	1.666670	If that did n't raise the stakes enough, public statements on both sides now make it difficult to blink and back down.
30057	pin down	pin	down	1.600000	1.349900	McGregor lends Alex a youthful, obnoxious arrogance and Kerry Fox creates a certain ambiguity in her performance that makes it hard to pin down her loyalties.
30058	settle down	settle	down	1.600000	1.712700	Other reviews have mentioned loud noisy groups but whilst I was there the murmur had settled down by 11.30 pm and only the rumble of snoring could be heard.
30059	knock down	knock	down	1.600000	1.897370	Let 's knock down the easiest one first - full service history.
30060	drop down	drop	down	1.600000	2.011080	His son assisting him, they could drop down from Mapleton in their row boat; come up from the river, and, with their plans all laid, and knowing their ground, could make quick headway.
30061	crack down	crack	down	1.600000	2.065590	Such an end would make it easier for the Pakistani government to crack down on terrorist networks in Kashmir, some of which are partners of al Qaeda.
30062	shut down	shut	down	1.700000	1.251670	Each vice-chancellor looked at the figures, saw chemistry as a loss-making exercise and was tempted to shut it down.
30063	close down	close	down	1.700000	1.337490	Shares of Globalstar closed down 1 / 4 to 28.
30064	pin down	pin	down	1.700000	1.702940	I wo n't pin down one particular theme to write about, I 'll try my hand at anything!
30065	boil down	boil	down	1.700000	1.766980	""" Which boiled down to a philosopher able to confound the average hard core Christian of her time; like an intelligent man overturning the base hatred of a Nazi of the 30 s."
30066	strike down	strike	down	1.700000	2.057510	The child star admits the shows make her fear she will be struck down by an illness.
30067	drive down	drive	down	1.800000	1.686550	The research will use new technologies and materials to provide evidence for future standards and how to drive down energy bills.
30068	hunt down	hunt	down	1.800000	1.686550	"No use hunting down in the bowels of Grizzly Slide. """
30069	break down	break	down	1.800000	2.043960	Gladys walked over to this stranger and asked if she could help, and the young mother, whose face was bruised, broke down and said she was fleeing an abusive husband.
30070	back down	back	down	1.800000	2.043960	The regular Democrats have apparently abandoned all further attempts to come to any terms with Kellv, and they scout the idea of backing down to his dictation by the withdrawal of Jacobs.
30071	throw down	throw	down	1.888890	2.204790	"After the giant throw down in the Avengers versus X-Men crossover this issue has to be labeled as, ""... and on the lighter side of things..."
30072	put down	put	down	1.900000	1.449140	"Finally, he says "" I 'm going to have to put him down."
30073	track down	track	down	1.900000	1.523880	Then the only additions, if I ever track them down, will be 5 Black Bar Silver Dollars, and it may be that these will grow and be put in the bigger tank.
30074	strike down	strike	down	1.900000	1.595130	"Elizabeth Esty (D -5 ) visited Torrington on Saturday to speak about rights newly afforded to same-sex couples following the US Supreme Court 's decision to strike down a portion of the federal "" Defense of Marriage Act."
30075	water down	water	down	1.900000	1.663330	I watered mine down so that it acted more like a stain than paint.
30076	strike down	strike	down	1.900000	1.663330	Ben was one whom he could strike down without mercy or regret.
30077	step down	step	down	1.900000	1.791960	Our capital ratio was stepping down, and for us to grow capital we have to do it through profits because we do n't issue stock.
30078	step down	step	down	1.900000	1.791960	Phil Lenowitz, who recently stepped down as NIH 's deputy director of human resources, but remains a senior adviser there, says with pride that 48 percent of NIH 's almost 20,000 employees are over the age of 50.
30079	back down	back	down	1.900000	1.791960	"Ef Mr. Lord Hampton 's a gintleman, he 'll know what hosses is; and ef he backs down from this yere fight, we 'll put him thar, under the niggers, and let him work his passage. """
30080	pin down	pin	down	1.900000	1.911950	Everything else pins it down, and men flee for redress to Byron, Scott, Disraeli, Dumas, Sand, Balzac, Dickens, Thackeray, and Reade.
30081	take down	take	down	1.900000	1.911950	And then he see how it was, and he was the maddest man --  he set the frog down and took out after that feller, but he never ketched him.
30082	strike down	strike	down	1.900000	2.024850	A federal court struck down the first set in 2012.
30083	shut down	shut	down	2.000000	1.054090	"I am well aware that you are very much anoid and persecuted, thereby I mean persistant attentions from undesirable persons; now my obgect at present is to aid you in a manner that you can soon and forever shut down on all disagreeable attentions. """
30084	shut down	shut	down	2.000000	1.333330	They did, however, say that they will not shut down every Labs experiment.
30085	take down	take	down	2.000000	1.414210	I can remember we had to take it down to a shop to get it topped up!
30086	water down	water	down	2.000000	1.414210	They prefer to water down anything they get their hands on.
30087	narrow down	narrow	down	2.000000	1.490710	All our properties in Bevere can be narrowed down using property size and price filtering functions.
30088	water down	water	down	2.000000	1.490710	"is now in the process of being "" watered down. """
30089	pass down	pass	down	2.000000	1.563470	On the way down we passed the wreck of a steamer which had been sunk some years before, during a naval attack on Fort McAllister.
30090	put down	put	down	2.000000	1.632990	No matter how much you believe you 've marred a canvas or piece of paper with what you 've put down, do n't be discouraged.
30091	set down	set	down	2.000000	1.632990	You set down in that chai'a there, and I 'll tell you how you feel.
30092	pass down	pass	down	2.000000	1.699670	Nesmith (2002 ) cites Derrida 's Archive Fever (1994 ), which explores Freud and his father 's wishes to pass down his Jewish heritage, itself an archive, to his son.
30093	shoot down	shoot	down	2.000000	1.763830	SHOOTING DOWN ON STAGE FROM ABOVE Florine following the...... floor which she steps over - he steps into it and falls through.
30094	drive down	drive	down	2.000000	1.802780	The game, too, had been driven down along with the Indians, but it was of but little use to them.
30095	cool down	cool	down	2.000000	1.825740	This, together with certain other things that transpired presently, convinced Muldev, who had cooled down in six months, that his friend had won the wager.
30096	back down	back	down	2.000000	1.943650	Last year he said his partner could n't be expected to spend Christmas away from her family (parents etc ) and therefore he had to go abroad with her, though he eventually backed down and stayed around for Christmas Day only.
30097	break down	break	down	2.100000	1.197220	If you need to to fill some gaps in your CV like this, our eCourses are flexible online courses broken down into bite-sized chunks of learning.
30098	calm down	calm	down	2.100000	1.286680	It is important to recognize, however, that emotional labour need not be about inciting emotional expression, calming people down or making them feel happy.
30099	pass down	pass	down	2.100000	1.370320	The point where the HUEN SAU stops varies with the individual flexibility of the practitioner, using the hand becoming horizontal is merely a point of reference that gives a uniformity to the form as it passes down the generations.
30100	water down	water	down	2.100000	1.449140	From time to time, add some more watered down coconut milk as levels in the pan drop, until there 's two whole cans of coconut milk in play.
30101	set down	set	down	2.100000	1.449140	Far more discerning than older ones in matters of soul, they had discriminated long ago between the mischief and wildness of Jabez and his malice and wickedness, and a large balance was set down in their hearts in favor of his good qualities.
30102	write down	write	down	2.100000	1.595130	Disorderlj- words must be written down in committee, in the same manner as in the assembly, and reported to the assembly for their animadversion.
30103	narrow down	narrow	down	2.100000	1.728840	The education systems in those countries do not narrow down options too early, but give young people a broad choice and education.
30104	lie down	lie	down	2.100000	1.791960	Just as my Father knows me and I know my Father and I lay down my life for the sake of the flock.
30105	move down	move	down	2.100000	1.852930	This was done before devolution, in 1995, and it was decided that there was no strong reason for moving down the road taken in England and Wales.
30106	cut down	cut	down	2.100000	1.852930	My foreign grapes, after trial, I cut down as worthless, and of some, even noted natives, I cut down all but a few, and grafted other kinds upon their stocks.
30107	send down	send	down	2.100000	1.852930	An angel art thou, child, sent down To cheer my darker hours, And gifted with a spell to crown E'en Grief 's bowed head with flowers.
30108	track down	track	down	2.100000	1.852930	Friends no longer, they were now avengers, with the right to track him down and kill him.
30109	take down	take	down	2.100000	2.079000	So many of his books leave questions unanswered and take you down dead ends, but more often than not it seems like my questions are revisited and further developed in an entirely different book.
30110	hunt down	hunt	down	2.200000	1.316560	Climbing those mountains to hunt down that lion was a personal feat I will never forget.
30111	set down	set	down	2.200000	1.619330	The Kamakura Shogunate set down a pattern of rule in Japan that would last for some seven centuries.
30112	settle down	settle	down	2.200000	1.686550	We 're almost aways eating or just settling down to relax for the evening when we get the telemarketers calling us.
30113	send down	send	down	2.200000	1.751190	We are going to show a very slight decline, and as this is totally unexpected it will send things down like fury.
30114	knock down	knock	down	2.200000	1.873800	He easily, in his mind, knocks down the straw man paving the way for his own reasoning, and then throws in this tiny concession in natal astrology.
30115	pass down	pass	down	2.200000	1.932180	Solemnly, in Indian file, they passed down the trails among the sand...... From the wall of the bluffs they emerged into the bottom, line after line, moving slowly to the water.
30116	put down	put	down	2.200000	1.932180	Mr. CARTER, on learning of the presence of Gen. EMORY 'S troops ready to protect public property and to put down any armed oonflict.
30117	strike down	strike	down	2.200000	2.043960	"On the level of pure "" realism "" which is your question, if this legislation is popular, they are unlikely to strike it down."
30118	put down	put	down	2.200000	2.097620	"In the first place, Emmeline, "" said the ' city-lady, ' "" we must have boned turkey: put down boned turkey. """
30119	let down	let	down	2.200000	2.149940	This is raised directly under the swarm; with another pole, the bees are all dislodged, and fall into the basket, and are quickly let down.
30120	hunt down	hunt	down	2.222220	1.641480	...... child, hunted down to hell, falling on its knees, and screaming without a sound, when I hear the drum.
30121	come down	come	down	2.300000	1.059350	"He saw me coming down the hallway, and he walked over to me, and he said, "" Bill, "" he says, "" We are getting very close to making the decision to allow you all to come in to the 35 feet."
30122	calm down	calm	down	2.300000	1.251670	""" Well, "" said she, calming down a little, "" Mrs. Daniels had a visitor to-day, a lady."
30123	track down	track	down	2.300000	1.418140	"What 's more his allies - "" Whip interrupted him, "" Leona is tracking down Allen Junior at the moment; hopefully she 'll be able to locate him."
30124	calm down	calm	down	2.300000	1.418140	At last it calms down, and she hears the secretary bid for one share.
30125	shut down	shut	down	2.300000	1.494430	Hopefully one of the damaged intelligence agencies will terminate the irresponsible self serving Wikileaks Rat, Julian Assange, and his accomplices, and shut down Wikileaks and others like it forever.
30126	pass down	pass	down	2.300000	1.567020	Equally concerning is the capacity that a combination of these problems has to create a vicious cycle, as is the idea of a ' cycle of disadvantage ', which shows that deprivation in one generation is likely to pass down to the next.
30127	tear down	tear	down	2.300000	1.766980	Substantial stone-stabling had been torn down in order to erect a fanciful carriage-house, built in imitation of a Swiss cottage; which, from its singular want of harmony with the principal buildings, stood forth a perpetual commentary upon the false taste of the upstart owner.
30128	settle down	settle	down	2.300000	1.828780	It will interrupt his routine for a while, and then he will settle down into his former // self, and be just what he was before.
30129	come down	come	down	2.300000	1.888560	A lot of personal reasons, really, but it all basically came down to trust, and the fact that I believe in GPL.
30130	pass down	pass	down	2.300000	1.888560	The doors buckled under the blows of the Hormagaunts and the two marines backed away across the ante chamber, with Quintus passing down developments to Devios and then informing Thunders Word of the infestation.
30131	run down	run	down	2.300000	1.888560	She had thrown back her veil, for it was soaked...... ran down upon the stones from her wet clothes, which felt intolerably heavy as she stood there, resting one gloved hand against the damp wall and staring at the lantern.
30132	cut down	cut	down	2.300000	1.946510	Putnam instantly threatened to cut down any man who fired before the order was given.
30133	settle down	settle	down	2.300000	1.946510	California had settled down to a condition of absolute repose, and we naturally repined at our fate in being so remote from the war in Mexico, where our comrades were reaping large honors.
30134	hunt down	hunt	down	2.300000	2.002780	Smokers that are not afraid of being hunted down can still buy cigarettes online but they will have to pay for them with personal checks, money orders or some other payment arrangement.
30135	narrow down	narrow	down	2.300000	2.110820	...... in dispute shall not be narrowed down to the single point relating to the public credit.
30136	throw down	throw	down	2.333330	1.802780	But the minute you try to throw me down, I 'll come out with the whole story.
30137	run down	run	down	2.363640	1.963300	Wittemore stood looking down at the bills, and tears began to run down his cheeks and splash upon them.
30138	settle down	settle	down	2.400000	1.264910	Now he has another year of experience and was in the Olympic Games, he can settle down and we have confidence in him.
30139	close down	close	down	2.400000	1.429840	The mean spiritness from the Republicans who think those unemployed are malingerers, while companies were leaving and closing down in this state after the first wave of unemployment of the recession hit.
30140	cool down	cool	down	2.400000	1.646550	I grew to like the temperature reading on the bottle and if we linger at dinner, I know when to slip a chill bag over the top to cool it down.
30141	take down	take	down	2.400000	1.837870	Calamari is taking you down the same road he took Memphis down and trouble has followed him wherever he has gone.
30142	track down	track	down	2.400000	1.897370	Unable to track down its origins, researchers in Brazil used an ingenious - if grisly - method to come up with their own estimate.
30143	break down	break	down	2.400000	1.897370	An intellectual revolution is sweeping over the world, breaking down established opinions, dissolving the foundations on which historical faiths have been built up.
30144	break down	break	down	2.400000	1.955050	The obstructed rays of the summer sun broke softly down through the small wavy openings among the breeze-moved foliage above to the variegated carpet of flowers beneath, and well was the scene graced by the two lovely maidens who now occupied it.
30145	strike down	strike	down	2.400000	2.011080	"One dying and another dead, and both struck down by the same cause. """
30146	shoot down	shoot	down	2.400000	2.270580	One friend down, a bullet hole in his shoulder, shot as a raiding cattle thief; another friend looking to have lost his boyish nature with the...... were through the wickedness of a woman.
30147	break down	break	down	2.500000	1.433720	Shiatsu Ayuravedic Holas massein Q 17 when breaking down toxins where would you drain to?
30148	pin down	pin	down	2.500000	1.433720	The hail and sleet were harder than I had yet felt them; seeming to almost pin us down to the rigging.
30149	slow down	slow	down	2.500000	1.433720	"If you are afraid, I 'll slow down and you can jump off, "" and his brown eyes sparkled with the double delight of getting his heart 's desire and astonishing his friend at the same time by his skill and coolness. """
30150	shut down	shut	down	2.500000	1.509230	She said she is going to have her lawyers shut him down.
30151	run down	run	down	2.500000	1.581140	The shivers that kept running down my back every time his lips brushed my ear were driving me insane.
30152	track down	track	down	2.500000	1.779510	Suppose that some enemy of his old life had tracked him down and committed this crime, what possible reason could he have for taking his wedding ring?
30153	hunt down	hunt	down	2.500000	1.840890	He had seen and heard such a hundred times since that fatal wedding evening, and when he had hunted them down, the illusion had vanished, and his lost love was as lost as ever.
30154	let down	let	down	2.500000	1.840890	A shield, either stationary or so arranged, if necessary, as to let down at once iu front of the wheel at the turn of the brake, would probably prevent mite out of ten such falls from resulting seriously.
30155	pin down	pin	down	2.500000	1.900290	Second, the notion that human behavior is often intentional under one description but not under another is itself hard to pin down.
30156	take down	take	down	2.500000	1.900290	Google lists eight reasons on its YouTube Community Guidelines page for why it might take down a video.
30157	walk down	walk	down	2.500000	2.013840	""" We started walking down the street, where of course we ran into somebody we knew."
30158	let down	let	down	2.555560	2.006930	Recognizing this open resentment, my companion let down a thick automobile veil which effectually hid her face.
30159	cool down	cool	down	2.600000	1.264910	Our earth is cooling down at this moment, unless the warmth which it receives from the sun exactly counterbalances the loss by radiation of internal heat.
30160	break down	break	down	2.600000	1.429840	Me and jer broke down the gear while watt slung the merch; I went to go change my shirt, then we loaded up the boat.
30161	calm down	calm	down	2.600000	1.429840	Well, they had it back and forth like that for maybe five minutes before Z. K. starts to calm down a bit.
30162	boil down	boil	down	2.600000	1.646550	The key product of the whale was its blubber which could be boiled down to produce an oil used for lighting street lamps, to lubricate machinery and in soap.
30163	tear down	tear	down	2.600000	1.712700	In that vein, I 'm not surprised developers were trying to tear it down.
30164	narrow down	narrow	down	2.600000	1.776390	By the end of your junior year, try to narrow down what truly interest you.
30165	boil down	boil	down	2.600000	1.776390	It is evident, however, that they soon gave up this delusion, and that for want of the genuine...... cuit, or cooked wine, which had at all times been cleverly prepared by boiling down new wine and adding various aromatic herbs to it.
30166	hold down	hold	down	2.600000	1.837870	I think that if you work things right and hold down expenses and make the sales and purchases and other sales you have in mind, you 'll get away with your deal.
30167	set down	set	down	2.600000	1.837870	Nate set down on the trestles and waited for the sound of the smash.
30168	throw down	throw	down	2.600000	1.955050	But -- and she gave a cry of pain as the thought struck her -- perhaps it was only his lifeless body that......, and thrown him down there afterwards.
30169	write down	write	down	2.666670	1.870830	World leaders have always known this and the mayans and other ancient civilizations wrote it down.
30170	narrow down	narrow	down	2.666670	1.870830	He is not broad, intelligent, liberal, and sympathetic, but is narrowed down to a sordid, grasping existence.
30171	write down	write	down	2.700000	1.251670	Secure the stick in place with another piece of cloth and write down the time it was applied.
30172	calm down	calm	down	2.700000	1.418140	If he persists just either put him in the kitchen or in his crate if hes got one and leave him to calm down for 10 minutes.
30173	shut down	shut	down	2.700000	1.494430	They were manufacturing U.S. Army M -14 s when that plant finally shut down in 1968.
30174	close down	close	down	2.700000	1.567020	I think limiting the way you interact is closing down the avalible options that were fortunate to have, i think the emphasis should be on all forms of interaction, online chat to meeting in person.
30175	pass down	pass	down	2.700000	1.567020	Equally if we got the low wooden beam fence removed or put back this would give enough room for cars to pass down the tiny cul-de-sac for numbers 115,117,119,121 Thatcham.
30176	put down	put	down	2.700000	1.567020	Does Egypt follow the Roman practice of not sending solders to their home towns to put down rebellions.
30177	burn down	burn	down	2.700000	1.567020	"Guess the poles are burned down, "" a fellow 's voice answered. """
30178	narrow down	narrow	down	2.700000	1.567020	"Then the thing which he grieves to leave is narrowed down to a person --  to the person whose "" dewy looks "" had sunk into his breast, and whose seducing words had "" stirred poison there. """
30179	hold down	hold	down	2.700000	1.636390	We are the frame work that supports the people we love; we nurture our young and care for our elderly, we hold down jobs and still run our homes.
30180	tear down	tear	down	2.700000	1.636390	Also, forests and grasslands are being torn down to grow biofuels, and this releases sequestered carbon.
30181	send down	send	down	2.700000	1.636390	If Merwell did n't want to take our word, why did n't he send a man down?
30182	hold down	hold	down	2.700000	1.766980	"Hold down your heads, girls: if it 's anybody that knows us, we 're lost. """
30183	track down	track	down	2.700000	1.828780	co.uk ] of Fife, Scotland, is interested in tracking down the source of the ' Wicked Lady ' Kate Ferrers of Markyate Cell story which inspired the novel and film of the 1940 s.
30184	drive down	drive	down	2.700000	1.888560	The sheep were not yet driven down into the valleys, and they and the wild ponies stood and stared boldly at the solitary boy, without fleeing from his path, as if they had long since forgotten how the bilberry gatherers had delighted in frightening them.
30185	boil down	boil	down	2.700000	2.002780	To-day, after the heat had cooked it and boiled it down, the swing into the Hoosier circle by Mr. Hill seemed a good dual smaller than it was last night.
30186	strike down	strike	down	2.700000	2.002780	His child, A pale boy, struck you down, and spurned you --  spurned you.
30187	send down	send	down	2.800000	1.229270	""" But why do n't you send her down things? """
30188	slow down	slow	down	2.800000	1.398410	After a running touchdown she swiftly slows down to a trot and finally comes to a complete standstill on the middle of the bridge.
30189	boil down	boil	down	2.800000	1.549190	--  The drug known as catechu is principally prepared from this tree, the wood of which is boiled down, and the decoction subsequently evaporated so as to form an extract much used as an astringent.
30190	drive down	drive	down	2.800000	1.619330	"I 'd drive down once and get all you needed for the day. """
30191	cut down	cut	down	2.800000	1.686550	The Italian quota is now cut down to less than 5,000.
30192	settle down	settle	down	2.800000	1.686550	growing along the path to the little home we would at last settle down in when we were old.
30193	hunt down	hunt	down	2.800000	1.813530	Then would I see my allies -- the friends whom I seduced into rebellion and then abandoned -- destroyed in detail -- pursued, hunted down, exiled, and martyred before my eyes.
30194	back down	back	down	2.800000	1.873800	With his throat throbbing to the impulse of new-born hope he......, backed himself out and down upon the top step, and by means of a dubious illumination percolating through the fanlight above the inner door he made out the figures upon the lintel.
30195	tear down	tear	down	2.800000	1.873800	JONAS Yes; come to tear down homes, And leave...... so they dwelt; for Zion was their home; And thereunto they gave what you deny, The riches of their loins.
30196	hunt down	hunt	down	2.900000	0.994429	Six young individuals who are torn from OUR universe and wind-up in another, scary one where they are not welcomed and are hunted down by many who want to kill them.
30197	cool down	cool	down	2.900000	1.197220	"...... a tall slim glass of frosty drink, that smelled of wild grapes, tasted of oranges, and cooled him down to the soul again, was put into his hand and he gulped it greedily. """
30198	narrow down	narrow	down	2.900000	1.286680	If you need to make your search more specialised then you can narrow it down by postcode or search radius in Loddington.
30199	come down	come	down	2.900000	1.370320	The A 5 runs to the south, while the A 444 and the A 447 come down from the north.
30200	pull down	pull	down	2.900000	1.523880	Betty doubted if she had the strength in her arms to pull the creature down to a walk now that she was started.
30201	settle down	settle	down	2.900000	1.523880	An effort was made to continue their...... some days of wearying toil, this was given up as a hopeless task, and despair settled down upon their souls.
30202	shut down	shut	down	2.900000	1.595130	Button factories all shut down with a strike, and no market: and as for pearls, they ai n't none.
30203	slow down	slow	down	2.900000	1.595130	But the rest of the day it would keep on slowing down and fooling along until all the clocks it had left behind caught up again.
30204	close down	close	down	2.900000	1.663330	Upon arriving, be found that it bad been provided, but that the windows were down and could not be closed.
30205	run down	run	down	2.900000	1.791960	The Garden was kept at a lower level to the rest of the surrounding area to enable access to the main drain which ran down St Annes Road, under the Sunken Garden and then out to sea.
30206	settle down	settle	down	2.900000	1.791960	As this counted for much with him,...... place in the early spring, and after a protracted honeymoon they settled down in Montreal towards the beginning of winter.
30207	tear down	tear	down	2.900000	1.791960	1 Fifth Avenue --  which seems to indicate that they are deviating from their original job of tearing down houses toward the more refined one of simply gouging the treasures from the insides of houses.
30208	tear down	tear	down	2.900000	1.911950	If the silos provide other benefits-as they so often do-do n't tear them down.
30209	tear down	tear	down	2.900000	1.969210	I must tear down and cut out A path for the weak, That no more they be shut out From good which they seek!
30210	walk down	walk	down	2.900000	1.969210	The Count starts, nervously, looking at the Doctor, then walking...... L., quickly and nervously, walks down L., touching his forehead with his handkerchief Count.
30211	step down	step	down	2.900000	2.024850	July 18: James Murdoch is again under pressure amid reports that he will be forced to step down as chairman of BSkyB by the end of the week.
30212	shut down	shut	down	3.000000	1.054090	He shut down the gate and tore...... to the sheep-pen, where the bank was muddy and trampled.
30213	close down	close	down	3.000000	1.154700	Some have speculated that TrueCrypt may have been pressured to close down in the face of government scrutiny, as encrypted-email service Lavabit was in 2013.
30214	hunt down	hunt	down	3.000000	1.333330	But, in the last analysis, every witch is prosecuted, not because she amuses herself with riding a broomstick or because she has taken a fiend for a lover: she is hunted down like a wolf because she is an enemy to mankind.
30215	calm down	calm	down	3.000000	1.632990	When he calms down, he realizes that only he and his mother are left alive.
30216	calm down	calm	down	3.000000	1.632990	he took me aside after the u -16 hurling championship final, that i didnt play in, i was devestated and Mick took me aside and basically calmed me down!
30217	cool down	cool	down	3.000000	1.699670	My kids love them and they were quite easy to make - the only hard part is waiting for them to cool down enough to eat them.
30218	slow down	slow	down	3.000000	1.763830	""" Why did n't you tell me to slow down?"
30219	slow down	slow	down	3.000000	1.763830	But passive drivers behind you hate you for it as they do n't know you 're slowing down - the usual indications of cars in front slowing down are brake lights.
30220	drive down	drive	down	3.000000	1.825740	Samuel appeared with the minibus and drove down to the jetty by 05.30.
30221	settle down	settle	down	3.000000	1.885620	The crowd settles down as singers dressed as shepherds and shepherdesses sing a song of farewell.
30222	pass down	pass	down	3.000000	1.885620	When this level reaches the floor of the drains, the water...... which passes down through the land lying between the drains, bears down upon that which has already accumulated in the soil, and forces it to seek an outlet by rising into the drains.
30223	knock down	knock	down	3.000000	1.943650	"If she did, she ' s most likely got knocked down by the folks fetchin ' out the things; or mebby her clo'es ketched afire --  should n't wonder at all, should you? """
30224	move down	move	down	3.000000	2.403700	"He set his cup down; moved his chair a little way from the table at which...... the landlord. """
30225	calm down	calm	down	3.100000	0.737865	But I went to her and held her until she calmed down and we prayed together and finally, finally, she slept.
30226	hunt down	hunt	down	3.100000	0.994429	Then Guy, seeing the men interested, proceeded to relate how Acton, chancing to discover Diana at her bath, was transformed by her into a stag, and hunted down by his own hounds.
30227	drive down	drive	down	3.100000	1.197220	It is a pleasant walk or drive down to Elberon when there is a sea-breeze, especially if there happen to be a dozen yachts in the offing.
30228	write down	write	down	3.100000	1.449140	It would be a safe thing to wager that the critics who have endeavored to write down these beautiful productions would not he always able, without handling them, to decide which was brush and which was printing-press.
30229	hunt down	hunt	down	3.100000	1.523880	After a fanatic had killed him, the local chief swore that he would hunt down the assassin and he wrote to Charles ' sister in France saying, ' All is dark to me.
30230	set down	set	down	3.100000	1.523880	The second plate of soup, brought from the servingtable, is set down, from the right, before the guest next in order.
30231	send down	send	down	3.100000	1.595130	The problem is that you 're basically sent down this gauntlet with minimal control over how you take it, and you have to kill everything in your path before it kills you.
30232	walk down	walk	down	3.100000	1.595130	"Rufus turned and began to walk up and down again. """
30233	calm down	calm	down	3.100000	1.728840	"He essayed to calm down his impetuous eagerness for a decision of his fate, and said penitently: "" I beg your pardon."
30234	tear down	tear	down	3.100000	2.079000	"If you ever go to Berlin, make sure you thank a conservative for telling Gorbachev to "" tear down this wall."
30235	cut down	cut	down	3.111110	1.964970	It is marvelous stuff - you can cut it down to any size.
30236	slow down	slow	down	3.200000	0.918937	CHAPTER III KATHERINE COMES HOME Next morning when the Limited slowed down beside the old frame station --  a new one of brick was rising across the tracks --  a young woman descended from a Pullman at the front of the train.
30237	slow down	slow	down	3.200000	1.475730	""" The ship, or the car, on the right has the right of way, meaning that the other is legally obliged to slow down and let him go through the intersection first."
30238	pin down	pin	down	3.200000	1.475730	With her hands begins scooping upon him the...... laughing, pinning down her arms, putting his arms around her.
30239	drop down	drop	down	3.200000	1.549190	Probably have to wait for to drop down in price before consumers really get a bite out of the pie.
30240	send down	send	down	3.200000	1.619330	Being sent down a corridor, or catching a glimpse of my hunter before something else drags my own focus away is a chilling feeling.
30241	slow down	slow	down	3.200000	1.619330	To do this in a neutral way, however, would slow down all large file downloads.
30242	burn down	burn	down	3.200000	1.619330	"appropriating more money it would be a good deal better for the State to put a torch to tile buildings and burn them down and turn a...... Presidents and professors dismissed his denunciation as a mass of unfounded absurdities. """
30243	close down	close	down	3.200000	1.619330	The workmen had dispersed, and the door and windows were closed, and the curtains all down, so that the child thought nobody was there, but she went quietly in, as she had been accustomed, and tapped at Archie 's room.
30244	scroll down	scroll	down	3.200000	1.686550	I totally ripped off your post and did n't know it ' til I scrolled down.
30245	close down	close	down	3.200000	1.686550	It was in vain to think of reading or working below, for we were too tired, the hatchways were closed down, and every thing was wet and uncomfortable, black and dirty, heaving and pitching.
30246	let down	let	down	3.200000	1.751190	With hook and axes the firemen rushed in; hose was let down through the manholes, and down there in the depths the battle was fought and won.
30247	set down	set	down	3.200000	1.873800	"Den de yuther creeturs dey laugh, en holler back: "" ' Ef big man like you ca n't set in a cheer, he better set down on...... dar, den, ' sez ole Brer Rabbit, sezee. '"
30248	walk down	walk	down	3.200000	1.988860	"Then she walked down...... put out these lights? """
30249	pin down	pin	down	3.200000	2.043960	Saxe 's body was pinned down by the wreckage arid it required some time to remove It.
30250	throw down	throw	down	3.200000	2.097620	It became his turn to bat and he picked up the cricket glove that had just been thrown down on the ground by the last batsman.
30251	send down	send	down	3.300000	0.948683	He sed medeyum, so I went up to Johnny Roache 's ship-yard and had them send a galley down to the offis, wot would be big enuf for a good sized skooner.
30252	slow down	slow	down	3.300000	0.948683	The Bellevite went ahead with all speed till the signal was given to slow down.
30253	calm down	calm	down	3.300000	1.494430	My mum was a dog groomer and I have seen her calm down a nervous dog or a badly behaved dog just by barking a short sharp bark.
30254	shoot down	shoot	down	3.300000	1.494430	Flame (Thure Lindhardt ) and Citron (Mads Mikkelsen ) are the code names of the two young patriots who are sent out to shoot down Nazis and collaborators in cold blood.
30255	run down	run	down	3.300000	1.636390	Tears where running down his face, blind panic in his wide blue eyes.
30256	throw down	throw	down	3.300000	1.702940	Citywire if you are reading this I throw down the gauntlet to you.
30257	step down	step	down	3.300000	1.888560	Furthermore, after 10 years at the helm, Mary Davis is stepping down as Editor - although she still remains a valued member of the Editorial Board.
30258	knock down	knock	down	3.300000	1.888560	"I 'd as soon knock a woman down as throw the blame of a wasted life upon her. """
30259	drop down	drop	down	3.300000	2.002780	However, 888 Ladies have brought back the verve and spark to their website after a few years of dropping down a little bit in the ratings.
30260	walk down	walk	down	3.300000	2.002780	""" Certainly, sir; ' going to and fro in the earth and walking up and down in it, ' "" said Cap, quietly. """
30261	take down	take	down	3.300000	2.057510	There is a report in the neighborhood that the fence between the houses is to be taken down to make room for a tennis court for the Bilton children, but of course this may not be true.
30262	set down	set	down	3.333330	1.581140	Focusing on the large-scale side of the problem, Saleska 's team has installed special instruments for measuring fluxes using Plexiglas chambers that periodically set themselves down over the surface and trap the gases emanating from the soil.
30263	pull down	pull	down	3.333330	2.291290	How we look when we dance and are pulled down by gravity (perhaps the defining essence of movement in film ) has never been more beautifully expressed.
30264	run down	run	down	3.400000	0.843274	But the narrative of Ned, ingenuous and coherent, although the scenes he described made so great an impression upon his sensibilities, when recalled to memory, that the tears ran down his cheeks in streams, was regarded with absorbing interest by every listener.
30265	pass down	pass	down	3.400000	0.966092	As we passed down the harbor she fired a salute of twenty-one guns for President Tyler, just coming into Boston.
30266	pass down	pass	down	3.400000	1.074970	The blood then returns to the left auricle, passes down through the valve on that side into the left ventricle, whence it is pumped out through the aorta to be distributed to all parts of the body.
30267	move down	move	down	3.400000	1.264910	We 've lived in Redwood City for 5 years now but tonight was the first time that we ever saw a train moving down the tracks along Chestnut Street.
30268	cool down	cool	down	3.400000	1.505550	And now it 's got to cool down till it 's just right.
30269	pin down	pin	down	3.400000	1.505550	Three of the leading soldiers were pinned down by enemy crossfire.
30270	track down	track	down	3.400000	1.646550	"He is searching for me; he has tracked me down! """
30271	knock down	knock	down	3.400000	1.837870	"He heard Grace give utterance to a scarcely audible laugh, but at that moment Hippy Wingate did not feel like laughter, for in Lum Bangs he recognized the "" constable "" whom he had knocked down and driven from the Overland camp by the cornfield."
30272	knock down	knock	down	3.400000	2.221110	The sea give you a clout once knocked you down, and......, but lie there for the rest of your life howling bloody murder.
30273	drop down	drop	down	3.454550	1.967920	Once more Tom paused to draw his breath and wipe his eyes, and was again moving on, when a little figure suddenly dropped down beside him, from the crest of a huge bowlder at the road-side.
30274	close down	close	down	3.500000	0.849837	...... shopkeeper in Oxford Street, London, who hung out the sign: CLOSED DOWN JOINED UP.
30275	drive down	drive	down	3.500000	1.433720	There they remained in freedom, though the English did their best to coax them to come down and enjoy the blessings of slavery again, and though they tried their utmost to drive them down from the cliffs by means of soldiers and guns.
30276	send down	send	down	3.500000	1.509230	"Allah calls His Book a light when He says, "" We sent down a clear Light to you, "" (4:17 4 ) He also called His Prophet light where He says, "" A Light has come to you from Allah and a clear Book."
30277	strike down	strike	down	3.500000	1.509230	--  In darker wrath, the savage raised His arm, and, even as the Widow knelt, He struck her down!
30278	shoot down	shoot	down	3.500000	1.581140	""" You sure you did n't crack the old noggin when you were shot down?"
30279	walk down	walk	down	3.500000	1.581140	When you walk down a street, you are very unlikely to be randomly gunned down.
30280	move down	move	down	3.500000	1.581140	BOWLER and CHARDLY, who have moved down between table E. and sofa H. forming...... a low tone. )
30281	lie down	lie	down	3.500000	1.649920	"You know I do n't want to go and lie down, do n't you? """
30282	come down	come	down	3.500000	1.715940	Calvin Stedman Comes down, L. of table I left a pair of handcuffs on the table.
30283	shoot down	shoot	down	3.500000	1.715940	Others of the miserable Huguenots, warned by the Indians that they could no longer harbor, were shot down by the pursuing Spaniards, as they fled in terror through the forests.
30284	shoot down	shoot	down	3.500000	1.779510	He himself was shot down but baled out safely from his Spitfire I (P 9375 ) at 16:30 hrs.
30285	hold down	hold	down	3.500000	1.900290	Her attitude is simple - if you run your prey - If you want to play, we play my way which is rough, involves chasing, grabbing and holding down, but she does n't hurt them.
30286	step down	step	down	3.500000	2.013840	The master accepted, but stepped down at the foot of the hill after the fast run, made an excuse, and nothing more was said.
30287	cool down	cool	down	3.555560	1.740050	"On a warm summer 's day it 's delightfully cool down here, "" Mr. Meadow Mouse murmured."
30288	write down	write	down	3.600000	1.349900	The details given were invariably brief and to the point, written down in a simple but safe form of cipher which was perfectly familiar to every one of the three.
30289	set down	set	down	3.600000	1.505550	Scooping her up gently, noting but pretending not to how she flinched at his touch before relaxing into it, he set her down in a seat and dished her out some of the simple meal.
30290	burn down	burn	down	3.600000	1.776390	""" The kiosks on the terrace seemed to have survived for a while, and the rationalised Canadian Parliament building served as squash courts till vandals burnt them down in the 1950 's."
30291	lie down	lie	down	3.600000	1.955050	It all happened quick, you understand, and Captain Turner, his eyes were flashing and he quivered like a big dog that wants to leap, and he had......, and he sent Sergeant West out to tell their officers to make them lie down.
30292	put down	put	down	3.600000	1.955050	And presently, when they talked, she could put down her hand, could look round at him, while she answered that,...... yes, no place could suit her more perfectly; yes, Mrs. Bray was very kind.
30293	pull down	pull	down	3.666670	1.581140	Apps are also easy to update: simply go to the Home screen and pull down the taskbar as you would with any other Android smartphone.
30294	sit down	sit	down	3.666670	1.581140	I guess you really need to sit down and work out what you consider acceptable...
30295	drive down	drive	down	3.700000	1.059350	But when at last they came to West Silverton, and the long train slowly stopped, the first object she saw was Dr. Morris, driving down from the village.
30296	drive down	drive	down	3.700000	1.567020	"Suddenly the competitor can run a 30 minute "" special "" just in time for that customer to drive down the road or hit the order online button."
30297	cut down	cut	down	3.700000	1.567020	If even the lilies of the field, which are cut down and cast into the oven, are more glorious than this world 's greatest glory, what shall be said of God 's nobler works in the soul of man?
30298	move down	move	down	3.700000	1.702940	As this moves up or down, they move with it.
30299	send down	send	down	3.700000	1.828780	[2 ] In Landmarks of Albany County, New York (Syracuse, 1897 ), p 397, Amasa J. Parker notes that lumber from the two earliest Albany sawmills was loaded on sloops and sent down the river to New York and beyond.
30300	put down	put	down	3.700000	1.828780	Say it was a little piece o ' glass and I 'll put you down and go get you some corn, and we 'll never speak of it again.
30301	take down	take	down	3.700000	2.110820	I 'm going to take you...... down, down, down to the very bottom.
30302	set down	set	down	3.777780	1.394430	""" Reaching in again, Jim pulled out three more figures and set them down on the floor."
30303	move down	move	down	3.777780	1.563470	Guided by the rapping Mrs. Lambert and Kate moved down to the foot of the table, sitting close beside Clarke, thus leaving Morton and Weissmann alone with the sleeping girl.
30304	slow down	slow	down	3.800000	0.788811	l. s. taken from opposite side of bridge As Ichabod approaches the haunted bridge at which Major Andre has been ambushed, Gunpowder slows down to a walk, then pricks up his ears, and stops altogether, thirty feet from the bridge.
30305	write down	write	down	3.800000	0.918937	and in those few pages may be crowded perhaps hundreds of thousands of years, a history carried down orally until written down.
30306	tear down	tear	down	3.800000	1.032800	It employs the best sculptors to fill its parks with bits of marble, - it tears down old sections of the city to clear away its slums or to secure proper settings or vistas for a public structure or to preserve some medÃ¦val building.
30307	throw down	throw	down	3.800000	1.135290	The capital itself was struck, and the brass statue of Vespasian in the forum thrown down and partly melted.
30308	write down	write	down	3.800000	1.316560	If possible, you shoulder write down questions before seeing your doctor and take someone with you to help remember everything you 're told.
30309	hold down	hold	down	3.800000	1.316560	Yes, sir, cold to the touch like it had been for hours, and holding a blackened lantern in his poor old fist --  dead as dead --  face down in the coral sand.
30310	shoot down	shoot	down	3.800000	1.316560	The policy of the hunter is to not fire too rapidly, but to attend closely to business, and every time a buffalo attempts to make off, shoot it down.
30311	lie down	lie	down	3.800000	1.619330	""" Better lie down kid, you probably broke some ribs."
30312	move down	move	down	3.800000	1.686550	They would move slowly up and down in front of the house, then pause and listen to the music, the tripping of feet, and the sound of merry voices.
30313	fall down	fall	down	3.800000	1.813530	NIST and Bazant talk about an upper solid, rigid part above the initiation zone that suddenly falls down as a hammer and causes global collapse!
30314	fall down	fall	down	3.800000	1.873800	And just as she said her words, a candle burns down and the curtain falls down over the sacred place.
30315	move down	move	down	3.800000	1.988860	> > > > Colums D 1027 would be the same way because it has the address including > > the city and zip code and would be placed starting in cell C 3 on the > > commision sheet and move down.
30316	write down	write	down	3.888890	0.600925	Write down the words in each list on separate pieces of paper.
30317	lie down	lie	down	3.888890	0.927961	Asthmatic in evening after lying down and at night; loud wheezing; sensation as if trachea had not space enough.
30318	walk down	walk	down	3.900000	0.994429	Yet you can walk down any street in any part of Rome or Paris and get a good meal from the first place you go into, better than in all but a handful of restaurants in an American city of over a million inhabitants.
30319	burn down	burn	down	3.900000	1.286680	"It does not solve the problems of getting things right the first time (IE a pyromaniac burns down as many houses as you give them Give us more "" earths "" and it solves nothing )."
30320	burn down	burn	down	3.900000	1.286680	The first lighthouse which was a temporary wooden structure burnt down in 1836 which allowed for the building of this new 58 feet high stone lighthouse, by William Chapman, on Red Acre Point on the north side of the harbour.
30321	write down	write	down	3.900000	1.286680	This may be the highest publishing fee ever on the Internet at 100 RMB for writing down your name.
30322	walk down	walk	down	3.900000	1.523880	Miss Brixton, a tall, dark-haired, athletic girl just out of college, had preceded us, and as her own car shot out from the station platform we leisurely walked down and entered another bearing the number she...... the house.
30323	knock down	knock	down	3.900000	1.663330	She said her husband had ill-treated her, and had knocked her down and kicked her whilst on the ground.
30324	knock down	knock	down	3.900000	1.663330	"but your nephew has been knocked down and trampled nearly to death while stopping Miss Merlin 's horses that were running away with her. """
30325	take down	take	down	3.900000	1.663330	"His grandfather said to his daughter, one day: "" Go, my child, and take your son down to his father, and ask him to come up and live with us."
30326	throw down	throw	down	3.900000	1.728840	If he runs off or throws down his weapon before I attempt to shoot him, I then loose my justification, with most decent people would be willing to accept the thief 's surrender until the cops showed up.
30327	come down	come	down	3.900000	1.728840	"He stampt limb after limb until he thought enough had fallen to satisfy the company, and was about descending, when Jeff said, "" Do n't come down yit --  we a...... full."
30328	cool down	cool	down	3.900000	1.911950	since hot air is being passed back through the heat exchanger it can maintain the 180 degree out put instead of cooling down to 100 degrees.
30329	burn down	burn	down	3.909090	1.513570	To do so would be as puerile as to argue whether a city on fire might lawfully burn down.
30330	come down	come	down	4.000000	0.942809	Barred owls coming down from the north doubled or trebled the owl population.
30331	walk down	walk	down	4.000000	1.247220	""" When he walked my daughters down the aisle when they got married he could not have been prouder."
30332	come down	come	down	4.000000	1.247220	Enter Kniphauser and Gretchen r. h. 3 e., followed by Switzerkase and guests; Kniphauser and Gretchen come down stage and admire Gambrinus, who seems bewildered at the sudden change; Switzerkase attacks the lunch table.
30333	pull down	pull	down	4.000000	1.490710	She pulls her hair all down behind, then pulls down her, never mind After that pulls down the blind When I 'm cleaning windows.
30334	cool down	cool	down	4.000000	1.490710	of temperature, the former will contain 4.68 times as much heat as the latter; therefore if the steam pipe cools down to 60 deg.
30335	burn down	burn	down	4.000000	1.563470	) It would n't necessarily get hotter & hotter until the place burned down; the furnace would have limits & eventually a cold enough night would bring things back to normal, but that 100 F mark would be well worth avoiding...
30336	burn down	burn	down	4.000000	1.563470	Before her home and business had burned down, she used to decorate the hell out of her Victorian bed-and-breakfast.
30337	take down	take	down	4.000000	1.563470	But in the hall, two knobbed old canes which used to stand in the corner were hung by purple ribbons from the great antlers on the wall, and would never be taken down again.
30338	put down	put	down	4.000000	1.632990	But the man who took her to be exposed did not kill her, and instead went to Mount Parthenion and put her down near a spring.
30339	fall down	fall	down	4.000000	1.632990	"They join hands, holding them up to make the bridge, and the children form in twos and pass under, singing: "" London Bridge is falling down, falling down, falling down, London Bridge is falling down, myfair Lady."
30340	step down	step	down	4.000000	1.763830	She gazed a long time silently, leaning against her husband, and then stepped half timidly down on the stones which formed a rough base for the figure.
30341	step down	step	down	4.000000	1.885620	"One evening, a feeble, aged man stepped down from the train, and was borne off in triumph by Hemstead...... him such a welcome that the old gentleman cried out: "" Hold on."
30342	scroll down	scroll	down	4.000000	2.000000	You can scroll down on the forum post to read his full response.
30343	lie down	lie	down	4.000000	2.108190	""" Now lie down, please, Captain Karl, "" returned the little nurse, busily, "" for we are just going to set out with you for the wagons."
30344	set down	set	down	4.100000	0.737865	Set down your fork after each bite so that you can enjoy the food you 're eating.
30345	drop down	drop	down	4.100000	0.875595	On your left, past a row of shops the road drops down towards the Rivelin Valley, through another Council estate known as Hall Park Head.
30346	drop down	drop	down	4.100000	1.197220	When she raises her arms, the hair drops down like wings - making her seem part human, part bat and part wolf.
30347	drop down	drop	down	4.100000	1.286680	She went to the corner nearest her, and dropped down on her knees.
30348	scroll down	scroll	down	4.100000	1.449140	You may have to scroll down to see the Enter Gallery link.
30349	throw down	throw	down	4.100000	1.523880	Anmoris stays with Gabrielle and throws her down in time to save her life.
30350	lie down	lie	down	4.100000	1.523880	You must lie down here on the sofa; and sleep or not, we 'll all be still for two hours.
30351	run down	run	down	4.100000	1.523880	He opened the wooden shutter, ran down the ladder, and disappeared, as the misty morning gave way to the full and perfect day.
30352	scroll down	scroll	down	4.100000	1.595130	Rather than watching them in the File Manager menu, go to the Walkman menu, scroll down and access the Video option, press More, and go to Full Screen.
30353	burn down	burn	down	4.100000	1.595130	Her match has burnt down and scorches her fingers Eug.
30354	cut down	cut	down	4.100000	1.663330	Even if we had a thousand apple trees, if someone were to cut down just one it 'd be like cutting the owner down.
30355	pull down	pull	down	4.100000	1.663330	But through it all, with head bent low on his breast, and bonnet pulled far down over his eyes, De Lacy forged ahead, tarrying only long enough at the stations to change mounts.
30356	pull down	pull	down	4.100000	1.663330	One of them pulled my hat down over my eyes and tore it, and one of them held me by the elbows behind, and they grabbed my satchel away that had a book in it that I had just got out of the library.
30357	move down	move	down	4.100000	1.728840	This time the party moves down to the basement for a late night blast.
30358	drop down	drop	down	4.200000	0.632456	Trudging down the stairs your feet slide over each step dropping down the next one with a thud as a cool morning air pushes through the front windows blowing the breezy curtains back.
30359	come down	come	down	4.200000	1.135290	And come down to breakfast as soon as you can.
30360	shut down	shut	down	4.200000	1.229270	then she shut down the window with a slam, and sprang into the middle of the room with very red cheeks and a beating heart.
30361	sit down	sit	down	4.200000	1.398410	In high school, if you do n't study you 'll regret it when it 's time to sit down and take the test.
30362	lie down	lie	down	4.200000	1.686550	"Wo n't you come and lie down for a little while before we look for him? """
30363	break down	break	down	4.222220	0.833333	The other was, as it were...... broke down that wall, and let in an invigorating light on that side also.
30364	write down	write	down	4.222220	0.971825	"Write down, "" 2:45 "" on a piece of paper."
30365	lie down	lie	down	4.300000	0.674949	Some people are not well enough to use a wheelchair at all, even lying down.
30366	drop down	drop	down	4.300000	0.823273	Her discoverer presently dropped down by her side and stood there uncovered, as usual, but this time he did not withdraw his eyes from her face.
30367	shoot down	shoot	down	4.300000	0.823273	Whooping and yelling, and jumping from side to side like devils incarnate, they showered bullets and arrows upon the logs; not a Blackfoot was hurt, but several Crows, in spite of their leaping and dodging, were shot down.
30368	fall down	fall	down	4.300000	0.948683	When he called for a light, and sprang in, and came trembling, and fell down before Paul and Silas, and brought them out, and said, Sirs, what must I do to be saved?
30369	hold down	hold	down	4.300000	1.059350	Alternatively, you can select the Animation bar, hold down the Ctrl key, and then click at the frame position where you want to add a keyframe.
30370	shoot down	shoot	down	4.300000	1.059350	We (either the UK, the US, NATO or the EU forces, hopefully all of them ) should already be shooting down with Cruise missiles or any other suitable kit, Libya 's air force.
30371	burn down	burn	down	4.300000	1.251670	"* Since destroyed by fire, and rebuilt farther up Broadway, and again burned down in February. """
30372	fall down	fall	down	4.300000	1.337490	"We are just as ready as ever the Jews were to fall down before a calf, an ' it only be a golden one. """
30373	throw down	throw	down	4.300000	1.337490	TERRY (Throwing down his pencil and pushing his......, and you take the first one that 's here --  and keep her till I get back.
30374	shoot down	shoot	down	4.300000	1.567020	Thirty-nine years ago, the U.S. Air Force combat pilot was flying an F -105 Thunderchief on a bombing run near Hanoi in Vietnam, when he was shot down with a Russian surface to air missile.
30375	fall down	fall	down	4.400000	0.699206	The shade of a leaf caresses its own flower and its fellow-leaf with gentle strokings; and when a cherry blossom falls down the chequered steeps of the tree, a little mournful shadow goes with her.
30376	walk down	walk	down	4.400000	0.699206	We all said at the time we thought was the painting contractors who had walked down the corridor with his ladders and knocked it off, but it fell on deaf ears.
30377	break down	break	down	4.400000	0.699206	""" Open the door or I 'll break it down. """
30378	step down	step	down	4.400000	0.843274	"She stepped down, laughing, and moved her bucket of paste out of his way. """
30379	sit down	sit	down	4.400000	0.966092	He went into his own room and sat down by the window.
30380	throw down	throw	down	4.400000	1.264910	A young brave entered, distinguished by the eagle plume and wampum belt, the bow and hatchet, and threw down at the feet of the eldest warrior a bundle of the scalps he had brought back from battle.
30381	sit down	sit	down	4.500000	0.971825	Alice said nothing; she had sat down with her face in her hands, wondering if anything would EVER happen in a natural way again.
30382	step down	step	down	4.500000	0.971825	"Tired, but with a steadfast light in her eyes, the girl stepped down, received her father 's kiss, and went straight to her mother, waiting in the doorway. """
30383	drop down	drop	down	4.500000	1.269300	Some of the flocks had dropped down so low that in order to rise up again they had to circle round and go back against the wind.
30384	sit down	sit	down	4.500000	1.269300	Mabel sat down again, totally confounded, and struggling hard with her tears.
30385	fall down	fall	down	4.600000	0.516398	Suspension bridge that fell down in Tacoma, Hood Canal bridge that washed out to sea, being-rebuilt Lake Washington bridge that sank, draw bridges bent out of shape, defective pontoons for the new SR -420 bridge and now SR -99 tunnel.
30386	sit down	sit	down	4.600000	0.516398	"Come and sit down by the fire, "" he said, sociably. """
30387	sit down	sit	down	4.600000	0.516398	"breathed the girl, her storm-beaten eyes held by the power of......, "" said Ruth, softly, "" shall we sit down and talk? """
30388	cut down	cut	down	4.600000	0.699206	Paul spent his boyhood in the woods helping his father cut down trees.
30389	hold down	hold	down	4.600000	0.699206	After a struggle, Smith is overcome and held down by the savages.
30390	pull down	pull	down	4.600000	0.966092	Before Lloyd could react Betty had pulled his underpants down and off.
30391	lie down	lie	down	4.666670	0.707107	Have a proper kennel, it should not be too large, just enough space to stand up, turn around and lie down.
30392	scroll down	scroll	down	4.700000	0.483046	It 's so utterly frustrating to do all this scrolling up & down along with clicking this and that, only to find there 's no one home!
30393	fall down	fall	down	4.700000	0.483046	The bear was expected to crawl through the opening and seize the ear of corn; and in so doing...... and the roof would fall down and fasten him in the pen.
30394	fall down	fall	down	4.700000	0.483046	"Then Peter fell down at Jesus 's knees and cried out, --  "" Depart from me......! """
30395	sit down	sit	down	4.700000	0.674949	Look, ca n't we at least sit down over a beer and talk?
30396	hold down	hold	down	4.700000	0.674949	She attempted to open the windows; the king held them down.
30397	move down	move	down	4.800000	0.421637	The camera moves down and we see that he has his gun pointing at her.
30398	run down	run	down	4.800000	0.421637	By the time her bridesmaids finished frantically buttoning up her dress and helping her into her shoes, jewelry, and veil, she never even had the chance to really look at herself in the mirror before running down the stairs to line up for the ceremony.
30399	sit down	sit	down	4.800000	0.421637	""" Frisking the pair, Jack indicated that they should sit down on the deck, then left them under the watchful gaze of his young associate."
30400	pull down	pull	down	4.800000	0.421637	"Harry soon pulled the bough down within reach, and the children began helping themselves. """
30401	sit down	sit	down	4.800000	0.421637	Laughing, she then sat down between him and her mother.
30402	hold down	hold	down	4.800000	0.632456	The prosecution lawyer J Renn Olenn alleged that Swain attacked his wife from behind in the water, shut off her air, ripped off her mask and held her down until she drowned at 25 m.
30403	pull down	pull	down	4.900000	0.316228	"Lin, 41, recalled to authorities: "" [The thieves ] put something over my head and pulled down my trousers, and then they ran off."
30404	pull down	pull	down	4.900000	0.316228	"When it reopened he was seen with a handkerchief in his hand and his hat pulled down over his eyes, as if he had been weeping. """
30405	fall down	fall	down	5.000000	0.000000	At odd times during the day, when this joy for ever happened to have nothing particular on hand, she put in the time by climbing up on places, and falling down off them, uniformly damaging herself in the operation.
30406	step down	step	down	5.000000	0.000000	But no matter, she could see two steps in front of her; and holding the lantern steadily before her, she stepped carefully down and down, until she stood on the firm greensward of the glen.
30407	rip off	rip	off	0.200000	0.421637	You wo n't get ripped off if you go to Cole @ MBS, both myself and Malcolm use them.
30408	fall off	fall	off	0.222222	0.440959	In 1968 owner occupation had risen to over 50% House building fell off in the 70 s and remained low throughout the 80 s, 90 s, 00 s and still does today.
30409	head off	head	off	0.222222	0.440959	This is just a general guide to head you off in the right investigative direction - just because you break out between the brows does n't always mean you have a bad liver!
30410	blow off	blow	off	0.400000	0.516398	So Baloo blows off Rebecca for hurting his feelings and Rebecca blows it off because there is something fishy going on around here.
30411	leave off	leave	off	0.400000	0.516398	He still might win an abiding place in literature if he would leave off politics.
30412	pass off	pass	off	0.400000	0.516398	DICK regards the proceeding with alarm ) That 's only a dummy we have passed off for you --  I 've untied your feet, and I 'll take that pad off your mouth in a few minutes --  Doctor Rumsey 's your friend.
30413	rip off	rip	off	0.400000	0.699206	Elvira was also accused of ripping off Vampirella, Morticia Adams and Lily Munster.
30414	come off	come	off	0.400000	0.699206	Colonel Drew was appealed to urge Monty to save himself, and he was on the point of remonstrance when the message came that the threatened strike was off, and that the men were willing to arbitrate.
30415	pull off	pull	off	0.400000	0.966092	Superbowl XLI - Miami, Florida Stacy and I were invited to help John Hargrave pull off a prank during the halftime show at the Superbowl.
30416	be off	be	off	0.500000	0.707107	Once or twice the hawk nearly had him, but still the briers saved him, and it was only when the big buck himself came near being caught that he...... - was no better off.
30417	write off	write	off	0.500000	0.707107	Squire wrote to Smithers right off, but has n't got any answer yet.
30418	lay off	lay	off	0.500000	0.849837	It 's difficult to win an argument to spend money on keeping a facility clean or well-maintained when a school is laying off teachers or does n't have enough books for all its students.
30419	throw off	throw	off	0.500000	0.971825	"You ca n't throw me off like that, Jan Larose, "" he said. """
30420	write off	write	off	0.500000	1.080120	...... I can write off a headache, write away care, and bury miserable thoughts in the dark depths of my inkstand.
30421	lay off	lay	off	0.600000	0.699206	Looking at the IRIF section by section, Madden estimated the probability that thirty employees over forty would be laid off by chance as one in 6,639.
30422	head off	head	off	0.600000	0.843274	The research will be of heightened interest coming as it does as George Osborne, the Chancellor, imposes an increased levy on banks to try and head off accusations that he and the Prime Minister have admitted defeat in trying to rein in bonuses.
30423	pull off	pull	off	0.600000	1.349900	Do you think Walcott would be able to pull off what RVP can?
30424	write off	write	off	0.600000	1.349900	Jum Kirk is written off in the first 20 minutes then we jumped forward 78 years to the TNG crew messing about in their rumpus room.
30425	fly off	fly	off	0.666667	1.322880	He flies off the handle when he sees a receptionist urinating on a tree.
30426	cut off	cut	off	0.700000	0.674949	I saw him immediately turned and immediately cut him off from getting among the houses, he then being obliged to take a different course.
30427	pay off	pay	off	0.700000	1.059350	"Frank laughed; --  "" No, he has foiled me regularly twice lately, and I am determined to pay him off for shamming this afternoon. """
30428	set off	set	off	0.700000	1.337490	""" He needs no equipage to set off his rank, "" remarked a third. """
30429	pass off	pass	off	0.700000	1.494430	If he succeeds in passing him off as alive, then the money is his.
30430	head off	head	off	0.727273	1.103710	No, I could only get a noon edition up there --  and there was n't a thing in that --  Well, I suppose we could head him off by cabling to Mamores, but he could n't do any more than we can ourselves.
30431	head off	head	off	0.777778	1.301710	I needed to head him off, do it fast and do it good.
30432	give off	give	off	0.800000	1.135290	(Shocking I know! ) Blue light, the kind given off by computer & TV screens (as well as ambient lighting in your house ) suppresses Melatonin, the hormone that encourages sleep!
30433	drop off	drop	off	0.800000	1.135290	"Well, I got through with my story, anyhow, before I dropped off. """
30434	blow off	blow	off	0.900000	1.197220	So they annoy Lenny with the dinging of the doors sounds as Lenny blows them off and sing already.
30435	be off	be	off	0.900000	1.523880	I booked a 3 week Orlando villa holiday c / w car last year which cost a total of around Â£2,800 (2 adults, 1 child ) as it was off season departing towards the end of May.
30436	be off	be	off	0.900000	1.595130	If they 're off, you 'll bomb out, but the Classic is one tournament where you do n't care if you bomb out.
30437	rip off	rip	off	0.900000	1.595130	I do n't know why but there 's something even more terrifying about the idea that we might be getting ripped off by banks in an entirely random way.
30438	lay off	lay	off	0.900000	1.728840	"It reminds me of the time, thirty years ago, when I was laid off, and the madness first got in and crouched behind my eyes.... "" Yes, I suppose I am mad."
30439	hold off	hold	off	1.000000	0.942809	"KC woke up Saturday the 28th to a 7 "" snowfall that came overnight but it did n't seem to hold off the car fans any at all."
30440	blow off	blow	off	1.000000	1.054090	Silas Cummings Yes --  Trombone busted in the last act an ' blowed the top of his head off.
30441	run off	run	off	1.000000	1.224740	It would take trial and error to find the right balance with these extra settings, but they 're still useful options that Fusion lacks, especially since both programs can feel sluggish on a MacBook when running off battery power.
30442	lay off	lay	off	1.000000	1.333330	Apparently, and almost straight out of a Yes Minister plot, they did n't realise they needed more until it came time to start laying off the ones they 've got.
30443	wear off	wear	off	1.000000	1.333330	They act as if they never expected it to wear off.
30444	drop off	drop	off	1.000000	1.490710	Just as she was on the point of dropping off to...... her face, she remembered something that made her sit bolt upright in bed and think.
30445	head off	head	off	1.000000	1.490710	Notify Buck Weaver, so he can head them off if they try to cross the Malpais.
30446	kill off	kill	off	1.000000	1.490710	To secure this consummation as far as circumstances permitted, by killing off and discouraging those engaged in his line of industry, was his constant effort.
30447	pass off	pass	off	1.000000	1.699670	"Trying to pass off a reversal of discipline by describing it as a "" new approach "" is a disservice to this important issue."
30448	live off	live	off	1.000000	1.699670	Another was, that there were always, at least, half a dozen buttons off from his jacket, at all times and places, though his long-suffering mother lived in her work-basket.
30449	give off	give	off	1.100000	1.197220	But, letting her slide precisely at high water, dropping the bow anchors and slipping the cable fastened to the ground on the island, at a signal she was off and afloat in safe water, and given over to the late commander of the Magniflque.
30450	fly off	fly	off	1.100000	1.286680	[us ers.tpg.com.au ] If you run what Guruphiliac has said so far about the Byron Katie LGAT machine through the Baloney Detector... the BS meter flies off the hook.
30451	lay off	lay	off	1.100000	1.286680	With companies laying off tens of thousands of workers, the industry stands to lose at least another $55 billion over the next year and a half, analysts say.
30452	drop off	drop	off	1.100000	1.370320	Even though she has a clear title to the 1999 Chrysler LHS, Wells Fargo bank still took the car and dropped it off in a Kent auction yard.
30453	write off	write	off	1.100000	1.449140	If businessmen generally took advantage of such a provision to write off as much as possible of their new investment in the first year, the cost to the Revenue might run into many hundreds of millions of pounds.
30454	set off	set	off	1.100000	1.449140	"...... "" said Pawnee Brown, and this was done, and soon he and Jack Rasco were bounding over the trail leading toward the Indian Territory, while others were setting off in the direction of Arkansas City and elsewhere. """
30455	set off	set	off	1.100000	1.523880	If what you want from the menu is n't on the belt, press the button on the table to set off the flashing light that attracts a member of staff, and order it - it will be prepared and with you in minutes.
30456	break off	break	off	1.100000	1.523880	"Aunt Jane broke off with a little soprano laugh. """
30457	lay off	lay	off	1.100000	1.595130	:eek: I 'm having to lay off when passing police as it is far from legal.
30458	break off	break	off	1.100000	1.595130	11 seems to have been her excessive youth; and when this treaty was broken off on that account, Kepler turned his back upon all his advisers, and chose for himself one who had figured as No.
30459	head off	head	off	1.100000	1.595130	"We had better follow Mr. Duncan 's suggestion, "" said Howe, "" and try to head them off by......; we will follow you. """
30460	write off	write	off	1.100000	1.595130	Manufacture of 2.000,000 rifles would mean, on that basis, a net profit cf $18,000, CO3, since the cost of the plants would not have to be written off twice.
30461	cut off	cut	off	1.100000	1.663330	"Down by three or I cut you off from our shop! """
30462	pull off	pull	off	1.100000	2.079000	In this in-depth review, we will look at whether I was right in being sceptical or whether they have managed to pull it off.
30463	hold off	hold	off	1.111110	1.615890	In addition, i believe some of my Recording applications may not work on Windows 8... so i held off.
30464	lay off	lay	off	1.111110	1.763830	Now, I had laid off, as I told you, to gin you a duckin ', but I had n't the heart to do it, and you in the fix you are now at the present.
30465	pay off	pay	off	1.200000	1.032800	The first couple of drills took a lot of patience and practice, but I feel they paid off.
30466	back off	back	off	1.200000	1.475730	"But Sim hopped into the street and backed off, mocking him with shakes of his head, in imitation of palsy. """
30467	leave off	leave	off	1.200000	1.475730	Lassie barking down below there is not a dream; and these callous spots on my hands are real enough in all conscience, and no dream could last so long...... off and left on an island somewhere.
30468	wear off	wear	off	1.200000	1.549190	Even the moral effect of the imposing thunder of guns and crashing of round shot quickly wore off, while those obstinate Yan * Page 's Map, reprinted in Frothingliam.
30469	go off	go	off	1.200000	1.686550	Then there was the party where all of the smoke alarms went off because of too many candles being lit, and the neighbours putting in a 999.
30470	hold off	hold	off	1.200000	1.873800	"Why do n't Egypt hold off and let Uncle What's-his-name enjoy his new hair and hopes? """
30471	head off	head	off	1.200000	1.932180	After that, he said he was hungry and headed off for the kitchen.
30472	live off	live	off	1.222220	1.641480	Last fall I traveled to Cairo, a city where I 've lived and worked on and off since 1994.
30473	sign off	sign	off	1.300000	1.337490	Election Returning Officers will be unable to guarantee ' One Person-One Vote ' nor to sign off ANY part of such a referendum as ' true ', ' democratic ', ' free ' or ' fair '.
30474	leave off	leave	off	1.300000	1.418140	So, we start where we left off, with Darwin having found a tentative answer to a puzzle that had also engaged his grandfather, Erasmus Darwin.
30475	write off	write	off	1.300000	1.418140	But even if a marginal number decide to return to writing checks more often than not, a percentage of those check writers end up writing bad checks, which all to often get written off by the banks..
30476	live off	live	off	1.300000	1.418140	but she had lived with us off and on for years, and she 'd been buried from our house.
30477	turn off	turn	off	1.300000	1.418140	If you do n't turn him off, he 'll bolt with some one --  That 's a spoke in your wheel, I think, my young one!
30478	hold off	hold	off	1.300000	1.494430	But I held him off until the verdict was reached, and then I told him.
30479	sign off	sign	off	1.300000	1.567020	It may seem odd that Genivar 's own engineers sign off on its own design blueprints, but as Schepers points out, they are professional engineers who are supposed to be qualified to do this kind of work.
30480	head off	head	off	1.300000	1.567020	Or will he not pervert his unchecked license, Madly to head them off from Sicily, That he may hold them longer in...... their wake Like pirate on his prey.
30481	write off	write	off	1.300000	1.567020	In the case of amalgamated companies, about half the amount subscribed was written off the books, in order to reduce the indebtedness of the association in that proportion.
30482	back off	back	off	1.333330	1.658310	Holewyne backed off looking to counter but Anani stepped up the pressure in the second and third, scoring with her left while Holewyne countered with her right.
30483	pay off	pay	off	1.333330	1.658310	It 's good to see that Martin 's work has paid off.
30484	live off	live	off	1.400000	1.505550	He has worked as a teacher in Japan, where he has lived on and off, and as a writer of English lessons for Japanese Web sites.
30485	pass off	pass	off	1.400000	1.505550	All the paperwork states they are captive bred (if you are talking about article 10 ), unfortunately it appears that alot of these animals are wild caught, then passed off as captive bred so they can export them.
30486	give off	give	off	1.400000	1.505550	According to the preceding expositions, the quantity of food is regulated by the number of respirations, by the temperature of the air, and by the amount of heat given off to the surrounding medium.
30487	pass off	pass	off	1.400000	1.577620	Other legal issues in this kind of situation might include passing off, trademark infringement and / or invasion of privacy.
30488	break off	break	off	1.400000	1.646550	"Kate, "" he broke off suddenly, "" how did Richard know that those papers were missing in our family?"
30489	pay off	pay	off	1.400000	1.837870	But he owed it, and he delighted in paying it off in his peculiar way; this was by beating the children of his school, every one of whom had a father.
30490	cut off	cut	off	1.400000	1.955050	"20 ), widely open to the Atlantic, is one of the most truly "" Mediterranean "" parts of Spain, but that of Aragon, ringed round by mountains, and so cut off from the sea, is arid and cold in winter."
30491	drive off	drive	off	1.444440	1.333330	But with the night he crept into a corner, and stood shivering and driving off with the self-same hands, shapes that swarmed thicker than the sun-beams by day.
30492	head off	head	off	1.500000	1.178510	But in the hour 's run down the river, including two landings at Minuit 's and Craig 's, Jack had time to remember that Francis Gray was a cunning man and might head him off by some trick or other.
30493	leave off	leave	off	1.500000	1.269300	It will just have to remain a hideous mass of -- of -- I do n't know what;...... at the point where I left off.
30494	live off	live	off	1.500000	1.649920	I am receiving at least 2 emails a day from real TS people, you know intelligent sane people and not whining ' Young Dumb and living off mum ' types.
30495	break off	break	off	1.500000	1.840890	And he broke off and marched away with his long, elastic step, swinging his stick.
30496	blow off	blow	off	1.500000	1.900290	It is the first device to run Nvidia 's Tegra 3 processor-the first quad-core Android tablet-and it simply blows the doors off of everything else.
30497	wear off	wear	off	1.500000	2.013840	Angelina carries a handbag full of snow and buries her face in it every fifteen minutes when the buzz wears off.
30498	cut off	cut	off	1.600000	1.264910	Because the Bridge was a place we sometimes went to glimpse the full dance of life, we are aroused and full of a deep hurt at thus being cut off.
30499	go off	go	off	1.600000	1.264910	"She told me about it, when you went off on your feed, up at Lindley, "" Carew explained hurriedly. """
30500	sign off	sign	off	1.600000	1.349900	I go with an instinct for my final selection, but am also very specific when signing off; I watch and rewatch my final shortlist before deciding what stays and what goes, and what goes where.
30501	give off	give	off	1.600000	1.505550	Its carbon and hydrogen have been given off through the skin and lungs in the form of oxidised products; it is obvious that...... of a starving man, 32 1/2 oz.
30502	lay off	lay	off	1.600000	1.646550	The track which he laid off for the exercise of his horses, a straight stretch of three miles, is now incorporated into the system of the parish roads, and...... of the life of Evelyn Fenwick during this period, we have still less information.
30503	write off	write	off	1.600000	1.712700	Not something an insurance firm will be doing on a ten year old car... write off.
30504	lay off	lay	off	1.600000	1.897370	must be laid off from the middle point of parallel A, and yv from the middle point of parallel B.
30505	come off	come	off	1.666670	1.414210	"There was no time to spare, as the "" doings "" must come off before Mrs. Kimball 's trip to Bermuda, for which she was preparing. """
30506	break off	break	off	1.666670	1.936490	Members of the jury, we will break off now for ten minutes to give you a short break.
30507	write off	write	off	1.700000	1.159500	Losses incurred by Bankers Trust Company througa its Paris office have been written off and reserves have been set up for any doubtful items.
30508	shake off	shake	off	1.700000	1.567020	Eduardo looks to have shaken off his earlier niggling injuries and has been very stable in pre-season as well as gaining match practice through his country.
30509	go off	go	off	1.700000	1.636390	Just days ago, a blast went off in Mexico right before the Presidential elections.
30510	shake off	shake	off	1.700000	1.702940	So strong is the bond between history and decoration, that in the practice of the latter we can not, if we would, wholly shake off the influence of past times over what we do at present.
30511	sign off	sign	off	1.700000	1.702940	If I had known how to name them, I should then have signed off in detail from all the societies which I never signed on to; but I did not know where to find a complete list.
30512	live off	live	off	1.700000	1.766980	Then I told him I only lived a little way off.
30513	bounce off	bounce	off	1.700000	1.828780	Felicia and I... agonised over that final paragraph, and we would bounce off each other exactly what Henry would have said...
30514	set off	set	off	1.700000	1.888560	When we usually leave them for a weekend i fill up their dry food bowl and water and give them lots of veggies before we set off.
30515	throw off	throw	off	1.700000	1.888560	"Throwing off, then, the last restraints of good breeding, he said: "" And there are still more...... of one she ' can neither esteem nor endure! '"
30516	fall off	fall	off	1.700000	2.002780	In 1903, after falling off, it reached 136,000; in 1907, 258,000; and in 1913, 291,000.
30517	bounce off	bounce	off	1.700000	2.057510	LeGuin hammers it home that Shevek could not do his work without colleagues, people to bounce ideas off of, people to support him, people even to try to tear him down.
30518	kill off	kill	off	1.700000	2.057510	"As to whether a wealth tax would "" kill off all aspiration "", that might depend on thresholds and rates."
30519	back off	back	off	1.777780	1.394430	If they think you know your rights and will stand your ground that may well back off.
30520	shut off	shut	off	1.777780	1.481370	"140 It must not be supposed, however, that the successive "" ages "" of the geologist are shut off from one another in any such arbitrary way as this verbal classification might seem to suggest."
30521	lay off	lay	off	1.800000	1.135290	"said Aunt Betsey, interrogatively, when the bonnet had been laid off, the dust brushed...... "" Not a word, Aunt, "" was the young girl 's reply. """
30522	leave off	leave	off	1.800000	1.135290	When they returned their second start was made, through some unexplained mistake, at a distance below where they had left off.
30523	pass off	pass	off	1.800000	1.475730	However, both the main parade and Sinn FÃ©in demonstration passed off without any serious incidents.
30524	throw off	throw	off	1.800000	1.475730	We were throwing off sparks like a pair of shooting stars, were n't we, Oswald?
30525	pass off	pass	off	1.800000	1.475730	He had to admit that he felt queer, but it would soon pass off, and anyhow if it killed him he had to go.
30526	go off	go	off	1.800000	1.686550	I do n't know if it is just because I am a parser-minded person, but the first time I learned about CDATA Sections a warning buzzer went off in my head and has been ringing ever since.
30527	cut off	cut	off	1.800000	1.813530	About seventy men, myself among them, were cut off.
30528	be off	be	off	1.800000	1.873800	We have very much enjoyed the Balearic Islands with Menorca as our favourite but Sardinia and Italy beckon, so when the wind is right we will be off on the 200 mile crossing.
30529	set off	set	off	1.800000	1.873800	The three older boys set off for the fields early.
30530	write off	write	off	1.800000	1.988860	Also note that when you convert from a hobby to a business you may be able to write off machinery you put into the business.
30531	wear off	wear	off	1.800000	2.043960	As soon as that wore off, I got the ear infections.
30532	pay off	pay	off	1.888890	1.900290	Obviously, we need computation to generate the McFIS, but this can be paid off by avoiding ME time in AGOP determination as for Ding 's algorithm.
30533	go off	go	off	1.900000	1.370320	I then went off and concealed myself during the next day, and according to promise came back the next night about eleven o'clock.
30534	shut off	shut	off	1.900000	1.449140	As the action becomes more graphic on screen, he places his stiffened trigger hand above his eyes, partially shutting off and shielding his field of vision.
30535	back off	back	off	1.900000	1.523880	"The king 's heart failed him, and suddenly he backed off, saying: "" If you 'll agree to help Riley and me out with our lessons hereafter, I 'll let you off."
30536	back off	back	off	1.900000	1.728840	Then, in 1996, it backed off under pressure from Congress and the National Rifle Association.
30537	set off	set	off	1.900000	1.728840	The plucky canine sets off on the road in search of his master, Leonard, and a journey that will take him to Dr.
30538	wear off	wear	off	1.900000	1.728840	"If it does happen that the couple marries, the "" bitch "" label he tags her with never ceases to get old or wear off.."
30539	set off	set	off	1.900000	1.728840	And what were the advantages which could be set off against such evils?
30540	set off	set	off	1.900000	1.791960	Thus armed with equipment and trained in collecting techniques, Todd and Sonkin set off on the first leg of their expedition.
30541	leave off	leave	off	1.900000	1.852930	In the Williamsons ' A ' League, the Legion carried on where they left off last season by thumping Quoyburray ' B ' 11 -1.
30542	leave off	leave	off	1.900000	1.852930	Richard Calvert I left the railroad at Chamberlain thirty miles off.
30543	hold off	hold	off	1.900000	1.911950	The mother smiled, and held him off, but immediately put two fingers, one on each eye, and wept; --  the marriage-ring on one of those fingers, --  ah, me!
30544	set off	set	off	1.900000	1.911950	Muttering with discontent, but hoping that he should meet Guy bringing the...... others did not wait, but, finding that they had more than a wagon-load of bear and dogs and men, set off for town.
30545	shut off	shut	off	1.900000	1.911950	They could not even get into the room above the cellar they wanted to reach, for that was the hospital, and the kitchen 's heavy wall shut them off therefrom.
30546	kill off	kill	off	1.900000	1.969210	Cage breaks into his castle by parachute & avalanche, Grigori launches his sub and Cage has to chase it down the river Vltava, nearly taking out Prague before he kills it off.
30547	shake off	shake	off	1.900000	2.079000	""" she added, for the girl had shaken off her hand and sped away as swiftly as she had come."
30548	hold off	hold	off	2.000000	1.333330	If you have n't bought this yet, hold off for maybe a month... or two.
30549	fight off	fight	off	2.000000	1.632990	Hitherto he had fought off the idea whenever it presented itself, and so long as he had been able to indulge in any hope of freeing himself by his own exertions, he prevented himself from sinking into the gloom of utter despair.
30550	live off	live	off	2.000000	1.763830	""" No -- in de settlement -- Shawnee ca n't git her now -- do n't live off in de woods like as dey did afore. """
30551	sign off	sign	off	2.000000	1.763830	"And the clerk, with whom I had also arranged matters, had made out the papers before going into court, and got them all signed off and ready, in anticipation; and here they are, ready for your hands, Mr. Constable. """
30552	wear off	wear	off	2.000000	1.885620	That meant that even though he Hulked up while in the Million Dollar Dream, it wore off in time and he passed out, just so Beefcake could make the save.
30553	wear off	wear	off	2.000000	1.885620	"This impression did n't continue throughout the programme, however, and after a while the novelty seemed to have worn off, with complaints that the sound was ""?"
30554	head off	head	off	2.000000	2.000000	We headed off to Gravesend, ironically the town back in England where I spent my teenage years, for some Roast Beef sandwiches, dipped in a beef broth.
30555	come off	come	off	2.000000	2.108190	De ball comes off to-morrow night sure at de Harp and Shamrock.
30556	pass off	pass	off	2.000000	2.260780	It was a false alarm; the cloud, a mere gust of wind, passed off; the Blinkerites brightened up wonderfully.
30557	drop off	drop	off	2.000000	2.309400	Besides, de old feller might drop off, and den I 'll lose my eighteenpence.
30558	give off	give	off	2.100000	1.100500	In the 1950 s Johnson Matthey extracted gallium and germanium from the gases given off by burning coal.
30559	pay off	pay	off	2.100000	1.370320	To pay off a debt discourages capitalists, and inclines them to look abroad for more permanent employment of their capital, and there is a risk of losing that much money from the country.
30560	sign off	sign	off	2.100000	1.595130	Get it done before you go in for say an A service and then they wo n't have any problem signing you off as all jobs done.
30561	break off	break	off	2.100000	1.663330	The Great Patriotic War, 1941 -1945, broke off the astronomical research and its publications in Odessa, but the Observatory was saved.
30562	rip off	rip	off	2.100000	1.663330	People only get scammed when they do n't know where to turn for legitimate... so they look online and get ripped off.
30563	fly off	fly	off	2.100000	1.728840	"And the practical little fellow flew off to the fireplace, turned the bread and flew back to Hannah. """
30564	walk off	walk	off	2.100000	1.791960	It was three miles off, and I walked back and forth each day, arriving early and working as late as if I were living there.
30565	give off	give	off	2.100000	1.911950	It may give off a bernstonebit from a neitherbit, which thereby becomes a firstbit and thrusts the uncleft one stead up in the board while keeping the same weight.
30566	kill off	kill	off	2.100000	1.969210	If the King knows it, up he will come with all his drums and horns, and the dwarf will hear him a mile off and either kill the Princess, or hide her away.
30567	throw off	throw	off	2.100000	2.024850	It is true that almost everywhere, at the time of his emancipation, the townsman - himself a farming craftsman - had sought to carry the country folk with him to help him throw off the yoke.
30568	come off	come	off	2.100000	2.024850	The three captains went ashore after dinner, and came off again at night.
30569	drop off	drop	off	2.111110	1.452970	The preceding graph demonstrates how the required N drops off rapidly as p varies from.55 to.60.
30570	sign off	sign	off	2.111110	1.833330	"Congress is actually on the verge of slashing spending - certainly not passing the President 's ridiculous "" jobs bill "" or signing off on any kind of new stimulus."
30571	hold off	hold	off	2.111110	1.964970	Thomas had a decent chance on 55 minutes when he latched on to a long ball into the penalty area and used his strength well to hold off a defender but Tolfrey was sharp to come from his goal and smother the striker 's attempted lob.
30572	live off	live	off	2.200000	1.229270	Of course moonlight on the Hudson seen from the Riverside has delectable points, but if She lives on the East Side that is just that much farther off, and less retired?
30573	leave off	leave	off	2.200000	1.619330	Even as we departed Queenstown, there was some light rain but this soon left off and another glorious day lay ahead.
30574	turn off	turn	off	2.222220	1.715940	My i phone 4 s turns off after 35 -40% of battery why?
30575	wear off	wear	off	2.222220	2.048030	This varnish can be renewed from time to time and the paint kept from wearing off in spots.
30576	shake off	shake	off	2.300000	1.337490	"However, I feel once we can shake off the burden of this present marriage "" - - oh!"
30577	kill off	kill	off	2.300000	1.418140	The proletariat shall have everything, and he begins by killing off noble and bourgeoisie and dividing up the loot!
30578	blow off	blow	off	2.300000	1.494430	' Used to be ' because Finn could see that half of his finger had been blown off, the severed digit gushing blood like a wildcat oil rig.
30579	drop off	drop	off	2.300000	1.636390	Then, once you 've dropped off your coat, you get into another long line to get a drink and the whole time you 're surrounded by people you do n't know, and people who do n't know each other.
30580	turn off	turn	off	2.300000	1.636390	Moreover, Rehnquist found that a 25 second delay in travel was minimally intrusive on motorist 's rights, especially considering the fact that traveling motorists could turn off the road when they saw the roadblock, or make U-turns to avoid passing through it.
30581	go off	go	off	2.300000	1.636390	"Will you run up stairs, Benjamin Franklin, (for B. F. had NOT gone right off, of course, ) and bring down a small volume from the...... the precious little black, ribbed backed, clean-typed, vellum-papered 32mo. """
30582	drive off	drive	off	2.300000	1.702940	They were driven off by a warship in the harbor.
30583	run off	run	off	2.300000	1.702940	As a result, a JsonRestStore running off of a REST service will automatically be able to run in offline mode, with data changes saved locally when offline and automatically re-synced when connectivity is restored.
30584	back off	back	off	2.300000	1.702940	""" The rubber collared critter backed off, lookin ' worried."
30585	fly off	fly	off	2.300000	1.702940	After talking apparently | with deep interest upon a subject for a few minutes, he will fly off...... some strange association of ideas with that in hand; and his listeners, perforce, are compelled to follow him.
30586	hold off	hold	off	2.300000	1.888560	"I held him off at arm's-length and looked at him gravely. """
30587	shut off	shut	off	2.300000	2.110820	There is a wonderful world which is shut off to you because you are too blinkered.
30588	break off	break	off	2.300000	2.110820	"And let me tell you I 've had the only cup of coffee -- -- "" He broke off and fell into a fit of abstraction."
30589	give off	give	off	2.300000	2.162820	In a crowd the air does not move freely between the bodies, while heat and moisture are given off to it.
30590	sign off	sign	off	2.400000	0.966092	"And thou mayest as well sign the papers right off, "" he added --  "" come along with ye. """
30591	hold off	hold	off	2.400000	1.646550	Mount Union won its 25th consecutive game, holding off John Carroll as the Blue Streaks rallied from a 31 -10 deficit before falling to the the top-ranked Purple Raiders 42 -34.
30592	drop off	drop	off	2.400000	1.712700	So much of it dropped off during his recovery that he became dissatisfied with the long meagre appearance his countenance presented when he surveyed it in the looking-glass.
30593	turn off	turn	off	2.400000	1.837870	"Step 1: This is where I tell you to turn off the AUTO mode on your camera and practice with the "" Aperture Priority "" mode on your camera (some point and shoots have this mode too )."
30594	run off	run	off	2.400000	2.011080	Eleanor and Jessie give a cry, run off, L.U.E.
30595	shake off	shake	off	2.400000	2.118700	If the people have more faith than their masters, they shake them off as the first Protestants and Puritans shook off the bishops, and choose others in their places.
30596	shut off	shut	off	2.500000	1.433720	"As we walked back through the shubbery, just beyond which the church stood, shut off by a wall through which was a little gate, I spoke to my hostess of this man 's singing, and asked if he was not a carpenter. """
30597	live off	live	off	2.500000	1.509230	She may not be being paid and may still be living off her savings and her daughter, but being famous has some perks it would seem!
30598	pass off	pass	off	2.500000	1.509230	The paroxysm of her first consciousness of ruin had not yet passed off.
30599	be off	be	off	2.500000	1.581140	6:00 6:00 a.m. came way too early, we had to be up and off the boat by 7:00 7:00 a.m., as the ship had to leave the pier for a cruise ship coming in.
30600	fight off	fight	off	2.500000	1.581140	I have enough trouble fighting off guys who want to date me, who needs to deal with guys pretending to be your friend just to get to you?
30601	bounce off	bounce	off	2.500000	1.581140	"If she do n't do dot a leedle harder his head vill bounce off, "" remarked Otto."
30602	give off	give	off	2.500000	1.649920	For example, to thwart the theft of live Christmas trees, some farmers spray them with a substance that causes the trees to give off a terrible odor once taken inside a house.
30603	set off	set	off	2.500000	1.840890	There are those who are ticking time bombs, and the right catalyst will set them off.
30604	be off	be	off	2.500000	1.957890	which is n't enough but i do still have 12 v coming from the king lead constant even when ignition is off?
30605	live off	live	off	2.500000	2.013840	So fun to live off the land - even if you do need a lot of sugar.
30606	turn off	turn	off	2.500000	2.013840	"He turned off a little, facing round toward the wall and holding up his hand to look...... I 've told you --  I told you this morning. """
30607	shake off	shake	off	2.500000	2.121320	He shook off the recollections of his dream as a wet dog shakes off drops of water.
30608	throw off	throw	off	2.500000	2.173070	From which I conjecture that Redfield Lyttoun, when he had become tired of his victim, threw her off, and came back to resume his proper name, to lead a life of honor, and to die in the odor of sanctity.
30609	sign off	sign	off	2.545450	1.634850	But if you get the law passed which he promises to sign, you wo n't be much better off.
30610	give off	give	off	2.555560	2.006930	The fact that we 've got smoke detectors now is good, but we absolutely need them now that everything in the house gives off toxic fumes when it burns.
30611	fall off	fall	off	2.600000	1.646550	In practice, it 's a BlackBerry address book replacement that shows you the last time you communicated with your contacts, who 's falling off your radar, and who you need to get back to quickly.
30612	drop off	drop	off	2.600000	1.776390	They 'll drop him off at his hotel room, and when he wakes, he 'll be none the wiser.
30613	fight off	fight	off	2.600000	1.776390	Baring actively fought off the far-reaching proposals of Lord North and Charles James Fox, believing that?
30614	kill off	kill	off	2.600000	1.776390	This bacteria is known to be the cause of the majority of stomach ulcers, which normally require triple antibiotic combination thereapy to kill it off.
30615	blow off	blow	off	2.600000	1.776390	All the time I was afraid the Panjandrum Himself would quit turning or that his little round button-at-the-top would blow off before I could get out.
30616	drive off	drive	off	2.600000	1.776390	LORD STAFFORD (at fireplace ) Who 's driving off in a hansom?
30617	walk off	walk	off	2.600000	1.776390	it ca n't be helped, &c.; and he walks off, with his acquisition, in...... the Christian firm of B.
30618	blow off	blow	off	2.600000	1.837870	"And if you lift a hand, I 'll blow your head off! """
30619	fight off	fight	off	2.600000	1.837870	In the long waits between acts I looked them over as they dragged themselves about the lobby to fight off somnolence,...... taste which they made in dress and manner, by their dignity and courtesy, and by their ter?
30620	run off	run	off	2.600000	1.837870	They grow and blossom with great rapidity and luxuriance where the exposure is favorable, and where the water from the melting snow can run off.
30621	wear off	wear	off	2.600000	2.065590	"They tremble at every dent in their furniture, and wink when you come near it, as if you were going to hit it a blow; but that wears off in time, and they they learn to take it easy. """
30622	drive off	drive	off	2.600000	2.118700	I was buffeted, reproached, driven off like a dog, till I came to curse the very house that held your enemies and mine.
30623	shut off	shut	off	2.600000	2.170510	We tried to shut it off but it would n't shut off.
30624	come off	come	off	2.700000	1.251670	However, if you want some of those pieces to come off, just brush it with a paper towel a few times before you seal it.
30625	go off	go	off	2.700000	1.418140	It turns out that the wills were made in the early 90 s by volunteers going off to fight the Serbs in Bosnia - they had been left with the now deceased uncle of one of those arrested.
30626	run off	run	off	2.700000	1.494430	{He jumps off his stool and runs off the screen, The Cheat follows.
30627	bounce off	bounce	off	2.700000	1.567020	--  and then he bounced off like that (Circles in the air with hand. )
30628	come off	come	off	2.700000	1.636390	Between October 1908, when the Model T made its debut, and May 26, 1927, when the last one came off the line, a little more than 15 million of these remarkable little cars had been produced.
30629	walk off	walk	off	2.700000	1.828780	Castle walking off with Gina was a total wtf moment since she thought they did n't get along.
30630	pass off	pass	off	2.700000	1.888560	"In a few moments, the frenzy fit seemed to pass off; she rose slowly, and seemed to collect herself. """
30631	wear off	wear	off	2.700000	2.002780	"Ink, you know, would n't wash off, after it was over; and I would n't like to lie abed a month to wear it off, ' says amiable Mrs. P. "" Cork, ma'am: cork ' s the thing."
30632	kill off	kill	off	2.700000	2.057510	Watch out for the LASER attack: it 'll most likely kill off one of your party members, so revive them.
30633	go off	go	off	2.700000	2.057510	I do n't want to do anything different, or to go off anywhere.
30634	turn off	turn	off	2.700000	2.213590	Turn off the air-con if you can handle it, and do n't leave lights on when you go out and you 'll help keep reduce electricity too.
30635	turn off	turn	off	2.777780	2.223610	""" But I ca n't even tell you the road to turn off on."
30636	pay off	pay	off	2.800000	1.549190	We made a verbal agreement of the balance to be paid off over 10 weeks with cheques to be sent out every Friday.
30637	hold off	hold	off	2.800000	1.619330	When they were placed on the market, McCormick sold out at 6 1/4 cents per quart, and Gallagher held off till McCormick had sold out, when he put his on sale and obtained 8 1/8 cents per quart, and the demand was fully supplied.
30638	sign off	sign	off	2.800000	1.988860	So, as the council signed off, Wilma and I turned to the eager faces that surrounded us, and issued our orders.
30639	throw off	throw	off	2.800000	1.988860	"Get off this rostrum at once or I 'll have you thrown off and out of the building! """
30640	cut off	cut	off	2.800000	2.149940	"The S 5 also lets you "" trim "" a movie clip you 've recorded, by cutting parts off of the beginning and / or end that you do n't want."
30641	come off	come	off	2.800000	2.347580	A boat came off from the inner side of the fort, and Christy ordered Flint to bring her to.
30642	go off	go	off	2.900000	0.567646	We established ourselves at a table in one corner, and as 10 was fast approaching, I left Eduardo to mind the store, and went off to find LuÃ­s.
30643	come off	come	off	2.900000	1.197220	Slow down first, then come off the brakes and steer around the obstacle.
30644	back off	back	off	2.900000	1.595130	In the past, though, Harry backed off and let her have her way.
30645	turn off	turn	off	2.900000	1.595130	With its few green cabbages and turnip-tops, each garden looks something like an aquarium with the water turned off.
30646	walk off	walk	off	2.900000	1.663330	On the 13th, 20,000 organized employees and 10,000 others walked off their jobs.
30647	give off	give	off	2.900000	1.911950	Not only is every particle of waste determined, and how much food is left unconsumed in this waste as it comes from the intestines and kidneys, but how much waste is given off through the lungs in breathing.
30648	walk off	walk	off	2.900000	1.911950	I know I 'd not stand and see some other fellow walk off with my Heart 's Desire, without putting up a fight.
30649	blow off	blow	off	2.900000	2.131770	But on the way my partner 's hat blowed off and the bank address, which was on a slip of paper inside of it, got lost.
30650	shake off	shake	off	2.900000	2.183270	' h 10 Whatever town you enter and they do not receive you, go out into the streets and say, i 11 ' The dust of your town that clings to our feet, even that we shake off against you.
30651	run off	run	off	3.000000	1.154700	"He had run off into the garden after she had started shouting: "" I attacked her because she was the first person I saw."
30652	run off	run	off	3.000000	1.154700	I did for a second; when I looked up, everyone had run off.
30653	pay off	pay	off	3.000000	1.333330	At the end of July the Western Kansas Bank had not only paid off the $150,000 of discounts, but sent $50,000 more to the Federal Reserve Bank with the request that it be accommodated with a purchase of government securities.
30654	kill off	kill	off	3.000000	1.490710	And do n't you believe we should all feel better to kill off them fowls -- all but two or three?
30655	walk off	walk	off	3.000000	1.563470	As I left the shop, I was conscious of a certain pleasure in the success of my attempt, as any thief might be; and I walked off very fast, clattering the coppers in the tin pail.
30656	pay off	pay	off	3.000000	1.632990	if you have not taken full advantage of 401 k opportunity and have other debt then you should definitely not try to pay off your house.
30657	bounce off	bounce	off	3.000000	1.699670	He was hot and tight, and Jack moved in and out, quick and easy, going deeper, much deeper, harder, even faster than before, and before long, he was bouncing off Jason 's ass as he pounded into him.
30658	shut off	shut	off	3.000000	1.763830	Everything being ready, this cosy little sitting-room was now shut off from view by a calico curtain which was stretched across the stage by long strings run through brass rings.
30659	fly off	fly	off	3.000000	2.108190	"Now then, boy, "" he said kindly, "" an aeroplane dived down out o ' the sky into your medder yisterday and picked up a homely, stupid girl and flew off with her. """
30660	run off	run	off	3.000000	2.108190	I run off from your party, for I felt like my heart would break or something.
30661	rip off	rip	off	3.000000	2.211080	I seized again the axe, and with repeated blows splintered the cover; then, with bleeding hands I ripped it off and hurled it from me.
30662	fight off	fight	off	3.100000	1.197220	By now she was finding her strokes and using her powerful forehand to fight off her opponents.
30663	walk off	walk	off	3.100000	1.595130	She walked off down stairs straight as......, in spite of all I could say; and, sure as the world, she 'll be up to talk with you about it.
30664	back off	back	off	3.100000	1.663330	Repeat until he backs off from you and the titbit.
30665	fight off	fight	off	3.100000	1.663330	Of course, they do not intend to use them; they register them to fight off competition, believing (and here is the important point! )
30666	rip off	rip	off	3.100000	1.791960	""" ' I make a tramp, ' says he, rubbin ' his hands, ' with her propeller ripped off. '"
30667	fly off	fly	off	3.100000	1.852930	""" Not exactly into the air, for the air would all fly off, and be dissipated too; we should fly off into the sky somewhere, some in one direction, and some in another."
30668	leave off	leave	off	3.100000	1.969210	You emit a little whimper as you feel my fingers touch your pussy, hearing a pleased chuckle from me as I discover you have left off your knickers for the meeting.
30669	blow off	blow	off	3.100000	2.024850	It was on a Tuesday, the day after Philippa left her house, that Jason Auster went to the woods with his gun, and was found there by Jehu Bates, insensible, and with his right hand blown off at the wrist.
30670	fall off	fall	off	3.100000	2.282790	Over time the quantity of biomass builds up and the excess biomass starts to fall off.
30671	back off	back	off	3.111110	1.964970	The RUFFIANS drag MALCOLM off L., and ELLEN R., preserving the same relative positions --  the RUFFIANS backing off and dragging the prisoners after them.
30672	cut off	cut	off	3.111110	2.147350	But in the absence of needed change, voting for the ConCon simply to spite the powers-that-be may well be cutting off one 's nose to spite one 's face.
30673	rip off	rip	off	3.200000	1.229270	Queen with most menacing expression grabs hold of Kelly 's overcoat, rips it off so that Kelly stands there dressed only in her nightshirt and slippers, quivering and trembling.
30674	come off	come	off	3.200000	1.316560	Oftentimes bundles come apart, barcodes are unreadable, magazine covers come off, trays are mislabeled or sortation errors occur.
30675	come off	come	off	3.200000	1.475730	It wo n't all come off but believe me, you 're clean enough.
30676	fight off	fight	off	3.200000	1.686550	The most obvious example is the annual flu, the immune system fights it off and remembers it (you do n't get sick more than once from the same strain even if you get infected again ).
30677	fly off	fly	off	3.200000	1.686550	I do n't see ALL Evos and Scoobies suddenly flying off the road and running over your nan just because they are sporty and have big exhausts ' as standard '.
30678	run off	run	off	3.200000	1.813530	A great many goldsmiths are already run off, and more will daily.
30679	fly off	fly	off	3.200000	2.097620	A gasp rose from the class members and Mariana glared, swivelling her head round at such a rate Sue she was afraid her antique silver earrings would fly off.
30680	go off	go	off	3.222220	1.715940	(She goes out onto the terrace and off at Left. )
30681	shut off	shut	off	3.300000	1.251670	In January 2009, Russia shut off its natural gas supply to Ukraine for 13 days as its trump card in a dispute over pricing and payment for the commodity.
30682	drop off	drop	off	3.300000	1.337490	So we hit on this new plan - on one day her husband would drop her off at my house on his way to work.
30683	shake off	shake	off	3.300000	1.494430	p. 25 CATES (aroused, scrambles to his feet, violently shaking off Horne 's...... staring eyes catch the schooner 's sails on the horizon.
30684	break off	break	off	3.300000	1.567020	Cleaning jag of proper caliber - acquire one with steel threads so it does n't break off in the barrel and become an obstruction.
30685	throw off	throw	off	3.300000	1.702940	Paul That means I could have been DQed on my recent 100 free, when I threw my goggles off and hit the swimmer in the next lane squarely on the bum.
30686	turn off	turn	off	3.300000	1.702940	"Hen Billard tried to turn it off, and said: "" Pshaw!"
30687	rip off	rip	off	3.300000	1.766980	We had n't more than got to the Soldier 's Home grounds before some boys who were playing tag grabbed hold of my girl 's crushed-strawberry polonaise and ripped it off.
30688	leave off	leave	off	3.300000	1.946510	The roof is left off, and stories between basement and garret have never been inserted.
30689	shut off	shut	off	3.300000	2.002780	Since I did not have a DSL account, they shut off my DSL service (but kept sending bills. ) I had no choice but to cancel my CAIS account, because I no longer was getting any service from them.
30690	fight off	fight	off	3.400000	1.349900	The decisive battle had been fought fifty miles off on the twelfth, and yet the victorious troops trod the streets of the capital on the......, Strain turned his thoughts toward the Andes, while his comrades prepared to return to the ship Lexington.
30691	walk off	walk	off	3.400000	1.429840	He closes his fist around it and then walks off.
30692	back off	back	off	3.400000	1.429840	"The best they would do for me was to back off to the other side of the room, eyes and ears wide open, and there they stood. """
30693	shake off	shake	off	3.400000	1.577620	Every time I read stories in which people need only shake off ice crystals and stretch to be good to go, I cringe; that 's science fiction minus the science.
30694	kill off	kill	off	3.400000	1.897370	"Masks were worn on both sides in such petty, miserable struggles, and the "" Ku-Klukers, "" as the negroes call them, killed each other off in contests in which neither side had any real claim upon the sympathy of good men."
30695	drop off	drop	off	3.400000	2.011080	For wintry weather They wo n't hold together, Seal-skins and bear-skins all dropping round, Off from our shoulders down to the ground.
30696	kill off	kill	off	3.500000	0.707107	The Algofin did kill off our green slime and it has n't returned, the blanket weed took over instead, but as you said removal is quite therputic, what els e would we do on saturday mornings?
30697	run off	run	off	3.500000	1.178510	He is not reduced to dismount and walk, because his horses are running off with...... 24.
30698	drive off	drive	off	3.500000	1.433720	Mercedes recommend you start the car and drive off as soon as possible.
30699	fall off	fall	off	3.500000	1.840890	I watched like a hawk that he did not fall off and he did pretty good.
30700	rip off	rip	off	3.555560	2.006930	They promptly rip off Flash 's shirt, exposing his well-oiled biceps.
30701	drive off	drive	off	3.600000	1.173790	He locked up his home with its withered lawn, climbed into his car with its stuttering engine, and drove off with supplies and mementos -- a high school trophy, an army medal, a photo of a family broken.
30702	fall off	fall	off	3.600000	1.264910	Such was the pain that he was unable to keep up his great speed; his pace fell off; he limped terribly; and Earle heard behind him the shouts of the pursuers, who every moment were gaining upon him.
30703	bounce off	bounce	off	3.600000	1.349900	The bucket top had bounced off in the first burst and sped down the road before them, and the owner, feeling that he had no time...... it.
30704	rip off	rip	off	3.600000	1.429840	"When she finally came, the skirt of her dress was ripped nearly off, her hair was down and her comb broken; but she was triumphant, for Sam Black was with her, and SOBER. """
30705	shake off	shake	off	3.600000	1.646550	Dip pretzels into melted chocolate, shake off excess chocolate and set pretzel on waxed paper.
30706	pay off	pay	off	3.600000	1.897370	"to the taxpayers, it is unwise to pay off the debt so rapidly --  that we ought to reduce the revenue to the lowest point possible, and "" let the money fructify in the pockets of the people. """
30707	drive off	drive	off	3.666670	1.224740	Silly question - why did n't you just drive off to another isolated parking space?
30708	fly off	fly	off	3.700000	0.948683	Flexibility is the key, and if you can fly off to Mykonos at the last-minute, you more likely to find a great bargain, and enjoy some considerable savings.
30709	bounce off	bounce	off	3.700000	1.337490	Well, I threw the stone, and it struck the fence, bouncing off and making a tremendous noise.
30710	pull off	pull	off	3.700000	1.636390	"Ca n't you see that my tail is pulled off? """
30711	drive off	drive	off	3.800000	0.918937	He left the station with the Duke and his entourage and were driven off in a large Daimler car to Bolton Hall, where the King was to stay during his visit.
30712	turn off	turn	off	3.800000	1.398410	It 's incredibly hard to get them to turn all the way off without coming back up again.
30713	pull off	pull	off	3.800000	1.475730	Daniel gritted his teeth as pulled off his boots and trousers.
30714	bounce off	bounce	off	3.800000	1.549190	You 're probably not going to to be walking so great after getting your head bounced off the pavement a couple of times.
30715	cut off	cut	off	3.800000	1.549190	"The complainant argued that these scenes, as well as the "" hideous "" language in the programme, for example "" shall I cut your tits off?"
30716	bounce off	bounce	off	3.800000	1.619330	Half way in, the second boat, not being steered, swerved, and the side hit an ice cake, bounced off and rammed a young iceberg.
30717	fight off	fight	off	3.900000	0.875595	During its rule, the Spanish fought off various indigenous revolts and several external colonial challenges from Chinese pirates, the Dutch, and the Portuguese.
30718	drive off	drive	off	3.900000	0.994429	And the wagon drove off, rattling and jolting over the frozen road.
30719	throw off	throw	off	3.900000	1.595130	The mask was now thrown off, and matters were come to a crisis.
30720	fall off	fall	off	3.900000	1.911950	He might fall off, or the nails might come out.
30721	fly off	fly	off	4.000000	1.054090	Meantime the other birds flew off, and the animals ran into the woods.
30722	bounce off	bounce	off	4.000000	1.490710	Will the infrared / bluetooth whatever be bouncing off the glass and it not syncing properly?
30723	throw off	throw	off	4.000000	1.563470	The first nafs is the wild horse on the hill; the second nafs is the one with a bit in the mouth and you jump on it and it throws you off.
30724	pull off	pull	off	4.000000	1.632990	When the parrot 's legs and wings are pulled off, Punchkin loses his legs and arms; and when its neck is wrung, his head twists round and he dies.
30725	blow off	blow	off	4.100000	0.875595	The dragon roared out yet another stream of blazing flames, which reached about a total of 12 feet or about four yards, and Sei was able to use his barrier but because he was going at a really high speed he was blown off.
30726	pull off	pull	off	4.100000	1.449140	""" By pulling off his mask, ""...... do it."
30727	pull off	pull	off	4.100000	1.595130	Ginny pulled off her beat up chaser gloves, stepped out of her boots and pulled off her sweaty robes.
30728	pull off	pull	off	4.100000	1.595130	"She pulled off her gloves, and looked critically at her hands. """
30729	cut off	cut	off	4.100000	1.663330	They cut off her beautiful hair: its long silken wavelets lay strewed upon the floor unheeded.
30730	throw off	throw	off	4.200000	0.788811	Standing 165 m high over raging torrents, I found myself being strapped to a piece of ' string ' by complete strangers, approaching a platform and asking myself why I was about to throw myself off a bridge.
30731	fight off	fight	off	4.200000	1.032800	"Do n't, now, --  you ' ll crumple me, "" she said, fighting him off with a dainty parasol. """
30732	break off	break	off	4.300000	0.674949	""" Gritting his teeth, Link grabbed the arrow in his shoulder and broke off the shaft with a grunt."
30733	drive off	drive	off	4.300000	0.823273	Rosalie enters with Roland and Tom, they get into the carriage and drive off.
30734	break off	break	off	4.300000	1.059350	Music boxes that are nice to look at can be especially appealing for a baby, but we do need to be careful that if they 're within reach of them, they have n't got small bits the baby might break off and put in their mouth.
30735	walk off	walk	off	4.300000	1.059350	Ask the next botherers to see a copy of their permit they will either run off or you can walk off while they go and get it.
30736	fall off	fall	off	4.300000	1.337490	Here the slow-moving ground mixture of vulcanized rubber and fabric is allowed to drop in close proximity to a magnet, which deflects the iron particles, causing them to fall off by themselves, and freeing the rubber from the metal.
30737	cut off	cut	off	4.400000	0.966092	"And if thy right hand offend thee, cut it off, and cast it from thee: for it is profitable for thee that one of thy members should perish, and not that thy whole body should be cast into hell. """
30738	fall off	fall	off	4.400000	1.074970	The panels were behind her and fell off without warning, landing on her head, shoulders and ankles.
30739	shut off	shut	off	4.500000	0.527046	At a somewhat earlier hour tdhan usual the gas was shut off in the Stillwater hotel.
30740	pull off	pull	off	4.500000	1.269300	A minute later the smith, who had just begun his day 's work, and still wore his coat, pulled it off and flung it to one side.
30741	walk off	walk	off	4.555560	0.726483	But NOW, on land, they could subpoena us as we walked off the base.
30742	fall off	fall	off	4.600000	1.264910	There were icicles upon his beard and hair, his hat having fallen off.
30743	carry out	carry	out	0.100000	0.316228	Cleaning of animals ' feet was reportedly carried out by 36% of POs compared with 1% of non-POs.
30744	hang out	hang	out	0.100000	0.316228	I used to hang out with an alcoholic street-person who lived under the Shinkansen railroad bridge.
30745	hang out	hang	out	0.111111	0.333333	Nothing will impact your job satisfaction and make you weary faster than hanging out with people who wallow in a sea of negativity.
30746	be out	be	out	0.200000	0.421637	We all know that everything is better with beer - there 's probably some science out there to support that.
30747	carry out	carry	out	0.300000	0.674949	Firstly it is worth noting that there is no legal requirement to have a periodic electrical report produced on the property, so carrying out your own and insisting on reimbursement would be ill advised I feel.
30748	make out	make	out	0.400000	0.516398	It 's a shame the author is utterly delusional 1% of the responses (if you 're lucky ) are positive, they certainly are not equal as you are trying to make out.
30749	make out	make	out	0.400000	0.843274	Cheques should be made out to St Bees Priory PCC and sent to the Treasurer, Dr G W S Burgess, St Bees Priory Treasurer, 7 Abbey Farm, Abbey Road, St Bees, CA 27 0 DY.
30750	carry out	carry	out	0.500000	0.971825	As far as the UK is concerned, research for the BBC carried out by Charlotte Rayner PhD of Staffordshire University Business School and Prof.
30751	turn out	turn	out	0.500000	0.971825	And a little nice meat every day, - - which we have to have, - - turns out so very expensive.
30752	turn out	turn	out	0.500000	1.080120	One day, he comes home with tickets for what turns out to be a historic game...
30753	make out	make	out	0.500000	1.080120	And here 's --  can you make out this signature?
30754	carry out	carry	out	0.600000	0.699206	The butler had been instructed to keep ward and watch below, while Mrs. Weld went upstairs, ostensibly to ascertain that everything was as it should be there, but in reality, to carry out a project of her own.
30755	be out	be	out	0.600000	1.074970	Some will just be out for the money, and safeguard what they know.
30756	run out	run	out	0.600000	1.074970	But if you do, or you take advantage of a bulk discount, no problem, just treat all packs you buy before the first one has run out as though it was one purchase of a bigger pack.
30757	turn out	turn	out	0.600000	1.074970	Many questions remain to be answered but it is hoped that the work being done will be valuable even if the Canonbie site turns out to be unsuitable.
30758	hang out	hang	out	0.666667	0.866025	If she 's making more time to hang out with her girlfriends and does n't currently have a boyfriend, tremendous!
30759	keep out	keep	out	0.700000	0.823273	As looking goes I 've been keeping my eyes out for anything interesting out there, but so far all the pieces have n't fallen in their right places.
30760	lay out	lay	out	0.700000	1.059350	We have to lay out the orbits in terms of the life of the satellite and where the planets will be so the whole thing will not bog down.
30761	make out	make	out	0.700000	1.059350	Personally I do n't think the game was as bad as most people made it out to be.
30762	turn out	turn	out	0.700000	1.159500	Soekershof Walkabout has turned out to be a very personal experience that differs per individual.
30763	work out	work	out	0.700000	1.159500	No other bondage is upon thee cast Save that wrought out by thine own erring hand; By thine own act, alone, thine image placed --  Poorest or President, choose thou to stand.
30764	hang out	hang	out	0.700000	1.251670	"The conversazzhyony wuz a notable affair, The bong tong deckolett ' nd en regaly bein ' there; The ranch where Sorry Tom hung out wuz fitted up immense, --  The Denver papers called it a "" palashal residence. """
30765	carry out	carry	out	0.800000	0.788811	This work to develop safe systems of work for our operations work, our emergency response, will be carried out through close working between the FRM, HS and IPD Advisory Boards.
30766	work out	work	out	0.800000	0.918937	"My own methods are placed in the service of studying "" natural kinds "" already identified by you, of working out someone else 's world picture (Nickles 1989: 226 )."
30767	make out	make	out	0.800000	1.032800	Miss Sterling, it would be useless for me to try to make myself out better than I am.
30768	check out	check	out	0.800000	1.135290	Some of these deposits originate in the loans which the farmer obtains from the bank; he borrows from the bank and leaves the amount on deposit, to be checked out as he has need.
30769	carry out	carry	out	0.800000	1.229270	Mar 25 (CG ) An investigation is underway into a journalist from a television channel who had covered the final stages of the war in 2009 and has later supplied the video material to groups overseas carrying out a campaign against the govt.
30770	make out	make	out	0.800000	1.229270	He listened, but could not make out the occasion of it; for, in consideration of his feeble condition, he had not been informed of the meditated attack.
30771	fall out	fall	out	0.800000	1.619330	But somehow he grew in favor and invested money in steamboats, one of which he went captain...... he fell out with our captain for always beating him in his trips.
30772	turn out	turn	out	0.800000	1.619330	"If Sabina were to go, - - and she will next spring, - - I am afraid it would turn out that we should have to keep two. """
30773	work out	work	out	0.888889	1.536590	Kenny Williams has made a lot of moves that have worked out well, but if you 're going to deny that he sometimes does some seriously baffling stuff that does n't work out, I do n't know what to tell you.
30774	keep out	keep	out	0.900000	1.100500	Keep an eye out for opportunities to reinforce this unique immediacy.
30775	run out	run	out	0.900000	1.100500	"when they ask me to review the shots in camera, i simply try to avoid it by saying that "" I feel we got it, let 's move on, we 're running out of time!"
30776	sell out	sell	out	0.900000	1.286680	He sold out his principles and the record of his whole life for the glittering prize of the Presidency, which he fancied he saw in the distance; why should not they sell out for a little ready cash to save them from starving?
30777	turn out	turn	out	0.900000	1.286680	"Well, it 's turned out badly enough, "" her father commented. """
30778	break out	break	out	0.900000	1.449140	Fierce hatred, I...... and before the honeymoon was over it began to break out.
30779	carry out	carry	out	0.900000	1.449140	In the first place, he had important plans to discuss and carry out, and he was impatient of further delay.
30780	make out	make	out	0.900000	1.728840	Near as I can make out, you never open your head when you 're with her.
30781	break out	break	out	1.000000	0.866025	In 1270 he led another crusade against the Mahomedans in Tunis, but fell a victim to the pestilence which broken out in his camp there.
30782	work out	work	out	1.000000	1.054090	"They tremble lest they should not work out their salvation if // they continue in a eorrupt church; they fear the menaces of God, and dare not embark on the great journey with unsafe guides. """
30783	wipe out	wipe	out	1.000000	1.247220	A society in which the twin problems of over-work and unemployment have been eradicated, in which local politics and economies have been revived, and inequality wiped out.
30784	turn out	turn	out	1.000000	1.333330	In course; I sez to ma -- why, Lord bless me, it must have been three or four years ago -- that ' t would all turn out so.
30785	make out	make	out	1.000000	1.414210	I really believe that this is Grisham 's best novel and although I have n't checked, I believe they have made a film out of it.
30786	lay out	lay	out	1.000000	1.563470	From the school to the exhibition was only a step in the course laid out by the False Artists, just as the next step was admission to the museums.
30787	wipe out	wipe	out	1.000000	1.632990	They are not to be wiped out by resolutions and addresses!
30788	make out	make	out	1.000000	1.699670	""" Say, "" said the other, "" I ca n't quite make that out yet."
30789	lay out	lay	out	1.100000	1.523880	The editors there did a terrific job of laying out my piece on Robot Rivals, and have lots of photos of the principals behind, and some of the robots featured on the show.
30790	turn out	turn	out	1.100000	1.595130	There is a statement that the Tredegar Iron Works at Richmond, that great arsenal of the Confederacy, turned out early in 1861 a submarine patterned after a diving-bell, which speedily demonstrated its complete futility.
30791	wipe out	wipe	out	1.100000	1.595130	If they, too, would only find some great chief, under whom all the tribes could unite, how quickly would they wipe out the hated redcoats and teach the English to respect their rights.
30792	miss out	miss	out	1.100000	1.663330	This day, and the next, the Doctor was out more than usual; and the day following he was missing.
30793	turn out	turn	out	1.100000	1.852930	Her father learned how to trace the messages to their source and it turned out to be a man she knew from her church.
30794	hang out	hang	out	1.100000	1.911950	What an amazing place, hanging out in the park alone was a treat and then follow that with entering the monumental stadium packed with so many people, breathtaking, such a good feeling, and a first for our two girls.
30795	sell out	sell	out	1.111110	1.166670	""" The Indian can beat the Australian, but he thried to sell the boys out, an ' if he slackens his gait by ever so little, the b'ys will begin shootin ' sthraight before them."
30796	wipe out	wipe	out	1.200000	1.032800	Smoke may injure us but the latter is even wilder, may wipe out the human race.
30797	set out	set	out	1.200000	1.032800	They had been missing since 11:30 o'clock yesterday morning, when they set out in the family automobile on a shopping trip to the Winnetka...... was reported to the police by George F. Austin, a landscape gardener, shortly before midnight.
30798	work out	work	out	1.200000	1.229270	Tanzania has an annual GNP capita of $290 for its 36.5 million people, which works out to a total GNP of approximately $10.5 billion.
30799	check out	check	out	1.200000	1.475730	Even if you 're not totally convinced on purchasing anything SEO-related right now, go check out the launch video and how you can fully flesh out a website in less than 60 seconds.
30800	run out	run	out	1.200000	1.549190	July 9, 2002: Bud Selig ends the 2002 All-Star Game in a 7 -7 tie after eleven (11 ) innings as both the National and American leagues run out of pitchers.
30801	work out	work	out	1.200000	1.549190	We 're sorry to hear you cannot make it to our 2013 conference in Santa Barbara but hope that things work out in 2014.
30802	hang out	hang	out	1.200000	1.549190	"The white elephant 's relative was a conspicuous character -- after the lifting...... before Will, hanging out a long, dismal face, and speaking with difficulty. """
30803	lay out	lay	out	1.200000	1.619330	The outdoor area is well laid out to promote children 's physical development and children respond well to the opportunities it affords.
30804	carry out	carry	out	1.200000	1.619330	This policy Lincoln undertook in good faith to carry out, and he adhered to it so long as it was consistent with the safety of the Government.
30805	carry out	carry	out	1.200000	1.751190	How would this process be carried out if the matter rested entirely with the Balkan states, if Austrian ambitions, Russian ambitions, Italian ambitions, were left completely out of account?
30806	break out	break	out	1.200000	1.873800	I broke out into a great sweat all over my body as I realized that I had forever forfeited the respect and confidence of my uncle, whom I greatly honored and admired.
30807	set out	set	out	1.300000	1.159500	L. 96 -481, set out as an Effective Date note under section 504 of Title 5, Government Organization and Employees.
30808	lay out	lay	out	1.300000	1.251670	Then he had a great Court House Square laid out close to the proposed hotel.
30809	wipe out	wipe	out	1.300000	1.251670	Is it not a fact that our battleships, together with our cruisers, submarines and destroyers, could wipe out any number of cruisers plying either the Atlantic or the Pacific Ocean?
30810	lay out	lay	out	1.300000	1.337490	For instance, a young man, having inherited a splendid fortune, laid out a considerable portion of it in the purchase of diseases...... lot of repentance and a suit of rags.
30811	start out	start	out	1.300000	1.418140	Rodney Grimes was starting out to win Barbara with the same dash and impulsiveness that overcame Mary Farrell, the cook in the mining-camp...... to California ready to marry the first man who asked her.
30812	point out	point	out	1.300000	1.567020	Having read a bit of both books myself but not as extensively as i wanted to due to my limited command of Arabic scr ipt.I can point out a few similiarities off the top of my head.
30813	sort out	sort	out	1.300000	1.567020	"Here are the young men, and they look as if they had...... floor, and let 's sort ' em out. """
30814	break out	break	out	1.333330	1.581140	Not one of themselves, they felt that, though outwardly as filthy and ash-covered; silent, with foreign thoughts and longings breaking out through his quietness in innumerable curious ways: this one, for instance.
30815	set out	set	out	1.400000	1.264910	The effect of the ban on his life and his career is set out in full in his witness statement 33...
30816	miss out	miss	out	1.400000	1.349900	The boy was not missed for some time after the fire was out.
30817	wipe out	wipe	out	1.400000	1.505550	In my twentieth year, enraged by a blow inflicted by the Captain, Iconspired, and heading a mutiny took possession of the brig, killing the Captain with my own hands and so wiping out the foul stain he had blackened me with.
30818	set out	set	out	1.400000	1.577620	Somebody would start up that lie about murdering Christian children, and the stupid peasants would get angry about it, and fill themselves with vodka, and set out to kill the Jews.
30819	hang out	hang	out	1.400000	1.646550	I really love hammocks - and hang out in them whenever possible.
30820	put out	put	out	1.400000	1.646550	This, as talk grows of the zonebie being put out of its misery, with some form of break-up.
30821	reach out	reach	out	1.400000	1.646550	She picked up the phone at her home in San Francisco and, without really knowing what was going on, heard him reach out to her in his last moments.
30822	wipe out	wipe	out	1.400000	1.646550	Â£1400 million was wiped out in 24 hours in March of this year (1977 ), when the vote of no confidence in the Labour government was being moved.
30823	keep out	keep	out	1.400000	1.646550	"We do not play for the exercise, we do not play because it "" keeps us out in the open air. """
30824	roll out	roll	out	1.400000	1.776390	I 'm delighted it 's now going to be rolled out across Fife.
30825	check out	check	out	1.400000	1.837870	Without hesitation, they agreed to advance him the money he wanted, and to enable him to strike while the iron was hot, checked him out the money on the next morning.
30826	set out	set	out	1.400000	1.955050	I do n't think you set out to betray Elias because of your son 's death.
30827	hand out	hand	out	1.400000	2.011080	Nothing wrong with political abuse per se - Disraeli handed out plenty of it but with SO much more class!
30828	throw out	throw	out	1.400000	2.011080	A father jailed for killing his ten week old baby after a night of heavy drinking has had his claims he was wrongly convicted thrown out by top judges.
30829	roll out	roll	out	1.400000	2.065590	Tooting a long, last salute, she rolled out into Fundy and out of sight around the point.
30830	come out	come	out	1.500000	1.269300	I did, at first, and then again it seemed to me that I came out with the word because it seemed the right one.
30831	cut out	cut	out	1.500000	1.433720	And when bike is idling and i have choke at top setting and if i dont rev it the bike cuts out.
30832	try out	try	out	1.500000	1.509230	After studyin a bit to try to make out what upon yeath could brung him to my room, I put my hand out and tried the curtains agin; and the fust thing I know 'd here cum the same chap back agin.
30833	work out	work	out	1.500000	1.649920	One thing though, nothing is ever set in stone forever, ie if you take a job or decide to take your first entrepreneurial step, you can always try the other option at a later stage if it does n't work out.
30834	miss out	miss	out	1.500000	1.715940	Curtis Haynes-Brown missed out through illness, while Anthony Edgar dropped to the bench with Steve MacLean and Rory Fallon as Andy Williams and Jon Obika started in attack.
30835	turn out	turn	out	1.500000	1.715940	But there is a very large and real risk that the party will turn out to be one of those that you try to escape as soon as possible.
30836	roll out	roll	out	1.500000	1.779510	Now, I 'll admit that I was thinking of that as a test case, and when things are ironed out into a workable legislation there one would imagine the model being rolled out to the rest of the world to adopt in their own fashion.
30837	wipe out	wipe	out	1.500000	1.779510	Whatever happened at the end of the Permian Period nearly wiped out all life on Earth.
30838	wipe out	wipe	out	1.500000	1.900290	She will ask her uncle to send a suicide bomber to wipe out the royal family, and been the mother to the future king, she will crown herself Queen of England.
30839	miss out	miss	out	1.500000	1.900290	I wonder what has become of Miss Obsolete, who was out all last night?
30840	fall out	fall	out	1.500000	2.013840	Ali 's next fight will be on the undercard of the Mike Tyson card set for July 30, 2004, in Louisville, Kentucky --- but after having two opponents fall out, they are still negotiating with some potential boxers for that card.
30841	sort out	sort	out	1.555560	1.424000	Helps keep the PC running well, and means a free 30 day trial again =) As for GPS, I can sort you out with the one I use.
30842	point out	point	out	1.600000	1.264910	""" At least they 're protected, "" Alfassa points out."
30843	put out	put	out	1.600000	1.505550	De fus ' man w'at Brer Rabbit come up wid wuz...... eyes on ' im dan she h'ist up ' er tail in de elements, en put out like a pack er dogs wuz atter ' er.
30844	try out	try	out	1.600000	1.505550	White man tryin ' to fine out who you is.
30845	start out	start	out	1.600000	1.577620	I start out thinking that way, then before you know it, I 've got a stack of lovely bogwood and plants galore.
30846	break out	break	out	1.600000	1.712700	Harry shifted his gaze from Lucinda to Tom and broke out in a wide grin.
30847	set out	set	out	1.600000	1.955050	They went into possession that afternoon, and old Hard Times set out to cook his supper.
30848	fall out	fall	out	1.600000	2.011080	"You may easily conceive what absurd dealings are likely to fall out, if you allow two absolute commanders. """
30849	miss out	miss	out	1.666670	1.224740	And if you 're not on the newsletter, you 're missing out!
30850	sort out	sort	out	1.666670	1.414210	Maybe RDR and commission bans will sort these tossers out and get them out of the industry, but I doubt it, crooks seem to be able to expoit any loopholes and these are legion within RDR.
30851	cut out	cut	out	1.700000	1.337490	I 'd cut him out of my life that day, swore him and the Patriots off forever in one breath.
30852	reach out	reach	out	1.700000	1.337490	At this point, however, he has to be the one to intially reach out.
30853	try out	try	out	1.700000	1.337490	Out of curiosity, any if the ifanboys try out Kelly Sue 's first issue of Avengers Assemble?
30854	set out	set	out	1.700000	1.494430	After a bountiful meal, Gilbert completely dried his garments and prepared to set out on his return, resisting the kindly persuasion of the host and hostess that he should stay all night.
30855	wipe out	wipe	out	1.700000	1.567020	Woman, your lover, after your last kiss, Wiped my dishonor out with his heart 's blood.
30856	cry out	cry	out	1.700000	1.636390	This place has over 2000 residents on its doorstep crying out for somewhere nice, which makes the amateur service and dreadful food all the more painful.
30857	find out	find	out	1.700000	1.636390	"I want you to get back before brother David finds out that you have ever been. """
30858	sort out	sort	out	1.700000	1.636390	Thus he was unaware of the precise vehicles of the factors for hereditary characters (which...... germ-cells ); and he did not know how those from the two sides of the house are sorted out among the offspring in intelligible proportions.
30859	hand out	hand	out	1.700000	1.702940	The gentleman then handed out the lady, and both entered the chapel, Beppo keeping guard without, to prevent or give notice of any intrusion.
30860	roll out	roll	out	1.700000	1.766980	) He tells me about how Vosges is rolling out its new mainstream brand, Wild Ophelia, which sources organic ingredients from American farmers.
30861	be out	be	out	1.700000	1.828780	The Congressional budget office is out with a grim report suggesting the deficit for 2012 will top $1 trillion for the fourth year in a row.
30862	run out	run	out	1.700000	1.828780	The same discrimination of fit and fair runs out, if with less rigor, into all parts of life.
30863	sell out	sell	out	1.700000	1.828780	"All remembered William A. Bodley and his family, but not one could tell what had become of the man after he had sold out and gone away. """
30864	check out	check	out	1.700000	1.946510	(After he finishes and tears check out ) Oh, that 's just fine.
30865	break out	break	out	1.700000	2.002780	Yesterday afternoon I broke out my Turtledog hammock stands and set all of my demo hammocks up so they 're pre-adjusted.
30866	fall out	fall	out	1.700000	2.162820	He was not on good terms with Deacon Hardhack, for they once had a falling out on business matters, and so whatever the Deacon attempted to do in society affairs was opposed by Mr. Cannel.
30867	work out	work	out	1.700000	2.162820	1 Does any one suppose that Indian logic would not be quick to work out an opposite conclusion from an opposite line of treatment?
30868	check out	check	out	1.800000	1.398410	Well I am still in Alabama and whilst I have been sightseeing I thought I might check out a couple of it 's past famous residents.
30869	make out	make	out	1.800000	1.475730	The girls dressed these bouncy rats in hand knitted baby clothes their Mother made out of fluorescent pink and yellow acrylic wool.
30870	check out	check	out	1.800000	1.619330	Your university will have a business club with links to local business chambers - maybe check those out and see if there 's any networks there you can tab into.
30871	take out	take	out	1.800000	1.619330	Grabbing one of the ceremonial spears (!!) carried by the town 's Guard, he quickly takes out two guys in black suits.
30872	point out	point	out	1.800000	1.619330	If a single phenomenon could be pointed out which the aether is proved incompetent to explain, we should have to give it up; but no such phenomenon has ever been pointed out.
30873	hang out	hang	out	1.800000	1.751190	I tell you Ma, he is hanging out signals, and they 're for me, too.
30874	roll out	roll	out	1.800000	1.813530	If you hit the ground runnng on the pilot then you are going to have significant interest when you roll out the other franchises later own.
30875	fall out	fall	out	1.800000	1.873800	He says he loves me that he has n't fallen out of love with me.
30876	run out	run	out	1.800000	1.988860	Geology The Geology and Tectonics of Pakistan (Kazmi and Jan ) I would have liked a copy of this, but they had run out before the conference.
30877	sell out	sell	out	1.818180	1.250450	I was a commodore without a squadron, and I felt so cheap that I would have sold out my commission for sixpence, and thrown myself in.
30878	put out	put	out	1.900000	1.595130	Some of this money was put out Tor personal influence, $100 for the temporary loan of one man 's political talents.
30879	start out	start	out	1.900000	1.595130	Christ comes into a world lying in wickedness --  besotted by it, plagued and tormented by it; full of abominations starting boldly out without pretense of concealment, from every phase of private, social and civil life.
30880	roll out	roll	out	1.900000	1.663330	Some of the bowlders, high above water, are easily seen; others quite low are shown by a foaming wave rolling out from each side as the waters divide others, again, just covered, are marked hy a white-capped swell below them.
30881	try out	try	out	1.900000	1.663330	I figured we would try out the rest cure, you and me.
30882	hand out	hand	out	1.900000	1.791960	"Midway through, impudent little place cards were handed out to select scenesters, announcing the details to the afterparty ("" Shhh! "" the note obnoxiously began ), but the real location-Chez Gagosian-was only whispered in the ears of the chosen few."
30883	point out	point	out	1.900000	1.791960	""" Some have accurately pointed out that the Greek word for "" rule "" means to act as arbiter or judge."
30884	try out	try	out	1.900000	1.969210	Anyway I had the g / f 's 2002 Laguna dCi in his garage one night and he wanted to try out his new kit on a Renault so he plugged it into mine.
30885	break out	break	out	1.900000	1.969210	If the doors happened to open, and the chorus broke out unveiled, delicious tremors ran up and down my spine, and I was faint with suppressed enthusiasm.
30886	throw out	throw	out	1.900000	2.024850	Fifteen minutes after the first tentative overtures had been thrown out feeler-wise, Red Hoss found that he and Riley were...... already were as partners jointly committed to a joint undertaking.
30887	hang out	hang	out	1.900000	2.079000	That cup 's going to stand on the stump of that tree there -- where the chipmunk hangs out.
30888	speak out	speak	out	1.900000	2.079000	This is a delicate business for him as well as for the lady --  and there is where the awkwardness comes in: from his point of view he ca n't speak out, any more than she.
30889	keep out	keep	out	1.900000	2.131770	Stuart Searle saved from Sheldon Sellears after the winger had cut in from the right on 25 minutes, and up the other end Josh Vickers did well to keep out Ryan James ' curling shot with the outside of his left boot eight minutes later.
30890	find out	find	out	2.000000	1.247220	Pre-Google, it could sometimes be * very hard * to find out something you needed to know.
30891	throw out	throw	out	2.000000	1.333330	His theory was, that a tree planted below its natural depth threw out a new stratum of roots, by which the equilibrium was lost, and it became thenceforth a maimed tree, incapable of producing its maximum of fruit.
30892	try out	try	out	2.000000	1.414210	If there be land so nigh, as by our glance, The eye may seem to conjure, we may try, The little we can do...... out the boats!
30893	sort out	sort	out	2.000000	1.581140	Is n't this sort of thing rather easy to sort out?
30894	find out	find	out	2.000000	1.632990	"Have you found out any thing, and what have you found out? """
30895	hand out	hand	out	2.000000	1.632990	They found him handing out the wages for nhich he had fought.
30896	hand out	hand	out	2.000000	1.699670	"Well, "" Mr. Ruck continued, "" I stepped in at the banker 's to see if there was n't something, and they handed me out a Herald. """
30897	miss out	miss	out	2.000000	1.699670	The river is a grand thing when it is river and sea together; but how one misses the ocean when the tide is out, for in the great place it filled the stream from the hills, after all, looks of little consequence.
30898	bring out	bring	out	2.000000	1.763830	He supports rebuilding the Rama temple at Ayodhya and said that the symbols of 1,000 years of slavery have to be erased and the truth brought out.
30899	put out	put	out	2.000000	1.763830	The 26 episode Heat Guy J was put out as a boxset for just Â£25, and the similarly lengthy Tokyo Underground also came out in boxset form for just Â£39.99.
30900	throw out	throw	out	2.000000	1.825740	If the initial petition is n't thrown out, inmates are eligible for a state-funded lawyer.
30901	put out	put	out	2.000000	1.825740	Soon we saw the warships coming after us, and they followed us all day; short ly after dark, however, we put out our lights?
30902	start out	start	out	2.000000	1.885620	There was nothing to be said against this, and we prepared to start out.
30903	find out	find	out	2.000000	2.000000	Wants to speak to the students, to find out what they want.
30904	fall out	fall	out	2.000000	2.000000	"I demanded, feeling the bottom of my heart fall out, for all the world like the floor of a dump-cart. """
30905	call out	call	out	2.100000	1.523880	The picture she presented was far from lovely, nor was it of a kind to call out a friendly sympathetic response.
30906	sell out	sell	out	2.100000	1.523880	Users will only be shown events with availability - nothing that is already sold out will appear - and they can click on the event to access booking information.
30907	start out	start	out	2.100000	1.523880	So many start out to be good friends, and then want to be silly.
30908	find out	find	out	2.100000	1.791960	A lot of us seem to have dogs with funny backs all of a sudden - I do n't know how we all find out for sure what 's going on - like Mrs Mopp 's situatoin too.
30909	point out	point	out	2.100000	1.791960	(ii ) These sciences are positive also in failing to recognise the finite nature of what they predicate, and to point out how these categories and their whole sphere pass into a higher.
30910	roll out	roll	out	2.100000	1.911950	At last the face of the prairie had ceased its surging; no lurid eye-ball light gleamed out of the dusk; and the tempest of cattle had passed, and went rolling out into the unbounded stretches of the dim, yellow plain.
30911	be out	be	out	2.100000	1.969210	"I heard only the words, "" De pattikalerest lady I ebber come acrost about de feel of water, an ' I is done tired out, I is -- "" The rest was lost, as Dinah vanished from the apartment of the invalid."
30912	break out	break	out	2.100000	2.024850	In 2004, a violent rebellion broke out, in which DorÃ©lien was freed from prison 6 and returned to a position of power.
30913	call out	call	out	2.100000	2.024850	"Calling out to them as we tirelessly paddled, "" hi lazy people!"
30914	start out	start	out	2.200000	1.135290	The two were to start out, equipped at Miss Sinclair 's...... to find Richard Dewey, and apprise him of her arrival in California.
30915	lay out	lay	out	2.200000	1.398410	His garden was well laid out and kept very neat.
30916	start out	start	out	2.200000	1.619330	I had about 6 months of runway from personal savings when I started out.
30917	roll out	roll	out	2.200000	1.619330	You roll out the rum bar'l an ' stave it in.
30918	find out	find	out	2.200000	1.686550	When she returns home, she finds out that her friend, her slave girl, Minerva is about to be raped by the plantation foreman.
30919	reach out	reach	out	2.200000	1.686550	I would agree this article is London but it does not reach out further enough to mainstream society.
30920	cut out	cut	out	2.200000	1.686550	"We 've got our own work cut out for us! """
30921	leave out	leave	out	2.200000	1.751190	I pass through a terrible Tempest into the Sunlight 151 Chapter X. I join a Church that leaves out Mr. Bradford and Millie 165 Chapter XI.
30922	find out	find	out	2.200000	1.813530	Efforts on the part of Mr. Gartner for the commission to find out something about the Billard Company were unsuccessful.
30923	leave out	leave	out	2.200000	1.873800	The Chairperson said that probably the new Secretary did not want to be accused of leaving people out and that the situation of notification could be easily rectified.
30924	break out	break	out	2.200000	1.873800	Then I knew that she loved me, and my secret broke out against my will.
30925	work out	work	out	2.200000	1.932180	He gathers the information needed, and then has to work his way out across the border, some way.
30926	throw out	throw	out	2.200000	2.043960	What amazes me about this back and forth nonsense is how enraged the anti-barefoot gang is getting, and how they 've thrown out not only their logic and critical thinking skills, but how they 've ignored what every well-known barefoot running coach has advised.
30927	keep out	keep	out	2.200000	2.097620	Chances are he was half minded t ' run, anyway, fer all the wild critters is mighty shy of a man, an ' as a rule will go the long way around to keep out o ' his way.
30928	run out	run	out	2.200000	2.201010	It was too late to run out, for they were already as high as the tops of the trees.
30929	cry out	cry	out	2.222220	1.092910	"And all they can do is drop bombs, bloody the sands of Islam, and cry out, "" What next?"
30930	set out	set	out	2.272730	1.555050	The party sets out about eight or nine o'clock of a dark, moonless night, and stealthily approaches the cornfield.
30931	start out	start	out	2.300000	0.948683	Regiotaxi, the Netherlands taxi sharing scheme, first started out with the trials in 1989 by Netherlands State Railways (Nederlandse Spoorwegen NS ).
30932	bring out	bring	out	2.300000	1.337490	I thought, when they brought you here, your friends would soon have you out again.
30933	be out	be	out	2.300000	1.418140	""" Ah was jes ' co-comin ' out, Marse Kenny,...... Ah was -- "" The remainder was lost as Kenneth deliberately closed the door behind him and walked over to the negro, who was squatting in a corner with a rifle in his hands."
30934	lay out	lay	out	2.300000	1.494430	There was a vast city laid out in regular streets, but there were no houses.
30935	work out	work	out	2.300000	1.494430	"But, though it works its way out vigorously enough to swell up each cell, the gluten binds it fast, and enables us to have a panful of light "" sponge, "" where a few hours before was only a third of a pan."
30936	keep out	keep	out	2.300000	1.702940	By keeping his potential intelligence to himself and remaining a hostile-appearing detainee, he believes the US will see it as a requirement to keep him out of need to exploit him due to his threat level.
30937	sell out	sell	out	2.300000	1.702940	""" He wants to sell out - and people want someone who wo n't sell out."
30938	sell out	sell	out	2.300000	1.702940	The effort was well received, quickly selling out in physical copies, then later becoming one of the top downloaded releases on Downloadpunk.com.
30939	find out	find	out	2.300000	1.702940	You are to take these papers, go directly to the Sierras, and sit down there quiely in the heart of the mountains, get acquainted with her there; get her confidence; find out what she remembers of her old negro and all.
30940	lay out	lay	out	2.300000	1.766980	On Shaybani 's death Babur made one last failed attempt to take Samarkand, before returning to consolidate his Afghan kingdom, laying out palaces and gardens in Kabul, and always writing his memoirs, The Baburnama.
30941	run out	run	out	2.300000	1.766980	only thing you can do when end comes of is be patient with it and take it off the coil by hand and run it out with ur hands.
30942	try out	try	out	2.300000	1.766980	' A couple of them said that one among a group of their friends received a ' tour ' concertina and then other interested individuals went over to the recipient 's house to look at it and try it out.
30943	take out	take	out	2.300000	1.888560	Apt 3 - G: Speaking of ass, Jack, do n't you know it 's polite to at least take a girl out for dinner before you ask for anal?
30944	leave out	leave	out	2.300000	1.888560	And these are the men who advocate a confederation of States with New England left out to shift for herself I New England left out?
30945	take out	take	out	2.300000	1.946510	But Carlson told a panel of lawmakers he opposed changing the law to take the governor out of the equation.
30946	cry out	cry	out	2.300000	1.946510	"She cried out, "" A little farther......, and cried out in a low, counterfeited voice, to make it appear that he was distant."
30947	run out	run	out	2.300000	2.002780	Run him out --  an ' run him out quick.
30948	call out	call	out	2.300000	2.110820	Mechanical ingenuity and skill may be acquired, but taste is not exercised, nor invention called out.
30949	pull out	pull	out	2.300000	2.311810	Oh wait; he just pulls out the PIXIE DUST OF SATAN, my mistake.
30950	come out	come	out	2.300000	2.311810	He wished to say that he would come out for Clementina as soon as he was allowed to undertake the journey, and in the meantime she must let him know constantly where she was.
30951	seek out	seek	out	2.333330	1.732050	It once occurred to me that I might replenish my finances, by seeking them out.
30952	set out	set	out	2.400000	1.429840	"A Ministerial Statement from Greg Clark on Budget day added: "" Government 's clear expectation is that the answer to development and growth should wherever possible be ' yes ', except where this would compromise the key sustainable development principles set out in national planning policy."
30953	miss out	miss	out	2.400000	1.577620	reality is; we got rid of players that we wanted to, kept players that we wanted to, and missed out on a few deals that were questionable at best.
30954	set out	set	out	2.400000	1.577620	In any case, why should current research funding be determined by what a department was doing a decade ago, which seems to be the timescale set out.
30955	check out	check	out	2.400000	1.955050	After breakfast we checked out of motel and left at 9:30am. We drove south on Highway 3 to Fort Jones, where we made a brief stop at the local grocery store.
30956	break out	break	out	2.400000	2.011080	I 'm long-winded to begin with and that 's a habit I think I 'll need to break out there if I want to make anything work out there.
30957	be out	be	out	2.400000	2.011080	The Bertha Millner was a fortnight out, and the four adventurers -- or, rather, the three adventurers and Nickerson -- were lame in every joint, red-eyed from lack of sleep, half-starved, wholly wet and unequivocally disgusted.
30958	reach out	reach	out	2.400000	2.270580	She was terribly alarmed to see a man jump through the window as though he had come from the clouds, but before she had time to do any more than cry out, he had reached the door and was out in the corridor.
30959	sort out	sort	out	2.444440	1.013790	appraently it is up to you to sort your own affairs out and they will have sent you the notice for the renewal anyway.
30960	sort out	sort	out	2.500000	1.509230	When the situation is calmer there will be a better chance to sort things out.
30961	check out	check	out	2.500000	1.581140	Go check out his other book ' One True God ' for an accessible summary on the abolition movement 4.
30962	try out	try	out	2.500000	1.581140	The practice of throwing lumps of fat into a pot, and waiting till there are several pounds before trying them out, is a disgusting one, as often such a receptacle is alive with maggots.
30963	miss out	miss	out	2.500000	1.779510	If it had n't been...... I expect I should have missed out on this tour of inspection to the double-breasted new Tyler mansion.
30964	sort out	sort	out	2.500000	1.779510	The injured grains are sorted out by women, and the coffee is packed for the last time and shipped to England.
30965	bring out	bring	out	2.500000	1.840890	What artfulness here is, and how nat'rally every liniment is brought out!
30966	throw out	throw	out	2.500000	1.840890	The Italian stopped abruptly and threw out his arm with a dramatic gesture.
30967	throw out	throw	out	2.500000	1.957890	But if he meant to say that the Lords would throw out the bill merely because they disapproved of its principles and having no purpose beyond the defeat of a bad measure, that is another matter altogether. '
30968	hand out	hand	out	2.500000	2.121320	Tickets being handed out just to get in another line where there is not guaranteed you can even get what you want.
30969	point out	point	out	2.600000	1.505550	It is very easy to find fault with the past; but little service is rendered, unless a remedy is pointed out for the future.
30970	cut out	cut	out	2.600000	1.646550	Once we 're sure we 've cut out every instance of the class, we join the array with spaces and set it on.
30971	leave out	leave	out	2.600000	1.646550	But he left out an important consideration; this was the only chance for many lower class people to get control of a plot of land and build their own house; and he did not make any differentiation between these two groups in his attack.
30972	keep out	keep	out	2.600000	1.837870	With pants tied snugly over our topboots to keep out the intruding snow, we plunge into the woods.
30973	sort out	sort	out	2.600000	1.837870	""" We ca n't reason from our feelings to those...... lady, sorting out some worsteds on her lap. """
30974	bring out	bring	out	2.600000	1.897370	It brilliantly brought out the human element of that entire tragedy; something like that, which draws together the experiences of parliamentarians and Members of the House and which we could all read and learn from, would be a fantastic contribution.
30975	leave out	leave	out	2.600000	1.955050	"His church leaves out "" doughnuts to eat during worship service "" (we 'll leave aside the oddity of eating during a worship service )."
30976	sort out	sort	out	2.600000	2.065590	Come, boys, sort out the green and hand us the flowers as we want them.
30977	come out	come	out	2.600000	2.118700	As we do use Just Dance 1 and 2 a lot we needed a new game to come out to offer some more songs and...
30978	find out	find	out	2.666670	1.322880	How do you find out if the posting you are responding to is legitimate or a scam?
30979	leave out	leave	out	2.666670	1.732050	This leaves out automated theorem provers (which discover proofs ), and programs which discover mathematical results in other domains, such as the very important BACON programs, [langley: sci_disc ].
30980	call out	call	out	2.666670	1.802780	""" Drinks for four, "" called out another man."
30981	start out	start	out	2.700000	1.337490	If we start out by assuming that certain acts are wicked and that benefits to people who commit wicked acts should not count in our social calculus, we are assuming our conclusions where we ought to be deriving them.
30982	point out	point	out	2.700000	1.567020	He graphically pointed out that before the war the unsatisfied, complaining minorities amounted in Europe to 100,000,000 and that none cared much about them, especially Germany; while now that there were 20,000,000 Germany had become their protector.
30983	throw out	throw	out	2.700000	1.636390	Acting in that manner, they throw out or expend the vital forces, and exhaust the energies which belong to the posterior part of the brain and posterior part of the body.
30984	seek out	seek	out	2.700000	1.766980	Rare words and phrases and combinations are sought out; and the poet impresses by quick and living sentiment rather than by slow and formal reasoning.
30985	be out	be	out	2.700000	2.002780	""" It is pretty rough out here -- is n't it? """
30986	try out	try	out	2.700000	2.162820	Ideally, they wanted impartial reviews, but that kind of thing has to wait until someone has tried it out.
30987	seek out	seek	out	2.777780	1.301710	"Then Fairchild glanced at the progress that was being made and sought out the pseudo-foreman. """
30988	sell out	sell	out	2.800000	1.032800	"Look here -- what do you think of my selling out, buying a farm in Minnesota, and taking little Louie there? """
30989	seek out	seek	out	2.800000	1.475730	"We wanted to know... if you would seek this item out, "" she asked."
30990	speak out	speak	out	2.800000	1.549190	We must speak out forcefully whenever anyone claims scientific authority for beliefs that fail the objective tests of scientific method.
30991	cry out	cry	out	2.800000	1.549190	Neither dared to cry out, for the aid that might come was too doubtful, and, besides, they needed to husband all the air their lungs could gain.
30992	try out	try	out	2.800000	1.619330	If you want to try it out, feel free to register at the forums!
30993	speak out	speak	out	2.800000	1.686550	McConnell spoke out rather passionately, calling for voters to prevent the British National Party from gaining power.
30994	point out	point	out	2.800000	2.043960	""" She says, "" Yes, that way "" as she points out the window."
30995	keep out	keep	out	2.800000	2.250930	Mrs. Arabella Brown Yes, my child, what kept you out ob de house so long, eh?
30996	seek out	seek	out	2.888890	1.763830	She points out that he has produced uneven work throughout his long career, and she allows the reader who has never sought out When She Was Good or The Great American Novel to continue to not read them with a good conscience.
30997	put out	put	out	2.888890	1.900290	' We put out a ' Bolo ' - Be on the Lookout.
30998	throw out	throw	out	2.888890	2.315410	Allen: I am sorry to persevere on this question, but this is a classic case of the baby being thrown out with the bath water-of the life skills baby being thrown out with the sex education bath water.
30999	seek out	seek	out	2.900000	1.197220	I have plenty of wealth, which I will distribute among you, and will seek out for such a leader as may give you a proper confidence. '
31000	miss out	miss	out	2.900000	1.286680	It 's just the present thing and the whole if he does n't understand he wo n't miss out attitude that drives me nuts.
31001	pull out	pull	out	2.900000	1.523880	I feel like our suffering is just a tool for you to pull out of the antitheist toolbox when you need it.
31002	cry out	cry	out	2.900000	1.595130	"For the city wherein the people raged, as a ramping and a roaring lion, crying out, "" Crucify Him, Crucify Him, "" the Jews rooted out therefrom, hath now Christians, by not one Jew is inhabited."
31003	leave out	leave	out	2.900000	1.595130	Leaving out certain subjects offered by the privet docents, the better denominational colleges of Illinois, of Minnesota, or of Iowa are giving as full instruction to their students in the great scientific subjects as the University of Geneva.
31004	bring out	bring	out	2.900000	1.728840	The MIPI CSI -2 interface is brought out to unpopulated pads.
31005	be out	be	out	2.900000	1.728840	One of my men -- Clancy -- was out here drunk and raising a row.
31006	cry out	cry	out	2.900000	1.728840	At these words Did all start up amazed, indignant, each With horror struck, protesting, crying out.
31007	miss out	miss	out	2.900000	1.852930	Once again, despite being the only completely novice team, QDG performed well at the Divisional 's, narrowly missing out for a place at the Army 's.
31008	pull out	pull	out	2.900000	1.969210	Come he'p me, Brer Wolf, en I lay we 'll des nat'ally pull de groun ' out but w'at we 'll git deze creeturs out.
31009	reach out	reach	out	2.900000	1.969210	It reached out from the Kings apartments into the Garden of Palms, and was hidden by them on two sides, and showed from the third the blue waters of the Mediterranean and the great shadow of Gibraltar in the distance.
31010	leave out	leave	out	2.900000	2.183270	Any minority left out, either purposely or by the play of the machinery, gives the power not to the majority, but to a minority in some other part of the scale.
31011	send out	send	out	2.900000	2.330950	I sent out and loosed a swallow; the swallow went, turned, and --  found no place to light on, and it came back.
31012	start out	start	out	3.000000	0.816497	You know, people always think if you start out as a film editor, you shoot less footage.
31013	seek out	seek	out	3.000000	1.333330	She sent her handy man, secretary, social manager and organizer, mattre d'hotel, companion, scout, gossip, purveyor of comfort, J. Worthington Whitesides, to seek out Craig and to bring him before her forthwith.
31014	find out	find	out	3.000000	1.490710	I 'll just go and find out what time the newspapers go to press on Sunday.
31015	take out	take	out	3.000000	1.563470	If you just take out Â£500 his salary equals Â£49,000 a year.. and thats not including the petrol.. after (work ) petrol and his fees my husband takes home Â£2,550 a month.
31016	be out	be	out	3.000000	1.632990	We 've just started training inside, but the younger kids might still be out on these pitches and it 's sad that someone could do this.
31017	cry out	cry	out	3.000000	1.699670	In a moment of frightening candour he cried out to God, ' I know you are all I have; but I do n't know you well enough for you to be all that I need.
31018	send out	send	out	3.000000	1.699670	Detemined to teach him a lesson, Peter 's father sends him out west to work in an attorney 's office run by an old friend, in Whitaker, a small Oregon town.
31019	call out	call	out	3.000000	1.699670	"...... called out, "" you 'd better come on to supper."
31020	come out	come	out	3.000000	1.943650	""" This is where people go when they come out."
31021	take out	take	out	3.000000	1.943650	"As she spoke she drew forth her purse, and taking out...... this is all the money I have with me, but I will send you the other half-dollar. """
31022	reach out	reach	out	3.000000	2.054800	He reached out and plucked the hammer out of her hands in mid-swing, easy for his muscles but painful for his old joints.
31023	cut out	cut	out	3.000000	2.108190	Peel, and cut out a piece from the top; remove the seeds, and fill the space with a dressing like that for ducks, fitting in the piece cut out.
31024	hand out	hand	out	3.000000	2.108190	"There is "" No Admission "" on the portal; and the precious files are handed out by a clerk in charge only on presentation of an order signed by the Commissioner or chief clerk."
31025	hand out	hand	out	3.100000	1.197220	Community members outside the home are flagging down cars and handing out flyers with Celina 's image.
31026	come out	come	out	3.100000	1.286680	Fire came out of the woodwork on 2007.02.01 - 01:05PM to say: I 'm absolutely gutted.
31027	call out	call	out	3.100000	1.370320	"He called out as loud as he could, "" Jonas!"
31028	come out	come	out	3.100000	1.370320	They came out and showed themselves to Cranston clearly, in his soul.
31029	fall out	fall	out	3.100000	1.595130	Suddenly a dead bird fell out of the sky and landed at her feet with a plop.
31030	roll out	roll	out	3.100000	1.595130	""" But I WANT my dolly 's k'adle, "" said he, piteously rolling out his lower lip."
31031	pull out	pull	out	3.100000	1.791960	It must have been about 10 or 12 people that I actually pulled out of there.
31032	reach out	reach	out	3.100000	1.791960	If you ca n't find the information you are looking for here on our website, reach out to us and ask us a question.
31033	cry out	cry	out	3.100000	1.852930	"Every now and then somebody would cry out, "" There they are! """
31034	put out	put	out	3.100000	2.131770	"Then he put his head out at the door and called --  "" Sackville! """
31035	carry out	carry	out	3.111110	2.027590	"We brought nothing into this world, and we can carry nothing out. """
31036	speak out	speak	out	3.200000	1.229270	City Council president George X. Schwartz spoke out against scrapping the idea to avoid embarrassment and violence during the Bicentennial.
31037	point out	point	out	3.200000	1.316560	He walked to the side of the house to point out the flowers he wished to have removed.
31038	take out	take	out	3.200000	1.398410	"When Euphemia was ready I opened the door and took her out. """
31039	be out	be	out	3.200000	1.549190	A farmer who everyday is out on the field working his body in the heat doing hard labor and holding a shotgun is someone who is at a power level of 5.
31040	seek out	seek	out	3.200000	1.549190	Off-kilter and inept owlimation from 300 director Snyder featuring Sturgess and Kwanten as young owlets kidnapped and pressed into service as soldiers, who attempt to seek out the mythic guardians of Ga ' hoole and defeat the nefarious Metalbeak.
31041	send out	send	out	3.200000	1.686550	We have standard letters that we send out to both the comliantant and the alledged offender (AO ).
31042	come out	come	out	3.200000	1.751190	...... that he was already married to the Creole Belle when she came out to marry him herself.
31043	walk out	walk	out	3.200000	1.751190	Think of it: that 's the sight I have to meet when I 'm out walking with Miss PRATT!
31044	pull out	pull	out	3.200000	2.043960	"Then it occurred to me that my sail-boat might be raised and repaired; and I was getting into the row-boat, with the intention of pulling out and finding the place where the Splash had gone down, when my uncle made his appearance. """
31045	hand out	hand	out	3.222220	1.301710	Perhaps a scheme where subscribers are periodically sent treats in the mail, like t-shirts, mugs, posters, promo CDs for filesharing-friendly bands and stuff like that (and occasionally postcards and flyers to hand out! )?
31046	come out	come	out	3.300000	1.494430	Historic note: ' Oi The Album ' originally came out on EMI in 1980.
31047	put out	put	out	3.300000	1.494430	You know, what you put out truly does come back to you and some things truly are a blessing in disguise.
31048	bring out	bring	out	3.300000	1.567020	""" She is now bringing out a book in which she tells her own story and I have no doubt that it will be an absolutely captivating read."
31049	leave out	leave	out	3.300000	1.567020	Some are taken in right off, some after a while, and some are just left out.
31050	speak out	speak	out	3.300000	1.636390	Jennifer Carroll was asked to resign when she became embroiled in a federal investigation of a charity tied to a company suspected of racketeering, she is speaking out against Gov.
31051	walk out	walk	out	3.300000	1.888560	It shows, also, why it is far better to trust to useful domestic exercise at home than to send a young person out to walk for the mere purpose of exercise.
31052	seek out	seek	out	3.400000	0.843274	This is distributed across a number of libraries and archives and the researcher should be prepared to seek out material that addresses the particulars of the research problem.
31053	speak out	speak	out	3.400000	1.349900	I 'd never even travelled all night before, and it was no end lonesome, riding along, day in and day out, without a soul to speak to.
31054	cry out	cry	out	3.400000	1.505550	"She cries out again weakly, heartbrokenly, "" Jack! """
31055	keep out	keep	out	3.400000	1.712700	Fascist Italy had been kept out of the conflict by its dictator Benito Mussolini, but when it became clear that Germany was sweeping all before it, he joined it on the German side.
31056	lay out	lay	out	3.400000	1.712700	Firstly, the five portraits, male or female as you wish, are laid out on the table, on top of the five popularity columns, as shown in Diagram 1.
31057	cut out	cut	out	3.400000	1.776390	Indeed, after that last remark of father 's about Montgomery wanting to cut out Rood it seemed to...... else into my mind, I should go crazy.
31058	keep out	keep	out	3.400000	1.897370	Chorus Around, around, around, about, about, Put in the good, and keep the others out.
31059	call out	call	out	3.500000	0.971825	But when he reached it a voice called out to him from the right hand side of the valley in the part which was full of blessing, from out of the bush: ' Musa, I am Allah, the Lord of all the worlds.
31060	point out	point	out	3.500000	1.354010	Ten times in an hour Diccon was off his horse to pluck this or that flower that her white forefinger pointed out.
31061	cut out	cut	out	3.500000	1.649920	""" I have six shirts cut out for Mr. Lander."
31062	run out	run	out	3.500000	1.715940	"Sergius saw a captain of one of the squares run out and touch his forehead to the earth before his commander; but no Roman heard the man 's words pregnant with fate. """
31063	call out	call	out	3.555560	1.333330	As Spin_spinning points out, you CAN call out or receive calls with the mobile hotspot on with the PalmPre.
31064	sell out	sell	out	3.555560	1.509230	""" Sold out "" he told me in English "" All tickets gone ""."
31065	cry out	cry	out	3.600000	1.074970	"Well, according to his facial expression - he pretty much looked like a deer caught in a headlight - when all of a sudden it hit me what I was saying and I immediately cried out, "" Oh."
31066	seek out	seek	out	3.600000	1.074970	He seeks out a fellow misfit he has n't seen in years who shares the secret from middle school.
31067	send out	send	out	3.600000	1.074970	We advise that any players send out dispatches at their own risk, as there seems to be a high chance of them being stuck.
31068	cut out	cut	out	3.600000	1.505550	It was quickly cut out, and the two girls wondered more and more to see...... that bit of paper.
31069	walk out	walk	out	3.600000	1.505550	There could n't so much as a cat walk in or out, but they 'd know it, somehow.
31070	go out	go	out	3.600000	2.011080	We went out last night and they were tired all the night blah blah got up at 4 am yada yada...
31071	roll out	roll	out	3.666670	1.732050	Roll out to about 1 / 3 - inch thickness.
31072	bring out	bring	out	3.666670	1.870830	His father brought him out onto the balcony of the guest suite in the Embassy.
31073	cut out	cut	out	3.700000	1.828780	There is an image below showing labels cut out and ready to be placed on individual specimens.
31074	hang out	hang	out	3.700000	2.057510	DICKON (singing ) Hang out your lanthorns, trim your lights To save your days from knavish nights!
31075	take out	take	out	3.800000	0.918937	When you have taken the weeds out, you must be careful what you do with them.
31076	send out	send	out	3.800000	1.135290	Ile Was one of a party of thirty men who were sent out to...... ' as some of them had bad legs, some with bad arms, and one man with one eye.
31077	send out	send	out	3.800000	1.229270	Do not delay sending invoices and statements out on time.
31078	reach out	reach	out	3.800000	1.229270	He reached out his hand, and touched a piece of wood, which the next instant slipped from his grasp.
31079	throw out	throw	out	3.800000	1.398410	Much of clutter is trash you either thought you would need or figured you 'd throw out later.
31080	bring out	bring	out	3.800000	1.549190	The chances of our journey brought us out once more upon the plateau.
31081	go out	go	out	3.800000	1.549190	"I wish, "" she said, "" that you would n't go out to Fern Hill; you 'll have to come all the way back to town for your appointment! """
31082	go out	go	out	3.800000	1.686550	He wore his famous red shirt, with a grey cloak thrown about his shoulders, and a small cap on his head, which, however, was generally raised as he saluted the cheering crowds which attended him, whenever and wherever went out.
31083	hand out	hand	out	3.800000	1.813530	So the violin was handed out, and poor Gem at last fell asleep, with a vague intention of being a good girl, and giving up the society of Tom and the B.
31084	speak out	speak	out	3.800000	1.813530	"he exclaimed, unexpectedly, and took upon his lips those words, that have cheered and comforted so many near to death, as if he could speak out into the Waste of Snow: "" Unto God 's gracious Mercy and Protection we commit thee."
31085	leave out	leave	out	3.900000	0.875595	Regarding the detailed points you make about the content of the specification, some of these are down to decisions that I personally took as to what should be in the public version of our proposals and what to leave out.
31086	speak out	speak	out	3.900000	1.100500	It 's a model of its kind - of how to speak out of one side of your mouth while saying something different out of the other.
31087	call out	call	out	3.900000	1.197220	The old lady who was rather deaf thought it was workmen and called out ' Tell the workmen to go away, we don ' t have workmen in on Sundays!
31088	call out	call	out	3.900000	1.197220	"She came to the dike, and called out: "" Osip, Osip, come here! """
31089	fall out	fall	out	3.900000	1.197220	They go one at a time, by falling out, or by being yanked out, or by coming out of their own accord when we eat molasses taffy.
31090	sell out	sell	out	3.900000	1.595130	It wo n't be soon before long, so be sure to be on the look out because these will sell out FAST.
31091	send out	send	out	4.000000	1.333330	Perhaps this a good time to send out a reminder to your drivers of what they stand to lose this festive season, should they decide to take a chance on not being caught.
31092	pull out	pull	out	4.000000	1.581140	"He put his hand in his pocket and pulled out a marriage license. """
31093	send out	send	out	4.000000	1.885620	"The; police say they will want them when they send out a general alarm. """
31094	fall out	fall	out	4.000000	2.000000	""" Woof, "" he leaned back in his chair, and nearly fell out of it, grinning at her as if that had been the greatest joke in the world."
31095	take out	take	out	4.090910	1.513570	"Not so bad a place, after all, "" mumbled Peter, as he warmed himself at the fire and the flask; then, taking out his violin, he began to play."
31096	come out	come	out	4.100000	0.875595	"I do mean it; and she can be beside him because I let her in myself, not half an hour ago, and locked the door after me when I come out. """
31097	pull out	pull	out	4.100000	0.994429	"You 've got one: why do n't you pull him out? """
31098	cut out	cut	out	4.100000	1.286680	This produces additional holes cut out from the main shape.
31099	take out	take	out	4.100000	1.523880	Mrs. Wilson silently obeyed, and taking out a spotted red and white cotton pocket handkerchief, she began to cry in a snuffling, demonstrative manner.
31100	send out	send	out	4.100000	1.595130	It crisped and sparkled, and sent out a pungent odor, then turned and writhed between his fingers, like a living thing in pain.
31101	fall out	fall	out	4.111110	1.269300	She turns and finds she can move her head; leaning, digging with her elbow, she drops off to the left, like falling out of bed.
31102	reach out	reach	out	4.200000	0.918937	""" No, indeed, "" I answered, reaching out my hand. """
31103	speak out	speak	out	4.200000	0.918937	"Your -- "" Carew hesitated; then he nerved himself to speak out plainly; "" your love for Miss Dent. """
31104	bring out	bring	out	4.200000	1.032800	"' Who will break down that door, ' he asked, ' and bring out that woman? """
31105	walk out	walk	out	4.200000	1.316560	Back to the scene as he hands over the change and she walks out.
31106	reach out	reach	out	4.300000	0.823273	He reaches out his arms to her; a pause.
31107	run out	run	out	4.300000	0.948683	They turned round, and I ran out, looking for a good horse, as several were running about without riders.
31108	walk out	walk	out	4.300000	1.059350	Keeper of the Park This is his usual hour of walking out, Here, in the Park; we 'll see him soon, no doubt; After his morning draught he seldom fails.
31109	go out	go	out	4.300000	1.251670	TILLMAN quickly go out Right, JINNY going to the door with them.
31110	put out	put	out	4.333330	0.707107	He puts his tongue out and in quickly if he wants food.
31111	send out	send	out	4.400000	0.699206	It is all the same to them whether the package they send out be corn starch, jujube paste or hellebore.
31112	bring out	bring	out	4.400000	0.843274	"You --  "" Jim Cardegee loosed the strings...... brought out a stool that he might enjoy it in comfort."
31113	pull out	pull	out	4.400000	0.966092	Mandy who had been slapped, got stuck in the mire and started drowning, and naturally her friend, Margot, saved her by pulling her out of the quicksand.
31114	walk out	walk	out	4.400000	0.966092	"I do n't know how any recruit walks out of Memorial Stadium without thinking "" Wow!"
31115	come out	come	out	4.400000	1.074970	I 've found that they can take up to a month or so to get used to the tank and come out during the day, they might come out for a bit and then hide, or they 'll come out at night.
31116	go out	go	out	4.400000	1.264910	By the time she arrived, David 's mother had left for work and his elder sister had gone out.
31117	walk out	walk	out	4.500000	0.527046	Kearn was in the kitchen when she walked out of the bedroom.
31118	put out	put	out	4.500000	0.707107	"Whereat she did put out her fair hand to me, saying, "" Never, "" and there were tears in her eyes."
31119	take out	take	out	4.500000	0.707107	"My heart beat a little faster as I saw him take out his watch and wind it up. """
31120	go out	go	out	4.500000	0.849837	While they were talking, a servant came into the room and said to Washington, John......, You may take it, ' but after he had gone out, said, He had better mind his work. '
31121	go out	go	out	4.500000	0.971825	The arthritic Oldie and the new rescue (basket case ) ca n't go out atm What distance do you do each walk?
31122	go out	go	out	4.500000	0.971825	The average woman could hardly restrain herself from going out and seeking some one to whom to tell the interesting news.
31123	walk out	walk	out	4.600000	0.516398	And he started hemming and hawing, and I turned and walked out.
31124	speak out	speak	out	4.600000	0.699206	So, if you 've got anything bright and lively to say, speak out!
31125	pull out	pull	out	4.600000	0.843274	Then, with a quick movement of decision, she pulls out a drawer in the table and slowly takes a revolver from it.
31126	pull out	pull	out	4.700000	0.483046	Having already grieved the death of one child in this remote place, he did n't want his oldest daughter to be sentenced to the same destiny, so he pulled out the knife, picked her up and started walking.
31127	go out	go	out	4.700000	0.483046	You shall not go out alone, father, you must not.
31128	go out	go	out	4.900000	0.316228	Get Hampshire, Thursday 22 November 2007 A SCHEME in which volunteers will go out on the streets of Fleet in a bid to make the town safer at night has received a postive reaction.
31129	walk out	walk	out	5.000000	0.000000	Shot of Omra walking out of Birmingham, tossing the crystal about in his hands, and grinning unpleasantly.
31130	walk out	walk	out	5.000000	0.000000	Totally broken in half by a groan-making twist of such epic unnecessariness that if you 're planning on seeing this soon, I 'd suggest you actually get up and walk out at the midway point.
31131	catch up	catch	up	0.222222	0.440959	He is forever caught up in his writing and quickly loses the attention of his wife, Beth.
31132	wind up	wind	up	0.222222	0.440959	Sadly, I will probably wind up as a Web Haunter, my consciousness out on the internet, blogging for eternity.
31133	give up	give	up	0.300000	0.674949	""" Struggling to keep his dark eyes open, he could n't resign to letting them close... if he gave up, he would leave Sam to fend for himself."
31134	turn up	turn	up	0.300000	0.674949	The emaciated and dehydrated pups are turning up along the 600 miles of coastline from Mendocino to San Luis Obispo monitored by the Marine Mammal Center.
31135	give up	give	up	0.400000	0.699206	If I were you I would have given up when you were looking at Yellow rattle cans on the shelf in Halfords:D:lol: Can always count on you mate!
31136	live up	live	up	0.400000	0.699206	"node up by the fact that those who lived kith him grew old before their time. """
31137	catch up	catch	up	0.400000	0.966092	So before you get caught up in paying thousands of dollars to a company that 's not trustworthy, read through the information below and learn what you need to know about the most common ways to get out of debt.
31138	wind up	wind	up	0.500000	0.707107	On one side you wind up with a complete absence of standards; on the other hand you end up with people who start to look like a cult.
31139	lead up	lead	up	0.500000	0.849837	Easy: Before the 1996 election, the unemployment rate was falling from its peak of 7.8 in June of 1992 -- and was still drifting downward towards 5.5 to 5.0% during 1996 leading up to the election!
31140	wind up	wind	up	0.500000	0.849837	"So when Simpkins sat down that afternoon to tell him his experiences, he only smiled quizzically as the reporter wound up by asking, "" Now, what do you think? """
31141	keep up	keep	up	0.500000	0.971825	More and more people are now facing financial difficulty including so-called ' payment shock ' and the inability to keep up with their mortgage payments.
31142	wind up	wind	up	0.500000	1.269300	The worst thing you can do is blame yourself if a loved one does wind up committing suicide.
31143	give up	give	up	0.500000	1.269300	"I must give her up, "" said she. """
31144	pull up	pull	up	0.555556	1.333330	Hopefully, it wo n't happen again - but when I pull up and see a gap next to ours I 'm on pins wondering who 's going to turn up next... same if someone leaves during our stay... and you think...
31145	make up	make	up	0.600000	0.843274	When I say my mind ' s made up, folks may know what to depend upon.
31146	turn up	turn	up	0.600000	1.074970	There were 78 entries in total for the Alan Ruddock Trophy on a day when Summer finally turned up making the relatively low scoring something of a mystery.
31147	wrap up	wrap	up	0.600000	1.264910	In a short story, the reader expects the story to be wrapped up in a satisfying way.
31148	blow up	blow	up	0.600000	1.349900	Johnson rushed 46 yards to the SD 8 but the drive blew up on holding and Tynes kicked a 34 yard FG after the 2 minute warning 3 -14.
31149	wind up	wind	up	0.600000	1.577620	Two 6 foot skinheads smashed a window with a pool cue because some twat regular tried winding them up.
31150	draw up	draw	up	0.700000	0.823273	8th oval: 4 double, join to last purl of last oval, then (3 double, 1 purl, 5 times ) 4 double, draw up.
31151	end up	end	up	0.700000	0.823273	"(Imaginary cheers, beginning in a gentle "" G ' up, "" and ending in an earthquake hurrah! )"
31152	dress up	dress	up	0.700000	0.948683	I am aiming hard at the dressing up of my mind, in the sincere hope that the dressing up of my person may have some place in the after-piece.
31153	make up	make	up	0.700000	0.948683	I made up my mind that it was the thing I could do that would be of most use to you.
31154	end up	end	up	0.700000	1.059350	He left the Braes to become a policeman and ended up as a County Antrim, is one of many such sites throughout Ireland.
31155	wrap up	wrap	up	0.700000	1.251670	In the sunshine outside, two young lovers sit on the grass holding hands, wrapped up in their own private world.
31156	catch up	catch	up	0.700000	1.251670	At the same moment he caught up a hatchet, and hammered away vigorously with the back of it at the awl.
31157	turn up	turn	up	0.777778	0.971825	"I will tell you when the right ones turn up. """
31158	wind up	wind	up	0.800000	1.316560	On 29th December, 1972 a petition for Â£5,198 was presented and a winding up order was made.
31159	make up	make	up	0.800000	1.475730	He might certainly have found a good bed on the soft moss, but the fear of wild beasts let him have no rest there, and at last he was forced to make up his mind to spend the night in a tree.
31160	catch up	catch	up	0.800000	1.549190	Today we are pleased to catch up with Leeds based designer and entrepreneur Rachael Taylor to find out about how she built her brand, her latest...
31161	give up	give	up	0.800000	1.686550	His wife, Madeline, who had been given six months to live when she was 55, lived to be 94, and all of her immediate family died before she finally gave up on life.
31162	blow up	blow	up	0.900000	0.875595	My vision extended to multi colour with blown up logos and truly head turning visibility.
31163	break up	break	up	0.900000	1.100500	Ca n't we just break up like they did in ' olden times ' before online dating, speed dating, booty calls, and f * ck buddies?
31164	turn up	turn	up	0.900000	1.100500	I think I 'll go look for Jack and tell him you 've turned up.
31165	give up	give	up	0.900000	1.197220	And if we give you up, sir, it will be giving ourselves.......
31166	break up	break	up	0.900000	1.286680	"Kate also has a plan for the two summer months in which the household must be broken up. """
31167	draw up	draw	up	1.000000	1.054090	' cried Caroline, drawing herself up to her full height, and looking down on me as I sat nervously on the side of the bed.
31168	show up	show	up	1.000000	1.154700	On the other side the influence of religion has decreased, so the pope wo n't show up often, although the church still affects diplomacy and society.
31169	wrap up	wrap	up	1.000000	1.154700	// charging very ably all those public functions and official affairs, which in Europe are supposed, from their being wrapped up in forms and etiquette of procedure, to require long training in the bureaux of ministers, very great experience, and much previous study.
31170	shut up	shut	up	1.000000	1.247220	"""... sit down, shut up whoever you are."
31171	shut up	shut	up	1.000000	1.247220	Tell him what he can do to help, including to shut up about formula feeding!!
31172	sign up	sign	up	1.000000	1.247220	"25 00 "" City Jailer, for board up to May 23rd, /z/ (Signed ) E. Dorr, XJ."
31173	look up	look	up	1.000000	1.322880	When you were choosing the graphics for the object earlier in this tutorial, you probably noticed that the images available did n't look up to much.
31174	start up	start	up	1.000000	1.333330	The room was quiet for a few seconds, then Raphael started up his instrument; across the island, other players entered the game and the winds evoked by the shifting gamescape rippled over the music.
31175	keep up	keep	up	1.000000	1.333330	Keep up good courage, Phil, and all will come right.
31176	draw up	draw	up	1.000000	1.490710	* Then she drew up a camp-chair alongside the general, seated herself on it, and finding that her remarks seemed to be received good-naturedly, grew...... ((Yes, and afo ' long Lee 11 be a-chasm ' you-all up through Pennsyivany ag'in.
31177	give up	give	up	1.000000	1.500000	All the time she said...... then she seemed to give up everything.
31178	make up	make	up	1.000000	1.563470	Obama should be speaking publicly and be focused on principles, e.g., the principles of fairness, social justice, and making the selfish rich step up and help their country.
31179	take up	take	up	1.000000	1.563470	""" And who save me from being took up? """
31180	turn up	turn	up	1.000000	1.632990	Was there an occasion when you phoned your mum up and said, ' I am coming to see you in five minutes ', you have turned up and there was a photographer on the doorstep?
31181	show up	show	up	1.000000	1.632990	""" All right, show them up, "" directed the colonel briskly."
31182	wind up	wind	up	1.000000	1.632990	But I sha n't like it ' --  he wound up with an odd little laugh --  ' and neither will you. '
31183	come up	come	up	1.000000	1.699670	I headed South once more hoping to catch up with some more eagles but North Lochynort failed to come up with the goods, but a calling Red-throated Diver was nice and another Short-eared Owl followed the same hilltop route of the previous day 's Hen Harrier.
31184	give up	give	up	1.000000	1.699670	We 've decided to give up our breakfast and send the cost of it to them.
31185	turn up	turn	up	1.000000	1.763830	Jack ran to the Pentzes ' and got a candle, and they rolled it in to Dick, and waited anxiously to see where he would turn up next.
31186	turn up	turn	up	1.000000	1.885620	Like the rest of the panel, he loathed and despised anyone who would actually turn up to hear him talk about contemporary art.
31187	give up	give	up	1.090910	1.758100	Where does he find this right of appeal to the people, a right which he insists the North will not give up?
31188	shut up	shut	up	1.100000	1.197220	If you see something that 's not working and you do n't know how to fix it, you can just sit there and shut up.
31189	draw up	draw	up	1.100000	1.286680	But this Approbation was as we have seen drawn up between the end of November and the end of December, 1722, and between these limits an earlier date, is more probable than a later.
31190	live up	live	up	1.100000	1.370320	It is also important for us to remember that we do not live up to His teachings merely by our own power.
31191	follow up	follow	up	1.100000	1.370320	A distinguished personage, known for his tactful observance of convenances that others forgot, had made a point of challenging this gentlemanly apparition, and had followed it up with courteous civilities, which led to exchange of much respect but no increase of acquaintance.
31192	keep up	keep	up	1.100000	1.523880	The experience revealed the IMF had not kept up with the rapid developments in international capital markets, a deficiency it has tried to rectify through a number of steps taken over the last couple of years.
31193	turn up	turn	up	1.100000	1.852930	Over a long period of time she was not at a location her schedule indicated she would be on three occasions when the testers turned up.
31194	pop up	pop	up	1.181820	1.167750	Karlov 's man and the secret-service operative detailed by Cutty both made the same mistake --  followed Kitty into the dry-goods shop and lost her as completely as if she had popped up in China.
31195	shut up	shut	up	1.181820	1.887760	"It 's too bad, "" said he, "" to be always shut up in a close room except when there 's company."
31196	dress up	dress	up	1.200000	1.619330	It is pretty painful to see Jaa trying to best Bruce Lee and Jacky Chan at their own games and failing miserably, at one point rather ungracefully swishing a three-segmented nunchaku against black-clad ninja assassins dressed up like Goth metal rockers.
31197	catch up	catch	up	1.200000	1.686550	In vain the Fathers sought Some trace or token that might tell his story; Some thought him dead, or, like Elijah, caught Up to the heavens in a blaze of glory.
31198	take up	take	up	1.200000	1.686550	As he did so, she could not...... very big, and took up so much room!
31199	wrap up	wrap	up	1.200000	1.751190	But that in which I strive with all is this, that I love you, that I am wrapped up in you, that you are my all, father, mother, brethren, children.
31200	hold up	hold	up	1.222220	1.922090	Peggy, a paranoid libertarian who once moved to Belize in part so he could fuck teenagers in peace may not be the person you want to hold up as an authoritative source about anything.
31201	keep up	keep	up	1.300000	1.159500	Take a look below if you want to keep up to date with all the VidZone news or email us.
31202	make up	make	up	1.300000	1.159500	The City maybe radiant with palaces, but its satellites are sure to be made up in good part of rookeries and hovels.
31203	line up	line	up	1.300000	1.337490	At least you have a new lady and interviews lined up thats something and you have time to look for another job not just out instantly.
31204	catch up	catch	up	1.300000	1.567020	Now to catch up on the world 's latest events that have happened that this paper has reported with the words that they wrote.
31205	end up	end	up	1.300000	1.567020	He ended up by an assault on Otto in the stable yard.
31206	follow up	follow	up	1.300000	1.567020	"Perceiving his advantage, the woodman followed it up, repeatedly disarming the bolt of passion, which was poised in the mind of his auditor. """
31207	set up	set	up	1.300000	1.567020	Not the types set up by the printer return their impression, the meaning, the main concern, any more than a man 's substance and life, or a woman 's substance and life, return in the body and...... 51.
31208	wrap up	wrap	up	1.300000	1.636390	The evening wraps up with two rousing '70 s-era cuts from 1978 's Heavy Metal Be-Bop.
31209	shut up	shut	up	1.300000	1.636390	""" God...... Shut up, Tom, for God 's sake. """
31210	draw up	draw	up	1.300000	1.702940	A good manager will always draw up a job description for staff, no matter how simple or low-level the job, because the more information put down in writing, the better the chances are of getting the right person for the right job.
31211	shut up	shut	up	1.300000	1.702940	Zack would n't shut up about their Sunless Sea captain Lady Cecelia so I started making mine, Captain Dunsmuir, into Sort Of A Character as well.
31212	break up	break	up	1.300000	1.702940	"This will break up our dinner, I am sick at heart. """
31213	start up	start	up	1.300000	1.702940	"He started up again, and threw himself into another chair. """
31214	follow up	follow	up	1.300000	1.766980	Kenya is in the process of organising a follow up meeting later this year.
31215	pick up	pick	up	1.300000	1.766980	Mae Sai is the northernmost point of Thailand, and you can pick up Highway I there way down to Chiang Mai, Bangkok and the coast.
31216	keep up	keep	up	1.300000	1.828780	Consensus is for 120 k new jobs (it takes 150 k to keep up with population growth ).
31217	draw up	draw	up	1.300000	1.888560	At ten o'clock the next morning Philip Harris 's big touring car drew up in front of the striped awning; it gave a little plaintive honk --  and stood still.
31218	live up	live	up	1.333330	1.414210	On her Jack Jones: Has Kate just not yet found a man who can live up to her idea of familial devotion?
31219	give up	give	up	1.333330	1.658310	In each Tradition, the individual or the group is asked to give up something for our general welfare.
31220	step up	step	up	1.333330	1.658310	Unions are stepping up their efforts to reinstate the system of compensation for workers with pleural plaques - a scarring of the lungs caused...
31221	shut up	shut	up	1.400000	1.264910	A constant flight of letters pursued them both, for Wilfrid was far too clever to allow letters in his hand-writing to come for one alone of two women shut up in a country-house together.
31222	pick up	pick	up	1.400000	1.429840	Chrys: Justin, you are repeating arguments which you 've picked up somewhere and for which you clearly have no evidence or in-depth knowledge.
31223	clean up	clean	up	1.400000	1.577620	We have a government stupid enough to tell private enterprise that we will clean up after their mess.
31224	add up	add	up	1.400000	1.577620	Add to which the simple cutting up of a novel into episodes, tacked together anyhow, is always an abomination.
31225	draw up	draw	up	1.400000	1.646550	Angered by his tyrannical rule, they drew up a list of things that even a king might not do.
31226	team up	team	up	1.400000	1.646550	"27 "" Team me up with that blonde --  I 've decided to take the thirty weeks. """
31227	pop up	pop	up	1.400000	1.712700	The initial splash screen will pop up and ask you for the directory to which you wish to install XAMPP (see Figure 1 ).
31228	take up	take	up	1.400000	1.712700	"She saw that there was writing on the paper, and she took it up and read it. """
31229	step up	step	up	1.400000	1.776390	Which are the EU-nations you expect to step up and generously foot the bill for Latvia-Bulgaia 's pension shortfall?
31230	add up	add	up	1.400000	1.955050	"He added almost inaudibly, "" Up against it for sure!"
31231	catch up	catch	up	1.444440	1.333330	Lord Guy Ruffler Mark me put them down, Clear the whole field, and catch the widow up Before she can draw breath.
31232	draw up	draw	up	1.444440	1.424000	It may be unnecessary to notice at the outset that the definition of Eternal Life drawn up by Science was framed without reference to religion.
31233	end up	end	up	1.444440	1.509230	I may end up needing more of a pit bull attorney, but I 'm off to a good start.
31234	make up	make	up	1.444440	1.589900	The hedge fund industry remains male dominated, the survey found, with women-owned firms making up just 5.8 per cent of polled firms.
31235	sign up	sign	up	1.444440	1.878240	To sign up to the ' early warning ' emails, people are advised to email emailblank including their email address and postcode.
31236	take up	take	up	1.500000	0.971825	When we inquire why civilization centers in these particular places, we are met by various answers which can not here be taken up.
31237	live up	live	up	1.500000	1.178510	I did live up City Road so sat in traffic going up by the Mega Centre looking at the huge tail back thinking thank god that 's not me now I live a Loxley all look set to face this nightmare forever.
31238	sign up	sign	up	1.500000	1.433720	"I have laid it away by itself, filled with his jokes and pet names, "" Mamie "" or "" Queen Mamie "" every other line, and signed "" Until next time, your happy "" Roy...... up the baby-names as we did."
31239	meet up	meet	up	1.500000	1.715940	At this...... higher classes, by a wonderful readiness and felicity of condescension, step down from their pedestals, and smilingly meet the vulgar gentry, half way up, in their progress to the beautiful tableland of refinement and civilization.
31240	show up	show	up	1.500000	1.715940	The mass of them acted in society like children who have had their hair combed and faces washed, to be shown up in the drawing-room.
31241	set up	set	up	1.500000	1.840890	Those men had faith in God and in his promise to set up a government and peace, and they fully devoted themselves to God, refusing to compromise in any manner whatsoever with Satan 's world or organization.
31242	come up	come	up	1.500000	1.900290	"Frank London, The Klezmatics ' trumpet player, said the band members pored over the Jewish songs, then decided to go deeper into the Guthrie Archives, coming up with songs that had a "" universal spirituality, "" albeit with a Brooklyn accent."
31243	come up	come	up	1.555560	1.130390	Otherwise his arguments could leech their way into our public discourse such that when the topic of fascism comes up liberals could have to spend a certain amount of time showing why they are crap.
31244	keep up	keep	up	1.600000	1.264910	She would be forced to keep up appearances, to spend money in a vain search for him, or his wealth; suspecting much yet knowing nothing,...... and enjoying his vengeance.
31245	cover up	cover	up	1.600000	1.429840	Do not listen to the weirdo on the left with his cheap imitation copy of the Fortress of Solitude on Mars, his irregular private life, and his propensity to murder long-time acquaintances and comrades to help billionaires cover up genocidal crimes.
31246	sign up	sign	up	1.600000	1.577620	What they do n't have is more time to sign up.
31247	blow up	blow	up	1.600000	1.712700	Forgot that when you deploy an ad hominum to blow up your opponents ' argument it 's like pulling the pin on the logic grenade and stuffing it down your pants.
31248	hold up	hold	up	1.600000	1.712700	That means GOP obstruction is holding up a bill over just 0.47% of its text.
31249	line up	line	up	1.600000	1.712700	It was not merely lines up and down town, with loops of connection at either end, but a system, that was needed.
31250	break up	break	up	1.600000	1.776390	"That this does not refer to the rain is...... "" The same day were all the fountains of the great deep broken up, and the windows of heaven were opened."
31251	wind up	wind	up	1.600000	1.776390	Towards noon we began to find ourselves winding up and up amid hemlock forests, whose solemn shadows were all radiant and aglow with clouds of blossoming laurel.
31252	end up	end	up	1.600000	1.837870	So they ended up only offering the 14 x 12.
31253	show up	show	up	1.600000	1.837870	The ferocity of her husband had shown up her own petulant temper hideously, and she sat and sobbed in the darkness a long time beside the cradle where little Pet slept.
31254	take up	take	up	1.600000	2.011080	""" With that he turned and took up his usual post by the rear of the room."
31255	step up	step	up	1.600000	2.118700	"Blenham steps up and offers us a thousand -- -- "" "" I should think he would step up!"
31256	line up	line	up	1.600000	2.170510	The whole north side as far as we could see was lined with black basalt, and high up on the opposite wall were patches of the...... and caves, melted snow!
31257	keep up	keep	up	1.666670	1.224740	Why should I longer keep up this feeble struggle with these base people, who have ruined my life?
31258	take up	take	up	1.666670	1.658310	Institute of Technology in Kampur, both Economics undergraduates, beat out heavy competition, and will now travel thousands of miles to take up their seats in front of an award-winning throng of speakers....
31259	show up	show	up	1.700000	1.337490	Yet it is constantly showing up the cost of royalty, the sham offices created to gratify royalty 's relatives and friends, the waste of public money on royalty 's empty palaces and disused parks.
31260	end up	end	up	1.700000	1.494430	You 're both always telling me about your domestic happiness, and every time I see you, you end up in a quarrel.
31261	fill up	fill	up	1.700000	1.636390	Rarely, have I seen an actress so dominate the screen when she is on it - her strong presence simply fills it up and owns it.
31262	make up	make	up	1.700000	1.702940	Human life is made up of the two elements, power and form, and the proportion must be invariably kept if we would have it sweet and sound.
31263	shut up	shut	up	1.700000	1.702940	""" Shut up, you old thief; shut up instantly, and let the man speak, will you; I can see by his face that he has got something to tell; and as for lying, you beat him at it any day. """
31264	keep up	keep	up	1.700000	1.766980	For nearly an hour they kept up a continued fire of stones.
31265	keep up	keep	up	1.700000	1.828780	""" Good-by, Noll, "" said the lawyer; "" keep up a stout heart,......."
31266	build up	build	up	1.700000	1.888560	I agree it would be better if your dog could build up a relationship with a dog walker.
31267	give up	give	up	1.700000	2.057510	"Sharon is ready to "" give up "" all the Gaza Strip and 45 per cent of the West Bank in order to annex 55 per cent of the West Bank to Israel."
31268	pull up	pull	up	1.700000	2.162820	Waley-Cohen was criticised for claiming in an immediate post-race interview that he had acted to pull up because he felt his mount choke.
31269	make up	make	up	1.700000	2.359380	I will chip in a $100 to make up for 5 or so people who would rather stay on here and gripe rather than actually DO something!
31270	build up	build	up	1.800000	1.475730	He attacked with all his strength, with the months of furry that had built up inside him.
31271	live up	live	up	1.800000	1.475730	In spite of all this, however, he managed to live up to his reputation for making interviewers uncomfortable.
31272	lock up	lock	up	1.800000	1.475730	In human relations K ' an pictures the heart, locked up in the body: the soul - and the light locked up in the dark: the mind.
31273	take up	take	up	1.800000	1.475730	Typically, this may take up to ten working days after we receive your payment.
31274	pop up	pop	up	1.800000	1.619330	Kill one alien or zombie-I mean, insurgent-and three or four more may pop up to take his place.
31275	shut up	shut	up	1.800000	1.619330	""" I think I 'm too British to make a fuss so I 'll shut up and drink it "" I told him and he was n't brave enough or sure enough of his convictions to start something."
31276	set up	set	up	1.800000	1.619330	Thus it is that the old doctrine of human rights...... inspired the heroes of American history and the founders of our government, has been abandoned; and a confused, flimsy theory, founded on ethnological distinctions, set up in its place.
31277	shut up	shut	up	1.800000	1.619330	He would rather be shut up, in the Williamsons ' kitchen, with John and Sarah, and with a chance of seeing Flossie through the wire-screened door, than roam in perfect freedom over all his own domain.
31278	set up	set	up	1.800000	1.751190	It also set up an association to prevent imports from England and selected a commissioner for each political subdivision.
31279	set up	set	up	1.800000	1.813530	Suddenly setting up a bawling on his own account Neewa turned tail to the nest and ran.
31280	come up	come	up	1.800000	1.873800	But even this date is cited falsely in Good Omens; the Archbishop who came up with it was named James Ussher (not Usher ), and the work he wrote was titled Annales Veteris Testamenti (rather than Annales Veteris Et Novi Testamenti ).
31281	hold up	hold	up	1.800000	1.873800	So God 's sympathy needs no holding up from us.
31282	turn up	turn	up	1.800000	1.873800	The other toiler turned up soon, limping, and staggering with weakness.
31283	break up	break	up	1.800000	1.988860	Numbers 10 to 999,999 should be in figures (use commas to break up 4 digit numbers and above ).
31284	set up	set	up	1.888890	1.166670	Once the board is set up, there 's not much you need to do except perhaps allowing new members (even this can be an automated process ).
31285	make up	make	up	1.888890	1.536590	You can make up your own mind, safe in the knowledge that your installation will be delivered by a fully approved and qualified installer from the Calvine area.
31286	take up	take	up	1.900000	0.994429	In my own experience, it seems like daily I want fewer and fewer things around me - it 's like these items are taking up my precious space, taking up too much of my precious life... they simply are n't worth it.
31287	sign up	sign	up	1.900000	1.286680	This year they began to enrol people for the event just as the London ' riots ' began, and the numbers signing up were drastically down - even though the event was to take place in mid-September.
31288	clean up	clean	up	1.900000	1.370320	Our intention is to bring down the present corrupt financial system and clean up the trading markets of your global society.
31289	show up	show	up	1.900000	1.370320	Now if we look at this data from GA Multi Channel I bet you will find that most short tail terms show up as first interaction and long tail as last interaction.
31290	add up	add	up	1.900000	1.449140	""" He laid his finger beside his nose as he said it, and looked at me attentively, as if I were a sum in addition, and he was adding me up."
31291	follow up	follow	up	1.900000	1.523880	I still have no PCP, they ca n't change it until Feb 1st. I need to follow up ASAP on my mammogram since there are abnormalities.
31292	end up	end	up	1.900000	1.595130	A few more hours were spent with the hounds hot on another scent --  ending up at a fox 's earth.
31293	line up	line	up	1.900000	1.728840	During less frenetic battles you tend to find yourself lining up creative kills rather than actually shooting enemies.
31294	break up	break	up	1.900000	1.728840	What are they trying to do, break up a happy home?
31295	meet up	meet	up	1.900000	1.791960	"By-the-way, "" he added, "" did you not meet with some little obstruction at Conwayboro ', on your way up? """
31296	end up	end	up	1.900000	1.852930	It was n't until later that night that she discovered the contact she had with that other athlete might end up being more significant than routine jockeying.
31297	hold up	hold	up	1.900000	1.852930	The man held up as being single-handedly responsible for exposing the fault lines in England 's football culture was as in control and centre stage at ' Casa Azzurri ' on Tuesday afternoon as he was in Kiev 's Olympic Stadium on Sunday.
31298	come up	come	up	1.900000	1.911950	Mr Byrne: This may not have come up on the hon.
31299	lead up	lead	up	1.900000	1.911950	"Here we chronicle the events and their dates leading up to the "" Walking Apart "" of the US branch of the Anglican Communion from the main body of both the Communion and the Holy Catholic Church."
31300	go up	go	up	1.900000	2.079000	Overall, the seasonally unadjusted unemployment rate for immigrants went up 5.6 percentage points, from 4.1 to 9.7 percent.
31301	dress up	dress	up	1.900000	2.079000	""" Dressed up for the monthly meeting of the Farmers ' Alliance, all but the oil on his hair."
31302	meet up	meet	up	2.000000	1.054090	""" After traveling from Austin, Texas to San Francisco, Jones and the other members of his team met up with the British filmmakers and began a three-day investigation before attempting to enter the Grove."
31303	team up	team	up	2.000000	1.414210	I know many opportunists would like to team up with the top dogs (Bashir ) to underrate underdogs (Mayardit ).
31304	break up	break	up	2.000000	1.414210	When the party began to break up, Mr. Irving asked me if I would accompany hii to his study for a private interview, to which.......
31305	start up	start	up	2.000000	1.490710	"exclaimed Traverse, starting up and pacing the narrow limits of the cell. """
31306	team up	team	up	2.000000	1.490710	Now that he was on his way he began to think of the pranks played by malicious nature during the long, dark nights, and to wonder if he had acted wisely in teaming up with this footless adventurer.
31307	add up	add	up	2.000000	1.563470	"And now I 'm up above it, "" he added, thoughtfully. """
31308	meet up	meet	up	2.000000	1.563470	I 'm just that kind of a man; I 'm the nowest man you ever met up with.
31309	draw up	draw	up	2.000000	1.581140	You will bring together these various resources into a portfolio and use them to draw up a personal development plan.
31310	get up	get	up	2.000000	1.699670	The Dauphine seemed to be struggling to get up an equal degree of...... be, the Bellevite was running away from her.
31311	lock up	lock	up	2.000000	1.825740	The car stoped quickly without the expected skidding brought on by locking up the brakes, and the tires bit as it reversed back towards me.
31312	go up	go	up	2.000000	1.885620	"I suppose I should have just said "" daemonic "" creatures, but you never know when you 'll go up against some Dryads!"
31313	fill up	fill	up	2.000000	1.885620	"And he handed Ishmael a bundle of documents filled up and ready for use. """
31314	team up	team	up	2.000000	1.943650	Following the success of our Hogfather Discworld audio book competition, we have once again teamed up with ISIS for a chance to win their new title Jingo.
31315	step up	step	up	2.000000	2.108190	After soft-pedaling the new policy between 1988 -1990, enforcement was stepped up in 1990 and has led to the deaths of many women and children.
31316	blow up	blow	up	2.090910	1.300350	Phyllis was already at the front door, and the instant Mr. Mohun set foot on the threshold, her hand grasped his coat, and......, I am very sorry I blew up the gunpowder and burnt Ada. '
31317	end up	end	up	2.100000	1.286680	He ended up at an Afghan camp with other Uighurs doing construction.
31318	clean up	clean	up	2.100000	1.286680	Very frequently she went through the process of cleaning up, as she called it, and her object in stopping there now was, in part, to see if it did not need her care again. '
31319	meet up	meet	up	2.100000	1.449140	It turns out that she had been secretly meeting up with her estranged father, who is currently on the run from the police for a crime he did n't commit.
31320	line up	line	up	2.100000	1.523880	Here she is lined up between GWR 101 and a L & Y Pug.
31321	set up	set	up	2.100000	1.523880	You do n't have time to get set up perfectly.
31322	clean up	clean	up	2.100000	1.523880	"We must clean up, and we might as well sell out the whole concern, take account of stock, and divide the profits. """
31323	lock up	lock	up	2.100000	1.523880	He has full confidence in White; has been locked up with him for several months; has seen him day and night, and doubtless has thoroughly studied his character.
31324	start up	start	up	2.100000	1.595130	Hi, Starting up and a bit confused as to my options for a new phone line.
31325	take up	take	up	2.100000	1.663330	That takes us up to line five, where her wedding dress (her own outer appearance ) is not as beautiful as a younger woman beneath her ' station '.
31326	catch up	catch	up	2.100000	1.728840	Not sure if he wanted me to follow him, I did so and once we were away from the main road he stopped and I caught up with him.
31327	go up	go	up	2.100000	1.728840	went up for a farewell exhibition with his navy comrades, Lieutenants F. Kivette and F, A. O'Bierne.
31328	break up	break	up	2.100000	1.791960	We broke up basically because we were n't compatible - in a lot of ways.
31329	show up	show	up	2.100000	1.852930	In any case, he posed for a picture in front of the booth, and laughed when we told him it would probably show up on the website.
31330	show up	show	up	2.100000	1.852930	You think it 's going to show up on Google?
31331	cover up	cover	up	2.100000	1.852930	All I try to do is to smile enough to cover up my contortions.
31332	lock up	lock	up	2.100000	1.911950	Levy, who had seen the indictment...... could not be reached, however, and early this morning Clougher was locked up in the Bronx County jail.
31333	wake up	wake	up	2.100000	2.024850	(And think of the agencies: Just when they are waking up to the fact that 30 - second ads are an endangered species, the brands let customers start making the remaining ads, for $10,000 no less!
31334	break up	break	up	2.100000	2.079000	Meanwhile, in a skillet over medium heat, cook sausage until done, breaking up with spoon.
31335	lock up	lock	up	2.100000	2.131770	(at cabin ) If there 's any one locked up below, sure I 'll unlock ' em again.
31336	meet up	meet	up	2.200000	1.316560	You know most of the girls we met up at New London seemed so much older too, yet they really were not.
31337	cover up	cover	up	2.200000	1.549190	It is, admitted that Daugherty destrOyed bank records to cover up his actions and that some of Merton 's Liberty bonds passed to Mr. Miller 's account.
31338	keep up	keep	up	2.200000	1.619330	"As governor she told the party, "" Keep up the good work!"
31339	lock up	lock	up	2.200000	1.619330	""" Being locked up on your own in your studio can make you lose perspective, "" she says."
31340	team up	team	up	2.200000	1.686550	"Now if we team up these different "" tempos "" with the actual work-out we 're doing, we can be in much better sync and find the right beat for our exercise."
31341	break up	break	up	2.200000	1.751190	"In "" The Daredevil in the Mold "", Booth proposes to Hannah and breaks up with her after she rejects his proposal."
31342	pop up	pop	up	2.200000	1.873800	This one popped up across the UK this week thanks to the public sector Unison union, which surveyed 50 local authorities, using the Freedom of Information Act, to establish how much these councils had spent in legal fees defending these claims.
31343	wind up	wind	up	2.200000	1.873800	Old Menendez wound up his line, too, but that girl saw nothing of all this.
31344	follow up	follow	up	2.200000	1.932180	"Follow it up, and you 'll be a rich man some day. """
31345	draw up	draw	up	2.200000	1.988860	5th circle: 2 double, join it to the last purl of 4th circle, 2 double, 1 purl, 1 double 3 times, draw up the cotton.
31346	sign up	sign	up	2.200000	1.988860	You can sign up for track any time to-morrow down at the gym.
31347	lead up	lead	up	2.200000	2.043960	In the following month or so leading up to SXSW, I became obsessed with their harmony-laden acoustic guitar-picking folk music and looked very forward to hearing them live.
31348	set up	set	up	2.200000	2.043960	"Soon he would be coming home to "" set up for himself. """
31349	blow up	blow	up	2.200000	2.097620	When the Canadian Car and Foundry Company 's ammunition plant at Kings ' land, N. J., blew up in 1917, 1,000 families were made homeless.
31350	get up	get	up	2.200000	2.097620	I was up early this morning, on purpose to get all my washing done by the time you came home to-night.
31351	sign up	sign	up	2.200000	2.201010	Well, the fust docter 's shop I cum to had a Sody water sign up, and in I went to git sum.
31352	sign up	sign	up	2.222220	1.394430	All student activists are encouraged to sign up to the forums and get communicating with each other.
31353	lead up	lead	up	2.222220	1.641480	You just never know what it may lead up to.
31354	make up	make	up	2.300000	1.251670	All of these facts, and others of the same nature clearly brought before us by the New Testament itself, must be held firmly in our minds when we make up our theory of what these writings are.
31355	line up	line	up	2.300000	1.337490	They lined up to register; they lined up to pay tuition; they lined up to shake hands with President Culver; they lined up to talk for two quite useless minutes with the freshman dean; they lined up to be assigned seats in the commons.
31356	follow up	follow	up	2.300000	1.418140	This should then be followed up by an appropriately completed Self-certificate of Absence form.
31357	speed up	speed	up	2.300000	1.418140	But about this moment those dreadful shriekings were heard again; again the rumbling and thundering came speeding up out of the night; and once more a flaming great eye flashed by and lost itself in gloom and distance.
31358	start up	start	up	2.300000	1.418140	Such would be the delusion, that when the evil day came, as come it would, the people would start up, as from a dream, and ask them selves if these things could have been true.
31359	clean up	clean	up	2.300000	1.494430	What if I 'm a perfectionist and wo n't release a file without cleaning it up first, by organizing and naming elements?
31360	end up	end	up	2.300000	1.494430	Moon, Mrs. Myers, Marvin, and William Leland all signed the articles of capitulation, and the affair ended up with a grand ball at the Clarendon.
31361	show up	show	up	2.300000	1.494430	"T wo n't be so mighty long ' fo ' de ole creetur 'll show up. """
31362	lock up	lock	up	2.300000	1.567020	So, in de-spair, he locked me up in this rock, threw the key in-to the o-cean, and then jumped in af-ter it and was drowned.
31363	start up	start	up	2.300000	1.567020	Started for Orange Creek this morning to be up here for a week.
31364	blow up	blow	up	2.300000	1.636390	The morning was unusually fresh for these latitudes, and a strong wind was blowing up so heavy a sea in the river, that, if it did not acteally make one sea-sick, it certainly called up very vivid and painful associations.
31365	wake up	wake	up	2.300000	1.828780	"After he 's led ' em to the stake an ' they begin to roast they 'll wake up an ' reckon that there 's something wrong with his white blood. """
31366	build up	build	up	2.300000	1.888560	And it embraces every opportunity to bring under its sway whatevei- will build it up, or would be likely to build up a rival.
31367	wake up	wake	up	2.300000	1.888560	"Oh, why do n't you wake up and be comforted? """
31368	come up	come	up	2.300000	2.057510	"Richling 's eyes followed the pen; his heart came slowly up into his throat. """
31369	clean up	clean	up	2.400000	1.173790	In 1973 in both Korea and Japan, the kids were still cleaning up and burning some of the last war damage.
31370	follow up	follow	up	2.400000	1.264910	His debut novel, Chasing the Dead was one of the best horror novels of 2006 and was quickly followed up by 2007 's equally terrifying Eat the Dark and 2009 's No Doors, No Windows.
31371	cover up	cover	up	2.400000	1.505550	The murder is covered up, and the only witness is the suspect himself, Walter Finch (Robin Williams ) -- a reclusive author of bad detective novels.
31372	get up	get	up	2.400000	1.712700	I get up at 5:00 5:00 a.m. and make coffee then fix my DH (dear husband ) breakfast and pack a big lunch for him before he leaves for work.
31373	follow up	follow	up	2.400000	1.837870	I followed up on this in part two by looking at how us needing to have faith in ourselves so that we can trust in the right things instead of the fears is paramount to stopping the isolation.
31374	follow up	follow	up	2.400000	1.897370	The frontal drive was to have been followed up by the attack of the wings, and it was now planned to carry this out with the assistance of the Crown Prince 's army, which was still intact.
31375	meet up	meet	up	2.444440	1.424000	Six days later however, on 25 March, an attempt to encircle Ali Ishan Bey 's 15,000 men was emphatically repelled; the latter was able to move west to meet up with 5,000 Turkish troops at Dogameh sent down the Tigris to meet him.
31376	start up	start	up	2.444440	1.740050	Most of them started up in the Eighties in response to the last recession.
31377	cover up	cover	up	2.444440	1.943650	She cowers in her bed with the covers up to her chin when someone comes pounding at her dorm room door, then does nothing about it: no reports to school security or to the cop.
31378	live up	live	up	2.444440	2.068280	"There 's a bloke who used to live up the road from me with a mk 3 gsi and that had 20 "" s on it, It looked like something from a cartoon, it was totally out of proportion!"
31379	lock up	lock	up	2.500000	1.178510	Wilkins, you see it done; and come and let me know when he 's locked up!
31380	lock up	lock	up	2.500000	1.269300	Men like you think you can just lock up the key and throw it away without giving the criminals a chnace too eat.
31381	meet up	meet	up	2.500000	1.354010	Our cruising was never far from meeting up with friends on the Canal du Midi, sharing meal 's together in different ports, or a drive out together, to visit the market of the day and stock up on supplies.
31382	clean up	clean	up	2.500000	1.433720	"The fore-cabin was washed and cleaned up till the Ripolin paint and the brass shone with equal brilliance; Ronne decorated the workroom with signal flags, and the good old "" Happy Christmas "" greeted us in a transparency over the door of the saloon."
31383	build up	build	up	2.500000	1.581140	Bear in mind that none of this probably means a thing and that Boras does his magic largely by NEVER ruling any team out of contention in order to build up competition.
31384	pop up	pop	up	2.500000	1.581140	A QWERTY keyboard will pop up allowing you to add lyrics to every note.
31385	speed up	speed	up	2.500000	1.581140	He looked to the sky, blue as ever; and through its serenity, up sped his grateful Ave Maria.
31386	wrap up	wrap	up	2.500000	1.715940	Nut wraps up in a set of Demonwarrior robes - the others do not care about the cold.
31387	lead up	lead	up	2.500000	1.715940	The garden, curiously enough, was a quarter of a mile from the house, and the way to it led up a shallow draw past...... stout hickory cane, tipped with copper, which hung by a leather thong from her belt.
31388	show up	show	up	2.500000	1.779510	Silver shows up the least dirt, but there 's something about black cars that draws me back.
31389	come up	come	up	2.500000	1.779510	In the evening of Wednesday Phyllis was sitting with Ada in the nursery, when Reginald came up with the news that the party downstairs were going to practise country dances.
31390	meet up	meet	up	2.500000	1.779510	We 're not liable to meet up with each other again pronto.
31391	line up	line	up	2.500000	1.957890	They were sent away on a pretext, to spare us the humiliation of anyone spotting them lined up outside our offices.
31392	sign up	sign	up	2.500000	1.957890	For more information on all of NHS Tayside 's Smoke Free Services and to find out about signing up for GIUFB, call 0845 600 9996.
31393	hold up	hold	up	2.500000	1.957890	What angels hold them up, among The ruins of their lives, so long?
31394	start up	start	up	2.500000	2.013840	"cried Hannah, starting up from her loom in extreme surprise. """
31395	wrap up	wrap	up	2.500000	2.013840	""" One of the nurses wrapped it up and did something with lt. """
31396	set up	set	up	2.500000	2.068280	If I was just setting up my own photography studio and shop, I 'd do everything I could to rectify the issues.
31397	go up	go	up	2.500000	2.273030	It had windows enough, at least, to favor the notion of light and freedom; four of them, that must command fine views, --  views, when the curtains were up, and the ice and snow were gone.
31398	dress up	dress	up	2.555560	1.740050	It was a time when we all liked to dress up with arch ostentation and steal our mothers ' make-up.
31399	meet up	meet	up	2.600000	1.173790	I will certainly be meeting up on the 2nd- 5th June with one of our PP-DE cousins, but I 'm always up for an excuse to drink beer...
31400	line up	line	up	2.600000	1.264910	"Whiting 's division is up...... from here to Staunton is perfectly lined with troops, and so crowded that I could hardly ride along. """
31401	clean up	clean	up	2.600000	1.429840	They worked busily all the morning, towing in the Andrew Halloran, cleaning her up and stowing away tackle, making her ready for the winter.
31402	lock up	lock	up	2.600000	1.429840	But my money locked up in his bank, and my daughter 's hand bound to his son, demand it.
31403	dress up	dress	up	2.600000	1.646550	Why, you are a young lady all dressed up in go-to-meet-him clothes.
31404	hold up	hold	up	2.600000	1.712700	"Holding up his hands, he said: "" BDS makes all these claims about their victories."
31405	step up	step	up	2.600000	2.366430	But I do commend the people who stepped up to help.
31406	speed up	speed	up	2.700000	0.823273	""" But what if your clock is running down or speeding up? """
31407	line up	line	up	2.700000	1.159500	All the men wore black tuxedos and lined up near the forest edge.
31408	follow up	follow	up	2.700000	1.159500	"And I 'm following it up, foot by foot. """
31409	wake up	wake	up	2.700000	1.567020	""" If we both go to sleep, we may wake up and find ourselves nowhere."
31410	start up	start	up	2.700000	1.636390	The Collider is scheduled to start up again in 2013 with proton energies of 6.5 TeV.
31411	pick up	pick	up	2.700000	1.766980	Each attendant is responsible for renting their own clothing, but the groom usually picks up the tab.
31412	live up	live	up	2.700000	1.828780	I have n't any father nor mother, and I live up at Millbank.
31413	hold up	hold	up	2.700000	1.888560	At length they came to a stone staircase, which was so dark that you could not see your hand if you held it up before your face.
31414	speed up	speed	up	2.700000	2.002780	Despite speeding up the funding, Metro Transit spokesman John Siqveland said work would not likely begun until after the 2014 MLB All-Star game, if the Interchange site is chosen.
31415	lead up	lead	up	2.700000	2.002780	Against this end, projected, on this side, a square, tower-like appendage to the main structure, around which one must pass to...... upon a staircase leading up.
31416	fill up	fill	up	2.700000	2.057510	My advice is to book way in advance as screenings of films are limited and fill up fast.
31417	wrap up	wrap	up	2.700000	2.057510	Her hands had better be washed and her arm wrapped up.
31418	dress up	dress	up	2.700000	2.110820	here comes a fellow looks like one of them actor fellers, all dressed up like Macbeth.
31419	hold up	hold	up	2.700000	2.263230	When you shape the point of the landside hold it vertical, that is, the edge straight up and down, or plurnb.
31420	take up	take	up	2.700000	2.406010	Illustration: PRUNING AND LAYING DOWN CANES For market or other purposes, we may wish a number of young plants, in which case there is much room for good sense in taking them up.
31421	live up	live	up	2.777780	1.855920	That is my native place -- or, at least, I had lived there from boyhood up, when I removed to Boston.
31422	speed up	speed	up	2.800000	1.229270	Asset manager Stephen Spooner was an early PISCES convert after realizing the potential for speeding up deals.
31423	cover up	cover	up	2.800000	1.316560	The steam from these perceptibly checked the burning, and an hour 's work covered the fire almost entirely up, so far at least as the exposed side of the drift-pile was concerned.
31424	walk up	walk	up	2.800000	1.316560	""" Then up and down Princes street, and away under the shadow of the Castle Hill, Willie and David walked and talked, till the first sunbeams touched St. Leonard 's Crags."
31425	fill up	fill	up	2.800000	1.398410	It is worked...... the circles can be filled up with lace stitches or with wheels, or the pattern may be worked upon Brussels net and the linen cut away.
31426	walk up	walk	up	2.800000	1.475730	As I walk up to the group, a conversation in my head begins.
31427	cover up	cover	up	2.800000	1.549190	"His wife had managed in some way to cover up her whole face with the roses, except her eyes, which were dangerously bright. """
31428	dress up	dress	up	2.800000	1.686550	And one day, I think this was extremely funny, because this lady came up to me, she was all dressed up, beautiful dress, and she had a little dog.
31429	sign up	sign	up	2.800000	1.686550	Volunteers signed up for sentinel duty and the fight was on.
31430	dress up	dress	up	2.800000	1.813530	The head-waiter was a college student, and a perfect gentleman; he was always dressed up in a dress-suit and a white silk neck-tie.
31431	come up	come	up	2.800000	1.873800	"May I come up and talk it over with you? """
31432	catch up	catch	up	2.800000	1.932180	"cried Elsie, catching her up in her arms. """
31433	lead up	lead	up	2.800000	1.988860	Their horses were led up, ready for them to mount and proceed on their journey, when Lady Mabel, plucking a twig from a branch overhead, observed on it several specimens of the kermes.
31434	set up	set	up	2.800000	2.043960	"I 'll set it up now, "" he said."
31435	wake up	wake	up	2.800000	2.097620	"Take the boy away: smother him, choke him...... Wake up, wake up! """
31436	blow up	blow	up	2.800000	2.149940	Item number two on the list is that it is not acceptable to stop Al Qaida blowing things up by giving in to all their demands, which in maximalist form would amount to surrendering the whole of western civilization to a barbarous mediaevalist fundamentalism.
31437	live up	live	up	2.888890	2.315410	Then, there was little Pat Rourke, who lived up the alley, and kept a little black dog named Pompey.
31438	dress up	dress	up	2.900000	1.100500	Leo was all dressed up in that borrowed tuxedo and turned toward the camera for the first time, this girl behind me sucked in her breath suddenly, literally breathless at his appearance.
31439	line up	line	up	2.900000	1.100500	where I lined up at the counter for a deep-dish pie from a colored waitress?
31440	walk up	walk	up	2.900000	1.100500	When he was gone, she walked up and down the room and thought.
31441	wake up	wake	up	2.900000	1.370320	Next thing he knows, he 's waking up all tied up having been drugged by her.
31442	cover up	cover	up	2.900000	1.449140	"What he has done is travel the country holding up the "" Innocence of Muslims "" video to cover up his own foreign policy failure, incite the Muslim rabble and castigate those who would criticize his precious Islam."
31443	get up	get	up	2.900000	1.449140	I got up to congratulate him and shake his hand.
31444	clean up	clean	up	2.900000	1.791960	She 'd follow along behind him, cleaning up his mess.
31445	cover up	cover	up	2.900000	1.791960	I did it, and looked up apprehensively to see if the walls were going to fall on me, but they did n't, and I covered up my head in the bedclothes and felt degraded.
31446	come up	come	up	3.000000	1.154700	And, my darling, I wish you would not come up here without Jane.
31447	clean up	clean	up	3.000000	1.247220	Pretty good to...... winter long the citizens had been throwing garbage into their back yards, to be cleaned up in spring.
31448	team up	team	up	3.000000	1.333330	Two girls that were on the junior varsity cheerleading squad was also teamed up with them.
31449	get up	get	up	3.000000	1.341640	O, I heard voices and was surprised and got up and went to her door.
31450	fill up	fill	up	3.000000	1.414210	Ca n't go downstairs at the mo as the place has filled up with weird people playing Bridge.
31451	walk up	walk	up	3.000000	1.414210	"Do you know what they are walking up and down the sand fur in that sassy shtyle? """
31452	get up	get	up	3.000000	1.699670	The other woman gets up off the floor, with a cruel look in her eye.
31453	get up	get	up	3.000000	1.763830	Heya all, Well i let it run today, took about 20 mins to 30 for it to get up to 110, temp started to go over 110 and I killed the engine.
31454	get up	get	up	3.000000	1.802780	Billy often wished that he could get up on the table.
31455	move up	move	up	3.000000	1.885620	They would move slowly up and down in front of the house, then pause and listen to the music, the tripping of feet, and the sound of merry voices.
31456	pick up	pick	up	3.000000	2.403700	"One Sunday school paper which I picked up in the seat, probably put there by some mischievous boy, had written upon it - "" Carondolet Southern Confederacy, "" is the only evidence we had that this was a "" Secesh "" church."
31457	add up	add	up	3.090910	1.700270	"Uncle, when you add up your expenses do you ever find you have got more money than you had in the beginning? """
31458	pop up	pop	up	3.100000	1.449140	> > We have a customized program that sends out emails for us > but since we moved to outlook this nag box pops up for > each one.
31459	speed up	speed	up	3.100000	1.663330	As yet we have not identified anyone who could significantly speed up the agreed delivery timelines for the first half of 2006, but we have been able to identify partners to ensure against breakdowns in supply, and partners to broaden geographic coverage.
31460	get up	get	up	3.100000	1.728840	I want to get up at six o'clock and go early in the morning when the world is fast asleep.
31461	go up	go	up	3.100000	1.791960	Went up in an air speed Oxford with a Polish pilot.
31462	team up	team	up	3.100000	1.791960	Los Angeles, CA -- Santa Claus is Coming to Town -- Chiropractors from around the globe have teamed up in a massive effort to see that Santa Claus (and his Reindeer ) are provided with Chiropractic care throughout the holiday weekend.
31463	fill up	fill	up	3.100000	1.791960	The dragging days until the trysting time for the breakfast were filled up with business cares, but Randall Clayton had roamed the streets of New York at night, restlessly, since Witherspoon 's sailing.
31464	build up	build	up	3.100000	2.024850	Our first concern, therefore, must be to formulate some common fundamental idea of education, and to build up on it a national system.
31465	pick up	pick	up	3.100000	2.024850	All the help we had to expect was from some passing ship, which might see us, and pick us up.
31466	add up	add	up	3.100000	2.131770	And the amount I drink of it, those 50 cents add up!
31467	add up	add	up	3.111110	1.536590	There is of course the occasional sound bite thrown in - but its what it all adds up to that makes it so impressive.
31468	dress up	dress	up	3.200000	1.619330	If you 're searching to get dressed up, have a wild time or be scared out of your wits, you 'll uncover lots of items to do for Halloween in New York City.
31469	pop up	pop	up	3.200000	1.619330	"And the next morning, the first indication the child gave of being awake was by popping up her head from the pillow, and making that other inquiry, which she had so unaccountably connected with her investigations about the scarlet letter: --  "" Mother!"
31470	lead up	lead	up	3.200000	1.686550	"He led them up, he led them down, And round the gloomy wood, Till little Jane, who hungry was, Began to ask for food. """
31471	lead up	lead	up	3.200000	1.751190	There were some steps leading up and the people went up.
31472	blow up	blow	up	3.200000	1.751190	Patrick Street,...... the newspaper offices are aflame following dynamite explosions, which blew up many buildings The reconvening of the Dail Eireann, ' scheduled for Aug. 12, was postponed today until.
31473	walk up	walk	up	3.200000	1.873800	Walk up, gentlemen, walk up, and help yourselves!
31474	hold up	hold	up	3.200000	1.932180	I sat downstairs in the hall as long as I could hold my head up; but by nine I crept upstairs, too weary to care what happened if I could but get my head on a pillow.
31475	speed up	speed	up	3.200000	1.988860	And as a result, the Americans determined to speed up their attack.
31476	start up	start	up	3.300000	1.251670	I have a used S 60 with the D 5 diesel engine which has recently started to have problems starting up but only when the engine has got nice and hot.
31477	wind up	wind	up	3.300000	1.418140	I remember the time because, having forgotten to wind up my watch last night I had just set it running.
31478	wrap up	wrap	up	3.300000	1.418140	"Ten years as managing director of the National Retail Dry Goods Association gave Lew Hahn intimate knowledge of department stores, plus "" reputation, "" of which he had almost none when he began wrapping up shoes in Andrew Alexander 's shop."
31479	build up	build	up	3.300000	1.702940	Of all modes of forming the nuclei, this I believe will be found to be the neatest,...... in which I have successfully formed my nuclei, I shall now show how they may be all built up into powerful stocks.
31480	cover up	cover	up	3.300000	1.766980	I saw Shingleton take the hay and cover it up with some straw.
31481	pop up	pop	up	3.300000	1.766980	"Just then the frog popped up its head out of the Well of the World 's End, and said: "" Remember your promise. """
31482	blow up	blow	up	3.300000	1.828780	In his landing craft, however, Houghton continued towards the shore, moving to the centre of the beach where he stormed the sands, his LCA blowing up behind him.
31483	pull up	pull	up	3.300000	2.002780	He sprang forward just in time to catch her and pull her up.
31484	step up	step	up	3.400000	1.349900	"I stepped up close to the stage and looked in and up. """
31485	move up	move	up	3.400000	1.429840	Whether its more or less, inevitably IFAs will move up market, and that leaves millions of people in need of advice, ' he said.
31486	wake up	wake	up	3.400000	1.429840	There 's that moment when you think that if you go to sleep and wake up, you 'll discover it was only a bad dream.
31487	wake up	wake	up	3.400000	1.429840	"wake up, "" said the little girl as Mrs. Marshall entered."
31488	add up	add	up	3.400000	1.505550	There were a lot of pieces in the weekend press asking if the sums still add up for amateur landlords.
31489	come up	come	up	3.400000	1.712700	The women and children huddled in the pews of the church, until Parson Lyon, musket in hand, came up from the shore to tell them that all was quiet and to return to their homes.
31490	step up	step	up	3.400000	1.837870	Mr. Dyer stepped up and shut the roof of the ark.
31491	wake up	wake	up	3.444440	0.881917	The first group is all songs about waking up again.
31492	wake up	wake	up	3.500000	1.433720	""" Mmm... after I wake up a little, "" she mumbled and made her way towards the washroom."
31493	move up	move	up	3.500000	1.581140	The stage is in half-darkness, lighted only by the play of the fire which is in the fireplace N. JIM moves up to mantel and leans himself upon it in deep dejec- JIM MORLEY Sleep!
31494	add up	add	up	3.500000	1.649920	I just added up yesterday what my husband and I have spent on groceries for the month of January, so far we are at $372 for two people, but we only eat out once a week.
31495	go up	go	up	3.500000	1.715940	When precious metal prices go up, she says she does get more people calling to ask what she 's paying.
31496	step up	step	up	3.500000	1.715940	The strings are twisted, then let go, and as the hoop revolves, each may step up and get a bite from whatever comes to him.
31497	go up	go	up	3.500000	1.779510	Second Citizen In truth, my friend, he went up like a heavy-winged fowl, and I doubt not he will come down like a nighthawk by daylight.
31498	lead up	lead	up	3.500000	1.900290	"No, I 'm only looking for something, "" Virginia had answered, while she hurried back past the church and down the slanting street to the twelve stone steps which led up the terraced hillside at the rectory."
31499	pick up	pick	up	3.555560	1.424000	I have some kitchenware going back 20 -30 years, things I picked up as I moved from place to place in the 1980 s and others left behind for me.
31500	speed up	speed	up	3.600000	1.429840	Essentially I find Lightroom has speeded up my workflow enormously and if I find any great shots in the current batch of 600 + images I am processing, will also do them is PS for comparison.
31501	blow up	blow	up	3.600000	1.505550	Here a caisson blew up, tearing the horses to pieces, and whirling a cannoneer among the clouds.
31502	step up	step	up	3.600000	1.505550	"Noticing that the boy kept his place, the sailor said, "" Step up, boy, and wet your whistle. """
31503	speed up	speed	up	3.600000	1.577620	Enzymes Enzymes are proteins that speed up and control chemical reactions such as digestion in the body.
31504	pick up	pick	up	3.600000	1.646550	He picked it up, but he could do nothing with it.
31505	pop up	pop	up	3.600000	1.776390	"I had a smelling bottle all ready if she fainted away, "" added Steve, popping up from behind the great chair. """
31506	pick up	pick	up	3.600000	2.065590	I can pick up some tools, and as for a woman, Merry Etty an ' me have talked that over to-day.
31507	wrap up	wrap	up	3.636360	1.911690	"Have you any paper to wrap it up in? """
31508	get up	get	up	3.700000	1.251670	Oh, get up, chum, an ' you and me 'll go an ' look for the capitalist that brought you to this.
31509	speed up	speed	up	3.700000	1.251670	Then drawing his bow to its utmost tension, he let fly the arrow, which sped up into the gathering blackness, and was lost to view.
31510	look up	look	up	3.700000	1.418140	The camera goes underwater, looking up at the unsuspecting legs of the victims.
31511	pull up	pull	up	3.700000	1.567020	Their sudden appearance must have astonished the approaching courier, and perhaps alarmed him too, for he pulled up his horse with a jerk, and, shading his eyes with his hand, gazed at them long and earnestly.
31512	go up	go	up	3.700000	1.702940	"Goes up waving his hat, and meets Bargiss who ENTERS, with Jessie, L. C. They bring in a huge clothes-basket laden with books, "" Sonnets to a Fiance. """
31513	live up	live	up	3.700000	1.766980	Fosdick lives up in the air --  away up, clean out of sight.
31514	build up	build	up	3.700000	2.002780	They see that we are on the look-out for men who can build us up, not for men whom we can build up.
31515	build up	build	up	3.800000	1.032800	Seattle 's growth does n't look like it 's slowing down any time soon, he says, so besides adding density and building up, finding ways to move people in and out of our major metropolitan area where many of our jobs are is key.
31516	walk up	walk	up	3.800000	1.032800	Neither of us is squeamish about what critters we might encounter, but we are not so blasÃ© as to walk up and try to pet them or feed them.
31517	hold up	hold	up	3.800000	1.549190	In the Legislative bodies of most of the New England States, the votes of the members are given by the members holding up their right hands those in the affirmative vote first, and then those in the negative.
31518	go up	go	up	3.800000	1.686550	So, if the fund invests in UK shares and the shares go up in value then you will see that the fund will go up in value at the same level.
31519	pick up	pick	up	3.800000	1.686550	Picking it up, for I hate anything like disorder, I placed it on a table near by, and continued on my way.
31520	move up	move	up	3.800000	2.097620	Once, in an interval of silence upon the part of the receiving instrument, I moved the sending-key up and down a few times.
31521	walk up	walk	up	3.900000	0.875595	A few days later I learnt that a couple walking up a country lane about a 100 yards away had to flee as this was happening.
31522	fill up	fill	up	3.900000	0.875595	What has fallen out to make your eyes fill up?
31523	add up	add	up	3.900000	0.994429	A speeding ticket can increase a driver 's insurance premium by 17% and a second speeding ticket can add up to 60% to a motorist 's insurance bill according to AA Insurance.
31524	turn up	turn	up	3.900000	1.449140	outside, a second one in the archway; he then comes forward in his long ulster, the collar turned up, and hat over his eyes.
31525	fill up	fill	up	3.900000	1.728840	Shame water companies do n't start water stations - you turn up with your glass bottles, you fill up, pay and go.
31526	build up	build	up	4.000000	0.666667	People in Berlin have built up eco-communities where sustainability and innovation rule the land What makes a city...
31527	move up	move	up	4.000000	0.816497	Our main forces moved up and held the position gained, within short musket-range.
31528	pop up	pop	up	4.000000	1.333330	"While we were looking, one frowsy-headed little girl popped up from her burrow in the boat, and, with legs and feet as red as a boiled lobster, ran along the guards like a squirrel along a fence. """
31529	fill up	fill	up	4.000000	1.414210	"So presently the glasses were filled up, even Peter saying, "" You may give me a glass, "" and Watts was on his feet."
31530	catch up	catch	up	4.200000	0.918937	""" And you do just love to talk, little one, "" cried the superintendent, coming in and catching up his daughter in his strong arms. """
31531	pull up	pull	up	4.200000	1.032800	I wanted to wear my hair down but had it pulled up at the front with a diamante hair comb from Katherine Swain, I wore it with a lace edged double layer veil.
31532	build up	build	up	4.200000	1.229270	Take some bricks and build it up, build it up, build it up, Take some bricks andbuild it up, my fair Lady.
31533	look up	look	up	4.200000	1.229270	"Well, "" he said, looking up with a smile, "" I hope you have come for me. """
31534	walk up	walk	up	4.200000	1.316560	I reckon best bet is walk up pond street, under the subway and catch a 97, 75, 76, 25 or 20 outside Natwest on High Street.
31535	fill up	fill	up	4.200000	1.549190	I filled up from a very low level today for more than Â£86!!!
31536	pull up	pull	up	4.200000	1.549190	The people on the ship could see three hands on her gunwale; a figure was pulled up...... then Staniford, seizing the gunwale with both hands, swung himself in.
31537	pull up	pull	up	4.200000	1.686550	"While you are planting the seed he cries, --  "" Drop it, drop it, - - cover it up, cover it up, - - pull it up, pull it up, pull it up. """
31538	walk up	walk	up	4.300000	0.948683	He places his hand on her head tenderly; again moves as if to embrace her, but withdraws his arm; turns and walks up towards chair, L.C.
31539	look up	look	up	4.300000	1.159500	Mauer looked up at him with an expression of keenest anguish, and gasped for breath; while Jonathan continued to smile at him.
31540	look up	look	up	4.300000	1.251670	I looked up and a pair of odd-socks Â¾ one grey, one redÂ¾were walking briskly down the hall towards Owen.
31541	look up	look	up	4.300000	1.251670	Lemuel looked up as if he did not understand exactly, and Mr. Evans stepped in and lifted the book he had been reading.
31542	pull up	pull	up	4.300000	1.251670	My window was shaded by a heavy green curtain, but in an instant I had pulled it up, and by the light of the moon I seized my trousers and put them on.
31543	step up	step	up	4.300000	1.567020	Vice-Dean Drood stepped up onto the podium with him, a carving knife in one hand.
31544	go up	go	up	4.300000	1.567020	(He bows for MILDRED to pass first, and they go up together.
31545	move up	move	up	4.300000	1.567020	The rather large, stout mandibles are concealed at their tips, under the upper lip, which moves freely up and down when the creature opens its mouth.
31546	move up	move	up	4.400000	0.699206	He needs to move up north where they do n't care about such things.
31547	walk up	walk	up	4.400000	1.074970	Experts advise that you can usually have sex as long as you can do the everyday activities that have the same impact on your heart without causing chest pain, such as walking up two flights of stairs.
31548	look up	look	up	4.400000	1.264910	As she looked up, she met Rachel 's eyes fixed full on hers, with the same penetrating gaze which had so disturbed her in their first interview.
31549	look up	look	up	4.555560	1.013790	Often times I will look up from my computer keyboard or a book to see Breeze gazing at me with the consummate devotion of a Believer.
31550	move up	move	up	4.600000	0.699206	Have to move mic up and down until I notice the mic picking up my voice.
31551	pick up	pick	up	4.600000	0.966092	How should you like to tire yourself out crawling way across the carpet, to pick up a pretty button or pin, and have it snatched away, as soon as you begin to enjoy it?
31552	look up	look	up	4.800000	0.421637	Dazed, she slid down the wall to the wet ground and looked up at her attackers.
31553	move up	move	up	4.800000	0.421637	The control computer is able to correct for pointing errors caused by the telescope bowl sagging under its own weight as it moves up and down.
31554	look up	look	up	4.800000	0.421637	I threw the rays full in his face, and he looked up, saw me, and ran away up the beach, yelping like a frustrated beast.
31555	pull up	pull	up	4.800000	0.632456	It ' gonna get very cold so pull up your leggings and put on the woolly hats.
31556	move up	move	up	4.900000	0.316228	Everything has been slowly moved up, up, up out of the children 's reach.
31557	pull up	pull	up	4.900000	0.316228	"Billy picked up her hand and felt her pulse, pulled the shawl up over her chest, put his cheek down against her forehead for a moment as he murmured, "" Oh, Lydia, do n't be sick!"
